fold;modelo;indice_amostra;nomenclaura;bloco;genotipo;condicao;data_coleta;turno;dia;classe_real;classe_predita;score_NIRRIG;acerto;1924;1935;1914;1945;1950;1360;719;1929;1919;1350;1375;1366;1361;1351;1841;1925;1915;1831;1928;1938;1947;1916;1958;713;1379;1374;404;1388;1373;1363;1918;403;1952;1942;410;1933;1833;1852;1547;1537;1557;1355;1365;1940;1378;1368;716;1931;1651;1640;1661;1922;1932;1941;1912;1951;748;738;1939;1917;1934;1926;1943;1837;1847;1499;1488;1478;721;711;726;705;1376;1356;1878;1840;1377;709;1372;704;1345;1339;402;714;1354
1;PLS-DA;48;B4_BR16_IRRIG_REPROD00000.asd;B4;BR16;IRRIG;D02M;manha;D02;IRRIG;NIRRIG;0.5164925235439474;False;-1.4762007851267176;-1.4600107129610338;-1.4545545811214478;-1.4190947527162918;-1.392265688127944;;;;;;;;;;;;;;;;;;;;;;;;;;;;;;;;;;;;;;;;;;;;;;;;;;;;;;;;;;;;;;;;;;;;;;;;;;;;;;;;
1;PLS-DA;49;B4_BR16_IRRIG_REPROD00001.asd;B4;BR16;IRRIG;D02M;manha;D02;IRRIG;NIRRIG;0.5085096130591477;False;-1.4788423662265298;-1.461858636937512;-1.4563803869413556;-1.4212180239902812;-1.3939101583399591;;;;;;;;;;;;;;;;;;;;;;;;;;;;;;;;;;;;;;;;;;;;;;;;;;;;;;;;;;;;;;;;;;;;;;;;;;;;;;;;
1;PLS-DA;50;B4_BR16_IRRIG_REPROD00002.asd;B4;BR16;IRRIG;D02M;manha;D02;IRRIG;NIRRIG;0.5074707043573886;False;-1.479952886364593;-1.4632726476500884;-1.4575161020601863;-1.4221165873342114;-1.3942645555500846;;;;;;;;;;;;;;;;;;;;;;;;;;;;;;;;;;;;;;;;;;;;;;;;;;;;;;;;;;;;;;;;;;;;;;;;;;;;;;;;
1;PLS-DA;51;B4_BR16_IRRIG_REPROD00003.asd;B4;BR16;IRRIG;D02M;manha;D02;IRRIG;NIRRIG;0.5074438233582264;False;-1.4810852287998806;-1.463922105752594;-1.4574598928100249;-1.4221514128062276;-1.3944412035979086;;;;;;;;;;;;;;;;;;;;;;;;;;;;;;;;;;;;;;;;;;;;;;;;;;;;;;;;;;;;;;;;;;;;;;;;;;;;;;;;
1;PLS-DA;52;B4_BR16_IRRIG_REPROD00004.asd;B4;BR16;IRRIG;D02M;manha;D02;IRRIG;IRRIG;0.49500192912633467;True;-1.4755695305353875;-1.4598275074045886;-1.4554800915874826;-1.4212770619629755;-1.3953109020706238;;;;;;;;;;;;;;;;;;;;;;;;;;;;;;;;;;;;;;;;;;;;;;;;;;;;;;;;;;;;;;;;;;;;;;;;;;;;;;;;
1;PLS-DA;53;B4_BR16_IRRIG_REPROD00005.asd;B4;BR16;IRRIG;D02M;manha;D02;IRRIG;IRRIG;0.4865551732544585;True;-1.478401164322904;-1.4625291015316282;-1.4579274342768769;-1.423152200293219;-1.3975133603369676;;;;;;;;;;;;;;;;;;;;;;;;;;;;;;;;;;;;;;;;;;;;;;;;;;;;;;;;;;;;;;;;;;;;;;;;;;;;;;;;
1;PLS-DA;54;B4_BR16_IRRIG_REPROD00006.asd;B4;BR16;IRRIG;D02M;manha;D02;IRRIG;IRRIG;0.4823492878923795;True;-1.4801862768254754;-1.4636385430678005;-1.4589629568244467;-1.4245388128809375;-1.3983302184087858;;;;;;;;;;;;;;;;;;;;;;;;;;;;;;;;;;;;;;;;;;;;;;;;;;;;;;;;;;;;;;;;;;;;;;;;;;;;;;;;
1;PLS-DA;55;B4_BR16_IRRIG_REPROD00007.asd;B4;BR16;IRRIG;D02M;manha;D02;IRRIG;IRRIG;0.4772822309764874;True;-1.4821006543890185;-1.465851919508431;-1.461035817635312;-1.4261373204540666;-1.3996517448981334;;;;;;;;;;;;;;;;;;;;;;;;;;;;;;;;;;;;;;;;;;;;;;;;;;;;;;;;;;;;;;;;;;;;;;;;;;;;;;;;
1;PLS-DA;56;B4_BR16_NIRRIG_REPROD00000.asd;B4;BR16;NIRRIG;D02M;manha;D02;NIRRIG;NIRRIG;0.6053847444449503;True;-1.48477850509674;-1.461415136277366;-1.4690447632471404;-1.4166077440902263;-1.3875254174748408;;;;;;;;;;;;;;;;;;;;;;;;;;;;;;;;;;;;;;;;;;;;;;;;;;;;;;;;;;;;;;;;;;;;;;;;;;;;;;;;
1;PLS-DA;57;B4_BR16_NIRRIG_REPROD00001.asd;B4;BR16;NIRRIG;D02M;manha;D02;NIRRIG;NIRRIG;0.6104414300852414;True;-1.4845905507733164;-1.4615247837352643;-1.469484002733703;-1.4159371158859102;-1.3871593642542546;;;;;;;;;;;;;;;;;;;;;;;;;;;;;;;;;;;;;;;;;;;;;;;;;;;;;;;;;;;;;;;;;;;;;;;;;;;;;;;;
1;PLS-DA;58;B4_BR16_NIRRIG_REPROD00002.asd;B4;BR16;NIRRIG;D02M;manha;D02;NIRRIG;NIRRIG;0.6103979482931817;True;-1.4866892422626174;-1.462868943616181;-1.4716235429773694;-1.4172110287386106;-1.387969827943238;;;;;;;;;;;;;;;;;;;;;;;;;;;;;;;;;;;;;;;;;;;;;;;;;;;;;;;;;;;;;;;;;;;;;;;;;;;;;;;;
1;PLS-DA;59;B4_BR16_NIRRIG_REPROD00003.asd;B4;BR16;NIRRIG;D02M;manha;D02;NIRRIG;NIRRIG;0.6077240850161126;True;-1.4884286578716863;-1.4644711937165036;-1.4733464339292013;-1.4183767806644827;-1.3889918789550193;;;;;;;;;;;;;;;;;;;;;;;;;;;;;;;;;;;;;;;;;;;;;;;;;;;;;;;;;;;;;;;;;;;;;;;;;;;;;;;;
1;PLS-DA;60;B4_BR16_NIRRIG_REPROD00004.asd;B4;BR16;NIRRIG;D02M;manha;D02;NIRRIG;NIRRIG;0.8701093413454738;True;-1.4403124221639039;-1.4105968202044112;-1.4300433628659615;-1.3593943052248858;-1.3277012395330794;;;;;;;;;;;;;;;;;;;;;;;;;;;;;;;;;;;;;;;;;;;;;;;;;;;;;;;;;;;;;;;;;;;;;;;;;;;;;;;;
1;PLS-DA;61;B4_BR16_NIRRIG_REPROD00005.asd;B4;BR16;NIRRIG;D02M;manha;D02;NIRRIG;NIRRIG;0.8826311582725048;True;-1.4389893546164998;-1.4086205901885918;-1.428804273064878;-1.356048524522245;-1.323617724674091;;;;;;;;;;;;;;;;;;;;;;;;;;;;;;;;;;;;;;;;;;;;;;;;;;;;;;;;;;;;;;;;;;;;;;;;;;;;;;;;
1;PLS-DA;62;B4_BR16_NIRRIG_REPROD00006.asd;B4;BR16;NIRRIG;D02M;manha;D02;NIRRIG;NIRRIG;0.8909084518242423;True;-1.4365635479350018;-1.4058115134179197;-1.4270166564678257;-1.3531069768477202;-1.3203394597354607;;;;;;;;;;;;;;;;;;;;;;;;;;;;;;;;;;;;;;;;;;;;;;;;;;;;;;;;;;;;;;;;;;;;;;;;;;;;;;;;
1;PLS-DA;63;B4_BR16_NIRRIG_REPROD00007.asd;B4;BR16;NIRRIG;D02M;manha;D02;NIRRIG;NIRRIG;0.8971469011528473;True;-1.4342564131216353;-1.4031341307662792;-1.4240243171797156;-1.3500334437282684;-1.3172450253439052;;;;;;;;;;;;;;;;;;;;;;;;;;;;;;;;;;;;;;;;;;;;;;;;;;;;;;;;;;;;;;;;;;;;;;;;;;;;;;;;
1;RandomForest;48;B4_BR16_IRRIG_REPROD00000.asd;B4;BR16;IRRIG;D02M;manha;D02;IRRIG;IRRIG;0.392;True;-1.4762007851267176;-1.4600107129610338;-1.4545545811214478;-1.4190947527162918;-1.392265688127944;;;;;;;;;;;;;;;;;;;;;;;;;;;;;;;;;;;;;;;;;;;;;;;;;;;;;;;;;;;;;;;;;;;;;;;;;;;;;;;;
1;RandomForest;49;B4_BR16_IRRIG_REPROD00001.asd;B4;BR16;IRRIG;D02M;manha;D02;IRRIG;IRRIG;0.124;True;-1.4788423662265298;-1.461858636937512;-1.4563803869413556;-1.4212180239902812;-1.3939101583399591;;;;;;;;;;;;;;;;;;;;;;;;;;;;;;;;;;;;;;;;;;;;;;;;;;;;;;;;;;;;;;;;;;;;;;;;;;;;;;;;
1;RandomForest;50;B4_BR16_IRRIG_REPROD00002.asd;B4;BR16;IRRIG;D02M;manha;D02;IRRIG;IRRIG;0.124;True;-1.479952886364593;-1.4632726476500884;-1.4575161020601863;-1.4221165873342114;-1.3942645555500846;;;;;;;;;;;;;;;;;;;;;;;;;;;;;;;;;;;;;;;;;;;;;;;;;;;;;;;;;;;;;;;;;;;;;;;;;;;;;;;;
1;RandomForest;51;B4_BR16_IRRIG_REPROD00003.asd;B4;BR16;IRRIG;D02M;manha;D02;IRRIG;IRRIG;0.124;True;-1.4810852287998806;-1.463922105752594;-1.4574598928100249;-1.4221514128062276;-1.3944412035979086;;;;;;;;;;;;;;;;;;;;;;;;;;;;;;;;;;;;;;;;;;;;;;;;;;;;;;;;;;;;;;;;;;;;;;;;;;;;;;;;
1;RandomForest;52;B4_BR16_IRRIG_REPROD00004.asd;B4;BR16;IRRIG;D02M;manha;D02;IRRIG;IRRIG;0.122;True;-1.4755695305353875;-1.4598275074045886;-1.4554800915874826;-1.4212770619629755;-1.3953109020706238;;;;;;;;;;;;;;;;;;;;;;;;;;;;;;;;;;;;;;;;;;;;;;;;;;;;;;;;;;;;;;;;;;;;;;;;;;;;;;;;
1;RandomForest;53;B4_BR16_IRRIG_REPROD00005.asd;B4;BR16;IRRIG;D02M;manha;D02;IRRIG;IRRIG;0.008;True;-1.478401164322904;-1.4625291015316282;-1.4579274342768769;-1.423152200293219;-1.3975133603369676;;;;;;;;;;;;;;;;;;;;;;;;;;;;;;;;;;;;;;;;;;;;;;;;;;;;;;;;;;;;;;;;;;;;;;;;;;;;;;;;
1;RandomForest;54;B4_BR16_IRRIG_REPROD00006.asd;B4;BR16;IRRIG;D02M;manha;D02;IRRIG;IRRIG;0.008;True;-1.4801862768254754;-1.4636385430678005;-1.4589629568244467;-1.4245388128809375;-1.3983302184087858;;;;;;;;;;;;;;;;;;;;;;;;;;;;;;;;;;;;;;;;;;;;;;;;;;;;;;;;;;;;;;;;;;;;;;;;;;;;;;;;
1;RandomForest;55;B4_BR16_IRRIG_REPROD00007.asd;B4;BR16;IRRIG;D02M;manha;D02;IRRIG;IRRIG;0.0;True;-1.4821006543890185;-1.465851919508431;-1.461035817635312;-1.4261373204540666;-1.3996517448981334;;;;;;;;;;;;;;;;;;;;;;;;;;;;;;;;;;;;;;;;;;;;;;;;;;;;;;;;;;;;;;;;;;;;;;;;;;;;;;;;
1;RandomForest;56;B4_BR16_NIRRIG_REPROD00000.asd;B4;BR16;NIRRIG;D02M;manha;D02;NIRRIG;IRRIG;0.364;False;-1.48477850509674;-1.461415136277366;-1.4690447632471404;-1.4166077440902263;-1.3875254174748408;;;;;;;;;;;;;;;;;;;;;;;;;;;;;;;;;;;;;;;;;;;;;;;;;;;;;;;;;;;;;;;;;;;;;;;;;;;;;;;;
1;RandomForest;57;B4_BR16_NIRRIG_REPROD00001.asd;B4;BR16;NIRRIG;D02M;manha;D02;NIRRIG;IRRIG;0.364;False;-1.4845905507733164;-1.4615247837352643;-1.469484002733703;-1.4159371158859102;-1.3871593642542546;;;;;;;;;;;;;;;;;;;;;;;;;;;;;;;;;;;;;;;;;;;;;;;;;;;;;;;;;;;;;;;;;;;;;;;;;;;;;;;;
1;RandomForest;58;B4_BR16_NIRRIG_REPROD00002.asd;B4;BR16;NIRRIG;D02M;manha;D02;NIRRIG;IRRIG;0.388;False;-1.4866892422626174;-1.462868943616181;-1.4716235429773694;-1.4172110287386106;-1.387969827943238;;;;;;;;;;;;;;;;;;;;;;;;;;;;;;;;;;;;;;;;;;;;;;;;;;;;;;;;;;;;;;;;;;;;;;;;;;;;;;;;
1;RandomForest;59;B4_BR16_NIRRIG_REPROD00003.asd;B4;BR16;NIRRIG;D02M;manha;D02;NIRRIG;IRRIG;0.432;False;-1.4884286578716863;-1.4644711937165036;-1.4733464339292013;-1.4183767806644827;-1.3889918789550193;;;;;;;;;;;;;;;;;;;;;;;;;;;;;;;;;;;;;;;;;;;;;;;;;;;;;;;;;;;;;;;;;;;;;;;;;;;;;;;;
1;RandomForest;60;B4_BR16_NIRRIG_REPROD00004.asd;B4;BR16;NIRRIG;D02M;manha;D02;NIRRIG;NIRRIG;1.0;True;-1.4403124221639039;-1.4105968202044112;-1.4300433628659615;-1.3593943052248858;-1.3277012395330794;;;;;;;;;;;;;;;;;;;;;;;;;;;;;;;;;;;;;;;;;;;;;;;;;;;;;;;;;;;;;;;;;;;;;;;;;;;;;;;;
1;RandomForest;61;B4_BR16_NIRRIG_REPROD00005.asd;B4;BR16;NIRRIG;D02M;manha;D02;NIRRIG;NIRRIG;1.0;True;-1.4389893546164998;-1.4086205901885918;-1.428804273064878;-1.356048524522245;-1.323617724674091;;;;;;;;;;;;;;;;;;;;;;;;;;;;;;;;;;;;;;;;;;;;;;;;;;;;;;;;;;;;;;;;;;;;;;;;;;;;;;;;
1;RandomForest;62;B4_BR16_NIRRIG_REPROD00006.asd;B4;BR16;NIRRIG;D02M;manha;D02;NIRRIG;NIRRIG;1.0;True;-1.4365635479350018;-1.4058115134179197;-1.4270166564678257;-1.3531069768477202;-1.3203394597354607;;;;;;;;;;;;;;;;;;;;;;;;;;;;;;;;;;;;;;;;;;;;;;;;;;;;;;;;;;;;;;;;;;;;;;;;;;;;;;;;
1;RandomForest;63;B4_BR16_NIRRIG_REPROD00007.asd;B4;BR16;NIRRIG;D02M;manha;D02;NIRRIG;NIRRIG;1.0;True;-1.4342564131216353;-1.4031341307662792;-1.4240243171797156;-1.3500334437282684;-1.3172450253439052;;;;;;;;;;;;;;;;;;;;;;;;;;;;;;;;;;;;;;;;;;;;;;;;;;;;;;;;;;;;;;;;;;;;;;;;;;;;;;;;
2;PLS-DA;32;B3_BR16_IRRIG_REPROD00000.asd;B3;BR16;IRRIG;D02M;manha;D02;IRRIG;IRRIG;0.4460266503634154;True;-1.4749729173841755;-1.45986679431511;-1.4574582665032803;-1.4255142627462503;-1.4018453993926074;;;;;;;;;;;;;;;;;;;;;;;;;;;;;;;;;;;;;;;;;;;;;;;;;;;;;;;;;;;;;;;;;;;;;;;;;;;;;;;;
2;PLS-DA;33;B3_BR16_IRRIG_REPROD00001.asd;B3;BR16;IRRIG;D02M;manha;D02;IRRIG;IRRIG;0.4421053897583775;True;-1.4764936417565033;-1.4613231726857128;-1.459050429620368;-1.4267997636095335;-1.4032105903923064;;;;;;;;;;;;;;;;;;;;;;;;;;;;;;;;;;;;;;;;;;;;;;;;;;;;;;;;;;;;;;;;;;;;;;;;;;;;;;;;
2;PLS-DA;34;B3_BR16_IRRIG_REPROD00002.asd;B3;BR16;IRRIG;D02M;manha;D02;IRRIG;IRRIG;0.4356307634302457;True;-1.4785439557180817;-1.4637846845477442;-1.4610804495674266;-1.4282617844290126;-1.4047860516396935;;;;;;;;;;;;;;;;;;;;;;;;;;;;;;;;;;;;;;;;;;;;;;;;;;;;;;;;;;;;;;;;;;;;;;;;;;;;;;;;
2;PLS-DA;35;B3_BR16_IRRIG_REPROD00003.asd;B3;BR16;IRRIG;D02M;manha;D02;IRRIG;IRRIG;0.4259181575115999;True;-1.4814897890802916;-1.4665840200121225;-1.4637724046862042;-1.4310578445695306;-1.407637594648666;;;;;;;;;;;;;;;;;;;;;;;;;;;;;;;;;;;;;;;;;;;;;;;;;;;;;;;;;;;;;;;;;;;;;;;;;;;;;;;;
2;PLS-DA;36;B3_BR16_IRRIG_REPROD00004.asd;B3;BR16;IRRIG;D02M;manha;D02;IRRIG;IRRIG;0.4262785655105993;True;-1.4814707640247953;-1.4663446542953624;-1.4636623526280255;-1.431010164568879;-1.4076493791742486;;;;;;;;;;;;;;;;;;;;;;;;;;;;;;;;;;;;;;;;;;;;;;;;;;;;;;;;;;;;;;;;;;;;;;;;;;;;;;;;
2;PLS-DA;37;B3_BR16_IRRIG_REPROD00005.asd;B3;BR16;IRRIG;D02M;manha;D02;IRRIG;IRRIG;0.41242819234261296;True;-1.4855419002544328;-1.4706710804550098;-1.4676659485091084;-1.4351067612463484;-1.4114951010957617;;;;;;;;;;;;;;;;;;;;;;;;;;;;;;;;;;;;;;;;;;;;;;;;;;;;;;;;;;;;;;;;;;;;;;;;;;;;;;;;
2;PLS-DA;38;B3_BR16_IRRIG_REPROD00006.asd;B3;BR16;IRRIG;D02M;manha;D02;IRRIG;IRRIG;0.4091451187487452;True;-1.486976066491991;-1.4716825791656856;-1.4688278980463296;-1.4361926970048848;-1.4122907848058914;;;;;;;;;;;;;;;;;;;;;;;;;;;;;;;;;;;;;;;;;;;;;;;;;;;;;;;;;;;;;;;;;;;;;;;;;;;;;;;;
2;PLS-DA;39;B3_BR16_IRRIG_REPROD00007.asd;B3;BR16;IRRIG;D02M;manha;D02;IRRIG;IRRIG;0.39964177477924584;True;-1.4901853654369541;-1.474637985204935;-1.4719161824850473;-1.4392160095611637;-1.415410103352707;;;;;;;;;;;;;;;;;;;;;;;;;;;;;;;;;;;;;;;;;;;;;;;;;;;;;;;;;;;;;;;;;;;;;;;;;;;;;;;;
2;PLS-DA;40;B3_BR16_NIRRIG_REPROD00000.asd;B3;BR16;NIRRIG;D02M;manha;D02;NIRRIG;IRRIG;0.4306496571918957;False;-1.4923684659892307;-1.4732726486674246;-1.4752521620921006;-1.4330750428570485;-1.4065020347880277;;;;;;;;;;;;;;;;;;;;;;;;;;;;;;;;;;;;;;;;;;;;;;;;;;;;;;;;;;;;;;;;;;;;;;;;;;;;;;;;
2;PLS-DA;41;B3_BR16_NIRRIG_REPROD00001.asd;B3;BR16;NIRRIG;D02M;manha;D02;NIRRIG;IRRIG;0.43304991701947454;False;-1.4926221705269584;-1.473478105529907;-1.4758606517619919;-1.4326124765945003;-1.4062075986213796;;;;;;;;;;;;;;;;;;;;;;;;;;;;;;;;;;;;;;;;;;;;;;;;;;;;;;;;;;;;;;;;;;;;;;;;;;;;;;;;
2;PLS-DA;42;B3_BR16_NIRRIG_REPROD00002.asd;B3;BR16;NIRRIG;D02M;manha;D02;NIRRIG;IRRIG;0.43229896473439366;False;-1.4933424412099132;-1.473714804534507;-1.4764122079228574;-1.4331176997158197;-1.4063744133018927;;;;;;;;;;;;;;;;;;;;;;;;;;;;;;;;;;;;;;;;;;;;;;;;;;;;;;;;;;;;;;;;;;;;;;;;;;;;;;;;
2;PLS-DA;43;B3_BR16_NIRRIG_REPROD00003.asd;B3;BR16;NIRRIG;D02M;manha;D02;NIRRIG;IRRIG;0.4243212935565357;False;-1.4954144006255088;-1.47610567720539;-1.4779270985616861;-1.4346484736815883;-1.4074542101724357;;;;;;;;;;;;;;;;;;;;;;;;;;;;;;;;;;;;;;;;;;;;;;;;;;;;;;;;;;;;;;;;;;;;;;;;;;;;;;;;
2;PLS-DA;44;B3_BR16_NIRRIG_REPROD00004.asd;B3;BR16;NIRRIG;D02M;manha;D02;NIRRIG;NIRRIG;0.5246060260601503;True;-1.4691394462522438;-1.4485793866594268;-1.452912650923838;-1.4062744694498486;-1.378464048658664;;;;;;;;;;;;;;;;;;;;;;;;;;;;;;;;;;;;;;;;;;;;;;;;;;;;;;;;;;;;;;;;;;;;;;;;;;;;;;;;
2;PLS-DA;45;B3_BR16_NIRRIG_REPROD00005.asd;B3;BR16;NIRRIG;D02M;manha;D02;NIRRIG;NIRRIG;0.5320703443623916;True;-1.467844507093228;-1.446618654645678;-1.4513432198205238;-1.40408758783524;-1.3762130745230876;;;;;;;;;;;;;;;;;;;;;;;;;;;;;;;;;;;;;;;;;;;;;;;;;;;;;;;;;;;;;;;;;;;;;;;;;;;;;;;;
2;PLS-DA;46;B3_BR16_NIRRIG_REPROD00006.asd;B3;BR16;NIRRIG;D02M;manha;D02;NIRRIG;NIRRIG;0.5440048084774041;True;-1.4655898111988184;-1.4439750131544131;-1.4493053433481402;-1.4009036215034232;-1.3728208029973503;;;;;;;;;;;;;;;;;;;;;;;;;;;;;;;;;;;;;;;;;;;;;;;;;;;;;;;;;;;;;;;;;;;;;;;;;;;;;;;;
2;PLS-DA;47;B3_BR16_NIRRIG_REPROD00007.asd;B3;BR16;NIRRIG;D02M;manha;D02;NIRRIG;NIRRIG;0.5451617210401021;True;-1.4660391445223229;-1.443534887462313;-1.4490681493601814;-1.4002546993515015;-1.372285067717488;;;;;;;;;;;;;;;;;;;;;;;;;;;;;;;;;;;;;;;;;;;;;;;;;;;;;;;;;;;;;;;;;;;;;;;;;;;;;;;;
2;RandomForest;32;B3_BR16_IRRIG_REPROD00000.asd;B3;BR16;IRRIG;D02M;manha;D02;IRRIG;IRRIG;0.0;True;-1.4749729173841755;-1.45986679431511;-1.4574582665032803;-1.4255142627462503;-1.4018453993926074;;;;;;;;;;;;;;;;;;;;;;;;;;;;;;;;;;;;;;;;;;;;;;;;;;;;;;;;;;;;;;;;;;;;;;;;;;;;;;;;
2;RandomForest;33;B3_BR16_IRRIG_REPROD00001.asd;B3;BR16;IRRIG;D02M;manha;D02;IRRIG;IRRIG;0.0;True;-1.4764936417565033;-1.4613231726857128;-1.459050429620368;-1.4267997636095335;-1.4032105903923064;;;;;;;;;;;;;;;;;;;;;;;;;;;;;;;;;;;;;;;;;;;;;;;;;;;;;;;;;;;;;;;;;;;;;;;;;;;;;;;;
2;RandomForest;34;B3_BR16_IRRIG_REPROD00002.asd;B3;BR16;IRRIG;D02M;manha;D02;IRRIG;IRRIG;0.0;True;-1.4785439557180817;-1.4637846845477442;-1.4610804495674266;-1.4282617844290126;-1.4047860516396935;;;;;;;;;;;;;;;;;;;;;;;;;;;;;;;;;;;;;;;;;;;;;;;;;;;;;;;;;;;;;;;;;;;;;;;;;;;;;;;;
2;RandomForest;35;B3_BR16_IRRIG_REPROD00003.asd;B3;BR16;IRRIG;D02M;manha;D02;IRRIG;IRRIG;0.0;True;-1.4814897890802916;-1.4665840200121225;-1.4637724046862042;-1.4310578445695306;-1.407637594648666;;;;;;;;;;;;;;;;;;;;;;;;;;;;;;;;;;;;;;;;;;;;;;;;;;;;;;;;;;;;;;;;;;;;;;;;;;;;;;;;
2;RandomForest;36;B3_BR16_IRRIG_REPROD00004.asd;B3;BR16;IRRIG;D02M;manha;D02;IRRIG;IRRIG;0.0;True;-1.4814707640247953;-1.4663446542953624;-1.4636623526280255;-1.431010164568879;-1.4076493791742486;;;;;;;;;;;;;;;;;;;;;;;;;;;;;;;;;;;;;;;;;;;;;;;;;;;;;;;;;;;;;;;;;;;;;;;;;;;;;;;;
2;RandomForest;37;B3_BR16_IRRIG_REPROD00005.asd;B3;BR16;IRRIG;D02M;manha;D02;IRRIG;IRRIG;0.06;True;-1.4855419002544328;-1.4706710804550098;-1.4676659485091084;-1.4351067612463484;-1.4114951010957617;;;;;;;;;;;;;;;;;;;;;;;;;;;;;;;;;;;;;;;;;;;;;;;;;;;;;;;;;;;;;;;;;;;;;;;;;;;;;;;;
2;RandomForest;38;B3_BR16_IRRIG_REPROD00006.asd;B3;BR16;IRRIG;D02M;manha;D02;IRRIG;IRRIG;0.052;True;-1.486976066491991;-1.4716825791656856;-1.4688278980463296;-1.4361926970048848;-1.4122907848058914;;;;;;;;;;;;;;;;;;;;;;;;;;;;;;;;;;;;;;;;;;;;;;;;;;;;;;;;;;;;;;;;;;;;;;;;;;;;;;;;
2;RandomForest;39;B3_BR16_IRRIG_REPROD00007.asd;B3;BR16;IRRIG;D02M;manha;D02;IRRIG;IRRIG;0.036;True;-1.4901853654369541;-1.474637985204935;-1.4719161824850473;-1.4392160095611637;-1.415410103352707;;;;;;;;;;;;;;;;;;;;;;;;;;;;;;;;;;;;;;;;;;;;;;;;;;;;;;;;;;;;;;;;;;;;;;;;;;;;;;;;
2;RandomForest;40;B3_BR16_NIRRIG_REPROD00000.asd;B3;BR16;NIRRIG;D02M;manha;D02;NIRRIG;IRRIG;0.04;False;-1.4923684659892307;-1.4732726486674246;-1.4752521620921006;-1.4330750428570485;-1.4065020347880277;;;;;;;;;;;;;;;;;;;;;;;;;;;;;;;;;;;;;;;;;;;;;;;;;;;;;;;;;;;;;;;;;;;;;;;;;;;;;;;;
2;RandomForest;41;B3_BR16_NIRRIG_REPROD00001.asd;B3;BR16;NIRRIG;D02M;manha;D02;NIRRIG;IRRIG;0.032;False;-1.4926221705269584;-1.473478105529907;-1.4758606517619919;-1.4326124765945003;-1.4062075986213796;;;;;;;;;;;;;;;;;;;;;;;;;;;;;;;;;;;;;;;;;;;;;;;;;;;;;;;;;;;;;;;;;;;;;;;;;;;;;;;;
2;RandomForest;42;B3_BR16_NIRRIG_REPROD00002.asd;B3;BR16;NIRRIG;D02M;manha;D02;NIRRIG;IRRIG;0.026;False;-1.4933424412099132;-1.473714804534507;-1.4764122079228574;-1.4331176997158197;-1.4063744133018927;;;;;;;;;;;;;;;;;;;;;;;;;;;;;;;;;;;;;;;;;;;;;;;;;;;;;;;;;;;;;;;;;;;;;;;;;;;;;;;;
2;RandomForest;43;B3_BR16_NIRRIG_REPROD00003.asd;B3;BR16;NIRRIG;D02M;manha;D02;NIRRIG;IRRIG;0.002;False;-1.4954144006255088;-1.47610567720539;-1.4779270985616861;-1.4346484736815883;-1.4074542101724357;;;;;;;;;;;;;;;;;;;;;;;;;;;;;;;;;;;;;;;;;;;;;;;;;;;;;;;;;;;;;;;;;;;;;;;;;;;;;;;;
2;RandomForest;44;B3_BR16_NIRRIG_REPROD00004.asd;B3;BR16;NIRRIG;D02M;manha;D02;NIRRIG;NIRRIG;1.0;True;-1.4691394462522438;-1.4485793866594268;-1.452912650923838;-1.4062744694498486;-1.378464048658664;;;;;;;;;;;;;;;;;;;;;;;;;;;;;;;;;;;;;;;;;;;;;;;;;;;;;;;;;;;;;;;;;;;;;;;;;;;;;;;;
2;RandomForest;45;B3_BR16_NIRRIG_REPROD00005.asd;B3;BR16;NIRRIG;D02M;manha;D02;NIRRIG;NIRRIG;1.0;True;-1.467844507093228;-1.446618654645678;-1.4513432198205238;-1.40408758783524;-1.3762130745230876;;;;;;;;;;;;;;;;;;;;;;;;;;;;;;;;;;;;;;;;;;;;;;;;;;;;;;;;;;;;;;;;;;;;;;;;;;;;;;;;
2;RandomForest;46;B3_BR16_NIRRIG_REPROD00006.asd;B3;BR16;NIRRIG;D02M;manha;D02;NIRRIG;NIRRIG;1.0;True;-1.4655898111988184;-1.4439750131544131;-1.4493053433481402;-1.4009036215034232;-1.3728208029973503;;;;;;;;;;;;;;;;;;;;;;;;;;;;;;;;;;;;;;;;;;;;;;;;;;;;;;;;;;;;;;;;;;;;;;;;;;;;;;;;
2;RandomForest;47;B3_BR16_NIRRIG_REPROD00007.asd;B3;BR16;NIRRIG;D02M;manha;D02;NIRRIG;NIRRIG;1.0;True;-1.4660391445223229;-1.443534887462313;-1.4490681493601814;-1.4002546993515015;-1.372285067717488;;;;;;;;;;;;;;;;;;;;;;;;;;;;;;;;;;;;;;;;;;;;;;;;;;;;;;;;;;;;;;;;;;;;;;;;;;;;;;;;
3;PLS-DA;16;B2_BR16_IRRIG_REPROD00000.asd;B2;BR16;IRRIG;D02M;manha;D02;IRRIG;IRRIG;0.4572857197982357;True;-1.4736745171853065;-1.4582993015920722;-1.4563758025820148;-1.4216990037405541;-1.3973899252609514;;;;;;;;;;;;;;;;;;;;;;;;;;;;;;;;;;;;;;;;;;;;;;;;;;;;;;;;;;;;;;;;;;;;;;;;;;;;;;;;
3;PLS-DA;17;B2_BR16_IRRIG_REPROD00001.asd;B2;BR16;IRRIG;D02M;manha;D02;IRRIG;IRRIG;0.4600057756914866;True;-1.4729861252079715;-1.4570762116889544;-1.4551288198946675;-1.4203931900482327;-1.3961591306024772;;;;;;;;;;;;;;;;;;;;;;;;;;;;;;;;;;;;;;;;;;;;;;;;;;;;;;;;;;;;;;;;;;;;;;;;;;;;;;;;
3;PLS-DA;18;B2_BR16_IRRIG_REPROD00002.asd;B2;BR16;IRRIG;D02M;manha;D02;IRRIG;IRRIG;0.4574447412946716;True;-1.4732421229950239;-1.4576862171906066;-1.4557549984691385;-1.4213849447376619;-1.3968630711877257;;;;;;;;;;;;;;;;;;;;;;;;;;;;;;;;;;;;;;;;;;;;;;;;;;;;;;;;;;;;;;;;;;;;;;;;;;;;;;;;
3;PLS-DA;19;B2_BR16_IRRIG_REPROD00003.asd;B2;BR16;IRRIG;D02M;manha;D02;IRRIG;IRRIG;0.45681276740392496;True;-1.473366879543878;-1.4575495373380305;-1.4556344028184267;-1.421379366713851;-1.3970633292816943;;;;;;;;;;;;;;;;;;;;;;;;;;;;;;;;;;;;;;;;;;;;;;;;;;;;;;;;;;;;;;;;;;;;;;;;;;;;;;;;
3;PLS-DA;20;B2_BR16_IRRIG_REPROD00004.asd;B2;BR16;IRRIG;D02M;manha;D02;IRRIG;IRRIG;0.4589307567233841;True;-1.4982898258849457;-1.4801687706821638;-1.4798587599117574;-1.4401818573372476;-1.4137237175625406;;;;;;;;;;;;;;;;;;;;;;;;;;;;;;;;;;;;;;;;;;;;;;;;;;;;;;;;;;;;;;;;;;;;;;;;;;;;;;;;
3;PLS-DA;21;B2_BR16_IRRIG_REPROD00005.asd;B2;BR16;IRRIG;D02M;manha;D02;IRRIG;IRRIG;0.45378825203532713;True;-1.5018929103584475;-1.4843485925142645;-1.4833086736540964;-1.4435655521327633;-1.4170855993648446;;;;;;;;;;;;;;;;;;;;;;;;;;;;;;;;;;;;;;;;;;;;;;;;;;;;;;;;;;;;;;;;;;;;;;;;;;;;;;;;
3;PLS-DA;22;B2_BR16_IRRIG_REPROD00006.asd;B2;BR16;IRRIG;D02M;manha;D02;IRRIG;IRRIG;0.45385363944093865;True;-1.5020161348489414;-1.4844487798540702;-1.48300220097925;-1.4437838166823842;-1.4165354013269624;;;;;;;;;;;;;;;;;;;;;;;;;;;;;;;;;;;;;;;;;;;;;;;;;;;;;;;;;;;;;;;;;;;;;;;;;;;;;;;;
3;PLS-DA;23;B2_BR16_IRRIG_REPROD00007.asd;B2;BR16;IRRIG;D02M;manha;D02;IRRIG;IRRIG;0.4532479088532025;True;-1.503799032655772;-1.485770995670011;-1.484709063336634;-1.4449389276361515;-1.4182376439178435;;;;;;;;;;;;;;;;;;;;;;;;;;;;;;;;;;;;;;;;;;;;;;;;;;;;;;;;;;;;;;;;;;;;;;;;;;;;;;;;
3;PLS-DA;24;B2_BR16_NIRRIG_REPROD00000.asd;B2;BR16;NIRRIG;D02M;manha;D02;NIRRIG;IRRIG;0.454204087178714;False;-1.467298176045535;-1.4524103551967391;-1.4536369429462517;-1.418624363087999;-1.3966912126619808;;;;;;;;;;;;;;;;;;;;;;;;;;;;;;;;;;;;;;;;;;;;;;;;;;;;;;;;;;;;;;;;;;;;;;;;;;;;;;;;
3;PLS-DA;25;B2_BR16_NIRRIG_REPROD00001.asd;B2;BR16;NIRRIG;D02M;manha;D02;NIRRIG;IRRIG;0.4576401141051191;False;-1.4677236000893954;-1.4520195162649792;-1.4535357142224843;-1.4184616069017453;-1.3958634780589265;;;;;;;;;;;;;;;;;;;;;;;;;;;;;;;;;;;;;;;;;;;;;;;;;;;;;;;;;;;;;;;;;;;;;;;;;;;;;;;;
3;PLS-DA;26;B2_BR16_NIRRIG_REPROD00002.asd;B2;BR16;NIRRIG;D02M;manha;D02;NIRRIG;IRRIG;0.46012222945130754;False;-1.4663368323918813;-1.4507548406588926;-1.45221884521656;-1.4167716822392742;-1.3946141442611404;;;;;;;;;;;;;;;;;;;;;;;;;;;;;;;;;;;;;;;;;;;;;;;;;;;;;;;;;;;;;;;;;;;;;;;;;;;;;;;;
3;PLS-DA;27;B2_BR16_NIRRIG_REPROD00003.asd;B2;BR16;NIRRIG;D02M;manha;D02;NIRRIG;IRRIG;0.4629097655716964;False;-1.4650814893093085;-1.4495185463705649;-1.4510893054730551;-1.4154677837617955;-1.3932058724962915;;;;;;;;;;;;;;;;;;;;;;;;;;;;;;;;;;;;;;;;;;;;;;;;;;;;;;;;;;;;;;;;;;;;;;;;;;;;;;;;
3;PLS-DA;28;B2_BR16_NIRRIG_REPROD00004.asd;B2;BR16;NIRRIG;D02M;manha;D02;NIRRIG;IRRIG;0.45343932013786925;False;-1.4451928892920116;-1.4316622394318699;-1.4358540104091062;-1.403673790258428;-1.3847011992971152;;;;;;;;;;;;;;;;;;;;;;;;;;;;;;;;;;;;;;;;;;;;;;;;;;;;;;;;;;;;;;;;;;;;;;;;;;;;;;;;
3;PLS-DA;29;B2_BR16_NIRRIG_REPROD00005.asd;B2;BR16;NIRRIG;D02M;manha;D02;NIRRIG;IRRIG;0.45318732577255755;False;-1.4451549780936233;-1.4314825124281043;-1.4352831525627152;-1.403286961982882;-1.384489957131368;;;;;;;;;;;;;;;;;;;;;;;;;;;;;;;;;;;;;;;;;;;;;;;;;;;;;;;;;;;;;;;;;;;;;;;;;;;;;;;;
3;PLS-DA;30;B2_BR16_NIRRIG_REPROD00006.asd;B2;BR16;NIRRIG;D02M;manha;D02;NIRRIG;IRRIG;0.4552254493116589;False;-1.4473187452569745;-1.4332072393349613;-1.4372587079996604;-1.4046019725314187;-1.3854905240624544;;;;;;;;;;;;;;;;;;;;;;;;;;;;;;;;;;;;;;;;;;;;;;;;;;;;;;;;;;;;;;;;;;;;;;;;;;;;;;;;
3;PLS-DA;31;B2_BR16_NIRRIG_REPROD00007.asd;B2;BR16;NIRRIG;D02M;manha;D02;NIRRIG;IRRIG;0.45492831894055585;False;-1.4475807605250874;-1.4336912606703962;-1.437461093081721;-1.4047108247320672;-1.3857023356269258;;;;;;;;;;;;;;;;;;;;;;;;;;;;;;;;;;;;;;;;;;;;;;;;;;;;;;;;;;;;;;;;;;;;;;;;;;;;;;;;
3;RandomForest;16;B2_BR16_IRRIG_REPROD00000.asd;B2;BR16;IRRIG;D02M;manha;D02;IRRIG;IRRIG;0.0;True;-1.4736745171853065;-1.4582993015920722;-1.4563758025820148;-1.4216990037405541;-1.3973899252609514;;;;;;;;;;;;;;;;;;;;;;;;;;;;;;;;;;;;;;;;;;;;;;;;;;;;;;;;;;;;;;;;;;;;;;;;;;;;;;;;
3;RandomForest;17;B2_BR16_IRRIG_REPROD00001.asd;B2;BR16;IRRIG;D02M;manha;D02;IRRIG;IRRIG;0.004;True;-1.4729861252079715;-1.4570762116889544;-1.4551288198946675;-1.4203931900482327;-1.3961591306024772;;;;;;;;;;;;;;;;;;;;;;;;;;;;;;;;;;;;;;;;;;;;;;;;;;;;;;;;;;;;;;;;;;;;;;;;;;;;;;;;
3;RandomForest;18;B2_BR16_IRRIG_REPROD00002.asd;B2;BR16;IRRIG;D02M;manha;D02;IRRIG;IRRIG;0.0;True;-1.4732421229950239;-1.4576862171906066;-1.4557549984691385;-1.4213849447376619;-1.3968630711877257;;;;;;;;;;;;;;;;;;;;;;;;;;;;;;;;;;;;;;;;;;;;;;;;;;;;;;;;;;;;;;;;;;;;;;;;;;;;;;;;
3;RandomForest;19;B2_BR16_IRRIG_REPROD00003.asd;B2;BR16;IRRIG;D02M;manha;D02;IRRIG;IRRIG;0.0;True;-1.473366879543878;-1.4575495373380305;-1.4556344028184267;-1.421379366713851;-1.3970633292816943;;;;;;;;;;;;;;;;;;;;;;;;;;;;;;;;;;;;;;;;;;;;;;;;;;;;;;;;;;;;;;;;;;;;;;;;;;;;;;;;
3;RandomForest;20;B2_BR16_IRRIG_REPROD00004.asd;B2;BR16;IRRIG;D02M;manha;D02;IRRIG;NIRRIG;0.816;False;-1.4982898258849457;-1.4801687706821638;-1.4798587599117574;-1.4401818573372476;-1.4137237175625406;;;;;;;;;;;;;;;;;;;;;;;;;;;;;;;;;;;;;;;;;;;;;;;;;;;;;;;;;;;;;;;;;;;;;;;;;;;;;;;;
3;RandomForest;21;B2_BR16_IRRIG_REPROD00005.asd;B2;BR16;IRRIG;D02M;manha;D02;IRRIG;NIRRIG;0.816;False;-1.5018929103584475;-1.4843485925142645;-1.4833086736540964;-1.4435655521327633;-1.4170855993648446;;;;;;;;;;;;;;;;;;;;;;;;;;;;;;;;;;;;;;;;;;;;;;;;;;;;;;;;;;;;;;;;;;;;;;;;;;;;;;;;
3;RandomForest;22;B2_BR16_IRRIG_REPROD00006.asd;B2;BR16;IRRIG;D02M;manha;D02;IRRIG;NIRRIG;0.816;False;-1.5020161348489414;-1.4844487798540702;-1.48300220097925;-1.4437838166823842;-1.4165354013269624;;;;;;;;;;;;;;;;;;;;;;;;;;;;;;;;;;;;;;;;;;;;;;;;;;;;;;;;;;;;;;;;;;;;;;;;;;;;;;;;
3;RandomForest;23;B2_BR16_IRRIG_REPROD00007.asd;B2;BR16;IRRIG;D02M;manha;D02;IRRIG;NIRRIG;0.816;False;-1.503799032655772;-1.485770995670011;-1.484709063336634;-1.4449389276361515;-1.4182376439178435;;;;;;;;;;;;;;;;;;;;;;;;;;;;;;;;;;;;;;;;;;;;;;;;;;;;;;;;;;;;;;;;;;;;;;;;;;;;;;;;
3;RandomForest;24;B2_BR16_NIRRIG_REPROD00000.asd;B2;BR16;NIRRIG;D02M;manha;D02;NIRRIG;IRRIG;0.486;False;-1.467298176045535;-1.4524103551967391;-1.4536369429462517;-1.418624363087999;-1.3966912126619808;;;;;;;;;;;;;;;;;;;;;;;;;;;;;;;;;;;;;;;;;;;;;;;;;;;;;;;;;;;;;;;;;;;;;;;;;;;;;;;;
3;RandomForest;25;B2_BR16_NIRRIG_REPROD00001.asd;B2;BR16;NIRRIG;D02M;manha;D02;NIRRIG;NIRRIG;0.512;True;-1.4677236000893954;-1.4520195162649792;-1.4535357142224843;-1.4184616069017453;-1.3958634780589265;;;;;;;;;;;;;;;;;;;;;;;;;;;;;;;;;;;;;;;;;;;;;;;;;;;;;;;;;;;;;;;;;;;;;;;;;;;;;;;;
3;RandomForest;26;B2_BR16_NIRRIG_REPROD00002.asd;B2;BR16;NIRRIG;D02M;manha;D02;NIRRIG;NIRRIG;0.616;True;-1.4663368323918813;-1.4507548406588926;-1.45221884521656;-1.4167716822392742;-1.3946141442611404;;;;;;;;;;;;;;;;;;;;;;;;;;;;;;;;;;;;;;;;;;;;;;;;;;;;;;;;;;;;;;;;;;;;;;;;;;;;;;;;
3;RandomForest;27;B2_BR16_NIRRIG_REPROD00003.asd;B2;BR16;NIRRIG;D02M;manha;D02;NIRRIG;NIRRIG;0.624;True;-1.4650814893093085;-1.4495185463705649;-1.4510893054730551;-1.4154677837617955;-1.3932058724962915;;;;;;;;;;;;;;;;;;;;;;;;;;;;;;;;;;;;;;;;;;;;;;;;;;;;;;;;;;;;;;;;;;;;;;;;;;;;;;;;
3;RandomForest;28;B2_BR16_NIRRIG_REPROD00004.asd;B2;BR16;NIRRIG;D02M;manha;D02;NIRRIG;NIRRIG;1.0;True;-1.4451928892920116;-1.4316622394318699;-1.4358540104091062;-1.403673790258428;-1.3847011992971152;;;;;;;;;;;;;;;;;;;;;;;;;;;;;;;;;;;;;;;;;;;;;;;;;;;;;;;;;;;;;;;;;;;;;;;;;;;;;;;;
3;RandomForest;29;B2_BR16_NIRRIG_REPROD00005.asd;B2;BR16;NIRRIG;D02M;manha;D02;NIRRIG;NIRRIG;1.0;True;-1.4451549780936233;-1.4314825124281043;-1.4352831525627152;-1.403286961982882;-1.384489957131368;;;;;;;;;;;;;;;;;;;;;;;;;;;;;;;;;;;;;;;;;;;;;;;;;;;;;;;;;;;;;;;;;;;;;;;;;;;;;;;;
3;RandomForest;30;B2_BR16_NIRRIG_REPROD00006.asd;B2;BR16;NIRRIG;D02M;manha;D02;NIRRIG;NIRRIG;1.0;True;-1.4473187452569745;-1.4332072393349613;-1.4372587079996604;-1.4046019725314187;-1.3854905240624544;;;;;;;;;;;;;;;;;;;;;;;;;;;;;;;;;;;;;;;;;;;;;;;;;;;;;;;;;;;;;;;;;;;;;;;;;;;;;;;;
3;RandomForest;31;B2_BR16_NIRRIG_REPROD00007.asd;B2;BR16;NIRRIG;D02M;manha;D02;NIRRIG;NIRRIG;1.0;True;-1.4475807605250874;-1.4336912606703962;-1.437461093081721;-1.4047108247320672;-1.3857023356269258;;;;;;;;;;;;;;;;;;;;;;;;;;;;;;;;;;;;;;;;;;;;;;;;;;;;;;;;;;;;;;;;;;;;;;;;;;;;;;;;
4;PLS-DA;0;B1_BR16_IRRIG_REPROD00000.asd;B1;BR16;IRRIG;D02M;manha;D02;IRRIG;IRRIG;0.4625567303853452;True;-1.4739740857325956;-1.4587498773761305;-1.458196601974888;-1.424438369068135;-1.4015951898646404;;;;;;;;;;;;;;;;;;;;;;;;;;;;;;;;;;;;;;;;;;;;;;;;;;;;;;;;;;;;;;;;;;;;;;;;;;;;;;;;
4;PLS-DA;1;B1_BR16_IRRIG_REPROD00001.asd;B1;BR16;IRRIG;D02M;manha;D02;IRRIG;IRRIG;0.4621395223436133;True;-1.4738644358021291;-1.4590320066937925;-1.4583868746227497;-1.4247137070493714;-1.4016624200459795;;;;;;;;;;;;;;;;;;;;;;;;;;;;;;;;;;;;;;;;;;;;;;;;;;;;;;;;;;;;;;;;;;;;;;;;;;;;;;;;
4;PLS-DA;2;B1_BR16_IRRIG_REPROD00002.asd;B1;BR16;IRRIG;D02M;manha;D02;IRRIG;IRRIG;0.46584582695536453;True;-1.4731778905802446;-1.4579693927823123;-1.4575062011258584;-1.4232335286235585;-1.4004202796368868;;;;;;;;;;;;;;;;;;;;;;;;;;;;;;;;;;;;;;;;;;;;;;;;;;;;;;;;;;;;;;;;;;;;;;;;;;;;;;;;
4;PLS-DA;3;B1_BR16_IRRIG_REPROD00003.asd;B1;BR16;IRRIG;D02M;manha;D02;IRRIG;IRRIG;0.4658851279209542;True;-1.4736618081484347;-1.458115205144533;-1.45742929679546;-1.4231579908932364;-1.4001214090066088;;;;;;;;;;;;;;;;;;;;;;;;;;;;;;;;;;;;;;;;;;;;;;;;;;;;;;;;;;;;;;;;;;;;;;;;;;;;;;;;
4;PLS-DA;4;B1_BR16_IRRIG_REPROD00004.asd;B1;BR16;IRRIG;D02M;manha;D02;IRRIG;IRRIG;0.4319742291366542;True;-1.47555202327388;-1.4622649349357333;-1.460345572214502;-1.431952083437547;-1.411725558014536;;;;;;;;;;;;;;;;;;;;;;;;;;;;;;;;;;;;;;;;;;;;;;;;;;;;;;;;;;;;;;;;;;;;;;;;;;;;;;;;
4;PLS-DA;5;B1_BR16_IRRIG_REPROD00005.asd;B1;BR16;IRRIG;D02M;manha;D02;IRRIG;IRRIG;0.4267166752974624;True;-1.4764739177154418;-1.4637298880108756;-1.4607664869049912;-1.4332983961922847;-1.4126015295903873;;;;;;;;;;;;;;;;;;;;;;;;;;;;;;;;;;;;;;;;;;;;;;;;;;;;;;;;;;;;;;;;;;;;;;;;;;;;;;;;
4;PLS-DA;6;B1_BR16_IRRIG_REPROD00006.asd;B1;BR16;IRRIG;D02M;manha;D02;IRRIG;IRRIG;0.424941080489387;True;-1.47682450094066;-1.4646625441610708;-1.4616474149681786;-1.433970702308181;-1.4138209174432221;;;;;;;;;;;;;;;;;;;;;;;;;;;;;;;;;;;;;;;;;;;;;;;;;;;;;;;;;;;;;;;;;;;;;;;;;;;;;;;;
4;PLS-DA;7;B1_BR16_IRRIG_REPROD00007.asd;B1;BR16;IRRIG;D02M;manha;D02;IRRIG;IRRIG;0.4243421038600201;True;-1.4771134098796852;-1.4645467869426734;-1.4613910200625275;-1.4341830216405442;-1.4134659558312785;;;;;;;;;;;;;;;;;;;;;;;;;;;;;;;;;;;;;;;;;;;;;;;;;;;;;;;;;;;;;;;;;;;;;;;;;;;;;;;;
4;PLS-DA;8;B1_BR16_NIRRIG_REPROD00000.asd;B1;BR16;NIRRIG;D02M;manha;D02;NIRRIG;NIRRIG;0.5093429331425356;True;-1.4555685088880672;-1.4391023935612048;-1.4406245815726744;-1.4039431003770382;-1.381147750857411;;;;;;;;;;;;;;;;;;;;;;;;;;;;;;;;;;;;;;;;;;;;;;;;;;;;;;;;;;;;;;;;;;;;;;;;;;;;;;;;
4;PLS-DA;9;B1_BR16_NIRRIG_REPROD00001.asd;B1;BR16;NIRRIG;D02M;manha;D02;NIRRIG;NIRRIG;0.5089149088610948;True;-1.4568418497021247;-1.4400834790348938;-1.4412469128435226;-1.404486363518063;-1.381029727050851;;;;;;;;;;;;;;;;;;;;;;;;;;;;;;;;;;;;;;;;;;;;;;;;;;;;;;;;;;;;;;;;;;;;;;;;;;;;;;;;
4;PLS-DA;10;B1_BR16_NIRRIG_REPROD00002.asd;B1;BR16;NIRRIG;D02M;manha;D02;NIRRIG;NIRRIG;0.5167371904320098;True;-1.4559119594588688;-1.4395826832321912;-1.4415375535194508;-1.4033097175564755;-1.3791352318891419;;;;;;;;;;;;;;;;;;;;;;;;;;;;;;;;;;;;;;;;;;;;;;;;;;;;;;;;;;;;;;;;;;;;;;;;;;;;;;;;
4;PLS-DA;11;B1_BR16_NIRRIG_REPROD00003.asd;B1;BR16;NIRRIG;D02M;manha;D02;NIRRIG;NIRRIG;0.5206469388088777;True;-1.4555605058427996;-1.4385127682076473;-1.4408580113541558;-1.4018466389123445;-1.378186291489473;;;;;;;;;;;;;;;;;;;;;;;;;;;;;;;;;;;;;;;;;;;;;;;;;;;;;;;;;;;;;;;;;;;;;;;;;;;;;;;;
4;PLS-DA;12;B1_BR16_NIRRIG_REPROD00004.asd;B1;BR16;NIRRIG;D02M;manha;D02;NIRRIG;NIRRIG;0.5482435151578817;True;-1.4395632234523272;-1.422910454985563;-1.4241923210949643;-1.3855092643878322;-1.3615599376708791;;;;;;;;;;;;;;;;;;;;;;;;;;;;;;;;;;;;;;;;;;;;;;;;;;;;;;;;;;;;;;;;;;;;;;;;;;;;;;;;
4;PLS-DA;13;B1_BR16_NIRRIG_REPROD00005.asd;B1;BR16;NIRRIG;D02M;manha;D02;NIRRIG;NIRRIG;0.5516050105004674;True;-1.4382754188714364;-1.4215836803817923;-1.4225828283029214;-1.3838920799952599;-1.35938434698497;;;;;;;;;;;;;;;;;;;;;;;;;;;;;;;;;;;;;;;;;;;;;;;;;;;;;;;;;;;;;;;;;;;;;;;;;;;;;;;;
4;PLS-DA;14;B1_BR16_NIRRIG_REPROD00006.asd;B1;BR16;NIRRIG;D02M;manha;D02;NIRRIG;NIRRIG;0.5532257199555962;True;-1.4392332126778085;-1.4219138644624445;-1.4233703066451195;-1.3839636287294212;-1.3596795521280978;;;;;;;;;;;;;;;;;;;;;;;;;;;;;;;;;;;;;;;;;;;;;;;;;;;;;;;;;;;;;;;;;;;;;;;;;;;;;;;;
4;PLS-DA;15;B1_BR16_NIRRIG_REPROD00007.asd;B1;BR16;NIRRIG;D02M;manha;D02;NIRRIG;NIRRIG;0.556317849026829;True;-1.4390365017832176;-1.4214863971792218;-1.4230922101969492;-1.3832004730949359;-1.3586025061653064;;;;;;;;;;;;;;;;;;;;;;;;;;;;;;;;;;;;;;;;;;;;;;;;;;;;;;;;;;;;;;;;;;;;;;;;;;;;;;;;
4;RandomForest;0;B1_BR16_IRRIG_REPROD00000.asd;B1;BR16;IRRIG;D02M;manha;D02;IRRIG;IRRIG;0.0;True;-1.4739740857325956;-1.4587498773761305;-1.458196601974888;-1.424438369068135;-1.4015951898646404;;;;;;;;;;;;;;;;;;;;;;;;;;;;;;;;;;;;;;;;;;;;;;;;;;;;;;;;;;;;;;;;;;;;;;;;;;;;;;;;
4;RandomForest;1;B1_BR16_IRRIG_REPROD00001.asd;B1;BR16;IRRIG;D02M;manha;D02;IRRIG;IRRIG;0.0;True;-1.4738644358021291;-1.4590320066937925;-1.4583868746227497;-1.4247137070493714;-1.4016624200459795;;;;;;;;;;;;;;;;;;;;;;;;;;;;;;;;;;;;;;;;;;;;;;;;;;;;;;;;;;;;;;;;;;;;;;;;;;;;;;;;
4;RandomForest;2;B1_BR16_IRRIG_REPROD00002.asd;B1;BR16;IRRIG;D02M;manha;D02;IRRIG;IRRIG;0.0;True;-1.4731778905802446;-1.4579693927823123;-1.4575062011258584;-1.4232335286235585;-1.4004202796368868;;;;;;;;;;;;;;;;;;;;;;;;;;;;;;;;;;;;;;;;;;;;;;;;;;;;;;;;;;;;;;;;;;;;;;;;;;;;;;;;
4;RandomForest;3;B1_BR16_IRRIG_REPROD00003.asd;B1;BR16;IRRIG;D02M;manha;D02;IRRIG;IRRIG;0.0;True;-1.4736618081484347;-1.458115205144533;-1.45742929679546;-1.4231579908932364;-1.4001214090066088;;;;;;;;;;;;;;;;;;;;;;;;;;;;;;;;;;;;;;;;;;;;;;;;;;;;;;;;;;;;;;;;;;;;;;;;;;;;;;;;
4;RandomForest;4;B1_BR16_IRRIG_REPROD00004.asd;B1;BR16;IRRIG;D02M;manha;D02;IRRIG;IRRIG;0.02;True;-1.47555202327388;-1.4622649349357333;-1.460345572214502;-1.431952083437547;-1.411725558014536;;;;;;;;;;;;;;;;;;;;;;;;;;;;;;;;;;;;;;;;;;;;;;;;;;;;;;;;;;;;;;;;;;;;;;;;;;;;;;;;
4;RandomForest;5;B1_BR16_IRRIG_REPROD00005.asd;B1;BR16;IRRIG;D02M;manha;D02;IRRIG;IRRIG;0.028;True;-1.4764739177154418;-1.4637298880108756;-1.4607664869049912;-1.4332983961922847;-1.4126015295903873;;;;;;;;;;;;;;;;;;;;;;;;;;;;;;;;;;;;;;;;;;;;;;;;;;;;;;;;;;;;;;;;;;;;;;;;;;;;;;;;
4;RandomForest;6;B1_BR16_IRRIG_REPROD00006.asd;B1;BR16;IRRIG;D02M;manha;D02;IRRIG;IRRIG;0.028;True;-1.47682450094066;-1.4646625441610708;-1.4616474149681786;-1.433970702308181;-1.4138209174432221;;;;;;;;;;;;;;;;;;;;;;;;;;;;;;;;;;;;;;;;;;;;;;;;;;;;;;;;;;;;;;;;;;;;;;;;;;;;;;;;
4;RandomForest;7;B1_BR16_IRRIG_REPROD00007.asd;B1;BR16;IRRIG;D02M;manha;D02;IRRIG;IRRIG;0.026;True;-1.4771134098796852;-1.4645467869426734;-1.4613910200625275;-1.4341830216405442;-1.4134659558312785;;;;;;;;;;;;;;;;;;;;;;;;;;;;;;;;;;;;;;;;;;;;;;;;;;;;;;;;;;;;;;;;;;;;;;;;;;;;;;;;
4;RandomForest;8;B1_BR16_NIRRIG_REPROD00000.asd;B1;BR16;NIRRIG;D02M;manha;D02;NIRRIG;NIRRIG;1.0;True;-1.4555685088880672;-1.4391023935612048;-1.4406245815726744;-1.4039431003770382;-1.381147750857411;;;;;;;;;;;;;;;;;;;;;;;;;;;;;;;;;;;;;;;;;;;;;;;;;;;;;;;;;;;;;;;;;;;;;;;;;;;;;;;;
4;RandomForest;9;B1_BR16_NIRRIG_REPROD00001.asd;B1;BR16;NIRRIG;D02M;manha;D02;NIRRIG;NIRRIG;1.0;True;-1.4568418497021247;-1.4400834790348938;-1.4412469128435226;-1.404486363518063;-1.381029727050851;;;;;;;;;;;;;;;;;;;;;;;;;;;;;;;;;;;;;;;;;;;;;;;;;;;;;;;;;;;;;;;;;;;;;;;;;;;;;;;;
4;RandomForest;10;B1_BR16_NIRRIG_REPROD00002.asd;B1;BR16;NIRRIG;D02M;manha;D02;NIRRIG;NIRRIG;1.0;True;-1.4559119594588688;-1.4395826832321912;-1.4415375535194508;-1.4033097175564755;-1.3791352318891419;;;;;;;;;;;;;;;;;;;;;;;;;;;;;;;;;;;;;;;;;;;;;;;;;;;;;;;;;;;;;;;;;;;;;;;;;;;;;;;;
4;RandomForest;11;B1_BR16_NIRRIG_REPROD00003.asd;B1;BR16;NIRRIG;D02M;manha;D02;NIRRIG;NIRRIG;1.0;True;-1.4555605058427996;-1.4385127682076473;-1.4408580113541558;-1.4018466389123445;-1.378186291489473;;;;;;;;;;;;;;;;;;;;;;;;;;;;;;;;;;;;;;;;;;;;;;;;;;;;;;;;;;;;;;;;;;;;;;;;;;;;;;;;
4;RandomForest;12;B1_BR16_NIRRIG_REPROD00004.asd;B1;BR16;NIRRIG;D02M;manha;D02;NIRRIG;NIRRIG;1.0;True;-1.4395632234523272;-1.422910454985563;-1.4241923210949643;-1.3855092643878322;-1.3615599376708791;;;;;;;;;;;;;;;;;;;;;;;;;;;;;;;;;;;;;;;;;;;;;;;;;;;;;;;;;;;;;;;;;;;;;;;;;;;;;;;;
4;RandomForest;13;B1_BR16_NIRRIG_REPROD00005.asd;B1;BR16;NIRRIG;D02M;manha;D02;NIRRIG;NIRRIG;1.0;True;-1.4382754188714364;-1.4215836803817923;-1.4225828283029214;-1.3838920799952599;-1.35938434698497;;;;;;;;;;;;;;;;;;;;;;;;;;;;;;;;;;;;;;;;;;;;;;;;;;;;;;;;;;;;;;;;;;;;;;;;;;;;;;;;
4;RandomForest;14;B1_BR16_NIRRIG_REPROD00006.asd;B1;BR16;NIRRIG;D02M;manha;D02;NIRRIG;NIRRIG;1.0;True;-1.4392332126778085;-1.4219138644624445;-1.4233703066451195;-1.3839636287294212;-1.3596795521280978;;;;;;;;;;;;;;;;;;;;;;;;;;;;;;;;;;;;;;;;;;;;;;;;;;;;;;;;;;;;;;;;;;;;;;;;;;;;;;;;
4;RandomForest;15;B1_BR16_NIRRIG_REPROD00007.asd;B1;BR16;NIRRIG;D02M;manha;D02;NIRRIG;NIRRIG;1.0;True;-1.4390365017832176;-1.4214863971792218;-1.4230922101969492;-1.3832004730949359;-1.3586025061653064;;;;;;;;;;;;;;;;;;;;;;;;;;;;;;;;;;;;;;;;;;;;;;;;;;;;;;;;;;;;;;;;;;;;;;;;;;;;;;;;
1;PLS-DA;112;B4_CD202_IRRIG_REPROD00000.asd;B4;CD202;IRRIG;D02M;manha;D02;IRRIG;NIRRIG;0.5280576510967501;False;;;;;;0.827279892917777;0.0706958879183311;-1.4956700368670799;-1.4962466025694976;0.8735897549973186;;;;;;;;;;;;;;;;;;;;;;;;;;;;;;;;;;;;;;;;;;;;;;;;;;;;;;;;;;;;;;;;;;;;;;;;;;;
1;PLS-DA;113;B4_CD202_IRRIG_REPROD00001.asd;B4;CD202;IRRIG;D02M;manha;D02;IRRIG;NIRRIG;0.5232000355651544;False;;;;;;0.8283714183799707;0.07420155961823961;-1.495456882556975;-1.4963462616545538;0.8742938149483279;;;;;;;;;;;;;;;;;;;;;;;;;;;;;;;;;;;;;;;;;;;;;;;;;;;;;;;;;;;;;;;;;;;;;;;;;;;
1;PLS-DA;114;B4_CD202_IRRIG_REPROD00002.asd;B4;CD202;IRRIG;D02M;manha;D02;IRRIG;NIRRIG;0.5199853198182088;False;;;;;;0.828696689154657;0.07622785835928426;-1.4969184203351897;-1.497471868608861;0.8746416620031436;;;;;;;;;;;;;;;;;;;;;;;;;;;;;;;;;;;;;;;;;;;;;;;;;;;;;;;;;;;;;;;;;;;;;;;;;;;
1;PLS-DA;115;B4_CD202_IRRIG_REPROD00003.asd;B4;CD202;IRRIG;D02M;manha;D02;IRRIG;NIRRIG;0.516343743186348;False;;;;;;0.8284460708350935;0.07957510242713585;-1.4998314280790719;-1.5004745548498861;0.874497098440617;;;;;;;;;;;;;;;;;;;;;;;;;;;;;;;;;;;;;;;;;;;;;;;;;;;;;;;;;;;;;;;;;;;;;;;;;;;
1;PLS-DA;116;B4_CD202_IRRIG_REPROD00004.asd;B4;CD202;IRRIG;D02M;manha;D02;IRRIG;IRRIG;0.4921761080502398;True;;;;;;0.8227684462398833;0.11609967737972214;-1.5171554205418396;-1.5198297486526597;0.8695767071397765;;;;;;;;;;;;;;;;;;;;;;;;;;;;;;;;;;;;;;;;;;;;;;;;;;;;;;;;;;;;;;;;;;;;;;;;;;;
1;PLS-DA;117;B4_CD202_IRRIG_REPROD00005.asd;B4;CD202;IRRIG;D02M;manha;D02;IRRIG;IRRIG;0.4887244858152001;True;;;;;;0.8213446795745564;0.12287829885933528;-1.5234644617785893;-1.525737289193139;0.8677146208657839;;;;;;;;;;;;;;;;;;;;;;;;;;;;;;;;;;;;;;;;;;;;;;;;;;;;;;;;;;;;;;;;;;;;;;;;;;;
1;PLS-DA;118;B4_CD202_IRRIG_REPROD00006.asd;B4;CD202;IRRIG;D02M;manha;D02;IRRIG;IRRIG;0.48555776084282487;True;;;;;;0.8204724963071487;0.12532668241761113;-1.5261963030735837;-1.528191337747914;0.8678427902687322;;;;;;;;;;;;;;;;;;;;;;;;;;;;;;;;;;;;;;;;;;;;;;;;;;;;;;;;;;;;;;;;;;;;;;;;;;;
1;PLS-DA;119;B4_CD202_IRRIG_REPROD00007.asd;B4;CD202;IRRIG;D02M;manha;D02;IRRIG;IRRIG;0.4829702056547757;True;;;;;;0.8189941842999987;0.12875086118710097;-1.5286908986580852;-1.5312152688293046;0.8674880297366272;;;;;;;;;;;;;;;;;;;;;;;;;;;;;;;;;;;;;;;;;;;;;;;;;;;;;;;;;;;;;;;;;;;;;;;;;;;
1;PLS-DA;120;B4_CD202_NIRRIG_REPROD00000.asd;B4;CD202;NIRRIG;D02M;manha;D02;NIRRIG;NIRRIG;0.5320820712441893;True;;;;;;0.8025159902882933;0.1599618432939639;-1.4929655278648835;-1.5017136942059184;0.8452599181189803;;;;;;;;;;;;;;;;;;;;;;;;;;;;;;;;;;;;;;;;;;;;;;;;;;;;;;;;;;;;;;;;;;;;;;;;;;;
1;PLS-DA;121;B4_CD202_NIRRIG_REPROD00001.asd;B4;CD202;NIRRIG;D02M;manha;D02;NIRRIG;NIRRIG;0.531997650606164;True;;;;;;0.7926395435761957;0.17514561691168687;-1.4957441765560753;-1.5048182383469553;0.8411638665499335;;;;;;;;;;;;;;;;;;;;;;;;;;;;;;;;;;;;;;;;;;;;;;;;;;;;;;;;;;;;;;;;;;;;;;;;;;;
1;PLS-DA;122;B4_CD202_NIRRIG_REPROD00002.asd;B4;CD202;NIRRIG;D02M;manha;D02;NIRRIG;NIRRIG;0.534808644367638;True;;;;;;0.7919401453849537;0.17352819835629615;-1.4959877761317035;-1.505202353823829;0.8405797846025663;;;;;;;;;;;;;;;;;;;;;;;;;;;;;;;;;;;;;;;;;;;;;;;;;;;;;;;;;;;;;;;;;;;;;;;;;;;
1;PLS-DA;123;B4_CD202_NIRRIG_REPROD00003.asd;B4;CD202;NIRRIG;D02M;manha;D02;NIRRIG;NIRRIG;0.5395848986376717;True;;;;;;0.7963272928309304;0.16397082331023247;-1.4931115677784963;-1.5023340315924814;0.8416546743219283;;;;;;;;;;;;;;;;;;;;;;;;;;;;;;;;;;;;;;;;;;;;;;;;;;;;;;;;;;;;;;;;;;;;;;;;;;;
1;PLS-DA;124;B4_CD202_NIRRIG_REPROD00004.asd;B4;CD202;NIRRIG;D02M;manha;D02;NIRRIG;NIRRIG;0.5350846011706549;True;;;;;;0.8090191988824065;0.13938676373463113;-1.4911017761810688;-1.4980158884090724;0.8504594336132427;;;;;;;;;;;;;;;;;;;;;;;;;;;;;;;;;;;;;;;;;;;;;;;;;;;;;;;;;;;;;;;;;;;;;;;;;;;
1;PLS-DA;125;B4_CD202_NIRRIG_REPROD00005.asd;B4;CD202;NIRRIG;D02M;manha;D02;NIRRIG;NIRRIG;0.5400284180968143;True;;;;;;0.8097771401643888;0.13577263993099695;-1.4882107868357124;-1.4947576740663797;0.850054987919464;;;;;;;;;;;;;;;;;;;;;;;;;;;;;;;;;;;;;;;;;;;;;;;;;;;;;;;;;;;;;;;;;;;;;;;;;;;
1;PLS-DA;126;B4_CD202_NIRRIG_REPROD00006.asd;B4;CD202;NIRRIG;D02M;manha;D02;NIRRIG;NIRRIG;0.543471870699385;True;;;;;;0.8103315140654451;0.1308111912397709;-1.487116002787187;-1.4937684661346153;0.8504071816538771;;;;;;;;;;;;;;;;;;;;;;;;;;;;;;;;;;;;;;;;;;;;;;;;;;;;;;;;;;;;;;;;;;;;;;;;;;;
1;PLS-DA;127;B4_CD202_NIRRIG_REPROD00007.asd;B4;CD202;NIRRIG;D02M;manha;D02;NIRRIG;NIRRIG;0.5489949294173199;True;;;;;;0.8085068444047128;0.13031191136510145;-1.486222709410623;-1.4928706438282247;0.8486913225874272;;;;;;;;;;;;;;;;;;;;;;;;;;;;;;;;;;;;;;;;;;;;;;;;;;;;;;;;;;;;;;;;;;;;;;;;;;;
1;RandomForest;112;B4_CD202_IRRIG_REPROD00000.asd;B4;CD202;IRRIG;D02M;manha;D02;IRRIG;NIRRIG;0.85;False;;;;;;0.827279892917777;0.0706958879183311;-1.4956700368670799;-1.4962466025694976;0.8735897549973186;;;;;;;;;;;;;;;;;;;;;;;;;;;;;;;;;;;;;;;;;;;;;;;;;;;;;;;;;;;;;;;;;;;;;;;;;;;
1;RandomForest;113;B4_CD202_IRRIG_REPROD00001.asd;B4;CD202;IRRIG;D02M;manha;D02;IRRIG;NIRRIG;0.848;False;;;;;;0.8283714183799707;0.07420155961823961;-1.495456882556975;-1.4963462616545538;0.8742938149483279;;;;;;;;;;;;;;;;;;;;;;;;;;;;;;;;;;;;;;;;;;;;;;;;;;;;;;;;;;;;;;;;;;;;;;;;;;;
1;RandomForest;114;B4_CD202_IRRIG_REPROD00002.asd;B4;CD202;IRRIG;D02M;manha;D02;IRRIG;NIRRIG;0.848;False;;;;;;0.828696689154657;0.07622785835928426;-1.4969184203351897;-1.497471868608861;0.8746416620031436;;;;;;;;;;;;;;;;;;;;;;;;;;;;;;;;;;;;;;;;;;;;;;;;;;;;;;;;;;;;;;;;;;;;;;;;;;;
1;RandomForest;115;B4_CD202_IRRIG_REPROD00003.asd;B4;CD202;IRRIG;D02M;manha;D02;IRRIG;NIRRIG;0.732;False;;;;;;0.8284460708350935;0.07957510242713585;-1.4998314280790719;-1.5004745548498861;0.874497098440617;;;;;;;;;;;;;;;;;;;;;;;;;;;;;;;;;;;;;;;;;;;;;;;;;;;;;;;;;;;;;;;;;;;;;;;;;;;
1;RandomForest;116;B4_CD202_IRRIG_REPROD00004.asd;B4;CD202;IRRIG;D02M;manha;D02;IRRIG;NIRRIG;0.53;False;;;;;;0.8227684462398833;0.11609967737972214;-1.5171554205418396;-1.5198297486526597;0.8695767071397765;;;;;;;;;;;;;;;;;;;;;;;;;;;;;;;;;;;;;;;;;;;;;;;;;;;;;;;;;;;;;;;;;;;;;;;;;;;
1;RandomForest;117;B4_CD202_IRRIG_REPROD00005.asd;B4;CD202;IRRIG;D02M;manha;D02;IRRIG;NIRRIG;0.506;False;;;;;;0.8213446795745564;0.12287829885933528;-1.5234644617785893;-1.525737289193139;0.8677146208657839;;;;;;;;;;;;;;;;;;;;;;;;;;;;;;;;;;;;;;;;;;;;;;;;;;;;;;;;;;;;;;;;;;;;;;;;;;;
1;RandomForest;118;B4_CD202_IRRIG_REPROD00006.asd;B4;CD202;IRRIG;D02M;manha;D02;IRRIG;NIRRIG;0.526;False;;;;;;0.8204724963071487;0.12532668241761113;-1.5261963030735837;-1.528191337747914;0.8678427902687322;;;;;;;;;;;;;;;;;;;;;;;;;;;;;;;;;;;;;;;;;;;;;;;;;;;;;;;;;;;;;;;;;;;;;;;;;;;
1;RandomForest;119;B4_CD202_IRRIG_REPROD00007.asd;B4;CD202;IRRIG;D02M;manha;D02;IRRIG;NIRRIG;0.51;False;;;;;;0.8189941842999987;0.12875086118710097;-1.5286908986580852;-1.5312152688293046;0.8674880297366272;;;;;;;;;;;;;;;;;;;;;;;;;;;;;;;;;;;;;;;;;;;;;;;;;;;;;;;;;;;;;;;;;;;;;;;;;;;
1;RandomForest;120;B4_CD202_NIRRIG_REPROD00000.asd;B4;CD202;NIRRIG;D02M;manha;D02;NIRRIG;NIRRIG;0.72;True;;;;;;0.8025159902882933;0.1599618432939639;-1.4929655278648835;-1.5017136942059184;0.8452599181189803;;;;;;;;;;;;;;;;;;;;;;;;;;;;;;;;;;;;;;;;;;;;;;;;;;;;;;;;;;;;;;;;;;;;;;;;;;;
1;RandomForest;121;B4_CD202_NIRRIG_REPROD00001.asd;B4;CD202;NIRRIG;D02M;manha;D02;NIRRIG;NIRRIG;0.72;True;;;;;;0.7926395435761957;0.17514561691168687;-1.4957441765560753;-1.5048182383469553;0.8411638665499335;;;;;;;;;;;;;;;;;;;;;;;;;;;;;;;;;;;;;;;;;;;;;;;;;;;;;;;;;;;;;;;;;;;;;;;;;;;
1;RandomForest;122;B4_CD202_NIRRIG_REPROD00002.asd;B4;CD202;NIRRIG;D02M;manha;D02;NIRRIG;NIRRIG;0.72;True;;;;;;0.7919401453849537;0.17352819835629615;-1.4959877761317035;-1.505202353823829;0.8405797846025663;;;;;;;;;;;;;;;;;;;;;;;;;;;;;;;;;;;;;;;;;;;;;;;;;;;;;;;;;;;;;;;;;;;;;;;;;;;
1;RandomForest;123;B4_CD202_NIRRIG_REPROD00003.asd;B4;CD202;NIRRIG;D02M;manha;D02;NIRRIG;NIRRIG;0.72;True;;;;;;0.7963272928309304;0.16397082331023247;-1.4931115677784963;-1.5023340315924814;0.8416546743219283;;;;;;;;;;;;;;;;;;;;;;;;;;;;;;;;;;;;;;;;;;;;;;;;;;;;;;;;;;;;;;;;;;;;;;;;;;;
1;RandomForest;124;B4_CD202_NIRRIG_REPROD00004.asd;B4;CD202;NIRRIG;D02M;manha;D02;NIRRIG;NIRRIG;0.786;True;;;;;;0.8090191988824065;0.13938676373463113;-1.4911017761810688;-1.4980158884090724;0.8504594336132427;;;;;;;;;;;;;;;;;;;;;;;;;;;;;;;;;;;;;;;;;;;;;;;;;;;;;;;;;;;;;;;;;;;;;;;;;;;
1;RandomForest;125;B4_CD202_NIRRIG_REPROD00005.asd;B4;CD202;NIRRIG;D02M;manha;D02;NIRRIG;NIRRIG;0.824;True;;;;;;0.8097771401643888;0.13577263993099695;-1.4882107868357124;-1.4947576740663797;0.850054987919464;;;;;;;;;;;;;;;;;;;;;;;;;;;;;;;;;;;;;;;;;;;;;;;;;;;;;;;;;;;;;;;;;;;;;;;;;;;
1;RandomForest;126;B4_CD202_NIRRIG_REPROD00006.asd;B4;CD202;NIRRIG;D02M;manha;D02;NIRRIG;NIRRIG;0.794;True;;;;;;0.8103315140654451;0.1308111912397709;-1.487116002787187;-1.4937684661346153;0.8504071816538771;;;;;;;;;;;;;;;;;;;;;;;;;;;;;;;;;;;;;;;;;;;;;;;;;;;;;;;;;;;;;;;;;;;;;;;;;;;
1;RandomForest;127;B4_CD202_NIRRIG_REPROD00007.asd;B4;CD202;NIRRIG;D02M;manha;D02;NIRRIG;NIRRIG;0.814;True;;;;;;0.8085068444047128;0.13031191136510145;-1.486222709410623;-1.4928706438282247;0.8486913225874272;;;;;;;;;;;;;;;;;;;;;;;;;;;;;;;;;;;;;;;;;;;;;;;;;;;;;;;;;;;;;;;;;;;;;;;;;;;
2;PLS-DA;96;B3_CD202_IRRIG_REPROD00000.asd;B3;CD202;IRRIG;D02M;manha;D02;IRRIG;IRRIG;0.2894099443358374;True;;;;;;0.8442979625244055;0.22680648655021785;-1.5336841444867322;-1.5324859956154055;0.8861591173761829;;;;;;;;;;;;;;;;;;;;;;;;;;;;;;;;;;;;;;;;;;;;;;;;;;;;;;;;;;;;;;;;;;;;;;;;;;;
2;PLS-DA;97;B3_CD202_IRRIG_REPROD00001.asd;B3;CD202;IRRIG;D02M;manha;D02;IRRIG;IRRIG;0.2878735163275726;True;;;;;;0.8445874534576452;0.22730490115292729;-1.534058336474585;-1.5329319522698521;0.8864263460943889;;;;;;;;;;;;;;;;;;;;;;;;;;;;;;;;;;;;;;;;;;;;;;;;;;;;;;;;;;;;;;;;;;;;;;;;;;;
2;PLS-DA;98;B3_CD202_IRRIG_REPROD00002.asd;B3;CD202;IRRIG;D02M;manha;D02;IRRIG;IRRIG;0.288453435199823;True;;;;;;0.8444685763693761;0.23081505103058758;-1.53657461468319;-1.5348682519151475;0.8862663985104313;;;;;;;;;;;;;;;;;;;;;;;;;;;;;;;;;;;;;;;;;;;;;;;;;;;;;;;;;;;;;;;;;;;;;;;;;;;
2;PLS-DA;99;B3_CD202_IRRIG_REPROD00003.asd;B3;CD202;IRRIG;D02M;manha;D02;IRRIG;IRRIG;0.28864378215927794;True;;;;;;0.8447700702608585;0.23064421449829178;-1.538103960426908;-1.5365928033996556;0.88650721154873;;;;;;;;;;;;;;;;;;;;;;;;;;;;;;;;;;;;;;;;;;;;;;;;;;;;;;;;;;;;;;;;;;;;;;;;;;;
2;PLS-DA;100;B3_CD202_IRRIG_REPROD00004.asd;B3;CD202;IRRIG;D02M;manha;D02;IRRIG;IRRIG;0.3888280336122359;True;;;;;;0.8245432318168565;0.2546672545964839;-1.5236358192300166;-1.5226395763277938;0.8664114119786901;;;;;;;;;;;;;;;;;;;;;;;;;;;;;;;;;;;;;;;;;;;;;;;;;;;;;;;;;;;;;;;;;;;;;;;;;;;
2;PLS-DA;101;B3_CD202_IRRIG_REPROD00005.asd;B3;CD202;IRRIG;D02M;manha;D02;IRRIG;IRRIG;0.39137855264173527;True;;;;;;0.8233937297167799;0.2602852568091888;-1.5246327689414043;-1.5235658054144916;0.8657483906150546;;;;;;;;;;;;;;;;;;;;;;;;;;;;;;;;;;;;;;;;;;;;;;;;;;;;;;;;;;;;;;;;;;;;;;;;;;;
2;PLS-DA;102;B3_CD202_IRRIG_REPROD00006.asd;B3;CD202;IRRIG;D02M;manha;D02;IRRIG;IRRIG;0.3871209949706525;True;;;;;;0.8235184859551301;0.26158557816300054;-1.5263974969684722;-1.5246521294238535;0.866631857730251;;;;;;;;;;;;;;;;;;;;;;;;;;;;;;;;;;;;;;;;;;;;;;;;;;;;;;;;;;;;;;;;;;;;;;;;;;;
2;PLS-DA;103;B3_CD202_IRRIG_REPROD00007.asd;B3;CD202;IRRIG;D02M;manha;D02;IRRIG;IRRIG;0.3899081182069654;True;;;;;;0.8232528739944833;0.26507236649068594;-1.5288675590786371;-1.527545690329322;0.8663018781035882;;;;;;;;;;;;;;;;;;;;;;;;;;;;;;;;;;;;;;;;;;;;;;;;;;;;;;;;;;;;;;;;;;;;;;;;;;;
2;PLS-DA;104;B3_CD202_NIRRIG_REPROD00000.asd;B3;CD202;NIRRIG;D02M;manha;D02;NIRRIG;NIRRIG;0.5849224039575713;True;;;;;;0.8146832645241093;0.09689364087774689;-1.4888248610886838;-1.4923192011744881;0.8484679737931571;;;;;;;;;;;;;;;;;;;;;;;;;;;;;;;;;;;;;;;;;;;;;;;;;;;;;;;;;;;;;;;;;;;;;;;;;;;
2;PLS-DA;105;B3_CD202_NIRRIG_REPROD00001.asd;B3;CD202;NIRRIG;D02M;manha;D02;NIRRIG;NIRRIG;0.5887726753771063;True;;;;;;0.8145291657364783;0.09277487235954378;-1.488137516720009;-1.4909558700654988;0.8480790970128051;;;;;;;;;;;;;;;;;;;;;;;;;;;;;;;;;;;;;;;;;;;;;;;;;;;;;;;;;;;;;;;;;;;;;;;;;;;
2;PLS-DA;106;B3_CD202_NIRRIG_REPROD00002.asd;B3;CD202;NIRRIG;D02M;manha;D02;NIRRIG;NIRRIG;0.5920174705130743;True;;;;;;0.8148487088376252;0.08915665289391723;-1.4856460343796565;-1.4892411454136083;0.8474279124423207;;;;;;;;;;;;;;;;;;;;;;;;;;;;;;;;;;;;;;;;;;;;;;;;;;;;;;;;;;;;;;;;;;;;;;;;;;;
2;PLS-DA;107;B3_CD202_NIRRIG_REPROD00003.asd;B3;CD202;NIRRIG;D02M;manha;D02;NIRRIG;NIRRIG;0.60178868120187;True;;;;;;0.8122420129221996;0.09147756944953597;-1.4872069897118898;-1.4902074659014315;0.8464361660613677;;;;;;;;;;;;;;;;;;;;;;;;;;;;;;;;;;;;;;;;;;;;;;;;;;;;;;;;;;;;;;;;;;;;;;;;;;;
2;PLS-DA;108;B3_CD202_NIRRIG_REPROD00004.asd;B3;CD202;NIRRIG;D02M;manha;D02;NIRRIG;NIRRIG;0.5431655119039916;True;;;;;;0.8257573652364908;0.04030493752316716;-1.4989891533242172;-1.4997170894097451;0.8622289792044816;;;;;;;;;;;;;;;;;;;;;;;;;;;;;;;;;;;;;;;;;;;;;;;;;;;;;;;;;;;;;;;;;;;;;;;;;;;
2;PLS-DA;109;B3_CD202_NIRRIG_REPROD00005.asd;B3;CD202;NIRRIG;D02M;manha;D02;NIRRIG;NIRRIG;0.5512414718762941;True;;;;;;0.8255604671881565;0.037026165071541536;-1.497372746207192;-1.4973566696770215;0.8606961429191309;;;;;;;;;;;;;;;;;;;;;;;;;;;;;;;;;;;;;;;;;;;;;;;;;;;;;;;;;;;;;;;;;;;;;;;;;;;
2;PLS-DA;110;B3_CD202_NIRRIG_REPROD00006.asd;B3;CD202;NIRRIG;D02M;manha;D02;NIRRIG;NIRRIG;0.5685766935764044;True;;;;;;0.8227733531156537;0.040284681959474336;-1.4981171355160665;-1.4990077294559636;0.8583212346099288;;;;;;;;;;;;;;;;;;;;;;;;;;;;;;;;;;;;;;;;;;;;;;;;;;;;;;;;;;;;;;;;;;;;;;;;;;;
2;PLS-DA;111;B3_CD202_NIRRIG_REPROD00007.asd;B3;CD202;NIRRIG;D02M;manha;D02;NIRRIG;NIRRIG;0.5706617679537584;True;;;;;;0.8222623785238726;0.03670989590392909;-1.497050355538013;-1.497275789515343;0.8582759079314091;;;;;;;;;;;;;;;;;;;;;;;;;;;;;;;;;;;;;;;;;;;;;;;;;;;;;;;;;;;;;;;;;;;;;;;;;;;
2;RandomForest;96;B3_CD202_IRRIG_REPROD00000.asd;B3;CD202;IRRIG;D02M;manha;D02;IRRIG;NIRRIG;0.554;False;;;;;;0.8442979625244055;0.22680648655021785;-1.5336841444867322;-1.5324859956154055;0.8861591173761829;;;;;;;;;;;;;;;;;;;;;;;;;;;;;;;;;;;;;;;;;;;;;;;;;;;;;;;;;;;;;;;;;;;;;;;;;;;
2;RandomForest;97;B3_CD202_IRRIG_REPROD00001.asd;B3;CD202;IRRIG;D02M;manha;D02;IRRIG;NIRRIG;0.554;False;;;;;;0.8445874534576452;0.22730490115292729;-1.534058336474585;-1.5329319522698521;0.8864263460943889;;;;;;;;;;;;;;;;;;;;;;;;;;;;;;;;;;;;;;;;;;;;;;;;;;;;;;;;;;;;;;;;;;;;;;;;;;;
2;RandomForest;98;B3_CD202_IRRIG_REPROD00002.asd;B3;CD202;IRRIG;D02M;manha;D02;IRRIG;NIRRIG;0.554;False;;;;;;0.8444685763693761;0.23081505103058758;-1.53657461468319;-1.5348682519151475;0.8862663985104313;;;;;;;;;;;;;;;;;;;;;;;;;;;;;;;;;;;;;;;;;;;;;;;;;;;;;;;;;;;;;;;;;;;;;;;;;;;
2;RandomForest;99;B3_CD202_IRRIG_REPROD00003.asd;B3;CD202;IRRIG;D02M;manha;D02;IRRIG;NIRRIG;0.554;False;;;;;;0.8447700702608585;0.23064421449829178;-1.538103960426908;-1.5365928033996556;0.88650721154873;;;;;;;;;;;;;;;;;;;;;;;;;;;;;;;;;;;;;;;;;;;;;;;;;;;;;;;;;;;;;;;;;;;;;;;;;;;
2;RandomForest;100;B3_CD202_IRRIG_REPROD00004.asd;B3;CD202;IRRIG;D02M;manha;D02;IRRIG;IRRIG;0.11;True;;;;;;0.8245432318168565;0.2546672545964839;-1.5236358192300166;-1.5226395763277938;0.8664114119786901;;;;;;;;;;;;;;;;;;;;;;;;;;;;;;;;;;;;;;;;;;;;;;;;;;;;;;;;;;;;;;;;;;;;;;;;;;;
2;RandomForest;101;B3_CD202_IRRIG_REPROD00005.asd;B3;CD202;IRRIG;D02M;manha;D02;IRRIG;IRRIG;0.134;True;;;;;;0.8233937297167799;0.2602852568091888;-1.5246327689414043;-1.5235658054144916;0.8657483906150546;;;;;;;;;;;;;;;;;;;;;;;;;;;;;;;;;;;;;;;;;;;;;;;;;;;;;;;;;;;;;;;;;;;;;;;;;;;
2;RandomForest;102;B3_CD202_IRRIG_REPROD00006.asd;B3;CD202;IRRIG;D02M;manha;D02;IRRIG;IRRIG;0.164;True;;;;;;0.8235184859551301;0.26158557816300054;-1.5263974969684722;-1.5246521294238535;0.866631857730251;;;;;;;;;;;;;;;;;;;;;;;;;;;;;;;;;;;;;;;;;;;;;;;;;;;;;;;;;;;;;;;;;;;;;;;;;;;
2;RandomForest;103;B3_CD202_IRRIG_REPROD00007.asd;B3;CD202;IRRIG;D02M;manha;D02;IRRIG;IRRIG;0.268;True;;;;;;0.8232528739944833;0.26507236649068594;-1.5288675590786371;-1.527545690329322;0.8663018781035882;;;;;;;;;;;;;;;;;;;;;;;;;;;;;;;;;;;;;;;;;;;;;;;;;;;;;;;;;;;;;;;;;;;;;;;;;;;
2;RandomForest;104;B3_CD202_NIRRIG_REPROD00000.asd;B3;CD202;NIRRIG;D02M;manha;D02;NIRRIG;NIRRIG;0.938;True;;;;;;0.8146832645241093;0.09689364087774689;-1.4888248610886838;-1.4923192011744881;0.8484679737931571;;;;;;;;;;;;;;;;;;;;;;;;;;;;;;;;;;;;;;;;;;;;;;;;;;;;;;;;;;;;;;;;;;;;;;;;;;;
2;RandomForest;105;B3_CD202_NIRRIG_REPROD00001.asd;B3;CD202;NIRRIG;D02M;manha;D02;NIRRIG;NIRRIG;0.964;True;;;;;;0.8145291657364783;0.09277487235954378;-1.488137516720009;-1.4909558700654988;0.8480790970128051;;;;;;;;;;;;;;;;;;;;;;;;;;;;;;;;;;;;;;;;;;;;;;;;;;;;;;;;;;;;;;;;;;;;;;;;;;;
2;RandomForest;106;B3_CD202_NIRRIG_REPROD00002.asd;B3;CD202;NIRRIG;D02M;manha;D02;NIRRIG;NIRRIG;0.924;True;;;;;;0.8148487088376252;0.08915665289391723;-1.4856460343796565;-1.4892411454136083;0.8474279124423207;;;;;;;;;;;;;;;;;;;;;;;;;;;;;;;;;;;;;;;;;;;;;;;;;;;;;;;;;;;;;;;;;;;;;;;;;;;
2;RandomForest;107;B3_CD202_NIRRIG_REPROD00003.asd;B3;CD202;NIRRIG;D02M;manha;D02;NIRRIG;NIRRIG;0.99;True;;;;;;0.8122420129221996;0.09147756944953597;-1.4872069897118898;-1.4902074659014315;0.8464361660613677;;;;;;;;;;;;;;;;;;;;;;;;;;;;;;;;;;;;;;;;;;;;;;;;;;;;;;;;;;;;;;;;;;;;;;;;;;;
2;RandomForest;108;B3_CD202_NIRRIG_REPROD00004.asd;B3;CD202;NIRRIG;D02M;manha;D02;NIRRIG;IRRIG;0.022;False;;;;;;0.8257573652364908;0.04030493752316716;-1.4989891533242172;-1.4997170894097451;0.8622289792044816;;;;;;;;;;;;;;;;;;;;;;;;;;;;;;;;;;;;;;;;;;;;;;;;;;;;;;;;;;;;;;;;;;;;;;;;;;;
2;RandomForest;109;B3_CD202_NIRRIG_REPROD00005.asd;B3;CD202;NIRRIG;D02M;manha;D02;NIRRIG;IRRIG;0.016;False;;;;;;0.8255604671881565;0.037026165071541536;-1.497372746207192;-1.4973566696770215;0.8606961429191309;;;;;;;;;;;;;;;;;;;;;;;;;;;;;;;;;;;;;;;;;;;;;;;;;;;;;;;;;;;;;;;;;;;;;;;;;;;
2;RandomForest;110;B3_CD202_NIRRIG_REPROD00006.asd;B3;CD202;NIRRIG;D02M;manha;D02;NIRRIG;IRRIG;0.024;False;;;;;;0.8227733531156537;0.040284681959474336;-1.4981171355160665;-1.4990077294559636;0.8583212346099288;;;;;;;;;;;;;;;;;;;;;;;;;;;;;;;;;;;;;;;;;;;;;;;;;;;;;;;;;;;;;;;;;;;;;;;;;;;
2;RandomForest;111;B3_CD202_NIRRIG_REPROD00007.asd;B3;CD202;NIRRIG;D02M;manha;D02;NIRRIG;IRRIG;0.016;False;;;;;;0.8222623785238726;0.03670989590392909;-1.497050355538013;-1.497275789515343;0.8582759079314091;;;;;;;;;;;;;;;;;;;;;;;;;;;;;;;;;;;;;;;;;;;;;;;;;;;;;;;;;;;;;;;;;;;;;;;;;;;
3;PLS-DA;80;B2_CD202_IRRIG_REPROD00000.asd;B2;CD202;IRRIG;D02M;manha;D02;IRRIG;IRRIG;0.4365635664650756;True;;;;;;0.8484802752673559;0.0019427564457929751;-1.5064282262297946;-1.503114626021356;0.8867480449441995;;;;;;;;;;;;;;;;;;;;;;;;;;;;;;;;;;;;;;;;;;;;;;;;;;;;;;;;;;;;;;;;;;;;;;;;;;;
3;PLS-DA;81;B2_CD202_IRRIG_REPROD00001.asd;B2;CD202;IRRIG;D02M;manha;D02;IRRIG;IRRIG;0.43852103363591904;True;;;;;;0.8478233506581511;0.004997749338100706;-1.5086014960482568;-1.5056734918354224;0.8857224531590971;;;;;;;;;;;;;;;;;;;;;;;;;;;;;;;;;;;;;;;;;;;;;;;;;;;;;;;;;;;;;;;;;;;;;;;;;;;
3;PLS-DA;82;B2_CD202_IRRIG_REPROD00002.asd;B2;CD202;IRRIG;D02M;manha;D02;IRRIG;IRRIG;0.43724771159750647;True;;;;;;0.8476393884467007;0.007484571811977626;-1.5090817147719204;-1.5057129335859192;0.8856405088060731;;;;;;;;;;;;;;;;;;;;;;;;;;;;;;;;;;;;;;;;;;;;;;;;;;;;;;;;;;;;;;;;;;;;;;;;;;;
3;PLS-DA;83;B2_CD202_IRRIG_REPROD00003.asd;B2;CD202;IRRIG;D02M;manha;D02;IRRIG;IRRIG;0.436079120634434;True;;;;;;0.8469373811607954;0.012400146395291753;-1.5109227280451791;-1.5073627538597147;0.8850689956120773;;;;;;;;;;;;;;;;;;;;;;;;;;;;;;;;;;;;;;;;;;;;;;;;;;;;;;;;;;;;;;;;;;;;;;;;;;;
3;PLS-DA;84;B2_CD202_IRRIG_REPROD00004.asd;B2;CD202;IRRIG;D02M;manha;D02;IRRIG;NIRRIG;0.5169295915914405;False;;;;;;0.8065199183966618;0.19798768560205582;-1.4745321849115391;-1.4753710208347177;0.8549926486000323;;;;;;;;;;;;;;;;;;;;;;;;;;;;;;;;;;;;;;;;;;;;;;;;;;;;;;;;;;;;;;;;;;;;;;;;;;;
3;PLS-DA;85;B2_CD202_IRRIG_REPROD00005.asd;B2;CD202;IRRIG;D02M;manha;D02;IRRIG;NIRRIG;0.524567361440372;False;;;;;;0.8037534804815227;0.2011272506708881;-1.4744890903023182;-1.4752029451504962;0.8531834900985158;;;;;;;;;;;;;;;;;;;;;;;;;;;;;;;;;;;;;;;;;;;;;;;;;;;;;;;;;;;;;;;;;;;;;;;;;;;
3;PLS-DA;86;B2_CD202_IRRIG_REPROD00006.asd;B2;CD202;IRRIG;D02M;manha;D02;IRRIG;NIRRIG;0.5244360654799036;False;;;;;;0.8034629758023213;0.20248407652886483;-1.4748877054886178;-1.4746333217099543;0.8530256084608597;;;;;;;;;;;;;;;;;;;;;;;;;;;;;;;;;;;;;;;;;;;;;;;;;;;;;;;;;;;;;;;;;;;;;;;;;;;
3;PLS-DA;87;B2_CD202_IRRIG_REPROD00007.asd;B2;CD202;IRRIG;D02M;manha;D02;IRRIG;NIRRIG;0.5263870403137365;False;;;;;;0.8030697877867811;0.20435579851504776;-1.4760190958359953;-1.4764770031914347;0.8522791727998541;;;;;;;;;;;;;;;;;;;;;;;;;;;;;;;;;;;;;;;;;;;;;;;;;;;;;;;;;;;;;;;;;;;;;;;;;;;
3;PLS-DA;88;B2_CD202_NIRRIG_REPROD00000.asd;B2;CD202;NIRRIG;D02M;manha;D02;NIRRIG;IRRIG;0.42748539526319806;False;;;;;;0.8300616116024327;0.07699672986186261;-1.5271169979026236;-1.5256297420408145;0.877092027209638;;;;;;;;;;;;;;;;;;;;;;;;;;;;;;;;;;;;;;;;;;;;;;;;;;;;;;;;;;;;;;;;;;;;;;;;;;;
3;PLS-DA;89;B2_CD202_NIRRIG_REPROD00001.asd;B2;CD202;NIRRIG;D02M;manha;D02;NIRRIG;IRRIG;0.4255196262200891;False;;;;;;0.8336998283093239;0.07137123843488756;-1.5270806139171171;-1.5257993793711817;0.8781585680091265;;;;;;;;;;;;;;;;;;;;;;;;;;;;;;;;;;;;;;;;;;;;;;;;;;;;;;;;;;;;;;;;;;;;;;;;;;;
3;PLS-DA;90;B2_CD202_NIRRIG_REPROD00002.asd;B2;CD202;NIRRIG;D02M;manha;D02;NIRRIG;IRRIG;0.42462934437715355;False;;;;;;0.8334860660813619;0.07248364334877154;-1.5286217291543085;-1.5267037190215493;0.8779967432820425;;;;;;;;;;;;;;;;;;;;;;;;;;;;;;;;;;;;;;;;;;;;;;;;;;;;;;;;;;;;;;;;;;;;;;;;;;;
3;PLS-DA;91;B2_CD202_NIRRIG_REPROD00003.asd;B2;CD202;NIRRIG;D02M;manha;D02;NIRRIG;IRRIG;0.42125162043786696;False;;;;;;0.8336095412566702;0.07371909530408326;-1.5299678061898074;-1.5284323383827574;0.8783041416508844;;;;;;;;;;;;;;;;;;;;;;;;;;;;;;;;;;;;;;;;;;;;;;;;;;;;;;;;;;;;;;;;;;;;;;;;;;;
3;PLS-DA;92;B2_CD202_NIRRIG_REPROD00004.asd;B2;CD202;NIRRIG;D02M;manha;D02;NIRRIG;NIRRIG;0.5639097557775417;True;;;;;;0.8027726979974318;0.17044460613551388;-1.475412229058823;-1.4779551990286317;0.8488270277185135;;;;;;;;;;;;;;;;;;;;;;;;;;;;;;;;;;;;;;;;;;;;;;;;;;;;;;;;;;;;;;;;;;;;;;;;;;;
3;PLS-DA;93;B2_CD202_NIRRIG_REPROD00005.asd;B2;CD202;NIRRIG;D02M;manha;D02;NIRRIG;NIRRIG;0.5694439314169026;True;;;;;;0.8017081311524611;0.16885765038151831;-1.4759250500660368;-1.4787246076005331;0.8478383377379863;;;;;;;;;;;;;;;;;;;;;;;;;;;;;;;;;;;;;;;;;;;;;;;;;;;;;;;;;;;;;;;;;;;;;;;;;;;
3;PLS-DA;94;B2_CD202_NIRRIG_REPROD00006.asd;B2;CD202;NIRRIG;D02M;manha;D02;NIRRIG;NIRRIG;0.571370171506981;True;;;;;;0.8032123380072931;0.16404968087938396;-1.4785127630687245;-1.481260201528679;0.8476450062183776;;;;;;;;;;;;;;;;;;;;;;;;;;;;;;;;;;;;;;;;;;;;;;;;;;;;;;;;;;;;;;;;;;;;;;;;;;;
3;PLS-DA;95;B2_CD202_NIRRIG_REPROD00007.asd;B2;CD202;NIRRIG;D02M;manha;D02;NIRRIG;NIRRIG;0.5738428843959218;True;;;;;;0.8034650792365239;0.16039175753381252;-1.4786446137156242;-1.4814144413250663;0.8475443999402484;;;;;;;;;;;;;;;;;;;;;;;;;;;;;;;;;;;;;;;;;;;;;;;;;;;;;;;;;;;;;;;;;;;;;;;;;;;
3;RandomForest;80;B2_CD202_IRRIG_REPROD00000.asd;B2;CD202;IRRIG;D02M;manha;D02;IRRIG;IRRIG;0.274;True;;;;;;0.8484802752673559;0.0019427564457929751;-1.5064282262297946;-1.503114626021356;0.8867480449441995;;;;;;;;;;;;;;;;;;;;;;;;;;;;;;;;;;;;;;;;;;;;;;;;;;;;;;;;;;;;;;;;;;;;;;;;;;;
3;RandomForest;81;B2_CD202_IRRIG_REPROD00001.asd;B2;CD202;IRRIG;D02M;manha;D02;IRRIG;IRRIG;0.272;True;;;;;;0.8478233506581511;0.004997749338100706;-1.5086014960482568;-1.5056734918354224;0.8857224531590971;;;;;;;;;;;;;;;;;;;;;;;;;;;;;;;;;;;;;;;;;;;;;;;;;;;;;;;;;;;;;;;;;;;;;;;;;;;
3;RandomForest;82;B2_CD202_IRRIG_REPROD00002.asd;B2;CD202;IRRIG;D02M;manha;D02;IRRIG;IRRIG;0.272;True;;;;;;0.8476393884467007;0.007484571811977626;-1.5090817147719204;-1.5057129335859192;0.8856405088060731;;;;;;;;;;;;;;;;;;;;;;;;;;;;;;;;;;;;;;;;;;;;;;;;;;;;;;;;;;;;;;;;;;;;;;;;;;;
3;RandomForest;83;B2_CD202_IRRIG_REPROD00003.asd;B2;CD202;IRRIG;D02M;manha;D02;IRRIG;IRRIG;0.272;True;;;;;;0.8469373811607954;0.012400146395291753;-1.5109227280451791;-1.5073627538597147;0.8850689956120773;;;;;;;;;;;;;;;;;;;;;;;;;;;;;;;;;;;;;;;;;;;;;;;;;;;;;;;;;;;;;;;;;;;;;;;;;;;
3;RandomForest;84;B2_CD202_IRRIG_REPROD00004.asd;B2;CD202;IRRIG;D02M;manha;D02;IRRIG;NIRRIG;0.92;False;;;;;;0.8065199183966618;0.19798768560205582;-1.4745321849115391;-1.4753710208347177;0.8549926486000323;;;;;;;;;;;;;;;;;;;;;;;;;;;;;;;;;;;;;;;;;;;;;;;;;;;;;;;;;;;;;;;;;;;;;;;;;;;
3;RandomForest;85;B2_CD202_IRRIG_REPROD00005.asd;B2;CD202;IRRIG;D02M;manha;D02;IRRIG;NIRRIG;0.842;False;;;;;;0.8037534804815227;0.2011272506708881;-1.4744890903023182;-1.4752029451504962;0.8531834900985158;;;;;;;;;;;;;;;;;;;;;;;;;;;;;;;;;;;;;;;;;;;;;;;;;;;;;;;;;;;;;;;;;;;;;;;;;;;
3;RandomForest;86;B2_CD202_IRRIG_REPROD00006.asd;B2;CD202;IRRIG;D02M;manha;D02;IRRIG;NIRRIG;0.8;False;;;;;;0.8034629758023213;0.20248407652886483;-1.4748877054886178;-1.4746333217099543;0.8530256084608597;;;;;;;;;;;;;;;;;;;;;;;;;;;;;;;;;;;;;;;;;;;;;;;;;;;;;;;;;;;;;;;;;;;;;;;;;;;
3;RandomForest;87;B2_CD202_IRRIG_REPROD00007.asd;B2;CD202;IRRIG;D02M;manha;D02;IRRIG;NIRRIG;0.8;False;;;;;;0.8030697877867811;0.20435579851504776;-1.4760190958359953;-1.4764770031914347;0.8522791727998541;;;;;;;;;;;;;;;;;;;;;;;;;;;;;;;;;;;;;;;;;;;;;;;;;;;;;;;;;;;;;;;;;;;;;;;;;;;
3;RandomForest;88;B2_CD202_NIRRIG_REPROD00000.asd;B2;CD202;NIRRIG;D02M;manha;D02;NIRRIG;IRRIG;0.002;False;;;;;;0.8300616116024327;0.07699672986186261;-1.5271169979026236;-1.5256297420408145;0.877092027209638;;;;;;;;;;;;;;;;;;;;;;;;;;;;;;;;;;;;;;;;;;;;;;;;;;;;;;;;;;;;;;;;;;;;;;;;;;;
3;RandomForest;89;B2_CD202_NIRRIG_REPROD00001.asd;B2;CD202;NIRRIG;D02M;manha;D02;NIRRIG;IRRIG;0.004;False;;;;;;0.8336998283093239;0.07137123843488756;-1.5270806139171171;-1.5257993793711817;0.8781585680091265;;;;;;;;;;;;;;;;;;;;;;;;;;;;;;;;;;;;;;;;;;;;;;;;;;;;;;;;;;;;;;;;;;;;;;;;;;;
3;RandomForest;90;B2_CD202_NIRRIG_REPROD00002.asd;B2;CD202;NIRRIG;D02M;manha;D02;NIRRIG;IRRIG;0.004;False;;;;;;0.8334860660813619;0.07248364334877154;-1.5286217291543085;-1.5267037190215493;0.8779967432820425;;;;;;;;;;;;;;;;;;;;;;;;;;;;;;;;;;;;;;;;;;;;;;;;;;;;;;;;;;;;;;;;;;;;;;;;;;;
3;RandomForest;91;B2_CD202_NIRRIG_REPROD00003.asd;B2;CD202;NIRRIG;D02M;manha;D02;NIRRIG;IRRIG;0.004;False;;;;;;0.8336095412566702;0.07371909530408326;-1.5299678061898074;-1.5284323383827574;0.8783041416508844;;;;;;;;;;;;;;;;;;;;;;;;;;;;;;;;;;;;;;;;;;;;;;;;;;;;;;;;;;;;;;;;;;;;;;;;;;;
3;RandomForest;92;B2_CD202_NIRRIG_REPROD00004.asd;B2;CD202;NIRRIG;D02M;manha;D02;NIRRIG;NIRRIG;0.98;True;;;;;;0.8027726979974318;0.17044460613551388;-1.475412229058823;-1.4779551990286317;0.8488270277185135;;;;;;;;;;;;;;;;;;;;;;;;;;;;;;;;;;;;;;;;;;;;;;;;;;;;;;;;;;;;;;;;;;;;;;;;;;;
3;RandomForest;93;B2_CD202_NIRRIG_REPROD00005.asd;B2;CD202;NIRRIG;D02M;manha;D02;NIRRIG;NIRRIG;0.98;True;;;;;;0.8017081311524611;0.16885765038151831;-1.4759250500660368;-1.4787246076005331;0.8478383377379863;;;;;;;;;;;;;;;;;;;;;;;;;;;;;;;;;;;;;;;;;;;;;;;;;;;;;;;;;;;;;;;;;;;;;;;;;;;
3;RandomForest;94;B2_CD202_NIRRIG_REPROD00006.asd;B2;CD202;NIRRIG;D02M;manha;D02;NIRRIG;NIRRIG;0.974;True;;;;;;0.8032123380072931;0.16404968087938396;-1.4785127630687245;-1.481260201528679;0.8476450062183776;;;;;;;;;;;;;;;;;;;;;;;;;;;;;;;;;;;;;;;;;;;;;;;;;;;;;;;;;;;;;;;;;;;;;;;;;;;
3;RandomForest;95;B2_CD202_NIRRIG_REPROD00007.asd;B2;CD202;NIRRIG;D02M;manha;D02;NIRRIG;NIRRIG;0.968;True;;;;;;0.8034650792365239;0.16039175753381252;-1.4786446137156242;-1.4814144413250663;0.8475443999402484;;;;;;;;;;;;;;;;;;;;;;;;;;;;;;;;;;;;;;;;;;;;;;;;;;;;;;;;;;;;;;;;;;;;;;;;;;;
4;PLS-DA;64;B1_CD202_IRRIG_REPROD00000.asd;B1;CD202;IRRIG;D02M;manha;D02;IRRIG;IRRIG;0.4416615473428517;True;;;;;;0.8089943113898066;0.2191301597564747;-1.498156040620138;-1.500764007525777;0.8599175345087674;;;;;;;;;;;;;;;;;;;;;;;;;;;;;;;;;;;;;;;;;;;;;;;;;;;;;;;;;;;;;;;;;;;;;;;;;;;
4;PLS-DA;65;B1_CD202_IRRIG_REPROD00001.asd;B1;CD202;IRRIG;D02M;manha;D02;IRRIG;IRRIG;0.4426668323307051;True;;;;;;0.8084877525000606;0.2214551706938016;-1.4991019748336447;-1.5015364733751235;0.859651618376299;;;;;;;;;;;;;;;;;;;;;;;;;;;;;;;;;;;;;;;;;;;;;;;;;;;;;;;;;;;;;;;;;;;;;;;;;;;
4;PLS-DA;66;B1_CD202_IRRIG_REPROD00002.asd;B1;CD202;IRRIG;D02M;manha;D02;IRRIG;IRRIG;0.4534968702944172;True;;;;;;0.8054185587595488;0.21719090324222642;-1.4975242429759366;-1.5001105940189445;0.8591408409468032;;;;;;;;;;;;;;;;;;;;;;;;;;;;;;;;;;;;;;;;;;;;;;;;;;;;;;;;;;;;;;;;;;;;;;;;;;;
4;PLS-DA;67;B1_CD202_IRRIG_REPROD00003.asd;B1;CD202;IRRIG;D02M;manha;D02;IRRIG;IRRIG;0.46256888869005985;True;;;;;;0.8047638648010172;0.2138782296864712;-1.4994146992491453;-1.5015724768581609;0.8586860182909958;;;;;;;;;;;;;;;;;;;;;;;;;;;;;;;;;;;;;;;;;;;;;;;;;;;;;;;;;;;;;;;;;;;;;;;;;;;
4;PLS-DA;68;B1_CD202_IRRIG_REPROD00004.asd;B1;CD202;IRRIG;D02M;manha;D02;IRRIG;IRRIG;0.46644304481209115;True;;;;;;0.8180094488431057;0.14004698802845794;-1.4829805361378123;-1.4840521494759018;0.8631620206116484;;;;;;;;;;;;;;;;;;;;;;;;;;;;;;;;;;;;;;;;;;;;;;;;;;;;;;;;;;;;;;;;;;;;;;;;;;;
4;PLS-DA;69;B1_CD202_IRRIG_REPROD00005.asd;B1;CD202;IRRIG;D02M;manha;D02;IRRIG;IRRIG;0.4683482445089431;True;;;;;;0.8177811797425791;0.1384155056220432;-1.4819742603676436;-1.4833369701906796;0.8629740945377692;;;;;;;;;;;;;;;;;;;;;;;;;;;;;;;;;;;;;;;;;;;;;;;;;;;;;;;;;;;;;;;;;;;;;;;;;;;
4;PLS-DA;70;B1_CD202_IRRIG_REPROD00006.asd;B1;CD202;IRRIG;D02M;manha;D02;IRRIG;IRRIG;0.4786584041513212;True;;;;;;0.8156456199380789;0.14547906171674552;-1.4852544844844497;-1.486419626635421;0.8610774872640472;;;;;;;;;;;;;;;;;;;;;;;;;;;;;;;;;;;;;;;;;;;;;;;;;;;;;;;;;;;;;;;;;;;;;;;;;;;
4;PLS-DA;71;B1_CD202_IRRIG_REPROD00007.asd;B1;CD202;IRRIG;D02M;manha;D02;IRRIG;IRRIG;0.4741041019230649;True;;;;;;0.8169383780253514;0.14217382029076095;-1.485808472301136;-1.4869278218070416;0.8623963112908593;;;;;;;;;;;;;;;;;;;;;;;;;;;;;;;;;;;;;;;;;;;;;;;;;;;;;;;;;;;;;;;;;;;;;;;;;;;
4;PLS-DA;72;B1_CD202_NIRRIG_REPROD00000.asd;B1;CD202;NIRRIG;D02M;manha;D02;NIRRIG;NIRRIG;0.6397494882632017;True;;;;;;0.8136249254413941;0.04061522009852814;-1.4803049665581316;-1.4835123701347983;0.8488995875630245;;;;;;;;;;;;;;;;;;;;;;;;;;;;;;;;;;;;;;;;;;;;;;;;;;;;;;;;;;;;;;;;;;;;;;;;;;;
4;PLS-DA;73;B1_CD202_NIRRIG_REPROD00001.asd;B1;CD202;NIRRIG;D02M;manha;D02;NIRRIG;NIRRIG;0.6510512629675245;True;;;;;;0.8113391273040941;0.04389953121583008;-1.482409183170548;-1.4851287471555286;0.8470423477512997;;;;;;;;;;;;;;;;;;;;;;;;;;;;;;;;;;;;;;;;;;;;;;;;;;;;;;;;;;;;;;;;;;;;;;;;;;;
4;PLS-DA;74;B1_CD202_NIRRIG_REPROD00002.asd;B1;CD202;NIRRIG;D02M;manha;D02;NIRRIG;NIRRIG;0.6536206564272844;True;;;;;;0.8094770821398634;0.04751499506173236;-1.4824502653612337;-1.485297626210938;0.8464844329473041;;;;;;;;;;;;;;;;;;;;;;;;;;;;;;;;;;;;;;;;;;;;;;;;;;;;;;;;;;;;;;;;;;;;;;;;;;;
4;PLS-DA;75;B1_CD202_NIRRIG_REPROD00003.asd;B1;CD202;NIRRIG;D02M;manha;D02;NIRRIG;NIRRIG;0.6622968344588974;True;;;;;;0.8085374155622499;0.04676891274735366;-1.4826532945108322;-1.4857473901291522;0.8451131102535382;;;;;;;;;;;;;;;;;;;;;;;;;;;;;;;;;;;;;;;;;;;;;;;;;;;;;;;;;;;;;;;;;;;;;;;;;;;
4;PLS-DA;76;B1_CD202_NIRRIG_REPROD00004.asd;B1;CD202;NIRRIG;D02M;manha;D02;NIRRIG;IRRIG;0.42019926661054774;False;;;;;;0.8136757424317357;0.1853353701217738;-1.474125680399042;-1.4759750193071122;0.8624383104945608;;;;;;;;;;;;;;;;;;;;;;;;;;;;;;;;;;;;;;;;;;;;;;;;;;;;;;;;;;;;;;;;;;;;;;;;;;;
4;PLS-DA;77;B1_CD202_NIRRIG_REPROD00005.asd;B1;CD202;NIRRIG;D02M;manha;D02;NIRRIG;IRRIG;0.4182946874780539;False;;;;;;0.8143451845835873;0.18318763170678906;-1.4744319806232047;-1.4763203078435634;0.8631529946620088;;;;;;;;;;;;;;;;;;;;;;;;;;;;;;;;;;;;;;;;;;;;;;;;;;;;;;;;;;;;;;;;;;;;;;;;;;;
4;PLS-DA;78;B1_CD202_NIRRIG_REPROD00006.asd;B1;CD202;NIRRIG;D02M;manha;D02;NIRRIG;IRRIG;0.4187625150494734;False;;;;;;0.8151398984165934;0.18070271022542234;-1.4761602029636722;-1.4778513554629715;0.8637488972088508;;;;;;;;;;;;;;;;;;;;;;;;;;;;;;;;;;;;;;;;;;;;;;;;;;;;;;;;;;;;;;;;;;;;;;;;;;;
4;PLS-DA;79;B1_CD202_NIRRIG_REPROD00007.asd;B1;CD202;NIRRIG;D02M;manha;D02;NIRRIG;IRRIG;0.4194119393444119;False;;;;;;0.8163202497713272;0.1759121136150065;-1.4770471558400884;-1.478867091753183;0.8644710045648968;;;;;;;;;;;;;;;;;;;;;;;;;;;;;;;;;;;;;;;;;;;;;;;;;;;;;;;;;;;;;;;;;;;;;;;;;;;
4;RandomForest;64;B1_CD202_IRRIG_REPROD00000.asd;B1;CD202;IRRIG;D02M;manha;D02;IRRIG;IRRIG;0.33;True;;;;;;0.8089943113898066;0.2191301597564747;-1.498156040620138;-1.500764007525777;0.8599175345087674;;;;;;;;;;;;;;;;;;;;;;;;;;;;;;;;;;;;;;;;;;;;;;;;;;;;;;;;;;;;;;;;;;;;;;;;;;;
4;RandomForest;65;B1_CD202_IRRIG_REPROD00001.asd;B1;CD202;IRRIG;D02M;manha;D02;IRRIG;IRRIG;0.304;True;;;;;;0.8084877525000606;0.2214551706938016;-1.4991019748336447;-1.5015364733751235;0.859651618376299;;;;;;;;;;;;;;;;;;;;;;;;;;;;;;;;;;;;;;;;;;;;;;;;;;;;;;;;;;;;;;;;;;;;;;;;;;;
4;RandomForest;66;B1_CD202_IRRIG_REPROD00002.asd;B1;CD202;IRRIG;D02M;manha;D02;IRRIG;IRRIG;0.324;True;;;;;;0.8054185587595488;0.21719090324222642;-1.4975242429759366;-1.5001105940189445;0.8591408409468032;;;;;;;;;;;;;;;;;;;;;;;;;;;;;;;;;;;;;;;;;;;;;;;;;;;;;;;;;;;;;;;;;;;;;;;;;;;
4;RandomForest;67;B1_CD202_IRRIG_REPROD00003.asd;B1;CD202;IRRIG;D02M;manha;D02;IRRIG;IRRIG;0.244;True;;;;;;0.8047638648010172;0.2138782296864712;-1.4994146992491453;-1.5015724768581609;0.8586860182909958;;;;;;;;;;;;;;;;;;;;;;;;;;;;;;;;;;;;;;;;;;;;;;;;;;;;;;;;;;;;;;;;;;;;;;;;;;;
4;RandomForest;68;B1_CD202_IRRIG_REPROD00004.asd;B1;CD202;IRRIG;D02M;manha;D02;IRRIG;NIRRIG;0.586;False;;;;;;0.8180094488431057;0.14004698802845794;-1.4829805361378123;-1.4840521494759018;0.8631620206116484;;;;;;;;;;;;;;;;;;;;;;;;;;;;;;;;;;;;;;;;;;;;;;;;;;;;;;;;;;;;;;;;;;;;;;;;;;;
4;RandomForest;69;B1_CD202_IRRIG_REPROD00005.asd;B1;CD202;IRRIG;D02M;manha;D02;IRRIG;NIRRIG;0.594;False;;;;;;0.8177811797425791;0.1384155056220432;-1.4819742603676436;-1.4833369701906796;0.8629740945377692;;;;;;;;;;;;;;;;;;;;;;;;;;;;;;;;;;;;;;;;;;;;;;;;;;;;;;;;;;;;;;;;;;;;;;;;;;;
4;RandomForest;70;B1_CD202_IRRIG_REPROD00006.asd;B1;CD202;IRRIG;D02M;manha;D02;IRRIG;NIRRIG;0.668;False;;;;;;0.8156456199380789;0.14547906171674552;-1.4852544844844497;-1.486419626635421;0.8610774872640472;;;;;;;;;;;;;;;;;;;;;;;;;;;;;;;;;;;;;;;;;;;;;;;;;;;;;;;;;;;;;;;;;;;;;;;;;;;
4;RandomForest;71;B1_CD202_IRRIG_REPROD00007.asd;B1;CD202;IRRIG;D02M;manha;D02;IRRIG;NIRRIG;0.63;False;;;;;;0.8169383780253514;0.14217382029076095;-1.485808472301136;-1.4869278218070416;0.8623963112908593;;;;;;;;;;;;;;;;;;;;;;;;;;;;;;;;;;;;;;;;;;;;;;;;;;;;;;;;;;;;;;;;;;;;;;;;;;;
4;RandomForest;72;B1_CD202_NIRRIG_REPROD00000.asd;B1;CD202;NIRRIG;D02M;manha;D02;NIRRIG;NIRRIG;0.98;True;;;;;;0.8136249254413941;0.04061522009852814;-1.4803049665581316;-1.4835123701347983;0.8488995875630245;;;;;;;;;;;;;;;;;;;;;;;;;;;;;;;;;;;;;;;;;;;;;;;;;;;;;;;;;;;;;;;;;;;;;;;;;;;
4;RandomForest;73;B1_CD202_NIRRIG_REPROD00001.asd;B1;CD202;NIRRIG;D02M;manha;D02;NIRRIG;NIRRIG;0.984;True;;;;;;0.8113391273040941;0.04389953121583008;-1.482409183170548;-1.4851287471555286;0.8470423477512997;;;;;;;;;;;;;;;;;;;;;;;;;;;;;;;;;;;;;;;;;;;;;;;;;;;;;;;;;;;;;;;;;;;;;;;;;;;
4;RandomForest;74;B1_CD202_NIRRIG_REPROD00002.asd;B1;CD202;NIRRIG;D02M;manha;D02;NIRRIG;NIRRIG;0.984;True;;;;;;0.8094770821398634;0.04751499506173236;-1.4824502653612337;-1.485297626210938;0.8464844329473041;;;;;;;;;;;;;;;;;;;;;;;;;;;;;;;;;;;;;;;;;;;;;;;;;;;;;;;;;;;;;;;;;;;;;;;;;;;
4;RandomForest;75;B1_CD202_NIRRIG_REPROD00003.asd;B1;CD202;NIRRIG;D02M;manha;D02;NIRRIG;NIRRIG;0.984;True;;;;;;0.8085374155622499;0.04676891274735366;-1.4826532945108322;-1.4857473901291522;0.8451131102535382;;;;;;;;;;;;;;;;;;;;;;;;;;;;;;;;;;;;;;;;;;;;;;;;;;;;;;;;;;;;;;;;;;;;;;;;;;;
4;RandomForest;76;B1_CD202_NIRRIG_REPROD00004.asd;B1;CD202;NIRRIG;D02M;manha;D02;NIRRIG;IRRIG;0.368;False;;;;;;0.8136757424317357;0.1853353701217738;-1.474125680399042;-1.4759750193071122;0.8624383104945608;;;;;;;;;;;;;;;;;;;;;;;;;;;;;;;;;;;;;;;;;;;;;;;;;;;;;;;;;;;;;;;;;;;;;;;;;;;
4;RandomForest;77;B1_CD202_NIRRIG_REPROD00005.asd;B1;CD202;NIRRIG;D02M;manha;D02;NIRRIG;IRRIG;0.388;False;;;;;;0.8143451845835873;0.18318763170678906;-1.4744319806232047;-1.4763203078435634;0.8631529946620088;;;;;;;;;;;;;;;;;;;;;;;;;;;;;;;;;;;;;;;;;;;;;;;;;;;;;;;;;;;;;;;;;;;;;;;;;;;
4;RandomForest;78;B1_CD202_NIRRIG_REPROD00006.asd;B1;CD202;NIRRIG;D02M;manha;D02;NIRRIG;NIRRIG;0.556;True;;;;;;0.8151398984165934;0.18070271022542234;-1.4761602029636722;-1.4778513554629715;0.8637488972088508;;;;;;;;;;;;;;;;;;;;;;;;;;;;;;;;;;;;;;;;;;;;;;;;;;;;;;;;;;;;;;;;;;;;;;;;;;;
4;RandomForest;79;B1_CD202_NIRRIG_REPROD00007.asd;B1;CD202;NIRRIG;D02M;manha;D02;NIRRIG;IRRIG;0.44;False;;;;;;0.8163202497713272;0.1759121136150065;-1.4770471558400884;-1.478867091753183;0.8644710045648968;;;;;;;;;;;;;;;;;;;;;;;;;;;;;;;;;;;;;;;;;;;;;;;;;;;;;;;;;;;;;;;;;;;;;;;;;;;
1;PLS-DA;240;B4_BR16_IRRIG_REPROD00000.asd;B4;BR16;IRRIG;D03M;manha;D03;IRRIG;NIRRIG;0.5019095022162764;False;;;;;;;;;;;0.6961790700287233;0.7858142550115799;0.8187433216133927;0.8709959184872919;0.347505418850372;;;;;;;;;;;;;;;;;;;;;;;;;;;;;;;;;;;;;;;;;;;;;;;;;;;;;;;;;;;;;;;;;;;;;;
1;PLS-DA;241;B4_BR16_IRRIG_REPROD00001.asd;B4;BR16;IRRIG;D03M;manha;D03;IRRIG;NIRRIG;0.5106110183641022;False;;;;;;;;;;;0.6950494709531491;0.7848636587292946;0.8180555783514556;0.8706807467457964;0.3437066216075209;;;;;;;;;;;;;;;;;;;;;;;;;;;;;;;;;;;;;;;;;;;;;;;;;;;;;;;;;;;;;;;;;;;;;;
1;PLS-DA;242;B4_BR16_IRRIG_REPROD00002.asd;B4;BR16;IRRIG;D03M;manha;D03;IRRIG;NIRRIG;0.5065693479464098;False;;;;;;;;;;;0.6957514404652967;0.7851977309292432;0.8184865995525564;0.8712874759560738;0.3422257314790005;;;;;;;;;;;;;;;;;;;;;;;;;;;;;;;;;;;;;;;;;;;;;;;;;;;;;;;;;;;;;;;;;;;;;;
1;PLS-DA;243;B4_BR16_IRRIG_REPROD00003.asd;B4;BR16;IRRIG;D03M;manha;D03;IRRIG;IRRIG;0.4755661092351207;True;;;;;;;;;;;0.6997824321902268;0.7889741374581875;0.8216674875780948;0.8734192166764192;0.34369666818004513;;;;;;;;;;;;;;;;;;;;;;;;;;;;;;;;;;;;;;;;;;;;;;;;;;;;;;;;;;;;;;;;;;;;;;
1;PLS-DA;244;B4_BR16_IRRIG_REPROD00004.asd;B4;BR16;IRRIG;D03M;manha;D03;IRRIG;NIRRIG;0.6286377707827036;False;;;;;;;;;;;0.6787367068931754;0.7723168661904797;0.806271848065909;0.8606481472775025;0.3324744809801789;;;;;;;;;;;;;;;;;;;;;;;;;;;;;;;;;;;;;;;;;;;;;;;;;;;;;;;;;;;;;;;;;;;;;;
1;PLS-DA;245;B4_BR16_IRRIG_REPROD00005.asd;B4;BR16;IRRIG;D03M;manha;D03;IRRIG;NIRRIG;0.6296433461793998;False;;;;;;;;;;;0.6787159515109645;0.7723270241798087;0.8062603161578032;0.860687720986531;0.32978936643410184;;;;;;;;;;;;;;;;;;;;;;;;;;;;;;;;;;;;;;;;;;;;;;;;;;;;;;;;;;;;;;;;;;;;;;
1;PLS-DA;246;B4_BR16_IRRIG_REPROD00006.asd;B4;BR16;IRRIG;D03M;manha;D03;IRRIG;NIRRIG;0.6168551080205865;False;;;;;;;;;;;0.680282509104991;0.7737774309846849;0.8077644843152114;0.8622099917702849;0.3289640685036507;;;;;;;;;;;;;;;;;;;;;;;;;;;;;;;;;;;;;;;;;;;;;;;;;;;;;;;;;;;;;;;;;;;;;;
1;PLS-DA;247;B4_BR16_IRRIG_REPROD00007.asd;B4;BR16;IRRIG;D03M;manha;D03;IRRIG;NIRRIG;0.6136906683200926;False;;;;;;;;;;;0.6809759270905422;0.7742509972090158;0.8080597441087602;0.8621235003652897;0.3294270149944791;;;;;;;;;;;;;;;;;;;;;;;;;;;;;;;;;;;;;;;;;;;;;;;;;;;;;;;;;;;;;;;;;;;;;;
1;PLS-DA;248;B4_BR16_NIRRIG_REPROD00000.asd;B4;BR16;NIRRIG;D03M;manha;D03;NIRRIG;NIRRIG;0.6133791421397226;True;;;;;;;;;;;0.6929372727806286;0.7727386885809157;0.8020175504808773;0.8482298151429194;0.39212215444709286;;;;;;;;;;;;;;;;;;;;;;;;;;;;;;;;;;;;;;;;;;;;;;;;;;;;;;;;;;;;;;;;;;;;;;
1;PLS-DA;249;B4_BR16_NIRRIG_REPROD00001.asd;B4;BR16;NIRRIG;D03M;manha;D03;NIRRIG;NIRRIG;0.6690096216620224;True;;;;;;;;;;;0.6838894557148855;0.765417812860688;0.79586278651131;0.8463832240845629;0.38198491038223714;;;;;;;;;;;;;;;;;;;;;;;;;;;;;;;;;;;;;;;;;;;;;;;;;;;;;;;;;;;;;;;;;;;;;;
1;PLS-DA;250;B4_BR16_NIRRIG_REPROD00002.asd;B4;BR16;NIRRIG;D03M;manha;D03;NIRRIG;NIRRIG;0.6710975171426671;True;;;;;;;;;;;0.6840730786267999;0.7649071961367193;0.7956090171845293;0.8459460926432677;0.38248564594918166;;;;;;;;;;;;;;;;;;;;;;;;;;;;;;;;;;;;;;;;;;;;;;;;;;;;;;;;;;;;;;;;;;;;;;
1;PLS-DA;251;B4_BR16_NIRRIG_REPROD00003.asd;B4;BR16;NIRRIG;D03M;manha;D03;NIRRIG;NIRRIG;0.6689164090330948;True;;;;;;;;;;;0.6854924654653469;0.7654033689046912;0.795600470564944;0.8447989598817891;0.3846695933419709;;;;;;;;;;;;;;;;;;;;;;;;;;;;;;;;;;;;;;;;;;;;;;;;;;;;;;;;;;;;;;;;;;;;;;
1;PLS-DA;252;B4_BR16_NIRRIG_REPROD00004.asd;B4;BR16;NIRRIG;D03M;manha;D03;NIRRIG;NIRRIG;0.7739167661866845;True;;;;;;;;;;;0.6606637061352709;0.75197870348262;0.7861255399779356;0.8429776565237538;0.3363206662319914;;;;;;;;;;;;;;;;;;;;;;;;;;;;;;;;;;;;;;;;;;;;;;;;;;;;;;;;;;;;;;;;;;;;;;
1;PLS-DA;253;B4_BR16_NIRRIG_REPROD00005.asd;B4;BR16;NIRRIG;D03M;manha;D03;NIRRIG;NIRRIG;0.7710464046900262;True;;;;;;;;;;;0.6614957462723694;0.7526254443617717;0.7864859549279332;0.8427888752925926;0.33696868734889873;;;;;;;;;;;;;;;;;;;;;;;;;;;;;;;;;;;;;;;;;;;;;;;;;;;;;;;;;;;;;;;;;;;;;;
1;PLS-DA;254;B4_BR16_NIRRIG_REPROD00006.asd;B4;BR16;NIRRIG;D03M;manha;D03;NIRRIG;NIRRIG;0.7730175622870531;True;;;;;;;;;;;0.6616154725766975;0.7521158142604317;0.7857433373278542;0.8418879256184546;0.3420321972438057;;;;;;;;;;;;;;;;;;;;;;;;;;;;;;;;;;;;;;;;;;;;;;;;;;;;;;;;;;;;;;;;;;;;;;
1;PLS-DA;255;B4_BR16_NIRRIG_REPROD00007.asd;B4;BR16;NIRRIG;D03M;manha;D03;NIRRIG;NIRRIG;0.7665694673698392;True;;;;;;;;;;;0.6634318424958692;0.7528006735332309;0.7862571532545748;0.8418252431835338;0.3482225764102309;;;;;;;;;;;;;;;;;;;;;;;;;;;;;;;;;;;;;;;;;;;;;;;;;;;;;;;;;;;;;;;;;;;;;;
1;RandomForest;240;B4_BR16_IRRIG_REPROD00000.asd;B4;BR16;IRRIG;D03M;manha;D03;IRRIG;NIRRIG;0.672;False;;;;;;;;;;;0.6961790700287233;0.7858142550115799;0.8187433216133927;0.8709959184872919;0.347505418850372;;;;;;;;;;;;;;;;;;;;;;;;;;;;;;;;;;;;;;;;;;;;;;;;;;;;;;;;;;;;;;;;;;;;;;
1;RandomForest;241;B4_BR16_IRRIG_REPROD00001.asd;B4;BR16;IRRIG;D03M;manha;D03;IRRIG;NIRRIG;0.782;False;;;;;;;;;;;0.6950494709531491;0.7848636587292946;0.8180555783514556;0.8706807467457964;0.3437066216075209;;;;;;;;;;;;;;;;;;;;;;;;;;;;;;;;;;;;;;;;;;;;;;;;;;;;;;;;;;;;;;;;;;;;;;
1;RandomForest;242;B4_BR16_IRRIG_REPROD00002.asd;B4;BR16;IRRIG;D03M;manha;D03;IRRIG;NIRRIG;0.784;False;;;;;;;;;;;0.6957514404652967;0.7851977309292432;0.8184865995525564;0.8712874759560738;0.3422257314790005;;;;;;;;;;;;;;;;;;;;;;;;;;;;;;;;;;;;;;;;;;;;;;;;;;;;;;;;;;;;;;;;;;;;;;
1;RandomForest;243;B4_BR16_IRRIG_REPROD00003.asd;B4;BR16;IRRIG;D03M;manha;D03;IRRIG;IRRIG;0.438;True;;;;;;;;;;;0.6997824321902268;0.7889741374581875;0.8216674875780948;0.8734192166764192;0.34369666818004513;;;;;;;;;;;;;;;;;;;;;;;;;;;;;;;;;;;;;;;;;;;;;;;;;;;;;;;;;;;;;;;;;;;;;;
1;RandomForest;244;B4_BR16_IRRIG_REPROD00004.asd;B4;BR16;IRRIG;D03M;manha;D03;IRRIG;NIRRIG;0.99;False;;;;;;;;;;;0.6787367068931754;0.7723168661904797;0.806271848065909;0.8606481472775025;0.3324744809801789;;;;;;;;;;;;;;;;;;;;;;;;;;;;;;;;;;;;;;;;;;;;;;;;;;;;;;;;;;;;;;;;;;;;;;
1;RandomForest;245;B4_BR16_IRRIG_REPROD00005.asd;B4;BR16;IRRIG;D03M;manha;D03;IRRIG;NIRRIG;0.99;False;;;;;;;;;;;0.6787159515109645;0.7723270241798087;0.8062603161578032;0.860687720986531;0.32978936643410184;;;;;;;;;;;;;;;;;;;;;;;;;;;;;;;;;;;;;;;;;;;;;;;;;;;;;;;;;;;;;;;;;;;;;;
1;RandomForest;246;B4_BR16_IRRIG_REPROD00006.asd;B4;BR16;IRRIG;D03M;manha;D03;IRRIG;NIRRIG;0.978;False;;;;;;;;;;;0.680282509104991;0.7737774309846849;0.8077644843152114;0.8622099917702849;0.3289640685036507;;;;;;;;;;;;;;;;;;;;;;;;;;;;;;;;;;;;;;;;;;;;;;;;;;;;;;;;;;;;;;;;;;;;;;
1;RandomForest;247;B4_BR16_IRRIG_REPROD00007.asd;B4;BR16;IRRIG;D03M;manha;D03;IRRIG;NIRRIG;0.978;False;;;;;;;;;;;0.6809759270905422;0.7742509972090158;0.8080597441087602;0.8621235003652897;0.3294270149944791;;;;;;;;;;;;;;;;;;;;;;;;;;;;;;;;;;;;;;;;;;;;;;;;;;;;;;;;;;;;;;;;;;;;;;
1;RandomForest;248;B4_BR16_NIRRIG_REPROD00000.asd;B4;BR16;NIRRIG;D03M;manha;D03;NIRRIG;NIRRIG;1.0;True;;;;;;;;;;;0.6929372727806286;0.7727386885809157;0.8020175504808773;0.8482298151429194;0.39212215444709286;;;;;;;;;;;;;;;;;;;;;;;;;;;;;;;;;;;;;;;;;;;;;;;;;;;;;;;;;;;;;;;;;;;;;;
1;RandomForest;249;B4_BR16_NIRRIG_REPROD00001.asd;B4;BR16;NIRRIG;D03M;manha;D03;NIRRIG;NIRRIG;1.0;True;;;;;;;;;;;0.6838894557148855;0.765417812860688;0.79586278651131;0.8463832240845629;0.38198491038223714;;;;;;;;;;;;;;;;;;;;;;;;;;;;;;;;;;;;;;;;;;;;;;;;;;;;;;;;;;;;;;;;;;;;;;
1;RandomForest;250;B4_BR16_NIRRIG_REPROD00002.asd;B4;BR16;NIRRIG;D03M;manha;D03;NIRRIG;NIRRIG;1.0;True;;;;;;;;;;;0.6840730786267999;0.7649071961367193;0.7956090171845293;0.8459460926432677;0.38248564594918166;;;;;;;;;;;;;;;;;;;;;;;;;;;;;;;;;;;;;;;;;;;;;;;;;;;;;;;;;;;;;;;;;;;;;;
1;RandomForest;251;B4_BR16_NIRRIG_REPROD00003.asd;B4;BR16;NIRRIG;D03M;manha;D03;NIRRIG;NIRRIG;1.0;True;;;;;;;;;;;0.6854924654653469;0.7654033689046912;0.795600470564944;0.8447989598817891;0.3846695933419709;;;;;;;;;;;;;;;;;;;;;;;;;;;;;;;;;;;;;;;;;;;;;;;;;;;;;;;;;;;;;;;;;;;;;;
1;RandomForest;252;B4_BR16_NIRRIG_REPROD00004.asd;B4;BR16;NIRRIG;D03M;manha;D03;NIRRIG;NIRRIG;1.0;True;;;;;;;;;;;0.6606637061352709;0.75197870348262;0.7861255399779356;0.8429776565237538;0.3363206662319914;;;;;;;;;;;;;;;;;;;;;;;;;;;;;;;;;;;;;;;;;;;;;;;;;;;;;;;;;;;;;;;;;;;;;;
1;RandomForest;253;B4_BR16_NIRRIG_REPROD00005.asd;B4;BR16;NIRRIG;D03M;manha;D03;NIRRIG;NIRRIG;0.998;True;;;;;;;;;;;0.6614957462723694;0.7526254443617717;0.7864859549279332;0.8427888752925926;0.33696868734889873;;;;;;;;;;;;;;;;;;;;;;;;;;;;;;;;;;;;;;;;;;;;;;;;;;;;;;;;;;;;;;;;;;;;;;
1;RandomForest;254;B4_BR16_NIRRIG_REPROD00006.asd;B4;BR16;NIRRIG;D03M;manha;D03;NIRRIG;NIRRIG;0.998;True;;;;;;;;;;;0.6616154725766975;0.7521158142604317;0.7857433373278542;0.8418879256184546;0.3420321972438057;;;;;;;;;;;;;;;;;;;;;;;;;;;;;;;;;;;;;;;;;;;;;;;;;;;;;;;;;;;;;;;;;;;;;;
1;RandomForest;255;B4_BR16_NIRRIG_REPROD00007.asd;B4;BR16;NIRRIG;D03M;manha;D03;NIRRIG;NIRRIG;0.992;True;;;;;;;;;;;0.6634318424958692;0.7528006735332309;0.7862571532545748;0.8418252431835338;0.3482225764102309;;;;;;;;;;;;;;;;;;;;;;;;;;;;;;;;;;;;;;;;;;;;;;;;;;;;;;;;;;;;;;;;;;;;;;
2;PLS-DA;224;B3_BR16_IRRIG_REPROD00000.asd;B3;BR16;IRRIG;D03M;manha;D03;IRRIG;IRRIG;0.3418863931358644;True;;;;;;;;;;;0.7081870754227296;0.803340769145474;0.8356125769050367;0.8814608652817945;0.36269826528448684;;;;;;;;;;;;;;;;;;;;;;;;;;;;;;;;;;;;;;;;;;;;;;;;;;;;;;;;;;;;;;;;;;;;;;
2;PLS-DA;225;B3_BR16_IRRIG_REPROD00001.asd;B3;BR16;IRRIG;D03M;manha;D03;IRRIG;IRRIG;0.35149623924800083;True;;;;;;;;;;;0.7066035700852505;0.8016548364478914;0.8338272149565884;0.8793911749822959;0.36017222505067004;;;;;;;;;;;;;;;;;;;;;;;;;;;;;;;;;;;;;;;;;;;;;;;;;;;;;;;;;;;;;;;;;;;;;;
2;PLS-DA;226;B3_BR16_IRRIG_REPROD00002.asd;B3;BR16;IRRIG;D03M;manha;D03;IRRIG;IRRIG;0.36096641078651115;True;;;;;;;;;;;0.7054468927388624;0.8004117731062078;0.8323279797291503;0.8772120917349794;0.3588032564140641;;;;;;;;;;;;;;;;;;;;;;;;;;;;;;;;;;;;;;;;;;;;;;;;;;;;;;;;;;;;;;;;;;;;;;
2;PLS-DA;227;B3_BR16_IRRIG_REPROD00003.asd;B3;BR16;IRRIG;D03M;manha;D03;IRRIG;IRRIG;0.36602176143599263;True;;;;;;;;;;;0.7039723643182465;0.7988899170971807;0.830928305036968;0.8761920450836385;0.35464664977170773;;;;;;;;;;;;;;;;;;;;;;;;;;;;;;;;;;;;;;;;;;;;;;;;;;;;;;;;;;;;;;;;;;;;;;
2;PLS-DA;228;B3_BR16_IRRIG_REPROD00004.asd;B3;BR16;IRRIG;D03M;manha;D03;IRRIG;IRRIG;0.4477948560303561;True;;;;;;;;;;;0.7052367029356148;0.7924357449691015;0.8214581603812184;0.8621642097751385;0.37735846032453396;;;;;;;;;;;;;;;;;;;;;;;;;;;;;;;;;;;;;;;;;;;;;;;;;;;;;;;;;;;;;;;;;;;;;;
2;PLS-DA;229;B3_BR16_IRRIG_REPROD00005.asd;B3;BR16;IRRIG;D03M;manha;D03;IRRIG;IRRIG;0.42994466387050245;True;;;;;;;;;;;0.7103387872531703;0.7966410470201305;0.8251838280902396;0.864204337174504;0.38195446267098837;;;;;;;;;;;;;;;;;;;;;;;;;;;;;;;;;;;;;;;;;;;;;;;;;;;;;;;;;;;;;;;;;;;;;;
2;PLS-DA;230;B3_BR16_IRRIG_REPROD00006.asd;B3;BR16;IRRIG;D03M;manha;D03;IRRIG;IRRIG;0.4187363393352945;True;;;;;;;;;;;0.7128777254222993;0.7987662167547679;0.8269961510814811;0.8662682331062276;0.38466146755531755;;;;;;;;;;;;;;;;;;;;;;;;;;;;;;;;;;;;;;;;;;;;;;;;;;;;;;;;;;;;;;;;;;;;;;
2;PLS-DA;231;B3_BR16_IRRIG_REPROD00007.asd;B3;BR16;IRRIG;D03M;manha;D03;IRRIG;IRRIG;0.41279709602743087;True;;;;;;;;;;;0.7143729442229719;0.8000915532533595;0.8283308054225971;0.8673892580773885;0.38770255300213485;;;;;;;;;;;;;;;;;;;;;;;;;;;;;;;;;;;;;;;;;;;;;;;;;;;;;;;;;;;;;;;;;;;;;;
2;PLS-DA;232;B3_BR16_NIRRIG_REPROD00000.asd;B3;BR16;NIRRIG;D03M;manha;D03;NIRRIG;NIRRIG;0.5911978596044094;True;;;;;;;;;;;0.693114235562021;0.7738621847352617;0.8014609796269164;0.8396985267830938;0.3887029837165154;;;;;;;;;;;;;;;;;;;;;;;;;;;;;;;;;;;;;;;;;;;;;;;;;;;;;;;;;;;;;;;;;;;;;;
2;PLS-DA;233;B3_BR16_NIRRIG_REPROD00001.asd;B3;BR16;NIRRIG;D03M;manha;D03;NIRRIG;NIRRIG;0.5959818062292301;True;;;;;;;;;;;0.6912697938955793;0.7721131442899507;0.8000136859936643;0.839360181630895;0.38555145443063576;;;;;;;;;;;;;;;;;;;;;;;;;;;;;;;;;;;;;;;;;;;;;;;;;;;;;;;;;;;;;;;;;;;;;;
2;PLS-DA;234;B3_BR16_NIRRIG_REPROD00002.asd;B3;BR16;NIRRIG;D03M;manha;D03;NIRRIG;NIRRIG;0.5995423593915576;True;;;;;;;;;;;0.692878792298208;0.7728788026010641;0.800404611192741;0.8383812684073887;0.39033104747041575;;;;;;;;;;;;;;;;;;;;;;;;;;;;;;;;;;;;;;;;;;;;;;;;;;;;;;;;;;;;;;;;;;;;;;
2;PLS-DA;235;B3_BR16_NIRRIG_REPROD00003.asd;B3;BR16;NIRRIG;D03M;manha;D03;NIRRIG;NIRRIG;0.6002862388050285;True;;;;;;;;;;;0.6959175849497604;0.7745897188093378;0.801138827501207;0.8377365395612905;0.39591499281570636;;;;;;;;;;;;;;;;;;;;;;;;;;;;;;;;;;;;;;;;;;;;;;;;;;;;;;;;;;;;;;;;;;;;;;
2;PLS-DA;236;B3_BR16_NIRRIG_REPROD00004.asd;B3;BR16;NIRRIG;D03M;manha;D03;NIRRIG;IRRIG;0.4596781654499006;False;;;;;;;;;;;0.7037852119468924;0.7895723792882511;0.8181843090602973;0.8580929828831019;0.36274830777534467;;;;;;;;;;;;;;;;;;;;;;;;;;;;;;;;;;;;;;;;;;;;;;;;;;;;;;;;;;;;;;;;;;;;;;
2;PLS-DA;237;B3_BR16_NIRRIG_REPROD00005.asd;B3;BR16;NIRRIG;D03M;manha;D03;NIRRIG;IRRIG;0.4605996700027452;False;;;;;;;;;;;0.7047824128663176;0.7901031681115285;0.8187555482393677;0.8578951964153174;0.36640696597383865;;;;;;;;;;;;;;;;;;;;;;;;;;;;;;;;;;;;;;;;;;;;;;;;;;;;;;;;;;;;;;;;;;;;;;
2;PLS-DA;238;B3_BR16_NIRRIG_REPROD00006.asd;B3;BR16;NIRRIG;D03M;manha;D03;NIRRIG;IRRIG;0.46568979584249254;False;;;;;;;;;;;0.7042931976138687;0.7894084211502456;0.8178076444525074;0.8571763597753747;0.3662920415647321;;;;;;;;;;;;;;;;;;;;;;;;;;;;;;;;;;;;;;;;;;;;;;;;;;;;;;;;;;;;;;;;;;;;;;
2;PLS-DA;239;B3_BR16_NIRRIG_REPROD00007.asd;B3;BR16;NIRRIG;D03M;manha;D03;NIRRIG;IRRIG;0.4642657510481031;False;;;;;;;;;;;0.7048560489003615;0.7895859764292805;0.8181962472411968;0.8575022047954138;0.3672307389852324;;;;;;;;;;;;;;;;;;;;;;;;;;;;;;;;;;;;;;;;;;;;;;;;;;;;;;;;;;;;;;;;;;;;;;
2;RandomForest;224;B3_BR16_IRRIG_REPROD00000.asd;B3;BR16;IRRIG;D03M;manha;D03;IRRIG;IRRIG;0.0;True;;;;;;;;;;;0.7081870754227296;0.803340769145474;0.8356125769050367;0.8814608652817945;0.36269826528448684;;;;;;;;;;;;;;;;;;;;;;;;;;;;;;;;;;;;;;;;;;;;;;;;;;;;;;;;;;;;;;;;;;;;;;
2;RandomForest;225;B3_BR16_IRRIG_REPROD00001.asd;B3;BR16;IRRIG;D03M;manha;D03;IRRIG;IRRIG;0.0;True;;;;;;;;;;;0.7066035700852505;0.8016548364478914;0.8338272149565884;0.8793911749822959;0.36017222505067004;;;;;;;;;;;;;;;;;;;;;;;;;;;;;;;;;;;;;;;;;;;;;;;;;;;;;;;;;;;;;;;;;;;;;;
2;RandomForest;226;B3_BR16_IRRIG_REPROD00002.asd;B3;BR16;IRRIG;D03M;manha;D03;IRRIG;IRRIG;0.0;True;;;;;;;;;;;0.7054468927388624;0.8004117731062078;0.8323279797291503;0.8772120917349794;0.3588032564140641;;;;;;;;;;;;;;;;;;;;;;;;;;;;;;;;;;;;;;;;;;;;;;;;;;;;;;;;;;;;;;;;;;;;;;
2;RandomForest;227;B3_BR16_IRRIG_REPROD00003.asd;B3;BR16;IRRIG;D03M;manha;D03;IRRIG;IRRIG;0.0;True;;;;;;;;;;;0.7039723643182465;0.7988899170971807;0.830928305036968;0.8761920450836385;0.35464664977170773;;;;;;;;;;;;;;;;;;;;;;;;;;;;;;;;;;;;;;;;;;;;;;;;;;;;;;;;;;;;;;;;;;;;;;
2;RandomForest;228;B3_BR16_IRRIG_REPROD00004.asd;B3;BR16;IRRIG;D03M;manha;D03;IRRIG;IRRIG;0.172;True;;;;;;;;;;;0.7052367029356148;0.7924357449691015;0.8214581603812184;0.8621642097751385;0.37735846032453396;;;;;;;;;;;;;;;;;;;;;;;;;;;;;;;;;;;;;;;;;;;;;;;;;;;;;;;;;;;;;;;;;;;;;;
2;RandomForest;229;B3_BR16_IRRIG_REPROD00005.asd;B3;BR16;IRRIG;D03M;manha;D03;IRRIG;IRRIG;0.06;True;;;;;;;;;;;0.7103387872531703;0.7966410470201305;0.8251838280902396;0.864204337174504;0.38195446267098837;;;;;;;;;;;;;;;;;;;;;;;;;;;;;;;;;;;;;;;;;;;;;;;;;;;;;;;;;;;;;;;;;;;;;;
2;RandomForest;230;B3_BR16_IRRIG_REPROD00006.asd;B3;BR16;IRRIG;D03M;manha;D03;IRRIG;IRRIG;0.026;True;;;;;;;;;;;0.7128777254222993;0.7987662167547679;0.8269961510814811;0.8662682331062276;0.38466146755531755;;;;;;;;;;;;;;;;;;;;;;;;;;;;;;;;;;;;;;;;;;;;;;;;;;;;;;;;;;;;;;;;;;;;;;
2;RandomForest;231;B3_BR16_IRRIG_REPROD00007.asd;B3;BR16;IRRIG;D03M;manha;D03;IRRIG;IRRIG;0.056;True;;;;;;;;;;;0.7143729442229719;0.8000915532533595;0.8283308054225971;0.8673892580773885;0.38770255300213485;;;;;;;;;;;;;;;;;;;;;;;;;;;;;;;;;;;;;;;;;;;;;;;;;;;;;;;;;;;;;;;;;;;;;;
2;RandomForest;232;B3_BR16_NIRRIG_REPROD00000.asd;B3;BR16;NIRRIG;D03M;manha;D03;NIRRIG;NIRRIG;0.986;True;;;;;;;;;;;0.693114235562021;0.7738621847352617;0.8014609796269164;0.8396985267830938;0.3887029837165154;;;;;;;;;;;;;;;;;;;;;;;;;;;;;;;;;;;;;;;;;;;;;;;;;;;;;;;;;;;;;;;;;;;;;;
2;RandomForest;233;B3_BR16_NIRRIG_REPROD00001.asd;B3;BR16;NIRRIG;D03M;manha;D03;NIRRIG;NIRRIG;0.988;True;;;;;;;;;;;0.6912697938955793;0.7721131442899507;0.8000136859936643;0.839360181630895;0.38555145443063576;;;;;;;;;;;;;;;;;;;;;;;;;;;;;;;;;;;;;;;;;;;;;;;;;;;;;;;;;;;;;;;;;;;;;;
2;RandomForest;234;B3_BR16_NIRRIG_REPROD00002.asd;B3;BR16;NIRRIG;D03M;manha;D03;NIRRIG;NIRRIG;0.99;True;;;;;;;;;;;0.692878792298208;0.7728788026010641;0.800404611192741;0.8383812684073887;0.39033104747041575;;;;;;;;;;;;;;;;;;;;;;;;;;;;;;;;;;;;;;;;;;;;;;;;;;;;;;;;;;;;;;;;;;;;;;
2;RandomForest;235;B3_BR16_NIRRIG_REPROD00003.asd;B3;BR16;NIRRIG;D03M;manha;D03;NIRRIG;NIRRIG;0.986;True;;;;;;;;;;;0.6959175849497604;0.7745897188093378;0.801138827501207;0.8377365395612905;0.39591499281570636;;;;;;;;;;;;;;;;;;;;;;;;;;;;;;;;;;;;;;;;;;;;;;;;;;;;;;;;;;;;;;;;;;;;;;
2;RandomForest;236;B3_BR16_NIRRIG_REPROD00004.asd;B3;BR16;NIRRIG;D03M;manha;D03;NIRRIG;NIRRIG;0.502;True;;;;;;;;;;;0.7037852119468924;0.7895723792882511;0.8181843090602973;0.8580929828831019;0.36274830777534467;;;;;;;;;;;;;;;;;;;;;;;;;;;;;;;;;;;;;;;;;;;;;;;;;;;;;;;;;;;;;;;;;;;;;;
2;RandomForest;237;B3_BR16_NIRRIG_REPROD00005.asd;B3;BR16;NIRRIG;D03M;manha;D03;NIRRIG;IRRIG;0.498;False;;;;;;;;;;;0.7047824128663176;0.7901031681115285;0.8187555482393677;0.8578951964153174;0.36640696597383865;;;;;;;;;;;;;;;;;;;;;;;;;;;;;;;;;;;;;;;;;;;;;;;;;;;;;;;;;;;;;;;;;;;;;;
2;RandomForest;238;B3_BR16_NIRRIG_REPROD00006.asd;B3;BR16;NIRRIG;D03M;manha;D03;NIRRIG;NIRRIG;0.51;True;;;;;;;;;;;0.7042931976138687;0.7894084211502456;0.8178076444525074;0.8571763597753747;0.3662920415647321;;;;;;;;;;;;;;;;;;;;;;;;;;;;;;;;;;;;;;;;;;;;;;;;;;;;;;;;;;;;;;;;;;;;;;
2;RandomForest;239;B3_BR16_NIRRIG_REPROD00007.asd;B3;BR16;NIRRIG;D03M;manha;D03;NIRRIG;NIRRIG;0.506;True;;;;;;;;;;;0.7048560489003615;0.7895859764292805;0.8181962472411968;0.8575022047954138;0.3672307389852324;;;;;;;;;;;;;;;;;;;;;;;;;;;;;;;;;;;;;;;;;;;;;;;;;;;;;;;;;;;;;;;;;;;;;;
3;PLS-DA;208;B2_BR16_IRRIG_REPROD00000.asd;B2;BR16;IRRIG;D03M;manha;D03;IRRIG;IRRIG;0.4663196279280338;True;;;;;;;;;;;0.7167789552359176;0.7970619865340661;0.8249909248800716;0.8662726376130584;0.40183035169084974;;;;;;;;;;;;;;;;;;;;;;;;;;;;;;;;;;;;;;;;;;;;;;;;;;;;;;;;;;;;;;;;;;;;;;
3;PLS-DA;209;B2_BR16_IRRIG_REPROD00001.asd;B2;BR16;IRRIG;D03M;manha;D03;IRRIG;IRRIG;0.4687346902863074;True;;;;;;;;;;;0.7174319500050861;0.7974665026701622;0.8251966790670981;0.8665767294296437;0.40532859247768205;;;;;;;;;;;;;;;;;;;;;;;;;;;;;;;;;;;;;;;;;;;;;;;;;;;;;;;;;;;;;;;;;;;;;;
3;PLS-DA;210;B2_BR16_IRRIG_REPROD00002.asd;B2;BR16;IRRIG;D03M;manha;D03;IRRIG;IRRIG;0.4676905855592154;True;;;;;;;;;;;0.7153187672911987;0.7958859231142446;0.8240351168432274;0.8663731208057753;0.400295376244905;;;;;;;;;;;;;;;;;;;;;;;;;;;;;;;;;;;;;;;;;;;;;;;;;;;;;;;;;;;;;;;;;;;;;;
3;PLS-DA;211;B2_BR16_IRRIG_REPROD00003.asd;B2;BR16;IRRIG;D03M;manha;D03;IRRIG;IRRIG;0.4754090080150509;True;;;;;;;;;;;0.7148800044134842;0.7955160783126486;0.8235694657582988;0.8659369766756887;0.40439883874645105;;;;;;;;;;;;;;;;;;;;;;;;;;;;;;;;;;;;;;;;;;;;;;;;;;;;;;;;;;;;;;;;;;;;;;
3;PLS-DA;212;B2_BR16_IRRIG_REPROD00004.asd;B2;BR16;IRRIG;D03M;manha;D03;IRRIG;IRRIG;0.4164045664157958;True;;;;;;;;;;;0.7007853522602927;0.7885124936188875;0.8204233059981292;0.8684643721386173;0.34960936558705163;;;;;;;;;;;;;;;;;;;;;;;;;;;;;;;;;;;;;;;;;;;;;;;;;;;;;;;;;;;;;;;;;;;;;;
3;PLS-DA;213;B2_BR16_IRRIG_REPROD00005.asd;B2;BR16;IRRIG;D03M;manha;D03;IRRIG;IRRIG;0.4173182837179438;True;;;;;;;;;;;0.7036606246826459;0.7899412597157902;0.8210378734881026;0.8684116734549294;0.35258376913858575;;;;;;;;;;;;;;;;;;;;;;;;;;;;;;;;;;;;;;;;;;;;;;;;;;;;;;;;;;;;;;;;;;;;;;
3;PLS-DA;214;B2_BR16_IRRIG_REPROD00006.asd;B2;BR16;IRRIG;D03M;manha;D03;IRRIG;IRRIG;0.41285809523054723;True;;;;;;;;;;;0.7081010193374994;0.7933300335960803;0.8235837065675446;0.8691807350535016;0.3586637209379094;;;;;;;;;;;;;;;;;;;;;;;;;;;;;;;;;;;;;;;;;;;;;;;;;;;;;;;;;;;;;;;;;;;;;;
3;PLS-DA;215;B2_BR16_IRRIG_REPROD00007.asd;B2;BR16;IRRIG;D03M;manha;D03;IRRIG;IRRIG;0.4058658418302677;True;;;;;;;;;;;0.7138797262268007;0.7975510187986712;0.8269127875001167;0.87016866578902;0.3652947894598378;;;;;;;;;;;;;;;;;;;;;;;;;;;;;;;;;;;;;;;;;;;;;;;;;;;;;;;;;;;;;;;;;;;;;;
3;PLS-DA;216;B2_BR16_NIRRIG_REPROD00000.asd;B2;BR16;NIRRIG;D03M;manha;D03;NIRRIG;IRRIG;0.4491675202001735;False;;;;;;;;;;;0.682429619176562;0.7775243032854017;0.8105223047050973;0.8582161284288413;0.32403131383705497;;;;;;;;;;;;;;;;;;;;;;;;;;;;;;;;;;;;;;;;;;;;;;;;;;;;;;;;;;;;;;;;;;;;;;
3;PLS-DA;217;B2_BR16_NIRRIG_REPROD00001.asd;B2;BR16;NIRRIG;D03M;manha;D03;NIRRIG;IRRIG;0.41233786854542487;False;;;;;;;;;;;0.6922108248137682;0.7859058899478707;0.8181271257922355;0.8650707620778408;0.3321881384612967;;;;;;;;;;;;;;;;;;;;;;;;;;;;;;;;;;;;;;;;;;;;;;;;;;;;;;;;;;;;;;;;;;;;;;
3;PLS-DA;218;B2_BR16_NIRRIG_REPROD00002.asd;B2;BR16;NIRRIG;D03M;manha;D03;NIRRIG;IRRIG;0.40588680704312075;False;;;;;;;;;;;0.6959066965459728;0.7889339978954286;0.8207497953540626;0.8665739660331545;0.3381852418716142;;;;;;;;;;;;;;;;;;;;;;;;;;;;;;;;;;;;;;;;;;;;;;;;;;;;;;;;;;;;;;;;;;;;;;
3;PLS-DA;219;B2_BR16_NIRRIG_REPROD00003.asd;B2;BR16;NIRRIG;D03M;manha;D03;NIRRIG;IRRIG;0.4055813512893623;False;;;;;;;;;;;0.6975399953034958;0.7901662049048531;0.821769972636954;0.8668714117088738;0.3417219988191708;;;;;;;;;;;;;;;;;;;;;;;;;;;;;;;;;;;;;;;;;;;;;;;;;;;;;;;;;;;;;;;;;;;;;;
3;PLS-DA;220;B2_BR16_NIRRIG_REPROD00004.asd;B2;BR16;NIRRIG;D03M;manha;D03;NIRRIG;NIRRIG;0.6629430489964434;True;;;;;;;;;;;0.6828875159632721;0.7635415815230534;0.7916856369204642;0.8326685686951607;0.39112571835989274;;;;;;;;;;;;;;;;;;;;;;;;;;;;;;;;;;;;;;;;;;;;;;;;;;;;;;;;;;;;;;;;;;;;;;
3;PLS-DA;221;B2_BR16_NIRRIG_REPROD00005.asd;B2;BR16;NIRRIG;D03M;manha;D03;NIRRIG;NIRRIG;0.6669999874386173;True;;;;;;;;;;;0.6833032790756393;0.7633865559356404;0.7915592359924701;0.8318653208607794;0.3923971141242498;;;;;;;;;;;;;;;;;;;;;;;;;;;;;;;;;;;;;;;;;;;;;;;;;;;;;;;;;;;;;;;;;;;;;;
3;PLS-DA;222;B2_BR16_NIRRIG_REPROD00006.asd;B2;BR16;NIRRIG;D03M;manha;D03;NIRRIG;NIRRIG;0.6661146784642802;True;;;;;;;;;;;0.6844849040227954;0.7644158582673815;0.7923463798802216;0.8319723577651904;0.3943236386388179;;;;;;;;;;;;;;;;;;;;;;;;;;;;;;;;;;;;;;;;;;;;;;;;;;;;;;;;;;;;;;;;;;;;;;
3;PLS-DA;223;B2_BR16_NIRRIG_REPROD00007.asd;B2;BR16;NIRRIG;D03M;manha;D03;NIRRIG;NIRRIG;0.6641745402402035;True;;;;;;;;;;;0.6864884972490474;0.765715729756749;0.7933552099509927;0.8324193921184477;0.396678747349956;;;;;;;;;;;;;;;;;;;;;;;;;;;;;;;;;;;;;;;;;;;;;;;;;;;;;;;;;;;;;;;;;;;;;;
3;RandomForest;208;B2_BR16_IRRIG_REPROD00000.asd;B2;BR16;IRRIG;D03M;manha;D03;IRRIG;IRRIG;0.052;True;;;;;;;;;;;0.7167789552359176;0.7970619865340661;0.8249909248800716;0.8662726376130584;0.40183035169084974;;;;;;;;;;;;;;;;;;;;;;;;;;;;;;;;;;;;;;;;;;;;;;;;;;;;;;;;;;;;;;;;;;;;;;
3;RandomForest;209;B2_BR16_IRRIG_REPROD00001.asd;B2;BR16;IRRIG;D03M;manha;D03;IRRIG;IRRIG;0.052;True;;;;;;;;;;;0.7174319500050861;0.7974665026701622;0.8251966790670981;0.8665767294296437;0.40532859247768205;;;;;;;;;;;;;;;;;;;;;;;;;;;;;;;;;;;;;;;;;;;;;;;;;;;;;;;;;;;;;;;;;;;;;;
3;RandomForest;210;B2_BR16_IRRIG_REPROD00002.asd;B2;BR16;IRRIG;D03M;manha;D03;IRRIG;IRRIG;0.054;True;;;;;;;;;;;0.7153187672911987;0.7958859231142446;0.8240351168432274;0.8663731208057753;0.400295376244905;;;;;;;;;;;;;;;;;;;;;;;;;;;;;;;;;;;;;;;;;;;;;;;;;;;;;;;;;;;;;;;;;;;;;;
3;RandomForest;211;B2_BR16_IRRIG_REPROD00003.asd;B2;BR16;IRRIG;D03M;manha;D03;IRRIG;IRRIG;0.054;True;;;;;;;;;;;0.7148800044134842;0.7955160783126486;0.8235694657582988;0.8659369766756887;0.40439883874645105;;;;;;;;;;;;;;;;;;;;;;;;;;;;;;;;;;;;;;;;;;;;;;;;;;;;;;;;;;;;;;;;;;;;;;
3;RandomForest;212;B2_BR16_IRRIG_REPROD00004.asd;B2;BR16;IRRIG;D03M;manha;D03;IRRIG;IRRIG;0.046;True;;;;;;;;;;;0.7007853522602927;0.7885124936188875;0.8204233059981292;0.8684643721386173;0.34960936558705163;;;;;;;;;;;;;;;;;;;;;;;;;;;;;;;;;;;;;;;;;;;;;;;;;;;;;;;;;;;;;;;;;;;;;;
3;RandomForest;213;B2_BR16_IRRIG_REPROD00005.asd;B2;BR16;IRRIG;D03M;manha;D03;IRRIG;IRRIG;0.066;True;;;;;;;;;;;0.7036606246826459;0.7899412597157902;0.8210378734881026;0.8684116734549294;0.35258376913858575;;;;;;;;;;;;;;;;;;;;;;;;;;;;;;;;;;;;;;;;;;;;;;;;;;;;;;;;;;;;;;;;;;;;;;
3;RandomForest;214;B2_BR16_IRRIG_REPROD00006.asd;B2;BR16;IRRIG;D03M;manha;D03;IRRIG;IRRIG;0.002;True;;;;;;;;;;;0.7081010193374994;0.7933300335960803;0.8235837065675446;0.8691807350535016;0.3586637209379094;;;;;;;;;;;;;;;;;;;;;;;;;;;;;;;;;;;;;;;;;;;;;;;;;;;;;;;;;;;;;;;;;;;;;;
3;RandomForest;215;B2_BR16_IRRIG_REPROD00007.asd;B2;BR16;IRRIG;D03M;manha;D03;IRRIG;IRRIG;0.004;True;;;;;;;;;;;0.7138797262268007;0.7975510187986712;0.8269127875001167;0.87016866578902;0.3652947894598378;;;;;;;;;;;;;;;;;;;;;;;;;;;;;;;;;;;;;;;;;;;;;;;;;;;;;;;;;;;;;;;;;;;;;;
3;RandomForest;216;B2_BR16_NIRRIG_REPROD00000.asd;B2;BR16;NIRRIG;D03M;manha;D03;NIRRIG;NIRRIG;0.594;True;;;;;;;;;;;0.682429619176562;0.7775243032854017;0.8105223047050973;0.8582161284288413;0.32403131383705497;;;;;;;;;;;;;;;;;;;;;;;;;;;;;;;;;;;;;;;;;;;;;;;;;;;;;;;;;;;;;;;;;;;;;;
3;RandomForest;217;B2_BR16_NIRRIG_REPROD00001.asd;B2;BR16;NIRRIG;D03M;manha;D03;NIRRIG;IRRIG;0.02;False;;;;;;;;;;;0.6922108248137682;0.7859058899478707;0.8181271257922355;0.8650707620778408;0.3321881384612967;;;;;;;;;;;;;;;;;;;;;;;;;;;;;;;;;;;;;;;;;;;;;;;;;;;;;;;;;;;;;;;;;;;;;;
3;RandomForest;218;B2_BR16_NIRRIG_REPROD00002.asd;B2;BR16;NIRRIG;D03M;manha;D03;NIRRIG;IRRIG;0.01;False;;;;;;;;;;;0.6959066965459728;0.7889339978954286;0.8207497953540626;0.8665739660331545;0.3381852418716142;;;;;;;;;;;;;;;;;;;;;;;;;;;;;;;;;;;;;;;;;;;;;;;;;;;;;;;;;;;;;;;;;;;;;;
3;RandomForest;219;B2_BR16_NIRRIG_REPROD00003.asd;B2;BR16;NIRRIG;D03M;manha;D03;NIRRIG;IRRIG;0.012;False;;;;;;;;;;;0.6975399953034958;0.7901662049048531;0.821769972636954;0.8668714117088738;0.3417219988191708;;;;;;;;;;;;;;;;;;;;;;;;;;;;;;;;;;;;;;;;;;;;;;;;;;;;;;;;;;;;;;;;;;;;;;
3;RandomForest;220;B2_BR16_NIRRIG_REPROD00004.asd;B2;BR16;NIRRIG;D03M;manha;D03;NIRRIG;NIRRIG;1.0;True;;;;;;;;;;;0.6828875159632721;0.7635415815230534;0.7916856369204642;0.8326685686951607;0.39112571835989274;;;;;;;;;;;;;;;;;;;;;;;;;;;;;;;;;;;;;;;;;;;;;;;;;;;;;;;;;;;;;;;;;;;;;;
3;RandomForest;221;B2_BR16_NIRRIG_REPROD00005.asd;B2;BR16;NIRRIG;D03M;manha;D03;NIRRIG;NIRRIG;1.0;True;;;;;;;;;;;0.6833032790756393;0.7633865559356404;0.7915592359924701;0.8318653208607794;0.3923971141242498;;;;;;;;;;;;;;;;;;;;;;;;;;;;;;;;;;;;;;;;;;;;;;;;;;;;;;;;;;;;;;;;;;;;;;
3;RandomForest;222;B2_BR16_NIRRIG_REPROD00006.asd;B2;BR16;NIRRIG;D03M;manha;D03;NIRRIG;NIRRIG;1.0;True;;;;;;;;;;;0.6844849040227954;0.7644158582673815;0.7923463798802216;0.8319723577651904;0.3943236386388179;;;;;;;;;;;;;;;;;;;;;;;;;;;;;;;;;;;;;;;;;;;;;;;;;;;;;;;;;;;;;;;;;;;;;;
3;RandomForest;223;B2_BR16_NIRRIG_REPROD00007.asd;B2;BR16;NIRRIG;D03M;manha;D03;NIRRIG;NIRRIG;1.0;True;;;;;;;;;;;0.6864884972490474;0.765715729756749;0.7933552099509927;0.8324193921184477;0.396678747349956;;;;;;;;;;;;;;;;;;;;;;;;;;;;;;;;;;;;;;;;;;;;;;;;;;;;;;;;;;;;;;;;;;;;;;
4;PLS-DA;192;B1_BR16_IRRIG_REPROD00000.asd;B1;BR16;IRRIG;D03M;manha;D03;IRRIG;IRRIG;0.384287583802779;True;;;;;;;;;;;0.6955811367560119;0.7936587932279497;0.8278265549161693;0.8791662384512001;0.3510899745806574;;;;;;;;;;;;;;;;;;;;;;;;;;;;;;;;;;;;;;;;;;;;;;;;;;;;;;;;;;;;;;;;;;;;;;
4;PLS-DA;193;B1_BR16_IRRIG_REPROD00001.asd;B1;BR16;IRRIG;D03M;manha;D03;IRRIG;IRRIG;0.377485639618303;True;;;;;;;;;;;0.6980270071237757;0.7954909637736958;0.8293427942470559;0.8802367198157425;0.35443096689978026;;;;;;;;;;;;;;;;;;;;;;;;;;;;;;;;;;;;;;;;;;;;;;;;;;;;;;;;;;;;;;;;;;;;;;
4;PLS-DA;194;B1_BR16_IRRIG_REPROD00002.asd;B1;BR16;IRRIG;D03M;manha;D03;IRRIG;IRRIG;0.3619570789786532;True;;;;;;;;;;;0.7022215191811443;0.799081145939373;0.8328598749665134;0.882762885544793;0.3600717104454079;;;;;;;;;;;;;;;;;;;;;;;;;;;;;;;;;;;;;;;;;;;;;;;;;;;;;;;;;;;;;;;;;;;;;;
4;PLS-DA;195;B1_BR16_IRRIG_REPROD00003.asd;B1;BR16;IRRIG;D03M;manha;D03;IRRIG;IRRIG;0.36115249704212543;True;;;;;;;;;;;0.7024237200355432;0.7992964301584182;0.8329364552565239;0.883069035912123;0.36099813570449035;;;;;;;;;;;;;;;;;;;;;;;;;;;;;;;;;;;;;;;;;;;;;;;;;;;;;;;;;;;;;;;;;;;;;;
4;PLS-DA;196;B1_BR16_IRRIG_REPROD00004.asd;B1;BR16;IRRIG;D03M;manha;D03;IRRIG;IRRIG;0.3697533391176467;True;;;;;;;;;;;0.7162953384666204;0.8043018376981151;0.834602847741314;0.8808310794083491;0.38928695281539455;;;;;;;;;;;;;;;;;;;;;;;;;;;;;;;;;;;;;;;;;;;;;;;;;;;;;;;;;;;;;;;;;;;;;;
4;PLS-DA;197;B1_BR16_IRRIG_REPROD00005.asd;B1;BR16;IRRIG;D03M;manha;D03;IRRIG;IRRIG;0.40221331410036704;True;;;;;;;;;;;0.7104342589306188;0.798626870990334;0.8288877137705091;0.8754006268986471;0.3858279998261781;;;;;;;;;;;;;;;;;;;;;;;;;;;;;;;;;;;;;;;;;;;;;;;;;;;;;;;;;;;;;;;;;;;;;;
4;PLS-DA;198;B1_BR16_IRRIG_REPROD00006.asd;B1;BR16;IRRIG;D03M;manha;D03;IRRIG;IRRIG;0.418289207104621;True;;;;;;;;;;;0.708403968912647;0.7960953430398896;0.8261146662625048;0.8725775108223202;0.38427195676922526;;;;;;;;;;;;;;;;;;;;;;;;;;;;;;;;;;;;;;;;;;;;;;;;;;;;;;;;;;;;;;;;;;;;;;
4;PLS-DA;199;B1_BR16_IRRIG_REPROD00007.asd;B1;BR16;IRRIG;D03M;manha;D03;IRRIG;IRRIG;0.43530386128124515;True;;;;;;;;;;;0.7050719659960927;0.7929912505166207;0.8232021613632388;0.869607920836952;0.3807145747133315;;;;;;;;;;;;;;;;;;;;;;;;;;;;;;;;;;;;;;;;;;;;;;;;;;;;;;;;;;;;;;;;;;;;;;
4;PLS-DA;200;B1_BR16_NIRRIG_REPROD00000.asd;B1;BR16;NIRRIG;D03M;manha;D03;NIRRIG;NIRRIG;0.6095441717021706;True;;;;;;;;;;;0.7150004842218741;0.7822614537799957;0.804547095276889;0.8377571974493634;0.4383038656962518;;;;;;;;;;;;;;;;;;;;;;;;;;;;;;;;;;;;;;;;;;;;;;;;;;;;;;;;;;;;;;;;;;;;;;
4;PLS-DA;201;B1_BR16_NIRRIG_REPROD00001.asd;B1;BR16;NIRRIG;D03M;manha;D03;NIRRIG;NIRRIG;0.6113504855410664;True;;;;;;;;;;;0.7148121746232247;0.7816623790792842;0.8039691260256201;0.8376601314389102;0.43805907680623707;;;;;;;;;;;;;;;;;;;;;;;;;;;;;;;;;;;;;;;;;;;;;;;;;;;;;;;;;;;;;;;;;;;;;;
4;PLS-DA;202;B1_BR16_NIRRIG_REPROD00002.asd;B1;BR16;NIRRIG;D03M;manha;D03;NIRRIG;NIRRIG;0.6155539065187889;True;;;;;;;;;;;0.7128537909358449;0.7800434944882991;0.8027236441121706;0.8374332903186997;0.4360856552413982;;;;;;;;;;;;;;;;;;;;;;;;;;;;;;;;;;;;;;;;;;;;;;;;;;;;;;;;;;;;;;;;;;;;;;
4;PLS-DA;203;B1_BR16_NIRRIG_REPROD00003.asd;B1;BR16;NIRRIG;D03M;manha;D03;NIRRIG;NIRRIG;0.6190086583612221;True;;;;;;;;;;;0.7112304409086212;0.7784907756495023;0.8017048065366706;0.8373790283729484;0.43474824357515407;;;;;;;;;;;;;;;;;;;;;;;;;;;;;;;;;;;;;;;;;;;;;;;;;;;;;;;;;;;;;;;;;;;;;;
4;PLS-DA;204;B1_BR16_NIRRIG_REPROD00004.asd;B1;BR16;NIRRIG;D03M;manha;D03;NIRRIG;NIRRIG;0.5890815979108699;True;;;;;;;;;;;0.6997595502891267;0.7748473406803397;0.801370014463437;0.843461263030023;0.3991060292946529;;;;;;;;;;;;;;;;;;;;;;;;;;;;;;;;;;;;;;;;;;;;;;;;;;;;;;;;;;;;;;;;;;;;;;
4;PLS-DA;205;B1_BR16_NIRRIG_REPROD00005.asd;B1;BR16;NIRRIG;D03M;manha;D03;NIRRIG;NIRRIG;0.5832306247643172;True;;;;;;;;;;;0.7050250387420336;0.7778469965992448;0.8035515216163962;0.8437827133818253;0.4067324937367318;;;;;;;;;;;;;;;;;;;;;;;;;;;;;;;;;;;;;;;;;;;;;;;;;;;;;;;;;;;;;;;;;;;;;;
4;PLS-DA;206;B1_BR16_NIRRIG_REPROD00006.asd;B1;BR16;NIRRIG;D03M;manha;D03;NIRRIG;NIRRIG;0.5865115250598444;True;;;;;;;;;;;0.7061691779521139;0.7781795291541936;0.8034244305182279;0.8430363153246022;0.40951703194560063;;;;;;;;;;;;;;;;;;;;;;;;;;;;;;;;;;;;;;;;;;;;;;;;;;;;;;;;;;;;;;;;;;;;;;
4;PLS-DA;207;B1_BR16_NIRRIG_REPROD00007.asd;B1;BR16;NIRRIG;D03M;manha;D03;NIRRIG;NIRRIG;0.584831284407069;True;;;;;;;;;;;0.7073539299576668;0.7791789678927594;0.8040746475445646;0.8430400920704503;0.4113010753006444;;;;;;;;;;;;;;;;;;;;;;;;;;;;;;;;;;;;;;;;;;;;;;;;;;;;;;;;;;;;;;;;;;;;;;
4;RandomForest;192;B1_BR16_IRRIG_REPROD00000.asd;B1;BR16;IRRIG;D03M;manha;D03;IRRIG;IRRIG;0.16;True;;;;;;;;;;;0.6955811367560119;0.7936587932279497;0.8278265549161693;0.8791662384512001;0.3510899745806574;;;;;;;;;;;;;;;;;;;;;;;;;;;;;;;;;;;;;;;;;;;;;;;;;;;;;;;;;;;;;;;;;;;;;;
4;RandomForest;193;B1_BR16_IRRIG_REPROD00001.asd;B1;BR16;IRRIG;D03M;manha;D03;IRRIG;IRRIG;0.128;True;;;;;;;;;;;0.6980270071237757;0.7954909637736958;0.8293427942470559;0.8802367198157425;0.35443096689978026;;;;;;;;;;;;;;;;;;;;;;;;;;;;;;;;;;;;;;;;;;;;;;;;;;;;;;;;;;;;;;;;;;;;;;
4;RandomForest;194;B1_BR16_IRRIG_REPROD00002.asd;B1;BR16;IRRIG;D03M;manha;D03;IRRIG;IRRIG;0.032;True;;;;;;;;;;;0.7022215191811443;0.799081145939373;0.8328598749665134;0.882762885544793;0.3600717104454079;;;;;;;;;;;;;;;;;;;;;;;;;;;;;;;;;;;;;;;;;;;;;;;;;;;;;;;;;;;;;;;;;;;;;;
4;RandomForest;195;B1_BR16_IRRIG_REPROD00003.asd;B1;BR16;IRRIG;D03M;manha;D03;IRRIG;IRRIG;0.038;True;;;;;;;;;;;0.7024237200355432;0.7992964301584182;0.8329364552565239;0.883069035912123;0.36099813570449035;;;;;;;;;;;;;;;;;;;;;;;;;;;;;;;;;;;;;;;;;;;;;;;;;;;;;;;;;;;;;;;;;;;;;;
4;RandomForest;196;B1_BR16_IRRIG_REPROD00004.asd;B1;BR16;IRRIG;D03M;manha;D03;IRRIG;IRRIG;0.002;True;;;;;;;;;;;0.7162953384666204;0.8043018376981151;0.834602847741314;0.8808310794083491;0.38928695281539455;;;;;;;;;;;;;;;;;;;;;;;;;;;;;;;;;;;;;;;;;;;;;;;;;;;;;;;;;;;;;;;;;;;;;;
4;RandomForest;197;B1_BR16_IRRIG_REPROD00005.asd;B1;BR16;IRRIG;D03M;manha;D03;IRRIG;IRRIG;0.002;True;;;;;;;;;;;0.7104342589306188;0.798626870990334;0.8288877137705091;0.8754006268986471;0.3858279998261781;;;;;;;;;;;;;;;;;;;;;;;;;;;;;;;;;;;;;;;;;;;;;;;;;;;;;;;;;;;;;;;;;;;;;;
4;RandomForest;198;B1_BR16_IRRIG_REPROD00006.asd;B1;BR16;IRRIG;D03M;manha;D03;IRRIG;IRRIG;0.002;True;;;;;;;;;;;0.708403968912647;0.7960953430398896;0.8261146662625048;0.8725775108223202;0.38427195676922526;;;;;;;;;;;;;;;;;;;;;;;;;;;;;;;;;;;;;;;;;;;;;;;;;;;;;;;;;;;;;;;;;;;;;;
4;RandomForest;199;B1_BR16_IRRIG_REPROD00007.asd;B1;BR16;IRRIG;D03M;manha;D03;IRRIG;IRRIG;0.02;True;;;;;;;;;;;0.7050719659960927;0.7929912505166207;0.8232021613632388;0.869607920836952;0.3807145747133315;;;;;;;;;;;;;;;;;;;;;;;;;;;;;;;;;;;;;;;;;;;;;;;;;;;;;;;;;;;;;;;;;;;;;;
4;RandomForest;200;B1_BR16_NIRRIG_REPROD00000.asd;B1;BR16;NIRRIG;D03M;manha;D03;NIRRIG;NIRRIG;0.822;True;;;;;;;;;;;0.7150004842218741;0.7822614537799957;0.804547095276889;0.8377571974493634;0.4383038656962518;;;;;;;;;;;;;;;;;;;;;;;;;;;;;;;;;;;;;;;;;;;;;;;;;;;;;;;;;;;;;;;;;;;;;;
4;RandomForest;201;B1_BR16_NIRRIG_REPROD00001.asd;B1;BR16;NIRRIG;D03M;manha;D03;NIRRIG;NIRRIG;0.87;True;;;;;;;;;;;0.7148121746232247;0.7816623790792842;0.8039691260256201;0.8376601314389102;0.43805907680623707;;;;;;;;;;;;;;;;;;;;;;;;;;;;;;;;;;;;;;;;;;;;;;;;;;;;;;;;;;;;;;;;;;;;;;
4;RandomForest;202;B1_BR16_NIRRIG_REPROD00002.asd;B1;BR16;NIRRIG;D03M;manha;D03;NIRRIG;NIRRIG;0.898;True;;;;;;;;;;;0.7128537909358449;0.7800434944882991;0.8027236441121706;0.8374332903186997;0.4360856552413982;;;;;;;;;;;;;;;;;;;;;;;;;;;;;;;;;;;;;;;;;;;;;;;;;;;;;;;;;;;;;;;;;;;;;;
4;RandomForest;203;B1_BR16_NIRRIG_REPROD00003.asd;B1;BR16;NIRRIG;D03M;manha;D03;NIRRIG;NIRRIG;0.9;True;;;;;;;;;;;0.7112304409086212;0.7784907756495023;0.8017048065366706;0.8373790283729484;0.43474824357515407;;;;;;;;;;;;;;;;;;;;;;;;;;;;;;;;;;;;;;;;;;;;;;;;;;;;;;;;;;;;;;;;;;;;;;
4;RandomForest;204;B1_BR16_NIRRIG_REPROD00004.asd;B1;BR16;NIRRIG;D03M;manha;D03;NIRRIG;NIRRIG;0.978;True;;;;;;;;;;;0.6997595502891267;0.7748473406803397;0.801370014463437;0.843461263030023;0.3991060292946529;;;;;;;;;;;;;;;;;;;;;;;;;;;;;;;;;;;;;;;;;;;;;;;;;;;;;;;;;;;;;;;;;;;;;;
4;RandomForest;205;B1_BR16_NIRRIG_REPROD00005.asd;B1;BR16;NIRRIG;D03M;manha;D03;NIRRIG;NIRRIG;0.96;True;;;;;;;;;;;0.7050250387420336;0.7778469965992448;0.8035515216163962;0.8437827133818253;0.4067324937367318;;;;;;;;;;;;;;;;;;;;;;;;;;;;;;;;;;;;;;;;;;;;;;;;;;;;;;;;;;;;;;;;;;;;;;
4;RandomForest;206;B1_BR16_NIRRIG_REPROD00006.asd;B1;BR16;NIRRIG;D03M;manha;D03;NIRRIG;NIRRIG;0.904;True;;;;;;;;;;;0.7061691779521139;0.7781795291541936;0.8034244305182279;0.8430363153246022;0.40951703194560063;;;;;;;;;;;;;;;;;;;;;;;;;;;;;;;;;;;;;;;;;;;;;;;;;;;;;;;;;;;;;;;;;;;;;;
4;RandomForest;207;B1_BR16_NIRRIG_REPROD00007.asd;B1;BR16;NIRRIG;D03M;manha;D03;NIRRIG;NIRRIG;0.878;True;;;;;;;;;;;0.7073539299576668;0.7791789678927594;0.8040746475445646;0.8430400920704503;0.4113010753006444;;;;;;;;;;;;;;;;;;;;;;;;;;;;;;;;;;;;;;;;;;;;;;;;;;;;;;;;;;;;;;;;;;;;;;
1;PLS-DA;304;B4_CD202_IRRIG_REPROD00000.asd;B4;CD202;IRRIG;D03M;manha;D03;IRRIG;IRRIG;0.4804912082500972;True;;-1.4925020504829778;;-1.4645105260664433;;;;;;;;;;;;-1.505958256746484;-1.4984662706545269;0.34868042046505776;;;;;;;;;;;;;;;;;;;;;;;;;;;;;;;;;;;;;;;;;;;;;;;;;;;;;;;;;;;;;;;;;;;
1;PLS-DA;305;B4_CD202_IRRIG_REPROD00001.asd;B4;CD202;IRRIG;D03M;manha;D03;IRRIG;IRRIG;0.46682807643023533;True;;-1.497876996396895;;-1.4694795493768427;;;;;;;;;;;;-1.5114741421833575;-1.5032813092367021;0.3522184235643227;;;;;;;;;;;;;;;;;;;;;;;;;;;;;;;;;;;;;;;;;;;;;;;;;;;;;;;;;;;;;;;;;;;
1;PLS-DA;306;B4_CD202_IRRIG_REPROD00002.asd;B4;CD202;IRRIG;D03M;manha;D03;IRRIG;IRRIG;0.45754184985751745;True;;-1.5029257791231523;;-1.4746388118842484;;;;;;;;;;;;-1.5161917356747174;-1.5077147597596545;0.35052621906015147;;;;;;;;;;;;;;;;;;;;;;;;;;;;;;;;;;;;;;;;;;;;;;;;;;;;;;;;;;;;;;;;;;;
1;PLS-DA;307;B4_CD202_IRRIG_REPROD00003.asd;B4;CD202;IRRIG;D03M;manha;D03;IRRIG;IRRIG;0.4498826461494916;True;;-1.5079679294567634;;-1.4792572391561394;;;;;;;;;;;;-1.5213215428644327;-1.5126658855464687;0.3465753348847657;;;;;;;;;;;;;;;;;;;;;;;;;;;;;;;;;;;;;;;;;;;;;;;;;;;;;;;;;;;;;;;;;;;
1;PLS-DA;308;B4_CD202_IRRIG_REPROD00004.asd;B4;CD202;IRRIG;D03M;manha;D03;IRRIG;IRRIG;0.4004621556238498;True;;-1.527298880481925;;-1.4953071004651224;;;;;;;;;;;;-1.541371836753226;-1.52967555001306;0.36290343268706843;;;;;;;;;;;;;;;;;;;;;;;;;;;;;;;;;;;;;;;;;;;;;;;;;;;;;;;;;;;;;;;;;;;
1;PLS-DA;309;B4_CD202_IRRIG_REPROD00005.asd;B4;CD202;IRRIG;D03M;manha;D03;IRRIG;IRRIG;0.3917995992817729;True;;-1.5313767614153821;;-1.4991524042998474;;;;;;;;;;;;-1.5452325343668072;-1.5334349112904597;0.3638125817488314;;;;;;;;;;;;;;;;;;;;;;;;;;;;;;;;;;;;;;;;;;;;;;;;;;;;;;;;;;;;;;;;;;;
1;PLS-DA;310;B4_CD202_IRRIG_REPROD00006.asd;B4;CD202;IRRIG;D03M;manha;D03;IRRIG;IRRIG;0.38470929517863856;True;;-1.5342507739729718;;-1.5022398323859187;;;;;;;;;;;;-1.5480221433867083;-1.5365928161725677;0.3652780488188117;;;;;;;;;;;;;;;;;;;;;;;;;;;;;;;;;;;;;;;;;;;;;;;;;;;;;;;;;;;;;;;;;;;
1;PLS-DA;311;B4_CD202_IRRIG_REPROD00007.asd;B4;CD202;IRRIG;D03M;manha;D03;IRRIG;IRRIG;0.3775068235336029;True;;-1.5373615181074427;;-1.5055991717069936;;;;;;;;;;;;-1.5515834719450294;-1.539868234238332;0.3659484095513937;;;;;;;;;;;;;;;;;;;;;;;;;;;;;;;;;;;;;;;;;;;;;;;;;;;;;;;;;;;;;;;;;;;
1;PLS-DA;312;B4_CD202_NIRRIG_REPROD00000.asd;B4;CD202;NIRRIG;D03M;manha;D03;NIRRIG;NIRRIG;0.5541633021601234;True;;-1.440912092536318;;-1.3915969407071485;;;;;;;;;;;;-1.4677892206174046;-1.4608144112226376;0.4046011510859805;;;;;;;;;;;;;;;;;;;;;;;;;;;;;;;;;;;;;;;;;;;;;;;;;;;;;;;;;;;;;;;;;;;
1;PLS-DA;313;B4_CD202_NIRRIG_REPROD00001.asd;B4;CD202;NIRRIG;D03M;manha;D03;NIRRIG;NIRRIG;0.5568683175237438;True;;-1.4393106187651876;;-1.3897323457724573;;;;;;;;;;;;-1.4660670282512687;-1.459772678098484;0.40562505660755244;;;;;;;;;;;;;;;;;;;;;;;;;;;;;;;;;;;;;;;;;;;;;;;;;;;;;;;;;;;;;;;;;;;
1;PLS-DA;314;B4_CD202_NIRRIG_REPROD00002.asd;B4;CD202;NIRRIG;D03M;manha;D03;NIRRIG;NIRRIG;0.5582956969688865;True;;-1.440644034177945;;-1.390305969361141;;;;;;;;;;;;-1.466891126105703;-1.4602925595044511;0.40113260379253096;;;;;;;;;;;;;;;;;;;;;;;;;;;;;;;;;;;;;;;;;;;;;;;;;;;;;;;;;;;;;;;;;;;
1;PLS-DA;315;B4_CD202_NIRRIG_REPROD00003.asd;B4;CD202;NIRRIG;D03M;manha;D03;NIRRIG;NIRRIG;0.557427614114424;True;;-1.4369215242599271;;-1.3861383038455914;;;;;;;;;;;;-1.4634079571110228;-1.4562962105176447;0.4138873764270729;;;;;;;;;;;;;;;;;;;;;;;;;;;;;;;;;;;;;;;;;;;;;;;;;;;;;;;;;;;;;;;;;;;
1;PLS-DA;316;B4_CD202_NIRRIG_REPROD00004.asd;B4;CD202;NIRRIG;D03M;manha;D03;NIRRIG;IRRIG;0.4969871846189377;False;;-1.4702665804480277;;-1.4262959854448256;;;;;;;;;;;;-1.495172674870586;-1.4904196729659773;0.3925293394406884;;;;;;;;;;;;;;;;;;;;;;;;;;;;;;;;;;;;;;;;;;;;;;;;;;;;;;;;;;;;;;;;;;;
1;PLS-DA;317;B4_CD202_NIRRIG_REPROD00005.asd;B4;CD202;NIRRIG;D03M;manha;D03;NIRRIG;IRRIG;0.4964665902691633;False;;-1.4702764926628555;;-1.4256076810640614;;;;;;;;;;;;-1.494776865349377;-1.4905201807805053;0.39411432086725606;;;;;;;;;;;;;;;;;;;;;;;;;;;;;;;;;;;;;;;;;;;;;;;;;;;;;;;;;;;;;;;;;;;
1;PLS-DA;318;B4_CD202_NIRRIG_REPROD00006.asd;B4;CD202;NIRRIG;D03M;manha;D03;NIRRIG;IRRIG;0.4955411839127741;False;;-1.4702021100631026;;-1.4253961710821375;;;;;;;;;;;;-1.4950562684755018;-1.4912986915143938;0.3950681282280078;;;;;;;;;;;;;;;;;;;;;;;;;;;;;;;;;;;;;;;;;;;;;;;;;;;;;;;;;;;;;;;;;;;
1;PLS-DA;319;B4_CD202_NIRRIG_REPROD00007.asd;B4;CD202;NIRRIG;D03M;manha;D03;NIRRIG;IRRIG;0.49438816424422266;False;;-1.4711983353608435;;-1.4262889440409128;;;;;;;;;;;;-1.4962719272518132;-1.492369762999319;0.3936061068072939;;;;;;;;;;;;;;;;;;;;;;;;;;;;;;;;;;;;;;;;;;;;;;;;;;;;;;;;;;;;;;;;;;;
1;RandomForest;304;B4_CD202_IRRIG_REPROD00000.asd;B4;CD202;IRRIG;D03M;manha;D03;IRRIG;IRRIG;0.0;True;;-1.4925020504829778;;-1.4645105260664433;;;;;;;;;;;;-1.505958256746484;-1.4984662706545269;0.34868042046505776;;;;;;;;;;;;;;;;;;;;;;;;;;;;;;;;;;;;;;;;;;;;;;;;;;;;;;;;;;;;;;;;;;;
1;RandomForest;305;B4_CD202_IRRIG_REPROD00001.asd;B4;CD202;IRRIG;D03M;manha;D03;IRRIG;IRRIG;0.0;True;;-1.497876996396895;;-1.4694795493768427;;;;;;;;;;;;-1.5114741421833575;-1.5032813092367021;0.3522184235643227;;;;;;;;;;;;;;;;;;;;;;;;;;;;;;;;;;;;;;;;;;;;;;;;;;;;;;;;;;;;;;;;;;;
1;RandomForest;306;B4_CD202_IRRIG_REPROD00002.asd;B4;CD202;IRRIG;D03M;manha;D03;IRRIG;IRRIG;0.0;True;;-1.5029257791231523;;-1.4746388118842484;;;;;;;;;;;;-1.5161917356747174;-1.5077147597596545;0.35052621906015147;;;;;;;;;;;;;;;;;;;;;;;;;;;;;;;;;;;;;;;;;;;;;;;;;;;;;;;;;;;;;;;;;;;
1;RandomForest;307;B4_CD202_IRRIG_REPROD00003.asd;B4;CD202;IRRIG;D03M;manha;D03;IRRIG;IRRIG;0.0;True;;-1.5079679294567634;;-1.4792572391561394;;;;;;;;;;;;-1.5213215428644327;-1.5126658855464687;0.3465753348847657;;;;;;;;;;;;;;;;;;;;;;;;;;;;;;;;;;;;;;;;;;;;;;;;;;;;;;;;;;;;;;;;;;;
1;RandomForest;308;B4_CD202_IRRIG_REPROD00004.asd;B4;CD202;IRRIG;D03M;manha;D03;IRRIG;IRRIG;0.0;True;;-1.527298880481925;;-1.4953071004651224;;;;;;;;;;;;-1.541371836753226;-1.52967555001306;0.36290343268706843;;;;;;;;;;;;;;;;;;;;;;;;;;;;;;;;;;;;;;;;;;;;;;;;;;;;;;;;;;;;;;;;;;;
1;RandomForest;309;B4_CD202_IRRIG_REPROD00005.asd;B4;CD202;IRRIG;D03M;manha;D03;IRRIG;IRRIG;0.0;True;;-1.5313767614153821;;-1.4991524042998474;;;;;;;;;;;;-1.5452325343668072;-1.5334349112904597;0.3638125817488314;;;;;;;;;;;;;;;;;;;;;;;;;;;;;;;;;;;;;;;;;;;;;;;;;;;;;;;;;;;;;;;;;;;
1;RandomForest;310;B4_CD202_IRRIG_REPROD00006.asd;B4;CD202;IRRIG;D03M;manha;D03;IRRIG;IRRIG;0.0;True;;-1.5342507739729718;;-1.5022398323859187;;;;;;;;;;;;-1.5480221433867083;-1.5365928161725677;0.3652780488188117;;;;;;;;;;;;;;;;;;;;;;;;;;;;;;;;;;;;;;;;;;;;;;;;;;;;;;;;;;;;;;;;;;;
1;RandomForest;311;B4_CD202_IRRIG_REPROD00007.asd;B4;CD202;IRRIG;D03M;manha;D03;IRRIG;IRRIG;0.0;True;;-1.5373615181074427;;-1.5055991717069936;;;;;;;;;;;;-1.5515834719450294;-1.539868234238332;0.3659484095513937;;;;;;;;;;;;;;;;;;;;;;;;;;;;;;;;;;;;;;;;;;;;;;;;;;;;;;;;;;;;;;;;;;;
1;RandomForest;312;B4_CD202_NIRRIG_REPROD00000.asd;B4;CD202;NIRRIG;D03M;manha;D03;NIRRIG;NIRRIG;1.0;True;;-1.440912092536318;;-1.3915969407071485;;;;;;;;;;;;-1.4677892206174046;-1.4608144112226376;0.4046011510859805;;;;;;;;;;;;;;;;;;;;;;;;;;;;;;;;;;;;;;;;;;;;;;;;;;;;;;;;;;;;;;;;;;;
1;RandomForest;313;B4_CD202_NIRRIG_REPROD00001.asd;B4;CD202;NIRRIG;D03M;manha;D03;NIRRIG;NIRRIG;1.0;True;;-1.4393106187651876;;-1.3897323457724573;;;;;;;;;;;;-1.4660670282512687;-1.459772678098484;0.40562505660755244;;;;;;;;;;;;;;;;;;;;;;;;;;;;;;;;;;;;;;;;;;;;;;;;;;;;;;;;;;;;;;;;;;;
1;RandomForest;314;B4_CD202_NIRRIG_REPROD00002.asd;B4;CD202;NIRRIG;D03M;manha;D03;NIRRIG;NIRRIG;1.0;True;;-1.440644034177945;;-1.390305969361141;;;;;;;;;;;;-1.466891126105703;-1.4602925595044511;0.40113260379253096;;;;;;;;;;;;;;;;;;;;;;;;;;;;;;;;;;;;;;;;;;;;;;;;;;;;;;;;;;;;;;;;;;;
1;RandomForest;315;B4_CD202_NIRRIG_REPROD00003.asd;B4;CD202;NIRRIG;D03M;manha;D03;NIRRIG;NIRRIG;1.0;True;;-1.4369215242599271;;-1.3861383038455914;;;;;;;;;;;;-1.4634079571110228;-1.4562962105176447;0.4138873764270729;;;;;;;;;;;;;;;;;;;;;;;;;;;;;;;;;;;;;;;;;;;;;;;;;;;;;;;;;;;;;;;;;;;
1;RandomForest;316;B4_CD202_NIRRIG_REPROD00004.asd;B4;CD202;NIRRIG;D03M;manha;D03;NIRRIG;IRRIG;0.26;False;;-1.4702665804480277;;-1.4262959854448256;;;;;;;;;;;;-1.495172674870586;-1.4904196729659773;0.3925293394406884;;;;;;;;;;;;;;;;;;;;;;;;;;;;;;;;;;;;;;;;;;;;;;;;;;;;;;;;;;;;;;;;;;;
1;RandomForest;317;B4_CD202_NIRRIG_REPROD00005.asd;B4;CD202;NIRRIG;D03M;manha;D03;NIRRIG;IRRIG;0.26;False;;-1.4702764926628555;;-1.4256076810640614;;;;;;;;;;;;-1.494776865349377;-1.4905201807805053;0.39411432086725606;;;;;;;;;;;;;;;;;;;;;;;;;;;;;;;;;;;;;;;;;;;;;;;;;;;;;;;;;;;;;;;;;;;
1;RandomForest;318;B4_CD202_NIRRIG_REPROD00006.asd;B4;CD202;NIRRIG;D03M;manha;D03;NIRRIG;IRRIG;0.26;False;;-1.4702021100631026;;-1.4253961710821375;;;;;;;;;;;;-1.4950562684755018;-1.4912986915143938;0.3950681282280078;;;;;;;;;;;;;;;;;;;;;;;;;;;;;;;;;;;;;;;;;;;;;;;;;;;;;;;;;;;;;;;;;;;
1;RandomForest;319;B4_CD202_NIRRIG_REPROD00007.asd;B4;CD202;NIRRIG;D03M;manha;D03;NIRRIG;IRRIG;0.26;False;;-1.4711983353608435;;-1.4262889440409128;;;;;;;;;;;;-1.4962719272518132;-1.492369762999319;0.3936061068072939;;;;;;;;;;;;;;;;;;;;;;;;;;;;;;;;;;;;;;;;;;;;;;;;;;;;;;;;;;;;;;;;;;;
2;PLS-DA;288;B3_CD202_IRRIG_REPROD00000.asd;B3;CD202;IRRIG;D03M;manha;D03;IRRIG;IRRIG;0.2498995787241624;True;;-1.5614224548379205;;-1.523947402397062;;;;;;;;;;;;-1.5787997253449872;-1.567581183634687;0.3814269857075682;;;;;;;;;;;;;;;;;;;;;;;;;;;;;;;;;;;;;;;;;;;;;;;;;;;;;;;;;;;;;;;;;;;
2;PLS-DA;289;B3_CD202_IRRIG_REPROD00001.asd;B3;CD202;IRRIG;D03M;manha;D03;IRRIG;IRRIG;0.24032733808087747;True;;-1.5651778503375278;;-1.5277358742911726;;;;;;;;;;;;-1.5826843344854917;-1.571342552662553;0.37977210922358584;;;;;;;;;;;;;;;;;;;;;;;;;;;;;;;;;;;;;;;;;;;;;;;;;;;;;;;;;;;;;;;;;;;
2;PLS-DA;290;B3_CD202_IRRIG_REPROD00002.asd;B3;CD202;IRRIG;D03M;manha;D03;IRRIG;IRRIG;0.2290678247636695;True;;-1.570004072652717;;-1.5317757630825322;;;;;;;;;;;;-1.5875643299013997;-1.576162043965362;0.3777407816305716;;;;;;;;;;;;;;;;;;;;;;;;;;;;;;;;;;;;;;;;;;;;;;;;;;;;;;;;;;;;;;;;;;;
2;PLS-DA;291;B3_CD202_IRRIG_REPROD00003.asd;B3;CD202;IRRIG;D03M;manha;D03;IRRIG;IRRIG;0.21994578444273416;True;;-1.574038188753134;;-1.5356263195381654;;;;;;;;;;;;-1.5917940853461587;-1.579764166954266;0.3765163460776894;;;;;;;;;;;;;;;;;;;;;;;;;;;;;;;;;;;;;;;;;;;;;;;;;;;;;;;;;;;;;;;;;;;
2;PLS-DA;292;B3_CD202_IRRIG_REPROD00004.asd;B3;CD202;IRRIG;D03M;manha;D03;IRRIG;IRRIG;0.29839038870082113;True;;-1.537595096481902;;-1.5021235814190381;;;;;;;;;;;;-1.5542828252689593;-1.543371682163265;0.3606103503740569;;;;;;;;;;;;;;;;;;;;;;;;;;;;;;;;;;;;;;;;;;;;;;;;;;;;;;;;;;;;;;;;;;;
2;PLS-DA;293;B3_CD202_IRRIG_REPROD00005.asd;B3;CD202;IRRIG;D03M;manha;D03;IRRIG;IRRIG;0.28613515753017;True;;-1.5414148687199993;;-1.5057260180055205;;;;;;;;;;;;-1.5581772252691888;-1.5471419802304456;0.3556717677456255;;;;;;;;;;;;;;;;;;;;;;;;;;;;;;;;;;;;;;;;;;;;;;;;;;;;;;;;;;;;;;;;;;;
2;PLS-DA;294;B3_CD202_IRRIG_REPROD00006.asd;B3;CD202;IRRIG;D03M;manha;D03;IRRIG;IRRIG;0.27643982464284983;True;;-1.545016870399319;;-1.508676450531969;;;;;;;;;;;;-1.561162883221729;-1.5500881677597476;0.35213361224453693;;;;;;;;;;;;;;;;;;;;;;;;;;;;;;;;;;;;;;;;;;;;;;;;;;;;;;;;;;;;;;;;;;;
2;PLS-DA;295;B3_CD202_IRRIG_REPROD00007.asd;B3;CD202;IRRIG;D03M;manha;D03;IRRIG;IRRIG;0.26689325636324074;True;;-1.548423157476839;;-1.5122604410677176;;;;;;;;;;;;-1.5649837917365277;-1.553789069939226;0.3509687165922124;;;;;;;;;;;;;;;;;;;;;;;;;;;;;;;;;;;;;;;;;;;;;;;;;;;;;;;;;;;;;;;;;;;
2;PLS-DA;296;B3_CD202_NIRRIG_REPROD00000.asd;B3;CD202;NIRRIG;D03M;manha;D03;NIRRIG;NIRRIG;0.5507334714489218;True;;-1.4566359565179678;;-1.4100925903625159;;;;;;;;;;;;-1.4819582745623543;-1.4781705277830546;0.3862471118057445;;;;;;;;;;;;;;;;;;;;;;;;;;;;;;;;;;;;;;;;;;;;;;;;;;;;;;;;;;;;;;;;;;;
2;PLS-DA;297;B3_CD202_NIRRIG_REPROD00001.asd;B3;CD202;NIRRIG;D03M;manha;D03;NIRRIG;NIRRIG;0.5505717170621777;True;;-1.455454477544958;;-1.4091672958346715;;;;;;;;;;;;-1.4818495964465583;-1.4777100298818566;0.3822515132103572;;;;;;;;;;;;;;;;;;;;;;;;;;;;;;;;;;;;;;;;;;;;;;;;;;;;;;;;;;;;;;;;;;;
2;PLS-DA;298;B3_CD202_NIRRIG_REPROD00002.asd;B3;CD202;NIRRIG;D03M;manha;D03;NIRRIG;NIRRIG;0.5547151810837939;True;;-1.4541458923278838;;-1.4073449085864216;;;;;;;;;;;;-1.4805245821238378;-1.476675010340612;0.38183018042853983;;;;;;;;;;;;;;;;;;;;;;;;;;;;;;;;;;;;;;;;;;;;;;;;;;;;;;;;;;;;;;;;;;;
2;PLS-DA;299;B3_CD202_NIRRIG_REPROD00003.asd;B3;CD202;NIRRIG;D03M;manha;D03;NIRRIG;NIRRIG;0.5592386676193388;True;;-1.4529322228229762;;-1.406090154703104;;;;;;;;;;;;-1.479353358199204;-1.4752903856641513;0.3828941815332916;;;;;;;;;;;;;;;;;;;;;;;;;;;;;;;;;;;;;;;;;;;;;;;;;;;;;;;;;;;;;;;;;;;
2;PLS-DA;300;B3_CD202_NIRRIG_REPROD00004.asd;B3;CD202;NIRRIG;D03M;manha;D03;NIRRIG;NIRRIG;0.7085791771535728;True;;-1.4087314722578117;;-1.3469331527233999;;;;;;;;;;;;-1.4441144472799257;-1.4386238106979832;0.4161361321140554;;;;;;;;;;;;;;;;;;;;;;;;;;;;;;;;;;;;;;;;;;;;;;;;;;;;;;;;;;;;;;;;;;;
2;PLS-DA;301;B3_CD202_NIRRIG_REPROD00005.asd;B3;CD202;NIRRIG;D03M;manha;D03;NIRRIG;NIRRIG;0.7243046776041929;True;;-1.4038621388705341;;-1.3415560159254225;;;;;;;;;;;;-1.4400667328237695;-1.4340223153776792;0.4232075722565875;;;;;;;;;;;;;;;;;;;;;;;;;;;;;;;;;;;;;;;;;;;;;;;;;;;;;;;;;;;;;;;;;;;
2;PLS-DA;302;B3_CD202_NIRRIG_REPROD00006.asd;B3;CD202;NIRRIG;D03M;manha;D03;NIRRIG;NIRRIG;0.7299044836349323;True;;-1.401324584800408;;-1.3384528701622447;;;;;;;;;;;;-1.437326882552034;-1.4315731799311517;0.42065186361738105;;;;;;;;;;;;;;;;;;;;;;;;;;;;;;;;;;;;;;;;;;;;;;;;;;;;;;;;;;;;;;;;;;;
2;PLS-DA;303;B3_CD202_NIRRIG_REPROD00007.asd;B3;CD202;NIRRIG;D03M;manha;D03;NIRRIG;NIRRIG;0.7432988655568938;True;;-1.3964551516334154;;-1.3327368660580554;;;;;;;;;;;;-1.4326050327023958;-1.4267305056965331;0.4227134965826024;;;;;;;;;;;;;;;;;;;;;;;;;;;;;;;;;;;;;;;;;;;;;;;;;;;;;;;;;;;;;;;;;;;
2;RandomForest;288;B3_CD202_IRRIG_REPROD00000.asd;B3;CD202;IRRIG;D03M;manha;D03;IRRIG;IRRIG;0.0;True;;-1.5614224548379205;;-1.523947402397062;;;;;;;;;;;;-1.5787997253449872;-1.567581183634687;0.3814269857075682;;;;;;;;;;;;;;;;;;;;;;;;;;;;;;;;;;;;;;;;;;;;;;;;;;;;;;;;;;;;;;;;;;;
2;RandomForest;289;B3_CD202_IRRIG_REPROD00001.asd;B3;CD202;IRRIG;D03M;manha;D03;IRRIG;IRRIG;0.0;True;;-1.5651778503375278;;-1.5277358742911726;;;;;;;;;;;;-1.5826843344854917;-1.571342552662553;0.37977210922358584;;;;;;;;;;;;;;;;;;;;;;;;;;;;;;;;;;;;;;;;;;;;;;;;;;;;;;;;;;;;;;;;;;;
2;RandomForest;290;B3_CD202_IRRIG_REPROD00002.asd;B3;CD202;IRRIG;D03M;manha;D03;IRRIG;IRRIG;0.0;True;;-1.570004072652717;;-1.5317757630825322;;;;;;;;;;;;-1.5875643299013997;-1.576162043965362;0.3777407816305716;;;;;;;;;;;;;;;;;;;;;;;;;;;;;;;;;;;;;;;;;;;;;;;;;;;;;;;;;;;;;;;;;;;
2;RandomForest;291;B3_CD202_IRRIG_REPROD00003.asd;B3;CD202;IRRIG;D03M;manha;D03;IRRIG;IRRIG;0.0;True;;-1.574038188753134;;-1.5356263195381654;;;;;;;;;;;;-1.5917940853461587;-1.579764166954266;0.3765163460776894;;;;;;;;;;;;;;;;;;;;;;;;;;;;;;;;;;;;;;;;;;;;;;;;;;;;;;;;;;;;;;;;;;;
2;RandomForest;292;B3_CD202_IRRIG_REPROD00004.asd;B3;CD202;IRRIG;D03M;manha;D03;IRRIG;IRRIG;0.0;True;;-1.537595096481902;;-1.5021235814190381;;;;;;;;;;;;-1.5542828252689593;-1.543371682163265;0.3606103503740569;;;;;;;;;;;;;;;;;;;;;;;;;;;;;;;;;;;;;;;;;;;;;;;;;;;;;;;;;;;;;;;;;;;
2;RandomForest;293;B3_CD202_IRRIG_REPROD00005.asd;B3;CD202;IRRIG;D03M;manha;D03;IRRIG;IRRIG;0.0;True;;-1.5414148687199993;;-1.5057260180055205;;;;;;;;;;;;-1.5581772252691888;-1.5471419802304456;0.3556717677456255;;;;;;;;;;;;;;;;;;;;;;;;;;;;;;;;;;;;;;;;;;;;;;;;;;;;;;;;;;;;;;;;;;;
2;RandomForest;294;B3_CD202_IRRIG_REPROD00006.asd;B3;CD202;IRRIG;D03M;manha;D03;IRRIG;IRRIG;0.0;True;;-1.545016870399319;;-1.508676450531969;;;;;;;;;;;;-1.561162883221729;-1.5500881677597476;0.35213361224453693;;;;;;;;;;;;;;;;;;;;;;;;;;;;;;;;;;;;;;;;;;;;;;;;;;;;;;;;;;;;;;;;;;;
2;RandomForest;295;B3_CD202_IRRIG_REPROD00007.asd;B3;CD202;IRRIG;D03M;manha;D03;IRRIG;IRRIG;0.0;True;;-1.548423157476839;;-1.5122604410677176;;;;;;;;;;;;-1.5649837917365277;-1.553789069939226;0.3509687165922124;;;;;;;;;;;;;;;;;;;;;;;;;;;;;;;;;;;;;;;;;;;;;;;;;;;;;;;;;;;;;;;;;;;
2;RandomForest;296;B3_CD202_NIRRIG_REPROD00000.asd;B3;CD202;NIRRIG;D03M;manha;D03;NIRRIG;NIRRIG;0.998;True;;-1.4566359565179678;;-1.4100925903625159;;;;;;;;;;;;-1.4819582745623543;-1.4781705277830546;0.3862471118057445;;;;;;;;;;;;;;;;;;;;;;;;;;;;;;;;;;;;;;;;;;;;;;;;;;;;;;;;;;;;;;;;;;;
2;RandomForest;297;B3_CD202_NIRRIG_REPROD00001.asd;B3;CD202;NIRRIG;D03M;manha;D03;NIRRIG;NIRRIG;0.996;True;;-1.455454477544958;;-1.4091672958346715;;;;;;;;;;;;-1.4818495964465583;-1.4777100298818566;0.3822515132103572;;;;;;;;;;;;;;;;;;;;;;;;;;;;;;;;;;;;;;;;;;;;;;;;;;;;;;;;;;;;;;;;;;;
2;RandomForest;298;B3_CD202_NIRRIG_REPROD00002.asd;B3;CD202;NIRRIG;D03M;manha;D03;NIRRIG;NIRRIG;0.996;True;;-1.4541458923278838;;-1.4073449085864216;;;;;;;;;;;;-1.4805245821238378;-1.476675010340612;0.38183018042853983;;;;;;;;;;;;;;;;;;;;;;;;;;;;;;;;;;;;;;;;;;;;;;;;;;;;;;;;;;;;;;;;;;;
2;RandomForest;299;B3_CD202_NIRRIG_REPROD00003.asd;B3;CD202;NIRRIG;D03M;manha;D03;NIRRIG;NIRRIG;0.996;True;;-1.4529322228229762;;-1.406090154703104;;;;;;;;;;;;-1.479353358199204;-1.4752903856641513;0.3828941815332916;;;;;;;;;;;;;;;;;;;;;;;;;;;;;;;;;;;;;;;;;;;;;;;;;;;;;;;;;;;;;;;;;;;
2;RandomForest;300;B3_CD202_NIRRIG_REPROD00004.asd;B3;CD202;NIRRIG;D03M;manha;D03;NIRRIG;NIRRIG;1.0;True;;-1.4087314722578117;;-1.3469331527233999;;;;;;;;;;;;-1.4441144472799257;-1.4386238106979832;0.4161361321140554;;;;;;;;;;;;;;;;;;;;;;;;;;;;;;;;;;;;;;;;;;;;;;;;;;;;;;;;;;;;;;;;;;;
2;RandomForest;301;B3_CD202_NIRRIG_REPROD00005.asd;B3;CD202;NIRRIG;D03M;manha;D03;NIRRIG;NIRRIG;1.0;True;;-1.4038621388705341;;-1.3415560159254225;;;;;;;;;;;;-1.4400667328237695;-1.4340223153776792;0.4232075722565875;;;;;;;;;;;;;;;;;;;;;;;;;;;;;;;;;;;;;;;;;;;;;;;;;;;;;;;;;;;;;;;;;;;
2;RandomForest;302;B3_CD202_NIRRIG_REPROD00006.asd;B3;CD202;NIRRIG;D03M;manha;D03;NIRRIG;NIRRIG;1.0;True;;-1.401324584800408;;-1.3384528701622447;;;;;;;;;;;;-1.437326882552034;-1.4315731799311517;0.42065186361738105;;;;;;;;;;;;;;;;;;;;;;;;;;;;;;;;;;;;;;;;;;;;;;;;;;;;;;;;;;;;;;;;;;;
2;RandomForest;303;B3_CD202_NIRRIG_REPROD00007.asd;B3;CD202;NIRRIG;D03M;manha;D03;NIRRIG;NIRRIG;1.0;True;;-1.3964551516334154;;-1.3327368660580554;;;;;;;;;;;;-1.4326050327023958;-1.4267305056965331;0.4227134965826024;;;;;;;;;;;;;;;;;;;;;;;;;;;;;;;;;;;;;;;;;;;;;;;;;;;;;;;;;;;;;;;;;;;
3;PLS-DA;272;B2_CD202_IRRIG_REPROD00000.asd;B2;CD202;IRRIG;D03M;manha;D03;IRRIG;IRRIG;0.4933365417672077;True;;-1.4828995011304644;;-1.4517378822061615;;;;;;;;;;;;-1.4975650335939403;-1.4892194006219448;0.3931659180022311;;;;;;;;;;;;;;;;;;;;;;;;;;;;;;;;;;;;;;;;;;;;;;;;;;;;;;;;;;;;;;;;;;;
3;PLS-DA;273;B2_CD202_IRRIG_REPROD00001.asd;B2;CD202;IRRIG;D03M;manha;D03;IRRIG;IRRIG;0.4894045130147088;True;;-1.4842531806428887;;-1.4526794295565928;;;;;;;;;;;;-1.4995538264766184;-1.4909608971335666;0.39033120040817226;;;;;;;;;;;;;;;;;;;;;;;;;;;;;;;;;;;;;;;;;;;;;;;;;;;;;;;;;;;;;;;;;;;
3;PLS-DA;274;B2_CD202_IRRIG_REPROD00002.asd;B2;CD202;IRRIG;D03M;manha;D03;IRRIG;IRRIG;0.48076805424585894;True;;-1.4883636207024156;;-1.4564360605820892;;;;;;;;;;;;-1.5032685836569049;-1.4945019951998748;0.38816138052146765;;;;;;;;;;;;;;;;;;;;;;;;;;;;;;;;;;;;;;;;;;;;;;;;;;;;;;;;;;;;;;;;;;;
3;PLS-DA;275;B2_CD202_IRRIG_REPROD00003.asd;B2;CD202;IRRIG;D03M;manha;D03;IRRIG;IRRIG;0.47178932040502625;True;;-1.4920087396802892;;-1.4604083014752662;;;;;;;;;;;;-1.5077346941626826;-1.4990628893121274;0.3857370230210616;;;;;;;;;;;;;;;;;;;;;;;;;;;;;;;;;;;;;;;;;;;;;;;;;;;;;;;;;;;;;;;;;;;
3;PLS-DA;276;B2_CD202_IRRIG_REPROD00004.asd;B2;CD202;IRRIG;D03M;manha;D03;IRRIG;IRRIG;0.4525981676919729;True;;-1.506537499539044;;-1.4699986993024368;;;;;;;;;;;;-1.522229105326367;-1.5103447866547401;0.3946655484500572;;;;;;;;;;;;;;;;;;;;;;;;;;;;;;;;;;;;;;;;;;;;;;;;;;;;;;;;;;;;;;;;;;;
3;PLS-DA;277;B2_CD202_IRRIG_REPROD00005.asd;B2;CD202;IRRIG;D03M;manha;D03;IRRIG;IRRIG;0.44760955761255683;True;;-1.5083217955971486;;-1.4719758291914615;;;;;;;;;;;;-1.5248826358709393;-1.512810594393962;0.3926094165943974;;;;;;;;;;;;;;;;;;;;;;;;;;;;;;;;;;;;;;;;;;;;;;;;;;;;;;;;;;;;;;;;;;;
3;PLS-DA;278;B2_CD202_IRRIG_REPROD00006.asd;B2;CD202;IRRIG;D03M;manha;D03;IRRIG;IRRIG;0.4448881334882255;True;;-1.5099398678786835;;-1.4732231387193195;;;;;;;;;;;;-1.5264136358137956;-1.5145477083062893;0.39274866670505765;;;;;;;;;;;;;;;;;;;;;;;;;;;;;;;;;;;;;;;;;;;;;;;;;;;;;;;;;;;;;;;;;;;
3;PLS-DA;279;B2_CD202_IRRIG_REPROD00007.asd;B2;CD202;IRRIG;D03M;manha;D03;IRRIG;IRRIG;0.4384026997020248;True;;-1.5131917941159272;;-1.4759513991430426;;;;;;;;;;;;-1.5293886404614787;-1.5173605053588899;0.3911457857456251;;;;;;;;;;;;;;;;;;;;;;;;;;;;;;;;;;;;;;;;;;;;;;;;;;;;;;;;;;;;;;;;;;;
3;PLS-DA;280;B2_CD202_NIRRIG_REPROD00000.asd;B2;CD202;NIRRIG;D03M;manha;D03;NIRRIG;NIRRIG;0.5532493043097264;True;;-1.45659049839047;;-1.4103968985898252;;;;;;;;;;;;-1.4824972876229654;-1.4793634976836536;0.3932746829373019;;;;;;;;;;;;;;;;;;;;;;;;;;;;;;;;;;;;;;;;;;;;;;;;;;;;;;;;;;;;;;;;;;;
3;PLS-DA;281;B2_CD202_NIRRIG_REPROD00001.asd;B2;CD202;NIRRIG;D03M;manha;D03;NIRRIG;NIRRIG;0.5621036929537062;True;;-1.4539025742424543;;-1.4075577800211831;;;;;;;;;;;;-1.4801673799868618;-1.4775230081662802;0.4008303305970041;;;;;;;;;;;;;;;;;;;;;;;;;;;;;;;;;;;;;;;;;;;;;;;;;;;;;;;;;;;;;;;;;;;
3;PLS-DA;282;B2_CD202_NIRRIG_REPROD00002.asd;B2;CD202;NIRRIG;D03M;manha;D03;NIRRIG;NIRRIG;0.5640950768992324;True;;-1.4533127087068671;;-1.4066250779483094;;;;;;;;;;;;-1.4798510591575498;-1.4770049807050591;0.402141487783148;;;;;;;;;;;;;;;;;;;;;;;;;;;;;;;;;;;;;;;;;;;;;;;;;;;;;;;;;;;;;;;;;;;
3;PLS-DA;283;B2_CD202_NIRRIG_REPROD00003.asd;B2;CD202;NIRRIG;D03M;manha;D03;NIRRIG;NIRRIG;0.566016178943783;True;;-1.4528059610779813;;-1.4058984373372476;;;;;;;;;;;;-1.4795288744927444;-1.4766971863610054;0.4038293884704119;;;;;;;;;;;;;;;;;;;;;;;;;;;;;;;;;;;;;;;;;;;;;;;;;;;;;;;;;;;;;;;;;;;
3;PLS-DA;284;B2_CD202_NIRRIG_REPROD00004.asd;B2;CD202;NIRRIG;D03M;manha;D03;NIRRIG;NIRRIG;0.5713140288046504;True;;-1.4350626895436749;;-1.3953472416187422;;;;;;;;;;;;-1.4567512227402784;-1.4547383355203274;0.35369413670109895;;;;;;;;;;;;;;;;;;;;;;;;;;;;;;;;;;;;;;;;;;;;;;;;;;;;;;;;;;;;;;;;;;;
3;PLS-DA;285;B2_CD202_NIRRIG_REPROD00005.asd;B2;CD202;NIRRIG;D03M;manha;D03;NIRRIG;NIRRIG;0.5727656743987338;True;;-1.434742507237511;;-1.395122835920914;;;;;;;;;;;;-1.4574982880066116;-1.454917132262905;0.35636978040651446;;;;;;;;;;;;;;;;;;;;;;;;;;;;;;;;;;;;;;;;;;;;;;;;;;;;;;;;;;;;;;;;;;;
3;PLS-DA;286;B2_CD202_NIRRIG_REPROD00006.asd;B2;CD202;NIRRIG;D03M;manha;D03;NIRRIG;NIRRIG;0.5728819930252137;True;;-1.4357453991259912;;-1.3956533545501228;;;;;;;;;;;;-1.4587459948922337;-1.4562777912507492;0.3599328258080412;;;;;;;;;;;;;;;;;;;;;;;;;;;;;;;;;;;;;;;;;;;;;;;;;;;;;;;;;;;;;;;;;;;
3;PLS-DA;287;B2_CD202_NIRRIG_REPROD00007.asd;B2;CD202;NIRRIG;D03M;manha;D03;NIRRIG;NIRRIG;0.5698586877090647;True;;-1.4371104160563488;;-1.396865557520768;;;;;;;;;;;;-1.4603116868510995;-1.4576020228622704;0.35895720178797286;;;;;;;;;;;;;;;;;;;;;;;;;;;;;;;;;;;;;;;;;;;;;;;;;;;;;;;;;;;;;;;;;;;
3;RandomForest;272;B2_CD202_IRRIG_REPROD00000.asd;B2;CD202;IRRIG;D03M;manha;D03;IRRIG;IRRIG;0.034;True;;-1.4828995011304644;;-1.4517378822061615;;;;;;;;;;;;-1.4975650335939403;-1.4892194006219448;0.3931659180022311;;;;;;;;;;;;;;;;;;;;;;;;;;;;;;;;;;;;;;;;;;;;;;;;;;;;;;;;;;;;;;;;;;;
3;RandomForest;273;B2_CD202_IRRIG_REPROD00001.asd;B2;CD202;IRRIG;D03M;manha;D03;IRRIG;IRRIG;0.032;True;;-1.4842531806428887;;-1.4526794295565928;;;;;;;;;;;;-1.4995538264766184;-1.4909608971335666;0.39033120040817226;;;;;;;;;;;;;;;;;;;;;;;;;;;;;;;;;;;;;;;;;;;;;;;;;;;;;;;;;;;;;;;;;;;
3;RandomForest;274;B2_CD202_IRRIG_REPROD00002.asd;B2;CD202;IRRIG;D03M;manha;D03;IRRIG;IRRIG;0.016;True;;-1.4883636207024156;;-1.4564360605820892;;;;;;;;;;;;-1.5032685836569049;-1.4945019951998748;0.38816138052146765;;;;;;;;;;;;;;;;;;;;;;;;;;;;;;;;;;;;;;;;;;;;;;;;;;;;;;;;;;;;;;;;;;;
3;RandomForest;275;B2_CD202_IRRIG_REPROD00003.asd;B2;CD202;IRRIG;D03M;manha;D03;IRRIG;IRRIG;0.002;True;;-1.4920087396802892;;-1.4604083014752662;;;;;;;;;;;;-1.5077346941626826;-1.4990628893121274;0.3857370230210616;;;;;;;;;;;;;;;;;;;;;;;;;;;;;;;;;;;;;;;;;;;;;;;;;;;;;;;;;;;;;;;;;;;
3;RandomForest;276;B2_CD202_IRRIG_REPROD00004.asd;B2;CD202;IRRIG;D03M;manha;D03;IRRIG;IRRIG;0.002;True;;-1.506537499539044;;-1.4699986993024368;;;;;;;;;;;;-1.522229105326367;-1.5103447866547401;0.3946655484500572;;;;;;;;;;;;;;;;;;;;;;;;;;;;;;;;;;;;;;;;;;;;;;;;;;;;;;;;;;;;;;;;;;;
3;RandomForest;277;B2_CD202_IRRIG_REPROD00005.asd;B2;CD202;IRRIG;D03M;manha;D03;IRRIG;IRRIG;0.002;True;;-1.5083217955971486;;-1.4719758291914615;;;;;;;;;;;;-1.5248826358709393;-1.512810594393962;0.3926094165943974;;;;;;;;;;;;;;;;;;;;;;;;;;;;;;;;;;;;;;;;;;;;;;;;;;;;;;;;;;;;;;;;;;;
3;RandomForest;278;B2_CD202_IRRIG_REPROD00006.asd;B2;CD202;IRRIG;D03M;manha;D03;IRRIG;IRRIG;0.002;True;;-1.5099398678786835;;-1.4732231387193195;;;;;;;;;;;;-1.5264136358137956;-1.5145477083062893;0.39274866670505765;;;;;;;;;;;;;;;;;;;;;;;;;;;;;;;;;;;;;;;;;;;;;;;;;;;;;;;;;;;;;;;;;;;
3;RandomForest;279;B2_CD202_IRRIG_REPROD00007.asd;B2;CD202;IRRIG;D03M;manha;D03;IRRIG;IRRIG;0.002;True;;-1.5131917941159272;;-1.4759513991430426;;;;;;;;;;;;-1.5293886404614787;-1.5173605053588899;0.3911457857456251;;;;;;;;;;;;;;;;;;;;;;;;;;;;;;;;;;;;;;;;;;;;;;;;;;;;;;;;;;;;;;;;;;;
3;RandomForest;280;B2_CD202_NIRRIG_REPROD00000.asd;B2;CD202;NIRRIG;D03M;manha;D03;NIRRIG;NIRRIG;0.998;True;;-1.45659049839047;;-1.4103968985898252;;;;;;;;;;;;-1.4824972876229654;-1.4793634976836536;0.3932746829373019;;;;;;;;;;;;;;;;;;;;;;;;;;;;;;;;;;;;;;;;;;;;;;;;;;;;;;;;;;;;;;;;;;;
3;RandomForest;281;B2_CD202_NIRRIG_REPROD00001.asd;B2;CD202;NIRRIG;D03M;manha;D03;NIRRIG;NIRRIG;0.998;True;;-1.4539025742424543;;-1.4075577800211831;;;;;;;;;;;;-1.4801673799868618;-1.4775230081662802;0.4008303305970041;;;;;;;;;;;;;;;;;;;;;;;;;;;;;;;;;;;;;;;;;;;;;;;;;;;;;;;;;;;;;;;;;;;
3;RandomForest;282;B2_CD202_NIRRIG_REPROD00002.asd;B2;CD202;NIRRIG;D03M;manha;D03;NIRRIG;NIRRIG;0.998;True;;-1.4533127087068671;;-1.4066250779483094;;;;;;;;;;;;-1.4798510591575498;-1.4770049807050591;0.402141487783148;;;;;;;;;;;;;;;;;;;;;;;;;;;;;;;;;;;;;;;;;;;;;;;;;;;;;;;;;;;;;;;;;;;
3;RandomForest;283;B2_CD202_NIRRIG_REPROD00003.asd;B2;CD202;NIRRIG;D03M;manha;D03;NIRRIG;NIRRIG;0.998;True;;-1.4528059610779813;;-1.4058984373372476;;;;;;;;;;;;-1.4795288744927444;-1.4766971863610054;0.4038293884704119;;;;;;;;;;;;;;;;;;;;;;;;;;;;;;;;;;;;;;;;;;;;;;;;;;;;;;;;;;;;;;;;;;;
3;RandomForest;284;B2_CD202_NIRRIG_REPROD00004.asd;B2;CD202;NIRRIG;D03M;manha;D03;NIRRIG;NIRRIG;0.996;True;;-1.4350626895436749;;-1.3953472416187422;;;;;;;;;;;;-1.4567512227402784;-1.4547383355203274;0.35369413670109895;;;;;;;;;;;;;;;;;;;;;;;;;;;;;;;;;;;;;;;;;;;;;;;;;;;;;;;;;;;;;;;;;;;
3;RandomForest;285;B2_CD202_NIRRIG_REPROD00005.asd;B2;CD202;NIRRIG;D03M;manha;D03;NIRRIG;NIRRIG;0.996;True;;-1.434742507237511;;-1.395122835920914;;;;;;;;;;;;-1.4574982880066116;-1.454917132262905;0.35636978040651446;;;;;;;;;;;;;;;;;;;;;;;;;;;;;;;;;;;;;;;;;;;;;;;;;;;;;;;;;;;;;;;;;;;
3;RandomForest;286;B2_CD202_NIRRIG_REPROD00006.asd;B2;CD202;NIRRIG;D03M;manha;D03;NIRRIG;NIRRIG;0.996;True;;-1.4357453991259912;;-1.3956533545501228;;;;;;;;;;;;-1.4587459948922337;-1.4562777912507492;0.3599328258080412;;;;;;;;;;;;;;;;;;;;;;;;;;;;;;;;;;;;;;;;;;;;;;;;;;;;;;;;;;;;;;;;;;;
3;RandomForest;287;B2_CD202_NIRRIG_REPROD00007.asd;B2;CD202;NIRRIG;D03M;manha;D03;NIRRIG;NIRRIG;0.996;True;;-1.4371104160563488;;-1.396865557520768;;;;;;;;;;;;-1.4603116868510995;-1.4576020228622704;0.35895720178797286;;;;;;;;;;;;;;;;;;;;;;;;;;;;;;;;;;;;;;;;;;;;;;;;;;;;;;;;;;;;;;;;;;;
4;PLS-DA;256;B1_CD202_IRRIG_REPROD00000.asd;B1;CD202;IRRIG;D03M;manha;D03;IRRIG;IRRIG;0.43087818372846765;True;;-1.5070133484236639;;-1.4685427203377464;;;;;;;;;;;;-1.524108695748917;-1.5110587520176386;0.4053746576430047;;;;;;;;;;;;;;;;;;;;;;;;;;;;;;;;;;;;;;;;;;;;;;;;;;;;;;;;;;;;;;;;;;;
4;PLS-DA;257;B1_CD202_IRRIG_REPROD00001.asd;B1;CD202;IRRIG;D03M;manha;D03;IRRIG;IRRIG;0.42105433845888696;True;;-1.5117451563431823;;-1.47312191492302;;;;;;;;;;;;-1.5292980833648966;-1.5162504794635532;0.40387724033479055;;;;;;;;;;;;;;;;;;;;;;;;;;;;;;;;;;;;;;;;;;;;;;;;;;;;;;;;;;;;;;;;;;;
4;PLS-DA;258;B1_CD202_IRRIG_REPROD00002.asd;B1;CD202;IRRIG;D03M;manha;D03;IRRIG;IRRIG;0.418641553334593;True;;-1.5128611295312953;;-1.47369771917758;;;;;;;;;;;;-1.5301289988260083;-1.5173574941326333;0.40490096540979204;;;;;;;;;;;;;;;;;;;;;;;;;;;;;;;;;;;;;;;;;;;;;;;;;;;;;;;;;;;;;;;;;;;
4;PLS-DA;259;B1_CD202_IRRIG_REPROD00003.asd;B1;CD202;IRRIG;D03M;manha;D03;IRRIG;IRRIG;0.41221626104693704;True;;-1.5156066704059648;;-1.4763959995838762;;;;;;;;;;;;-1.5330124264430025;-1.5203221567397678;0.40538656278304;;;;;;;;;;;;;;;;;;;;;;;;;;;;;;;;;;;;;;;;;;;;;;;;;;;;;;;;;;;;;;;;;;;
4;PLS-DA;260;B1_CD202_IRRIG_REPROD00004.asd;B1;CD202;IRRIG;D03M;manha;D03;IRRIG;NIRRIG;0.5110818967235546;False;;-1.4774824672750853;;-1.4438674179960864;;;;;;;;;;;;-1.4940083761996341;-1.4868495843206633;0.37566429076852204;;;;;;;;;;;;;;;;;;;;;;;;;;;;;;;;;;;;;;;;;;;;;;;;;;;;;;;;;;;;;;;;;;;
4;PLS-DA;261;B1_CD202_IRRIG_REPROD00005.asd;B1;CD202;IRRIG;D03M;manha;D03;IRRIG;NIRRIG;0.5044666598054541;False;;-1.480205998013123;;-1.4462598912536302;;;;;;;;;;;;-1.496153115754682;-1.4888226759869352;0.37725236554327884;;;;;;;;;;;;;;;;;;;;;;;;;;;;;;;;;;;;;;;;;;;;;;;;;;;;;;;;;;;;;;;;;;;
4;PLS-DA;262;B1_CD202_IRRIG_REPROD00006.asd;B1;CD202;IRRIG;D03M;manha;D03;IRRIG;NIRRIG;0.5003515060155109;False;;-1.4813290032739705;;-1.4476976020001566;;;;;;;;;;;;-1.497988938386179;-1.4904788665347881;0.37877556362450004;;;;;;;;;;;;;;;;;;;;;;;;;;;;;;;;;;;;;;;;;;;;;;;;;;;;;;;;;;;;;;;;;;;
4;PLS-DA;263;B1_CD202_IRRIG_REPROD00007.asd;B1;CD202;IRRIG;D03M;manha;D03;IRRIG;IRRIG;0.49572248966659616;True;;-1.4832084746978136;;-1.449629357736257;;;;;;;;;;;;-1.4997996503165956;-1.4924569087750748;0.37924482451465413;;;;;;;;;;;;;;;;;;;;;;;;;;;;;;;;;;;;;;;;;;;;;;;;;;;;;;;;;;;;;;;;;;;
4;PLS-DA;264;B1_CD202_NIRRIG_REPROD00000.asd;B1;CD202;NIRRIG;D03M;manha;D03;NIRRIG;NIRRIG;0.6777727373343538;True;;-1.4192528792852777;;-1.3906137133754553;;;;;;;;;;;;-1.4342366451656974;-1.4307554844811277;0.2986741541401187;;;;;;;;;;;;;;;;;;;;;;;;;;;;;;;;;;;;;;;;;;;;;;;;;;;;;;;;;;;;;;;;;;;
4;PLS-DA;265;B1_CD202_NIRRIG_REPROD00001.asd;B1;CD202;NIRRIG;D03M;manha;D03;NIRRIG;NIRRIG;0.6719096297746435;True;;-1.4205231765246469;;-1.3915545467815955;;;;;;;;;;;;-1.4356213945329372;-1.4318535266076822;0.30556312021473525;;;;;;;;;;;;;;;;;;;;;;;;;;;;;;;;;;;;;;;;;;;;;;;;;;;;;;;;;;;;;;;;;;;
4;PLS-DA;266;B1_CD202_NIRRIG_REPROD00002.asd;B1;CD202;NIRRIG;D03M;manha;D03;NIRRIG;NIRRIG;0.667304973561504;True;;-1.4211074943234212;;-1.3915587874547077;;;;;;;;;;;;-1.4366424226621448;-1.4326501885669896;0.3128538214544265;;;;;;;;;;;;;;;;;;;;;;;;;;;;;;;;;;;;;;;;;;;;;;;;;;;;;;;;;;;;;;;;;;;
4;PLS-DA;267;B1_CD202_NIRRIG_REPROD00003.asd;B1;CD202;NIRRIG;D03M;manha;D03;NIRRIG;NIRRIG;0.6664215910131948;True;;-1.421617597260012;;-1.3916022442722435;;;;;;;;;;;;-1.4375699080152613;-1.4339974165873701;0.31310427777454886;;;;;;;;;;;;;;;;;;;;;;;;;;;;;;;;;;;;;;;;;;;;;;;;;;;;;;;;;;;;;;;;;;;
4;PLS-DA;268;B1_CD202_NIRRIG_REPROD00004.asd;B1;CD202;NIRRIG;D03M;manha;D03;NIRRIG;NIRRIG;0.6344363384335574;True;;-1.4222778203887632;;-1.3766014311658852;;;;;;;;;;;;-1.447662187402172;-1.4449449199803956;0.39195895210587217;;;;;;;;;;;;;;;;;;;;;;;;;;;;;;;;;;;;;;;;;;;;;;;;;;;;;;;;;;;;;;;;;;;
4;PLS-DA;269;B1_CD202_NIRRIG_REPROD00005.asd;B1;CD202;NIRRIG;D03M;manha;D03;NIRRIG;NIRRIG;0.6402423702356693;True;;-1.4198177072631455;;-1.3733174024130876;;;;;;;;;;;;-1.4452211824738193;-1.4419483288000883;0.3923753883721432;;;;;;;;;;;;;;;;;;;;;;;;;;;;;;;;;;;;;;;;;;;;;;;;;;;;;;;;;;;;;;;;;;;
4;PLS-DA;270;B1_CD202_NIRRIG_REPROD00006.asd;B1;CD202;NIRRIG;D03M;manha;D03;NIRRIG;NIRRIG;0.6426771780772705;True;;-1.4184588833858771;;-1.3714415476828241;;;;;;;;;;;;-1.444111658448288;-1.4415058928469582;0.3939689515916715;;;;;;;;;;;;;;;;;;;;;;;;;;;;;;;;;;;;;;;;;;;;;;;;;;;;;;;;;;;;;;;;;;;
4;PLS-DA;271;B1_CD202_NIRRIG_REPROD00007.asd;B1;CD202;NIRRIG;D03M;manha;D03;NIRRIG;NIRRIG;0.6427653112023042;True;;-1.4174486981140646;;-1.370577554782031;;;;;;;;;;;;-1.4448347913880821;-1.441239944066988;0.3962488764740424;;;;;;;;;;;;;;;;;;;;;;;;;;;;;;;;;;;;;;;;;;;;;;;;;;;;;;;;;;;;;;;;;;;
4;RandomForest;256;B1_CD202_IRRIG_REPROD00000.asd;B1;CD202;IRRIG;D03M;manha;D03;IRRIG;IRRIG;0.006;True;;-1.5070133484236639;;-1.4685427203377464;;;;;;;;;;;;-1.524108695748917;-1.5110587520176386;0.4053746576430047;;;;;;;;;;;;;;;;;;;;;;;;;;;;;;;;;;;;;;;;;;;;;;;;;;;;;;;;;;;;;;;;;;;
4;RandomForest;257;B1_CD202_IRRIG_REPROD00001.asd;B1;CD202;IRRIG;D03M;manha;D03;IRRIG;IRRIG;0.006;True;;-1.5117451563431823;;-1.47312191492302;;;;;;;;;;;;-1.5292980833648966;-1.5162504794635532;0.40387724033479055;;;;;;;;;;;;;;;;;;;;;;;;;;;;;;;;;;;;;;;;;;;;;;;;;;;;;;;;;;;;;;;;;;;
4;RandomForest;258;B1_CD202_IRRIG_REPROD00002.asd;B1;CD202;IRRIG;D03M;manha;D03;IRRIG;IRRIG;0.006;True;;-1.5128611295312953;;-1.47369771917758;;;;;;;;;;;;-1.5301289988260083;-1.5173574941326333;0.40490096540979204;;;;;;;;;;;;;;;;;;;;;;;;;;;;;;;;;;;;;;;;;;;;;;;;;;;;;;;;;;;;;;;;;;;
4;RandomForest;259;B1_CD202_IRRIG_REPROD00003.asd;B1;CD202;IRRIG;D03M;manha;D03;IRRIG;IRRIG;0.006;True;;-1.5156066704059648;;-1.4763959995838762;;;;;;;;;;;;-1.5330124264430025;-1.5203221567397678;0.40538656278304;;;;;;;;;;;;;;;;;;;;;;;;;;;;;;;;;;;;;;;;;;;;;;;;;;;;;;;;;;;;;;;;;;;
4;RandomForest;260;B1_CD202_IRRIG_REPROD00004.asd;B1;CD202;IRRIG;D03M;manha;D03;IRRIG;IRRIG;0.436;True;;-1.4774824672750853;;-1.4438674179960864;;;;;;;;;;;;-1.4940083761996341;-1.4868495843206633;0.37566429076852204;;;;;;;;;;;;;;;;;;;;;;;;;;;;;;;;;;;;;;;;;;;;;;;;;;;;;;;;;;;;;;;;;;;
4;RandomForest;261;B1_CD202_IRRIG_REPROD00005.asd;B1;CD202;IRRIG;D03M;manha;D03;IRRIG;IRRIG;0.364;True;;-1.480205998013123;;-1.4462598912536302;;;;;;;;;;;;-1.496153115754682;-1.4888226759869352;0.37725236554327884;;;;;;;;;;;;;;;;;;;;;;;;;;;;;;;;;;;;;;;;;;;;;;;;;;;;;;;;;;;;;;;;;;;
4;RandomForest;262;B1_CD202_IRRIG_REPROD00006.asd;B1;CD202;IRRIG;D03M;manha;D03;IRRIG;IRRIG;0.09;True;;-1.4813290032739705;;-1.4476976020001566;;;;;;;;;;;;-1.497988938386179;-1.4904788665347881;0.37877556362450004;;;;;;;;;;;;;;;;;;;;;;;;;;;;;;;;;;;;;;;;;;;;;;;;;;;;;;;;;;;;;;;;;;;
4;RandomForest;263;B1_CD202_IRRIG_REPROD00007.asd;B1;CD202;IRRIG;D03M;manha;D03;IRRIG;IRRIG;0.03;True;;-1.4832084746978136;;-1.449629357736257;;;;;;;;;;;;-1.4997996503165956;-1.4924569087750748;0.37924482451465413;;;;;;;;;;;;;;;;;;;;;;;;;;;;;;;;;;;;;;;;;;;;;;;;;;;;;;;;;;;;;;;;;;;
4;RandomForest;264;B1_CD202_NIRRIG_REPROD00000.asd;B1;CD202;NIRRIG;D03M;manha;D03;NIRRIG;NIRRIG;1.0;True;;-1.4192528792852777;;-1.3906137133754553;;;;;;;;;;;;-1.4342366451656974;-1.4307554844811277;0.2986741541401187;;;;;;;;;;;;;;;;;;;;;;;;;;;;;;;;;;;;;;;;;;;;;;;;;;;;;;;;;;;;;;;;;;;
4;RandomForest;265;B1_CD202_NIRRIG_REPROD00001.asd;B1;CD202;NIRRIG;D03M;manha;D03;NIRRIG;NIRRIG;1.0;True;;-1.4205231765246469;;-1.3915545467815955;;;;;;;;;;;;-1.4356213945329372;-1.4318535266076822;0.30556312021473525;;;;;;;;;;;;;;;;;;;;;;;;;;;;;;;;;;;;;;;;;;;;;;;;;;;;;;;;;;;;;;;;;;;
4;RandomForest;266;B1_CD202_NIRRIG_REPROD00002.asd;B1;CD202;NIRRIG;D03M;manha;D03;NIRRIG;NIRRIG;1.0;True;;-1.4211074943234212;;-1.3915587874547077;;;;;;;;;;;;-1.4366424226621448;-1.4326501885669896;0.3128538214544265;;;;;;;;;;;;;;;;;;;;;;;;;;;;;;;;;;;;;;;;;;;;;;;;;;;;;;;;;;;;;;;;;;;
4;RandomForest;267;B1_CD202_NIRRIG_REPROD00003.asd;B1;CD202;NIRRIG;D03M;manha;D03;NIRRIG;NIRRIG;1.0;True;;-1.421617597260012;;-1.3916022442722435;;;;;;;;;;;;-1.4375699080152613;-1.4339974165873701;0.31310427777454886;;;;;;;;;;;;;;;;;;;;;;;;;;;;;;;;;;;;;;;;;;;;;;;;;;;;;;;;;;;;;;;;;;;
4;RandomForest;268;B1_CD202_NIRRIG_REPROD00004.asd;B1;CD202;NIRRIG;D03M;manha;D03;NIRRIG;NIRRIG;1.0;True;;-1.4222778203887632;;-1.3766014311658852;;;;;;;;;;;;-1.447662187402172;-1.4449449199803956;0.39195895210587217;;;;;;;;;;;;;;;;;;;;;;;;;;;;;;;;;;;;;;;;;;;;;;;;;;;;;;;;;;;;;;;;;;;
4;RandomForest;269;B1_CD202_NIRRIG_REPROD00005.asd;B1;CD202;NIRRIG;D03M;manha;D03;NIRRIG;NIRRIG;1.0;True;;-1.4198177072631455;;-1.3733174024130876;;;;;;;;;;;;-1.4452211824738193;-1.4419483288000883;0.3923753883721432;;;;;;;;;;;;;;;;;;;;;;;;;;;;;;;;;;;;;;;;;;;;;;;;;;;;;;;;;;;;;;;;;;;
4;RandomForest;270;B1_CD202_NIRRIG_REPROD00006.asd;B1;CD202;NIRRIG;D03M;manha;D03;NIRRIG;NIRRIG;1.0;True;;-1.4184588833858771;;-1.3714415476828241;;;;;;;;;;;;-1.444111658448288;-1.4415058928469582;0.3939689515916715;;;;;;;;;;;;;;;;;;;;;;;;;;;;;;;;;;;;;;;;;;;;;;;;;;;;;;;;;;;;;;;;;;;
4;RandomForest;271;B1_CD202_NIRRIG_REPROD00007.asd;B1;CD202;NIRRIG;D03M;manha;D03;NIRRIG;NIRRIG;1.0;True;;-1.4174486981140646;;-1.370577554782031;;;;;;;;;;;;-1.4448347913880821;-1.441239944066988;0.3962488764740424;;;;;;;;;;;;;;;;;;;;;;;;;;;;;;;;;;;;;;;;;;;;;;;;;;;;;;;;;;;;;;;;;;;
1;PLS-DA;368;B4_EMB48_IRRIG_REPROD00000.asd;B4;EMB48;IRRIG;D03M;manha;D03;IRRIG;IRRIG;0.38630834799163954;True;;;;;;;;;;;;;;;;;;;-1.5479044086193041;-1.5220915948914726;-1.4792139644150448;-1.537651717327201;-1.4096773144968022;;;;;;;;;;;;;;;;;;;;;;;;;;;;;;;;;;;;;;;;;;;;;;;;;;;;;;;;;;;;;;
1;PLS-DA;369;B4_EMB48_IRRIG_REPROD00001.asd;B4;EMB48;IRRIG;D03M;manha;D03;IRRIG;IRRIG;0.38579172596230626;True;;;;;;;;;;;;;;;;;;;-1.5534341753687582;-1.5266573665020269;-1.4838781023091012;-1.5429735375815143;-1.4147274496784359;;;;;;;;;;;;;;;;;;;;;;;;;;;;;;;;;;;;;;;;;;;;;;;;;;;;;;;;;;;;;;
1;PLS-DA;370;B4_EMB48_IRRIG_REPROD00002.asd;B4;EMB48;IRRIG;D03M;manha;D03;IRRIG;IRRIG;0.3848562327351383;True;;;;;;;;;;;;;;;;;;;-1.5584576143033044;-1.5316965608850257;-1.4887973142944055;-1.5483193817397969;-1.4189925215505896;;;;;;;;;;;;;;;;;;;;;;;;;;;;;;;;;;;;;;;;;;;;;;;;;;;;;;;;;;;;;;
1;PLS-DA;371;B4_EMB48_IRRIG_REPROD00003.asd;B4;EMB48;IRRIG;D03M;manha;D03;IRRIG;IRRIG;0.37885913562254236;True;;;;;;;;;;;;;;;;;;;-1.5633968163951282;-1.5365207143922979;-1.4936153006575714;-1.5528395417728693;-1.4238346897363996;;;;;;;;;;;;;;;;;;;;;;;;;;;;;;;;;;;;;;;;;;;;;;;;;;;;;;;;;;;;;;
1;PLS-DA;372;B4_EMB48_IRRIG_REPROD00004.asd;B4;EMB48;IRRIG;D03M;manha;D03;IRRIG;IRRIG;0.40907468478557335;True;;;;;;;;;;;;;;;;;;;-1.5569341404254124;-1.5308401170958352;-1.4903073649917202;-1.5521292896641934;-1.4258455272026838;;;;;;;;;;;;;;;;;;;;;;;;;;;;;;;;;;;;;;;;;;;;;;;;;;;;;;;;;;;;;;
1;PLS-DA;373;B4_EMB48_IRRIG_REPROD00005.asd;B4;EMB48;IRRIG;D03M;manha;D03;IRRIG;IRRIG;0.4045397309262591;True;;;;;;;;;;;;;;;;;;;-1.5605160444813049;-1.5341198190788627;-1.4941439932697613;-1.555367778947583;-1.4288882574918325;;;;;;;;;;;;;;;;;;;;;;;;;;;;;;;;;;;;;;;;;;;;;;;;;;;;;;;;;;;;;;
1;PLS-DA;374;B4_EMB48_IRRIG_REPROD00006.asd;B4;EMB48;IRRIG;D03M;manha;D03;IRRIG;IRRIG;0.4046115415375601;True;;;;;;;;;;;;;;;;;;;-1.5648749186357958;-1.5383495072328601;-1.498073371860831;-1.5599675807716886;-1.432657977393872;;;;;;;;;;;;;;;;;;;;;;;;;;;;;;;;;;;;;;;;;;;;;;;;;;;;;;;;;;;;;;
1;PLS-DA;375;B4_EMB48_IRRIG_REPROD00007.asd;B4;EMB48;IRRIG;D03M;manha;D03;IRRIG;IRRIG;0.4020683406507826;True;;;;;;;;;;;;;;;;;;;-1.5668319430227027;-1.5400129938511948;-1.4998801462853124;-1.5615807351762012;-1.4343610259410369;;;;;;;;;;;;;;;;;;;;;;;;;;;;;;;;;;;;;;;;;;;;;;;;;;;;;;;;;;;;;;
1;PLS-DA;376;B4_EMB48_NIRRIG_REPROD00000.asd;B4;EMB48;NIRRIG;D03M;manha;D03;NIRRIG;NIRRIG;0.7067980100083969;True;;;;;;;;;;;;;;;;;;;-1.428348075486382;-1.3874383995340944;-1.3311633209418885;-1.4307488068923422;-1.245928720608535;;;;;;;;;;;;;;;;;;;;;;;;;;;;;;;;;;;;;;;;;;;;;;;;;;;;;;;;;;;;;;
1;PLS-DA;377;B4_EMB48_NIRRIG_REPROD00001.asd;B4;EMB48;NIRRIG;D03M;manha;D03;NIRRIG;NIRRIG;0.7165869631307674;True;;;;;;;;;;;;;;;;;;;-1.4230105498760268;-1.3814002479745713;-1.3249232554733588;-1.4257038402023368;-1.2390064257808988;;;;;;;;;;;;;;;;;;;;;;;;;;;;;;;;;;;;;;;;;;;;;;;;;;;;;;;;;;;;;;
1;PLS-DA;378;B4_EMB48_NIRRIG_REPROD00002.asd;B4;EMB48;NIRRIG;D03M;manha;D03;NIRRIG;NIRRIG;0.7231718669134957;True;;;;;;;;;;;;;;;;;;;-1.4194641692685088;-1.3774993064763015;-1.3201195323385535;-1.4221983388969015;-1.2341874728761146;;;;;;;;;;;;;;;;;;;;;;;;;;;;;;;;;;;;;;;;;;;;;;;;;;;;;;;;;;;;;;
1;PLS-DA;379;B4_EMB48_NIRRIG_REPROD00003.asd;B4;EMB48;NIRRIG;D03M;manha;D03;NIRRIG;NIRRIG;0.7269498678446124;True;;;;;;;;;;;;;;;;;;;-1.4175971226755872;-1.3754842319459932;-1.3179240891695934;-1.4205098393795155;-1.2313472345194627;;;;;;;;;;;;;;;;;;;;;;;;;;;;;;;;;;;;;;;;;;;;;;;;;;;;;;;;;;;;;;
1;PLS-DA;380;B4_EMB48_NIRRIG_REPROD00004.asd;B4;EMB48;NIRRIG;D03M;manha;D03;NIRRIG;NIRRIG;0.6636819217292893;True;;;;;;;;;;;;;;;;;;;-1.4972846199728795;-1.4566893507412495;-1.4010978879267992;-1.5010519642125726;-1.3161357909399596;;;;;;;;;;;;;;;;;;;;;;;;;;;;;;;;;;;;;;;;;;;;;;;;;;;;;;;;;;;;;;
1;PLS-DA;381;B4_EMB48_NIRRIG_REPROD00005.asd;B4;EMB48;NIRRIG;D03M;manha;D03;NIRRIG;NIRRIG;0.678945963344416;True;;;;;;;;;;;;;;;;;;;-1.4908118022148016;-1.4496694957575802;-1.3935988642595387;-1.4955115960547478;-1.3081526032887807;;;;;;;;;;;;;;;;;;;;;;;;;;;;;;;;;;;;;;;;;;;;;;;;;;;;;;;;;;;;;;
1;PLS-DA;382;B4_EMB48_NIRRIG_REPROD00006.asd;B4;EMB48;NIRRIG;D03M;manha;D03;NIRRIG;NIRRIG;0.684908007681397;True;;;;;;;;;;;;;;;;;;;-1.4894946718443711;-1.4478050981356219;-1.3911906067359847;-1.4942543650308118;-1.305332743507141;;;;;;;;;;;;;;;;;;;;;;;;;;;;;;;;;;;;;;;;;;;;;;;;;;;;;;;;;;;;;;
1;PLS-DA;383;B4_EMB48_NIRRIG_REPROD00007.asd;B4;EMB48;NIRRIG;D03M;manha;D03;NIRRIG;NIRRIG;0.6875054354098425;True;;;;;;;;;;;;;;;;;;;-1.4864642360547136;-1.4446543512542447;-1.3876701098091422;-1.4908931208818146;-1.30019094122458;;;;;;;;;;;;;;;;;;;;;;;;;;;;;;;;;;;;;;;;;;;;;;;;;;;;;;;;;;;;;;
1;RandomForest;368;B4_EMB48_IRRIG_REPROD00000.asd;B4;EMB48;IRRIG;D03M;manha;D03;IRRIG;IRRIG;0.0;True;;;;;;;;;;;;;;;;;;;-1.5479044086193041;-1.5220915948914726;-1.4792139644150448;-1.537651717327201;-1.4096773144968022;;;;;;;;;;;;;;;;;;;;;;;;;;;;;;;;;;;;;;;;;;;;;;;;;;;;;;;;;;;;;;
1;RandomForest;369;B4_EMB48_IRRIG_REPROD00001.asd;B4;EMB48;IRRIG;D03M;manha;D03;IRRIG;IRRIG;0.0;True;;;;;;;;;;;;;;;;;;;-1.5534341753687582;-1.5266573665020269;-1.4838781023091012;-1.5429735375815143;-1.4147274496784359;;;;;;;;;;;;;;;;;;;;;;;;;;;;;;;;;;;;;;;;;;;;;;;;;;;;;;;;;;;;;;
1;RandomForest;370;B4_EMB48_IRRIG_REPROD00002.asd;B4;EMB48;IRRIG;D03M;manha;D03;IRRIG;IRRIG;0.0;True;;;;;;;;;;;;;;;;;;;-1.5584576143033044;-1.5316965608850257;-1.4887973142944055;-1.5483193817397969;-1.4189925215505896;;;;;;;;;;;;;;;;;;;;;;;;;;;;;;;;;;;;;;;;;;;;;;;;;;;;;;;;;;;;;;
1;RandomForest;371;B4_EMB48_IRRIG_REPROD00003.asd;B4;EMB48;IRRIG;D03M;manha;D03;IRRIG;IRRIG;0.0;True;;;;;;;;;;;;;;;;;;;-1.5633968163951282;-1.5365207143922979;-1.4936153006575714;-1.5528395417728693;-1.4238346897363996;;;;;;;;;;;;;;;;;;;;;;;;;;;;;;;;;;;;;;;;;;;;;;;;;;;;;;;;;;;;;;
1;RandomForest;372;B4_EMB48_IRRIG_REPROD00004.asd;B4;EMB48;IRRIG;D03M;manha;D03;IRRIG;IRRIG;0.0;True;;;;;;;;;;;;;;;;;;;-1.5569341404254124;-1.5308401170958352;-1.4903073649917202;-1.5521292896641934;-1.4258455272026838;;;;;;;;;;;;;;;;;;;;;;;;;;;;;;;;;;;;;;;;;;;;;;;;;;;;;;;;;;;;;;
1;RandomForest;373;B4_EMB48_IRRIG_REPROD00005.asd;B4;EMB48;IRRIG;D03M;manha;D03;IRRIG;IRRIG;0.0;True;;;;;;;;;;;;;;;;;;;-1.5605160444813049;-1.5341198190788627;-1.4941439932697613;-1.555367778947583;-1.4288882574918325;;;;;;;;;;;;;;;;;;;;;;;;;;;;;;;;;;;;;;;;;;;;;;;;;;;;;;;;;;;;;;
1;RandomForest;374;B4_EMB48_IRRIG_REPROD00006.asd;B4;EMB48;IRRIG;D03M;manha;D03;IRRIG;IRRIG;0.0;True;;;;;;;;;;;;;;;;;;;-1.5648749186357958;-1.5383495072328601;-1.498073371860831;-1.5599675807716886;-1.432657977393872;;;;;;;;;;;;;;;;;;;;;;;;;;;;;;;;;;;;;;;;;;;;;;;;;;;;;;;;;;;;;;
1;RandomForest;375;B4_EMB48_IRRIG_REPROD00007.asd;B4;EMB48;IRRIG;D03M;manha;D03;IRRIG;IRRIG;0.0;True;;;;;;;;;;;;;;;;;;;-1.5668319430227027;-1.5400129938511948;-1.4998801462853124;-1.5615807351762012;-1.4343610259410369;;;;;;;;;;;;;;;;;;;;;;;;;;;;;;;;;;;;;;;;;;;;;;;;;;;;;;;;;;;;;;
1;RandomForest;376;B4_EMB48_NIRRIG_REPROD00000.asd;B4;EMB48;NIRRIG;D03M;manha;D03;NIRRIG;NIRRIG;1.0;True;;;;;;;;;;;;;;;;;;;-1.428348075486382;-1.3874383995340944;-1.3311633209418885;-1.4307488068923422;-1.245928720608535;;;;;;;;;;;;;;;;;;;;;;;;;;;;;;;;;;;;;;;;;;;;;;;;;;;;;;;;;;;;;;
1;RandomForest;377;B4_EMB48_NIRRIG_REPROD00001.asd;B4;EMB48;NIRRIG;D03M;manha;D03;NIRRIG;NIRRIG;1.0;True;;;;;;;;;;;;;;;;;;;-1.4230105498760268;-1.3814002479745713;-1.3249232554733588;-1.4257038402023368;-1.2390064257808988;;;;;;;;;;;;;;;;;;;;;;;;;;;;;;;;;;;;;;;;;;;;;;;;;;;;;;;;;;;;;;
1;RandomForest;378;B4_EMB48_NIRRIG_REPROD00002.asd;B4;EMB48;NIRRIG;D03M;manha;D03;NIRRIG;NIRRIG;1.0;True;;;;;;;;;;;;;;;;;;;-1.4194641692685088;-1.3774993064763015;-1.3201195323385535;-1.4221983388969015;-1.2341874728761146;;;;;;;;;;;;;;;;;;;;;;;;;;;;;;;;;;;;;;;;;;;;;;;;;;;;;;;;;;;;;;
1;RandomForest;379;B4_EMB48_NIRRIG_REPROD00003.asd;B4;EMB48;NIRRIG;D03M;manha;D03;NIRRIG;NIRRIG;1.0;True;;;;;;;;;;;;;;;;;;;-1.4175971226755872;-1.3754842319459932;-1.3179240891695934;-1.4205098393795155;-1.2313472345194627;;;;;;;;;;;;;;;;;;;;;;;;;;;;;;;;;;;;;;;;;;;;;;;;;;;;;;;;;;;;;;
1;RandomForest;380;B4_EMB48_NIRRIG_REPROD00004.asd;B4;EMB48;NIRRIG;D03M;manha;D03;NIRRIG;NIRRIG;1.0;True;;;;;;;;;;;;;;;;;;;-1.4972846199728795;-1.4566893507412495;-1.4010978879267992;-1.5010519642125726;-1.3161357909399596;;;;;;;;;;;;;;;;;;;;;;;;;;;;;;;;;;;;;;;;;;;;;;;;;;;;;;;;;;;;;;
1;RandomForest;381;B4_EMB48_NIRRIG_REPROD00005.asd;B4;EMB48;NIRRIG;D03M;manha;D03;NIRRIG;NIRRIG;1.0;True;;;;;;;;;;;;;;;;;;;-1.4908118022148016;-1.4496694957575802;-1.3935988642595387;-1.4955115960547478;-1.3081526032887807;;;;;;;;;;;;;;;;;;;;;;;;;;;;;;;;;;;;;;;;;;;;;;;;;;;;;;;;;;;;;;
1;RandomForest;382;B4_EMB48_NIRRIG_REPROD00006.asd;B4;EMB48;NIRRIG;D03M;manha;D03;NIRRIG;NIRRIG;1.0;True;;;;;;;;;;;;;;;;;;;-1.4894946718443711;-1.4478050981356219;-1.3911906067359847;-1.4942543650308118;-1.305332743507141;;;;;;;;;;;;;;;;;;;;;;;;;;;;;;;;;;;;;;;;;;;;;;;;;;;;;;;;;;;;;;
1;RandomForest;383;B4_EMB48_NIRRIG_REPROD00007.asd;B4;EMB48;NIRRIG;D03M;manha;D03;NIRRIG;NIRRIG;1.0;True;;;;;;;;;;;;;;;;;;;-1.4864642360547136;-1.4446543512542447;-1.3876701098091422;-1.4908931208818146;-1.30019094122458;;;;;;;;;;;;;;;;;;;;;;;;;;;;;;;;;;;;;;;;;;;;;;;;;;;;;;;;;;;;;;
2;PLS-DA;352;B3_EMB48_IRRIG_REPROD00000.asd;B3;EMB48;IRRIG;D03M;manha;D03;IRRIG;IRRIG;0.3898841847589727;True;;;;;;;;;;;;;;;;;;;-1.547009449032465;-1.5208519735635635;-1.478912626099793;-1.5370700965784265;-1.4089484892496322;;;;;;;;;;;;;;;;;;;;;;;;;;;;;;;;;;;;;;;;;;;;;;;;;;;;;;;;;;;;;;
2;PLS-DA;353;B3_EMB48_IRRIG_REPROD00001.asd;B3;EMB48;IRRIG;D03M;manha;D03;IRRIG;IRRIG;0.38584234049159877;True;;;;;;;;;;;;;;;;;;;-1.550383438300066;-1.5244836911951438;-1.4819826821741295;-1.5408517100925476;-1.41264793131817;;;;;;;;;;;;;;;;;;;;;;;;;;;;;;;;;;;;;;;;;;;;;;;;;;;;;;;;;;;;;;
2;PLS-DA;354;B3_EMB48_IRRIG_REPROD00002.asd;B3;EMB48;IRRIG;D03M;manha;D03;IRRIG;IRRIG;0.3805280687218131;True;;;;;;;;;;;;;;;;;;;-1.554846007282396;-1.5287131875526778;-1.4863699536541073;-1.5453465545576284;-1.4167527985755504;;;;;;;;;;;;;;;;;;;;;;;;;;;;;;;;;;;;;;;;;;;;;;;;;;;;;;;;;;;;;;
2;PLS-DA;355;B3_EMB48_IRRIG_REPROD00003.asd;B3;EMB48;IRRIG;D03M;manha;D03;IRRIG;IRRIG;0.3774869859909099;True;;;;;;;;;;;;;;;;;;;-1.5583183587990506;-1.531969889598853;-1.48927835547057;-1.548684823765319;-1.4191750541893806;;;;;;;;;;;;;;;;;;;;;;;;;;;;;;;;;;;;;;;;;;;;;;;;;;;;;;;;;;;;;;
2;PLS-DA;356;B3_EMB48_IRRIG_REPROD00004.asd;B3;EMB48;IRRIG;D03M;manha;D03;IRRIG;IRRIG;0.3314614383057922;True;;;;;;;;;;;;;;;;;;;-1.5657087441800026;-1.5442925026270942;-1.5083447966172783;-1.5577757604453635;-1.448949896684819;;;;;;;;;;;;;;;;;;;;;;;;;;;;;;;;;;;;;;;;;;;;;;;;;;;;;;;;;;;;;;
2;PLS-DA;357;B3_EMB48_IRRIG_REPROD00005.asd;B3;EMB48;IRRIG;D03M;manha;D03;IRRIG;IRRIG;0.33271109274629085;True;;;;;;;;;;;;;;;;;;;-1.5661924994398144;-1.5441275402236236;-1.5083079131140027;-1.5583876100370977;-1.4489057330907769;;;;;;;;;;;;;;;;;;;;;;;;;;;;;;;;;;;;;;;;;;;;;;;;;;;;;;;;;;;;;;
2;PLS-DA;358;B3_EMB48_IRRIG_REPROD00006.asd;B3;EMB48;IRRIG;D03M;manha;D03;IRRIG;IRRIG;0.3302790483954424;True;;;;;;;;;;;;;;;;;;;-1.5669005048833533;-1.5454495789696643;-1.5091508344942792;-1.5585725835701243;-1.4494934902209784;;;;;;;;;;;;;;;;;;;;;;;;;;;;;;;;;;;;;;;;;;;;;;;;;;;;;;;;;;;;;;
2;PLS-DA;359;B3_EMB48_IRRIG_REPROD00007.asd;B3;EMB48;IRRIG;D03M;manha;D03;IRRIG;IRRIG;0.33143356306332306;True;;;;;;;;;;;;;;;;;;;-1.566348422878702;-1.5446660933457756;-1.5085933020361864;-1.5583344045160528;-1.449285153284009;;;;;;;;;;;;;;;;;;;;;;;;;;;;;;;;;;;;;;;;;;;;;;;;;;;;;;;;;;;;;;
2;PLS-DA;360;B3_EMB48_NIRRIG_REPROD00000.asd;B3;EMB48;NIRRIG;D03M;manha;D03;NIRRIG;NIRRIG;0.510326153734993;True;;;;;;;;;;;;;;;;;;;-1.4949337452867573;-1.463346540462231;-1.4185406834327283;-1.4963235707051017;-1.348915714739742;;;;;;;;;;;;;;;;;;;;;;;;;;;;;;;;;;;;;;;;;;;;;;;;;;;;;;;;;;;;;;
2;PLS-DA;361;B3_EMB48_NIRRIG_REPROD00001.asd;B3;EMB48;NIRRIG;D03M;manha;D03;NIRRIG;NIRRIG;0.5171619936419518;True;;;;;;;;;;;;;;;;;;;-1.4923690767568498;-1.4601022240203765;-1.4152831446254859;-1.4936605827724578;-1.3446516794559982;;;;;;;;;;;;;;;;;;;;;;;;;;;;;;;;;;;;;;;;;;;;;;;;;;;;;;;;;;;;;;
2;PLS-DA;362;B3_EMB48_NIRRIG_REPROD00002.asd;B3;EMB48;NIRRIG;D03M;manha;D03;NIRRIG;NIRRIG;0.5175864507134498;True;;;;;;;;;;;;;;;;;;;-1.4925543097117435;-1.461164320109034;-1.415384039466429;-1.494180609957667;-1.3441468499407672;;;;;;;;;;;;;;;;;;;;;;;;;;;;;;;;;;;;;;;;;;;;;;;;;;;;;;;;;;;;;;
2;PLS-DA;363;B3_EMB48_NIRRIG_REPROD00003.asd;B3;EMB48;NIRRIG;D03M;manha;D03;NIRRIG;NIRRIG;0.5268600380413825;True;;;;;;;;;;;;;;;;;;;-1.4883645520244104;-1.4562007839989444;-1.410144634728169;-1.4897119889710895;-1.3382676481711773;;;;;;;;;;;;;;;;;;;;;;;;;;;;;;;;;;;;;;;;;;;;;;;;;;;;;;;;;;;;;;
2;PLS-DA;364;B3_EMB48_NIRRIG_REPROD00004.asd;B3;EMB48;NIRRIG;D03M;manha;D03;NIRRIG;NIRRIG;0.6038277451395732;True;;;;;;;;;;;;;;;;;;;-1.4724338290803958;-1.4327374933157377;-1.3775162228571438;-1.4716490808515488;-1.2924093728256612;;;;;;;;;;;;;;;;;;;;;;;;;;;;;;;;;;;;;;;;;;;;;;;;;;;;;;;;;;;;;;
2;PLS-DA;365;B3_EMB48_NIRRIG_REPROD00005.asd;B3;EMB48;NIRRIG;D03M;manha;D03;NIRRIG;NIRRIG;0.6089056328985996;True;;;;;;;;;;;;;;;;;;;-1.472053392306433;-1.4320158927179503;-1.3761180166723368;-1.4719396118776233;-1.29036146001746;;;;;;;;;;;;;;;;;;;;;;;;;;;;;;;;;;;;;;;;;;;;;;;;;;;;;;;;;;;;;;
2;PLS-DA;366;B3_EMB48_NIRRIG_REPROD00006.asd;B3;EMB48;NIRRIG;D03M;manha;D03;NIRRIG;NIRRIG;0.615468683876075;True;;;;;;;;;;;;;;;;;;;-1.4687715250946116;-1.4284792882046613;-1.3720470130785019;-1.4686330174654123;-1.2861026089173353;;;;;;;;;;;;;;;;;;;;;;;;;;;;;;;;;;;;;;;;;;;;;;;;;;;;;;;;;;;;;;
2;PLS-DA;367;B3_EMB48_NIRRIG_REPROD00007.asd;B3;EMB48;NIRRIG;D03M;manha;D03;NIRRIG;NIRRIG;0.6198787375623485;True;;;;;;;;;;;;;;;;;;;-1.465610595482867;-1.4256139957593355;-1.3683893099096653;-1.464993825428517;-1.2821755694105872;;;;;;;;;;;;;;;;;;;;;;;;;;;;;;;;;;;;;;;;;;;;;;;;;;;;;;;;;;;;;;
2;RandomForest;352;B3_EMB48_IRRIG_REPROD00000.asd;B3;EMB48;IRRIG;D03M;manha;D03;IRRIG;IRRIG;0.0;True;;;;;;;;;;;;;;;;;;;-1.547009449032465;-1.5208519735635635;-1.478912626099793;-1.5370700965784265;-1.4089484892496322;;;;;;;;;;;;;;;;;;;;;;;;;;;;;;;;;;;;;;;;;;;;;;;;;;;;;;;;;;;;;;
2;RandomForest;353;B3_EMB48_IRRIG_REPROD00001.asd;B3;EMB48;IRRIG;D03M;manha;D03;IRRIG;IRRIG;0.0;True;;;;;;;;;;;;;;;;;;;-1.550383438300066;-1.5244836911951438;-1.4819826821741295;-1.5408517100925476;-1.41264793131817;;;;;;;;;;;;;;;;;;;;;;;;;;;;;;;;;;;;;;;;;;;;;;;;;;;;;;;;;;;;;;
2;RandomForest;354;B3_EMB48_IRRIG_REPROD00002.asd;B3;EMB48;IRRIG;D03M;manha;D03;IRRIG;IRRIG;0.0;True;;;;;;;;;;;;;;;;;;;-1.554846007282396;-1.5287131875526778;-1.4863699536541073;-1.5453465545576284;-1.4167527985755504;;;;;;;;;;;;;;;;;;;;;;;;;;;;;;;;;;;;;;;;;;;;;;;;;;;;;;;;;;;;;;
2;RandomForest;355;B3_EMB48_IRRIG_REPROD00003.asd;B3;EMB48;IRRIG;D03M;manha;D03;IRRIG;IRRIG;0.0;True;;;;;;;;;;;;;;;;;;;-1.5583183587990506;-1.531969889598853;-1.48927835547057;-1.548684823765319;-1.4191750541893806;;;;;;;;;;;;;;;;;;;;;;;;;;;;;;;;;;;;;;;;;;;;;;;;;;;;;;;;;;;;;;
2;RandomForest;356;B3_EMB48_IRRIG_REPROD00004.asd;B3;EMB48;IRRIG;D03M;manha;D03;IRRIG;IRRIG;0.0;True;;;;;;;;;;;;;;;;;;;-1.5657087441800026;-1.5442925026270942;-1.5083447966172783;-1.5577757604453635;-1.448949896684819;;;;;;;;;;;;;;;;;;;;;;;;;;;;;;;;;;;;;;;;;;;;;;;;;;;;;;;;;;;;;;
2;RandomForest;357;B3_EMB48_IRRIG_REPROD00005.asd;B3;EMB48;IRRIG;D03M;manha;D03;IRRIG;IRRIG;0.0;True;;;;;;;;;;;;;;;;;;;-1.5661924994398144;-1.5441275402236236;-1.5083079131140027;-1.5583876100370977;-1.4489057330907769;;;;;;;;;;;;;;;;;;;;;;;;;;;;;;;;;;;;;;;;;;;;;;;;;;;;;;;;;;;;;;
2;RandomForest;358;B3_EMB48_IRRIG_REPROD00006.asd;B3;EMB48;IRRIG;D03M;manha;D03;IRRIG;IRRIG;0.0;True;;;;;;;;;;;;;;;;;;;-1.5669005048833533;-1.5454495789696643;-1.5091508344942792;-1.5585725835701243;-1.4494934902209784;;;;;;;;;;;;;;;;;;;;;;;;;;;;;;;;;;;;;;;;;;;;;;;;;;;;;;;;;;;;;;
2;RandomForest;359;B3_EMB48_IRRIG_REPROD00007.asd;B3;EMB48;IRRIG;D03M;manha;D03;IRRIG;IRRIG;0.0;True;;;;;;;;;;;;;;;;;;;-1.566348422878702;-1.5446660933457756;-1.5085933020361864;-1.5583344045160528;-1.449285153284009;;;;;;;;;;;;;;;;;;;;;;;;;;;;;;;;;;;;;;;;;;;;;;;;;;;;;;;;;;;;;;
2;RandomForest;360;B3_EMB48_NIRRIG_REPROD00000.asd;B3;EMB48;NIRRIG;D03M;manha;D03;NIRRIG;NIRRIG;0.996;True;;;;;;;;;;;;;;;;;;;-1.4949337452867573;-1.463346540462231;-1.4185406834327283;-1.4963235707051017;-1.348915714739742;;;;;;;;;;;;;;;;;;;;;;;;;;;;;;;;;;;;;;;;;;;;;;;;;;;;;;;;;;;;;;
2;RandomForest;361;B3_EMB48_NIRRIG_REPROD00001.asd;B3;EMB48;NIRRIG;D03M;manha;D03;NIRRIG;NIRRIG;1.0;True;;;;;;;;;;;;;;;;;;;-1.4923690767568498;-1.4601022240203765;-1.4152831446254859;-1.4936605827724578;-1.3446516794559982;;;;;;;;;;;;;;;;;;;;;;;;;;;;;;;;;;;;;;;;;;;;;;;;;;;;;;;;;;;;;;
2;RandomForest;362;B3_EMB48_NIRRIG_REPROD00002.asd;B3;EMB48;NIRRIG;D03M;manha;D03;NIRRIG;NIRRIG;1.0;True;;;;;;;;;;;;;;;;;;;-1.4925543097117435;-1.461164320109034;-1.415384039466429;-1.494180609957667;-1.3441468499407672;;;;;;;;;;;;;;;;;;;;;;;;;;;;;;;;;;;;;;;;;;;;;;;;;;;;;;;;;;;;;;
2;RandomForest;363;B3_EMB48_NIRRIG_REPROD00003.asd;B3;EMB48;NIRRIG;D03M;manha;D03;NIRRIG;NIRRIG;1.0;True;;;;;;;;;;;;;;;;;;;-1.4883645520244104;-1.4562007839989444;-1.410144634728169;-1.4897119889710895;-1.3382676481711773;;;;;;;;;;;;;;;;;;;;;;;;;;;;;;;;;;;;;;;;;;;;;;;;;;;;;;;;;;;;;;
2;RandomForest;364;B3_EMB48_NIRRIG_REPROD00004.asd;B3;EMB48;NIRRIG;D03M;manha;D03;NIRRIG;NIRRIG;1.0;True;;;;;;;;;;;;;;;;;;;-1.4724338290803958;-1.4327374933157377;-1.3775162228571438;-1.4716490808515488;-1.2924093728256612;;;;;;;;;;;;;;;;;;;;;;;;;;;;;;;;;;;;;;;;;;;;;;;;;;;;;;;;;;;;;;
2;RandomForest;365;B3_EMB48_NIRRIG_REPROD00005.asd;B3;EMB48;NIRRIG;D03M;manha;D03;NIRRIG;NIRRIG;1.0;True;;;;;;;;;;;;;;;;;;;-1.472053392306433;-1.4320158927179503;-1.3761180166723368;-1.4719396118776233;-1.29036146001746;;;;;;;;;;;;;;;;;;;;;;;;;;;;;;;;;;;;;;;;;;;;;;;;;;;;;;;;;;;;;;
2;RandomForest;366;B3_EMB48_NIRRIG_REPROD00006.asd;B3;EMB48;NIRRIG;D03M;manha;D03;NIRRIG;NIRRIG;1.0;True;;;;;;;;;;;;;;;;;;;-1.4687715250946116;-1.4284792882046613;-1.3720470130785019;-1.4686330174654123;-1.2861026089173353;;;;;;;;;;;;;;;;;;;;;;;;;;;;;;;;;;;;;;;;;;;;;;;;;;;;;;;;;;;;;;
2;RandomForest;367;B3_EMB48_NIRRIG_REPROD00007.asd;B3;EMB48;NIRRIG;D03M;manha;D03;NIRRIG;NIRRIG;1.0;True;;;;;;;;;;;;;;;;;;;-1.465610595482867;-1.4256139957593355;-1.3683893099096653;-1.464993825428517;-1.2821755694105872;;;;;;;;;;;;;;;;;;;;;;;;;;;;;;;;;;;;;;;;;;;;;;;;;;;;;;;;;;;;;;
3;PLS-DA;336;B2_EMB48_IRRIG_REPROD00000.asd;B2;EMB48;IRRIG;D03M;manha;D03;IRRIG;IRRIG;0.4710277530812585;True;;;;;;;;;;;;;;;;;;;-1.5277289143180783;-1.4978003907784185;-1.4501527017323284;-1.5181556875737872;-1.3732968731080213;;;;;;;;;;;;;;;;;;;;;;;;;;;;;;;;;;;;;;;;;;;;;;;;;;;;;;;;;;;;;;
3;PLS-DA;337;B2_EMB48_IRRIG_REPROD00001.asd;B2;EMB48;IRRIG;D03M;manha;D03;IRRIG;IRRIG;0.4675663501026962;True;;;;;;;;;;;;;;;;;;;-1.534089448416942;-1.5041617005692902;-1.4561190022192694;-1.525127146861064;-1.3793916302853506;;;;;;;;;;;;;;;;;;;;;;;;;;;;;;;;;;;;;;;;;;;;;;;;;;;;;;;;;;;;;;
3;PLS-DA;338;B2_EMB48_IRRIG_REPROD00002.asd;B2;EMB48;IRRIG;D03M;manha;D03;IRRIG;IRRIG;0.4685394630450848;True;;;;;;;;;;;;;;;;;;;-1.5347113593004504;-1.5042899681693582;-1.456696256186006;-1.525455878802528;-1.3789967395330505;;;;;;;;;;;;;;;;;;;;;;;;;;;;;;;;;;;;;;;;;;;;;;;;;;;;;;;;;;;;;;
3;PLS-DA;339;B2_EMB48_IRRIG_REPROD00003.asd;B2;EMB48;IRRIG;D03M;manha;D03;IRRIG;IRRIG;0.46760451556520893;True;;;;;;;;;;;;;;;;;;;-1.536823822064103;-1.5064281696483988;-1.4581807396365207;-1.5272149870336058;-1.3805743262131136;;;;;;;;;;;;;;;;;;;;;;;;;;;;;;;;;;;;;;;;;;;;;;;;;;;;;;;;;;;;;;
3;PLS-DA;340;B2_EMB48_IRRIG_REPROD00004.asd;B2;EMB48;IRRIG;D03M;manha;D03;IRRIG;IRRIG;0.41909080120022696;True;;;;;;;;;;;;;;;;;;;-1.5506749940000806;-1.523124594213133;-1.479946529189354;-1.5425981379472253;-1.4098773597852792;;;;;;;;;;;;;;;;;;;;;;;;;;;;;;;;;;;;;;;;;;;;;;;;;;;;;;;;;;;;;;
3;PLS-DA;341;B2_EMB48_IRRIG_REPROD00005.asd;B2;EMB48;IRRIG;D03M;manha;D03;IRRIG;IRRIG;0.4182617289666302;True;;;;;;;;;;;;;;;;;;;-1.553215799267891;-1.525917686791231;-1.4823216843222988;-1.5448076778995594;-1.4112383188504487;;;;;;;;;;;;;;;;;;;;;;;;;;;;;;;;;;;;;;;;;;;;;;;;;;;;;;;;;;;;;;
3;PLS-DA;342;B2_EMB48_IRRIG_REPROD00006.asd;B2;EMB48;IRRIG;D03M;manha;D03;IRRIG;IRRIG;0.4174507903409689;True;;;;;;;;;;;;;;;;;;;-1.5563056232902341;-1.5287360763673514;-1.484881034405835;-1.5475012200893783;-1.4132166138457145;;;;;;;;;;;;;;;;;;;;;;;;;;;;;;;;;;;;;;;;;;;;;;;;;;;;;;;;;;;;;;
3;PLS-DA;343;B2_EMB48_IRRIG_REPROD00007.asd;B2;EMB48;IRRIG;D03M;manha;D03;IRRIG;IRRIG;0.41564495940507457;True;;;;;;;;;;;;;;;;;;;-1.5591689477355528;-1.5313132160023826;-1.4871907681013665;-1.55023570405097;-1.4159963747725033;;;;;;;;;;;;;;;;;;;;;;;;;;;;;;;;;;;;;;;;;;;;;;;;;;;;;;;;;;;;;;
3;PLS-DA;344;B2_EMB48_NIRRIG_REPROD00000.asd;B2;EMB48;NIRRIG;D03M;manha;D03;NIRRIG;IRRIG;0.4766799499263849;False;;;;;;;;;;;;;;;;;;;-1.488598080204485;-1.4604821736058167;-1.4212678068028894;-1.4927381148165522;-1.3595208466370656;;;;;;;;;;;;;;;;;;;;;;;;;;;;;;;;;;;;;;;;;;;;;;;;;;;;;;;;;;;;;;
3;PLS-DA;345;B2_EMB48_NIRRIG_REPROD00001.asd;B2;EMB48;NIRRIG;D03M;manha;D03;NIRRIG;IRRIG;0.479617599242401;False;;;;;;;;;;;;;;;;;;;-1.4892808272015063;-1.4607662519144977;-1.420904462276791;-1.493257969269679;-1.3589152665619666;;;;;;;;;;;;;;;;;;;;;;;;;;;;;;;;;;;;;;;;;;;;;;;;;;;;;;;;;;;;;;
3;PLS-DA;346;B2_EMB48_NIRRIG_REPROD00002.asd;B2;EMB48;NIRRIG;D03M;manha;D03;NIRRIG;IRRIG;0.48355371343840114;False;;;;;;;;;;;;;;;;;;;-1.4887742641954123;-1.4599435445808038;-1.419764862226051;-1.4927769079906676;-1.3570740233937009;;;;;;;;;;;;;;;;;;;;;;;;;;;;;;;;;;;;;;;;;;;;;;;;;;;;;;;;;;;;;;
3;PLS-DA;347;B2_EMB48_NIRRIG_REPROD00003.asd;B2;EMB48;NIRRIG;D03M;manha;D03;NIRRIG;IRRIG;0.4863707220194715;False;;;;;;;;;;;;;;;;;;;-1.4897920415987314;-1.461139392847539;-1.420302471981228;-1.494170376027594;-1.3567606417939468;;;;;;;;;;;;;;;;;;;;;;;;;;;;;;;;;;;;;;;;;;;;;;;;;;;;;;;;;;;;;;
3;PLS-DA;348;B2_EMB48_NIRRIG_REPROD00004.asd;B2;EMB48;NIRRIG;D03M;manha;D03;NIRRIG;NIRRIG;0.5663036237694092;True;;;;;;;;;;;;;;;;;;;-1.4491584227069714;-1.416575198457749;-1.3690279067290898;-1.448174928764891;-1.294637749539582;;;;;;;;;;;;;;;;;;;;;;;;;;;;;;;;;;;;;;;;;;;;;;;;;;;;;;;;;;;;;;
3;PLS-DA;349;B2_EMB48_NIRRIG_REPROD00005.asd;B2;EMB48;NIRRIG;D03M;manha;D03;NIRRIG;NIRRIG;0.5695229761390016;True;;;;;;;;;;;;;;;;;;;-1.4473989737321975;-1.4146879782965214;-1.367031301265488;-1.4464731563554432;-1.2922353550267085;;;;;;;;;;;;;;;;;;;;;;;;;;;;;;;;;;;;;;;;;;;;;;;;;;;;;;;;;;;;;;
3;PLS-DA;350;B2_EMB48_NIRRIG_REPROD00006.asd;B2;EMB48;NIRRIG;D03M;manha;D03;NIRRIG;NIRRIG;0.57618448555982;True;;;;;;;;;;;;;;;;;;;-1.4461013664211342;-1.4128987766936005;-1.3645995484695508;-1.4453248710277622;-1.2889864103268227;;;;;;;;;;;;;;;;;;;;;;;;;;;;;;;;;;;;;;;;;;;;;;;;;;;;;;;;;;;;;;
3;PLS-DA;351;B2_EMB48_NIRRIG_REPROD00007.asd;B2;EMB48;NIRRIG;D03M;manha;D03;NIRRIG;NIRRIG;0.5810491110931607;True;;;;;;;;;;;;;;;;;;;-1.4458938210604666;-1.4123303778659564;-1.3628028511449715;-1.4446956394919865;-1.2868723015979902;;;;;;;;;;;;;;;;;;;;;;;;;;;;;;;;;;;;;;;;;;;;;;;;;;;;;;;;;;;;;;
3;RandomForest;336;B2_EMB48_IRRIG_REPROD00000.asd;B2;EMB48;IRRIG;D03M;manha;D03;IRRIG;IRRIG;0.004;True;;;;;;;;;;;;;;;;;;;-1.5277289143180783;-1.4978003907784185;-1.4501527017323284;-1.5181556875737872;-1.3732968731080213;;;;;;;;;;;;;;;;;;;;;;;;;;;;;;;;;;;;;;;;;;;;;;;;;;;;;;;;;;;;;;
3;RandomForest;337;B2_EMB48_IRRIG_REPROD00001.asd;B2;EMB48;IRRIG;D03M;manha;D03;IRRIG;IRRIG;0.0;True;;;;;;;;;;;;;;;;;;;-1.534089448416942;-1.5041617005692902;-1.4561190022192694;-1.525127146861064;-1.3793916302853506;;;;;;;;;;;;;;;;;;;;;;;;;;;;;;;;;;;;;;;;;;;;;;;;;;;;;;;;;;;;;;
3;RandomForest;338;B2_EMB48_IRRIG_REPROD00002.asd;B2;EMB48;IRRIG;D03M;manha;D03;IRRIG;IRRIG;0.0;True;;;;;;;;;;;;;;;;;;;-1.5347113593004504;-1.5042899681693582;-1.456696256186006;-1.525455878802528;-1.3789967395330505;;;;;;;;;;;;;;;;;;;;;;;;;;;;;;;;;;;;;;;;;;;;;;;;;;;;;;;;;;;;;;
3;RandomForest;339;B2_EMB48_IRRIG_REPROD00003.asd;B2;EMB48;IRRIG;D03M;manha;D03;IRRIG;IRRIG;0.0;True;;;;;;;;;;;;;;;;;;;-1.536823822064103;-1.5064281696483988;-1.4581807396365207;-1.5272149870336058;-1.3805743262131136;;;;;;;;;;;;;;;;;;;;;;;;;;;;;;;;;;;;;;;;;;;;;;;;;;;;;;;;;;;;;;
3;RandomForest;340;B2_EMB48_IRRIG_REPROD00004.asd;B2;EMB48;IRRIG;D03M;manha;D03;IRRIG;IRRIG;0.0;True;;;;;;;;;;;;;;;;;;;-1.5506749940000806;-1.523124594213133;-1.479946529189354;-1.5425981379472253;-1.4098773597852792;;;;;;;;;;;;;;;;;;;;;;;;;;;;;;;;;;;;;;;;;;;;;;;;;;;;;;;;;;;;;;
3;RandomForest;341;B2_EMB48_IRRIG_REPROD00005.asd;B2;EMB48;IRRIG;D03M;manha;D03;IRRIG;IRRIG;0.0;True;;;;;;;;;;;;;;;;;;;-1.553215799267891;-1.525917686791231;-1.4823216843222988;-1.5448076778995594;-1.4112383188504487;;;;;;;;;;;;;;;;;;;;;;;;;;;;;;;;;;;;;;;;;;;;;;;;;;;;;;;;;;;;;;
3;RandomForest;342;B2_EMB48_IRRIG_REPROD00006.asd;B2;EMB48;IRRIG;D03M;manha;D03;IRRIG;IRRIG;0.0;True;;;;;;;;;;;;;;;;;;;-1.5563056232902341;-1.5287360763673514;-1.484881034405835;-1.5475012200893783;-1.4132166138457145;;;;;;;;;;;;;;;;;;;;;;;;;;;;;;;;;;;;;;;;;;;;;;;;;;;;;;;;;;;;;;
3;RandomForest;343;B2_EMB48_IRRIG_REPROD00007.asd;B2;EMB48;IRRIG;D03M;manha;D03;IRRIG;IRRIG;0.0;True;;;;;;;;;;;;;;;;;;;-1.5591689477355528;-1.5313132160023826;-1.4871907681013665;-1.55023570405097;-1.4159963747725033;;;;;;;;;;;;;;;;;;;;;;;;;;;;;;;;;;;;;;;;;;;;;;;;;;;;;;;;;;;;;;
3;RandomForest;344;B2_EMB48_NIRRIG_REPROD00000.asd;B2;EMB48;NIRRIG;D03M;manha;D03;NIRRIG;NIRRIG;0.996;True;;;;;;;;;;;;;;;;;;;-1.488598080204485;-1.4604821736058167;-1.4212678068028894;-1.4927381148165522;-1.3595208466370656;;;;;;;;;;;;;;;;;;;;;;;;;;;;;;;;;;;;;;;;;;;;;;;;;;;;;;;;;;;;;;
3;RandomForest;345;B2_EMB48_NIRRIG_REPROD00001.asd;B2;EMB48;NIRRIG;D03M;manha;D03;NIRRIG;NIRRIG;0.996;True;;;;;;;;;;;;;;;;;;;-1.4892808272015063;-1.4607662519144977;-1.420904462276791;-1.493257969269679;-1.3589152665619666;;;;;;;;;;;;;;;;;;;;;;;;;;;;;;;;;;;;;;;;;;;;;;;;;;;;;;;;;;;;;;
3;RandomForest;346;B2_EMB48_NIRRIG_REPROD00002.asd;B2;EMB48;NIRRIG;D03M;manha;D03;NIRRIG;NIRRIG;0.996;True;;;;;;;;;;;;;;;;;;;-1.4887742641954123;-1.4599435445808038;-1.419764862226051;-1.4927769079906676;-1.3570740233937009;;;;;;;;;;;;;;;;;;;;;;;;;;;;;;;;;;;;;;;;;;;;;;;;;;;;;;;;;;;;;;
3;RandomForest;347;B2_EMB48_NIRRIG_REPROD00003.asd;B2;EMB48;NIRRIG;D03M;manha;D03;NIRRIG;NIRRIG;0.996;True;;;;;;;;;;;;;;;;;;;-1.4897920415987314;-1.461139392847539;-1.420302471981228;-1.494170376027594;-1.3567606417939468;;;;;;;;;;;;;;;;;;;;;;;;;;;;;;;;;;;;;;;;;;;;;;;;;;;;;;;;;;;;;;
3;RandomForest;348;B2_EMB48_NIRRIG_REPROD00004.asd;B2;EMB48;NIRRIG;D03M;manha;D03;NIRRIG;NIRRIG;1.0;True;;;;;;;;;;;;;;;;;;;-1.4491584227069714;-1.416575198457749;-1.3690279067290898;-1.448174928764891;-1.294637749539582;;;;;;;;;;;;;;;;;;;;;;;;;;;;;;;;;;;;;;;;;;;;;;;;;;;;;;;;;;;;;;
3;RandomForest;349;B2_EMB48_NIRRIG_REPROD00005.asd;B2;EMB48;NIRRIG;D03M;manha;D03;NIRRIG;NIRRIG;1.0;True;;;;;;;;;;;;;;;;;;;-1.4473989737321975;-1.4146879782965214;-1.367031301265488;-1.4464731563554432;-1.2922353550267085;;;;;;;;;;;;;;;;;;;;;;;;;;;;;;;;;;;;;;;;;;;;;;;;;;;;;;;;;;;;;;
3;RandomForest;350;B2_EMB48_NIRRIG_REPROD00006.asd;B2;EMB48;NIRRIG;D03M;manha;D03;NIRRIG;NIRRIG;1.0;True;;;;;;;;;;;;;;;;;;;-1.4461013664211342;-1.4128987766936005;-1.3645995484695508;-1.4453248710277622;-1.2889864103268227;;;;;;;;;;;;;;;;;;;;;;;;;;;;;;;;;;;;;;;;;;;;;;;;;;;;;;;;;;;;;;
3;RandomForest;351;B2_EMB48_NIRRIG_REPROD00007.asd;B2;EMB48;NIRRIG;D03M;manha;D03;NIRRIG;NIRRIG;1.0;True;;;;;;;;;;;;;;;;;;;-1.4458938210604666;-1.4123303778659564;-1.3628028511449715;-1.4446956394919865;-1.2868723015979902;;;;;;;;;;;;;;;;;;;;;;;;;;;;;;;;;;;;;;;;;;;;;;;;;;;;;;;;;;;;;;
4;PLS-DA;320;B1_EMB48_IRRIG_REPROD00000.asd;B1;EMB48;IRRIG;D03M;manha;D03;IRRIG;IRRIG;0.4896141117327402;True;;;;;;;;;;;;;;;;;;;-1.5209259027400515;-1.4966636454131619;-1.4574822299171668;-1.513444796965425;-1.393787609718218;;;;;;;;;;;;;;;;;;;;;;;;;;;;;;;;;;;;;;;;;;;;;;;;;;;;;;;;;;;;;;
4;PLS-DA;321;B1_EMB48_IRRIG_REPROD00001.asd;B1;EMB48;IRRIG;D03M;manha;D03;IRRIG;IRRIG;0.4862685037655574;True;;;;;;;;;;;;;;;;;;;-1.5211622140931444;-1.4967319201252895;-1.4578807210905922;-1.5133411983826597;-1.3932772735160264;;;;;;;;;;;;;;;;;;;;;;;;;;;;;;;;;;;;;;;;;;;;;;;;;;;;;;;;;;;;;;
4;PLS-DA;322;B1_EMB48_IRRIG_REPROD00002.asd;B1;EMB48;IRRIG;D03M;manha;D03;IRRIG;IRRIG;0.4804290158570737;True;;;;;;;;;;;;;;;;;;;-1.5231365581947371;-1.4989304553701304;-1.4595305672225218;-1.5149821284297647;-1.3955121724395672;;;;;;;;;;;;;;;;;;;;;;;;;;;;;;;;;;;;;;;;;;;;;;;;;;;;;;;;;;;;;;
4;PLS-DA;323;B1_EMB48_IRRIG_REPROD00003.asd;B1;EMB48;IRRIG;D03M;manha;D03;IRRIG;IRRIG;0.4789835262402935;True;;;;;;;;;;;;;;;;;;;-1.5245860173372199;-1.5002010128876102;-1.4613329704796725;-1.5168945577195556;-1.396957546208936;;;;;;;;;;;;;;;;;;;;;;;;;;;;;;;;;;;;;;;;;;;;;;;;;;;;;;;;;;;;;;
4;PLS-DA;324;B1_EMB48_IRRIG_REPROD00004.asd;B1;EMB48;IRRIG;D03M;manha;D03;IRRIG;IRRIG;0.4909961836842453;True;;;;;;;;;;;;;;;;;;;-1.5268443909869118;-1.5046286721203013;-1.4685865544751728;-1.5193781780459077;-1.409698946225151;;;;;;;;;;;;;;;;;;;;;;;;;;;;;;;;;;;;;;;;;;;;;;;;;;;;;;;;;;;;;;
4;PLS-DA;325;B1_EMB48_IRRIG_REPROD00005.asd;B1;EMB48;IRRIG;D03M;manha;D03;IRRIG;IRRIG;0.48701429827826537;True;;;;;;;;;;;;;;;;;;;-1.528119230687921;-1.5049910288479034;-1.4691653200928205;-1.5201950781494158;-1.409873353278959;;;;;;;;;;;;;;;;;;;;;;;;;;;;;;;;;;;;;;;;;;;;;;;;;;;;;;;;;;;;;;
4;PLS-DA;326;B1_EMB48_IRRIG_REPROD00006.asd;B1;EMB48;IRRIG;D03M;manha;D03;IRRIG;NIRRIG;0.5022716732665974;False;;;;;;;;;;;;;;;;;;;-1.5242499757367656;-1.5021425798546448;-1.4665786355924388;-1.5171774723283253;-1.408743049386124;;;;;;;;;;;;;;;;;;;;;;;;;;;;;;;;;;;;;;;;;;;;;;;;;;;;;;;;;;;;;;
4;PLS-DA;327;B1_EMB48_IRRIG_REPROD00007.asd;B1;EMB48;IRRIG;D03M;manha;D03;IRRIG;NIRRIG;0.5090724206957611;False;;;;;;;;;;;;;;;;;;;-1.5211372353367891;-1.4996583887625585;-1.4642807692110695;-1.5139990731610355;-1.406504087741431;;;;;;;;;;;;;;;;;;;;;;;;;;;;;;;;;;;;;;;;;;;;;;;;;;;;;;;;;;;;;;
4;PLS-DA;328;B1_EMB48_NIRRIG_REPROD00000.asd;B1;EMB48;NIRRIG;D03M;manha;D03;NIRRIG;NIRRIG;0.5798470221377762;True;;;;;;;;;;;;;;;;;;;-1.4700132578692229;-1.4323528104572814;-1.3786691373116529;-1.4700359219986419;-1.2951028104671192;;;;;;;;;;;;;;;;;;;;;;;;;;;;;;;;;;;;;;;;;;;;;;;;;;;;;;;;;;;;;;
4;PLS-DA;329;B1_EMB48_NIRRIG_REPROD00001.asd;B1;EMB48;NIRRIG;D03M;manha;D03;NIRRIG;NIRRIG;0.5822783395419315;True;;;;;;;;;;;;;;;;;;;-1.4683222686578428;-1.4304519979508694;-1.3761711048603638;-1.4684496732972623;-1.2921706534148028;;;;;;;;;;;;;;;;;;;;;;;;;;;;;;;;;;;;;;;;;;;;;;;;;;;;;;;;;;;;;;
4;PLS-DA;330;B1_EMB48_NIRRIG_REPROD00002.asd;B1;EMB48;NIRRIG;D03M;manha;D03;NIRRIG;NIRRIG;0.586785680721244;True;;;;;;;;;;;;;;;;;;;-1.466482911010426;-1.4278151236890229;-1.3730006286505312;-1.4663603832596341;-1.2893281930585936;;;;;;;;;;;;;;;;;;;;;;;;;;;;;;;;;;;;;;;;;;;;;;;;;;;;;;;;;;;;;;
4;PLS-DA;331;B1_EMB48_NIRRIG_REPROD00003.asd;B1;EMB48;NIRRIG;D03M;manha;D03;NIRRIG;NIRRIG;0.5920612915177675;True;;;;;;;;;;;;;;;;;;;-1.463554707310752;-1.4249244467895146;-1.3699619150606543;-1.4632957941461144;-1.2859968012621101;;;;;;;;;;;;;;;;;;;;;;;;;;;;;;;;;;;;;;;;;;;;;;;;;;;;;;;;;;;;;;
4;PLS-DA;332;B1_EMB48_NIRRIG_REPROD00004.asd;B1;EMB48;NIRRIG;D03M;manha;D03;NIRRIG;NIRRIG;0.6892276356951527;True;;;;;;;;;;;;;;;;;;;-1.4308221398976313;-1.3953333831684576;-1.345475370251508;-1.430909529179162;-1.269289846987149;;;;;;;;;;;;;;;;;;;;;;;;;;;;;;;;;;;;;;;;;;;;;;;;;;;;;;;;;;;;;;
4;PLS-DA;333;B1_EMB48_NIRRIG_REPROD00005.asd;B1;EMB48;NIRRIG;D03M;manha;D03;NIRRIG;NIRRIG;0.6937620567127386;True;;;;;;;;;;;;;;;;;;;-1.4280394006541626;-1.3923174389601836;-1.342585851955526;-1.4281452335853428;-1.265616920099371;;;;;;;;;;;;;;;;;;;;;;;;;;;;;;;;;;;;;;;;;;;;;;;;;;;;;;;;;;;;;;
4;PLS-DA;334;B1_EMB48_NIRRIG_REPROD00006.asd;B1;EMB48;NIRRIG;D03M;manha;D03;NIRRIG;NIRRIG;0.6942151182232039;True;;;;;;;;;;;;;;;;;;;-1.427165716768871;-1.391312871355587;-1.3410895044324254;-1.4273509861783278;-1.263696635487506;;;;;;;;;;;;;;;;;;;;;;;;;;;;;;;;;;;;;;;;;;;;;;;;;;;;;;;;;;;;;;
4;PLS-DA;335;B1_EMB48_NIRRIG_REPROD00007.asd;B1;EMB48;NIRRIG;D03M;manha;D03;NIRRIG;NIRRIG;0.6977372765486946;True;;;;;;;;;;;;;;;;;;;-1.4244009231100259;-1.3887640684585905;-1.3377605138123656;-1.424854490947361;-1.2597440806153535;;;;;;;;;;;;;;;;;;;;;;;;;;;;;;;;;;;;;;;;;;;;;;;;;;;;;;;;;;;;;;
4;RandomForest;320;B1_EMB48_IRRIG_REPROD00000.asd;B1;EMB48;IRRIG;D03M;manha;D03;IRRIG;IRRIG;0.01;True;;;;;;;;;;;;;;;;;;;-1.5209259027400515;-1.4966636454131619;-1.4574822299171668;-1.513444796965425;-1.393787609718218;;;;;;;;;;;;;;;;;;;;;;;;;;;;;;;;;;;;;;;;;;;;;;;;;;;;;;;;;;;;;;
4;RandomForest;321;B1_EMB48_IRRIG_REPROD00001.asd;B1;EMB48;IRRIG;D03M;manha;D03;IRRIG;IRRIG;0.01;True;;;;;;;;;;;;;;;;;;;-1.5211622140931444;-1.4967319201252895;-1.4578807210905922;-1.5133411983826597;-1.3932772735160264;;;;;;;;;;;;;;;;;;;;;;;;;;;;;;;;;;;;;;;;;;;;;;;;;;;;;;;;;;;;;;
4;RandomForest;322;B1_EMB48_IRRIG_REPROD00002.asd;B1;EMB48;IRRIG;D03M;manha;D03;IRRIG;IRRIG;0.004;True;;;;;;;;;;;;;;;;;;;-1.5231365581947371;-1.4989304553701304;-1.4595305672225218;-1.5149821284297647;-1.3955121724395672;;;;;;;;;;;;;;;;;;;;;;;;;;;;;;;;;;;;;;;;;;;;;;;;;;;;;;;;;;;;;;
4;RandomForest;323;B1_EMB48_IRRIG_REPROD00003.asd;B1;EMB48;IRRIG;D03M;manha;D03;IRRIG;IRRIG;0.002;True;;;;;;;;;;;;;;;;;;;-1.5245860173372199;-1.5002010128876102;-1.4613329704796725;-1.5168945577195556;-1.396957546208936;;;;;;;;;;;;;;;;;;;;;;;;;;;;;;;;;;;;;;;;;;;;;;;;;;;;;;;;;;;;;;
4;RandomForest;324;B1_EMB48_IRRIG_REPROD00004.asd;B1;EMB48;IRRIG;D03M;manha;D03;IRRIG;IRRIG;0.0;True;;;;;;;;;;;;;;;;;;;-1.5268443909869118;-1.5046286721203013;-1.4685865544751728;-1.5193781780459077;-1.409698946225151;;;;;;;;;;;;;;;;;;;;;;;;;;;;;;;;;;;;;;;;;;;;;;;;;;;;;;;;;;;;;;
4;RandomForest;325;B1_EMB48_IRRIG_REPROD00005.asd;B1;EMB48;IRRIG;D03M;manha;D03;IRRIG;IRRIG;0.0;True;;;;;;;;;;;;;;;;;;;-1.528119230687921;-1.5049910288479034;-1.4691653200928205;-1.5201950781494158;-1.409873353278959;;;;;;;;;;;;;;;;;;;;;;;;;;;;;;;;;;;;;;;;;;;;;;;;;;;;;;;;;;;;;;
4;RandomForest;326;B1_EMB48_IRRIG_REPROD00006.asd;B1;EMB48;IRRIG;D03M;manha;D03;IRRIG;IRRIG;0.002;True;;;;;;;;;;;;;;;;;;;-1.5242499757367656;-1.5021425798546448;-1.4665786355924388;-1.5171774723283253;-1.408743049386124;;;;;;;;;;;;;;;;;;;;;;;;;;;;;;;;;;;;;;;;;;;;;;;;;;;;;;;;;;;;;;
4;RandomForest;327;B1_EMB48_IRRIG_REPROD00007.asd;B1;EMB48;IRRIG;D03M;manha;D03;IRRIG;IRRIG;0.01;True;;;;;;;;;;;;;;;;;;;-1.5211372353367891;-1.4996583887625585;-1.4642807692110695;-1.5139990731610355;-1.406504087741431;;;;;;;;;;;;;;;;;;;;;;;;;;;;;;;;;;;;;;;;;;;;;;;;;;;;;;;;;;;;;;
4;RandomForest;328;B1_EMB48_NIRRIG_REPROD00000.asd;B1;EMB48;NIRRIG;D03M;manha;D03;NIRRIG;NIRRIG;1.0;True;;;;;;;;;;;;;;;;;;;-1.4700132578692229;-1.4323528104572814;-1.3786691373116529;-1.4700359219986419;-1.2951028104671192;;;;;;;;;;;;;;;;;;;;;;;;;;;;;;;;;;;;;;;;;;;;;;;;;;;;;;;;;;;;;;
4;RandomForest;329;B1_EMB48_NIRRIG_REPROD00001.asd;B1;EMB48;NIRRIG;D03M;manha;D03;NIRRIG;NIRRIG;1.0;True;;;;;;;;;;;;;;;;;;;-1.4683222686578428;-1.4304519979508694;-1.3761711048603638;-1.4684496732972623;-1.2921706534148028;;;;;;;;;;;;;;;;;;;;;;;;;;;;;;;;;;;;;;;;;;;;;;;;;;;;;;;;;;;;;;
4;RandomForest;330;B1_EMB48_NIRRIG_REPROD00002.asd;B1;EMB48;NIRRIG;D03M;manha;D03;NIRRIG;NIRRIG;1.0;True;;;;;;;;;;;;;;;;;;;-1.466482911010426;-1.4278151236890229;-1.3730006286505312;-1.4663603832596341;-1.2893281930585936;;;;;;;;;;;;;;;;;;;;;;;;;;;;;;;;;;;;;;;;;;;;;;;;;;;;;;;;;;;;;;
4;RandomForest;331;B1_EMB48_NIRRIG_REPROD00003.asd;B1;EMB48;NIRRIG;D03M;manha;D03;NIRRIG;NIRRIG;1.0;True;;;;;;;;;;;;;;;;;;;-1.463554707310752;-1.4249244467895146;-1.3699619150606543;-1.4632957941461144;-1.2859968012621101;;;;;;;;;;;;;;;;;;;;;;;;;;;;;;;;;;;;;;;;;;;;;;;;;;;;;;;;;;;;;;
4;RandomForest;332;B1_EMB48_NIRRIG_REPROD00004.asd;B1;EMB48;NIRRIG;D03M;manha;D03;NIRRIG;NIRRIG;1.0;True;;;;;;;;;;;;;;;;;;;-1.4308221398976313;-1.3953333831684576;-1.345475370251508;-1.430909529179162;-1.269289846987149;;;;;;;;;;;;;;;;;;;;;;;;;;;;;;;;;;;;;;;;;;;;;;;;;;;;;;;;;;;;;;
4;RandomForest;333;B1_EMB48_NIRRIG_REPROD00005.asd;B1;EMB48;NIRRIG;D03M;manha;D03;NIRRIG;NIRRIG;1.0;True;;;;;;;;;;;;;;;;;;;-1.4280394006541626;-1.3923174389601836;-1.342585851955526;-1.4281452335853428;-1.265616920099371;;;;;;;;;;;;;;;;;;;;;;;;;;;;;;;;;;;;;;;;;;;;;;;;;;;;;;;;;;;;;;
4;RandomForest;334;B1_EMB48_NIRRIG_REPROD00006.asd;B1;EMB48;NIRRIG;D03M;manha;D03;NIRRIG;NIRRIG;1.0;True;;;;;;;;;;;;;;;;;;;-1.427165716768871;-1.391312871355587;-1.3410895044324254;-1.4273509861783278;-1.263696635487506;;;;;;;;;;;;;;;;;;;;;;;;;;;;;;;;;;;;;;;;;;;;;;;;;;;;;;;;;;;;;;
4;RandomForest;335;B1_EMB48_NIRRIG_REPROD00007.asd;B1;EMB48;NIRRIG;D03M;manha;D03;NIRRIG;NIRRIG;1.0;True;;;;;;;;;;;;;;;;;;;-1.4244009231100259;-1.3887640684585905;-1.3377605138123656;-1.424854490947361;-1.2597440806153535;;;;;;;;;;;;;;;;;;;;;;;;;;;;;;;;;;;;;;;;;;;;;;;;;;;;;;;;;;;;;;
1;PLS-DA;432;B4_BR16_IRRIG_REPROD00000.asd;B4;BR16;IRRIG;D04M;manha;D04;IRRIG;IRRIG;0.38515801416554274;True;;;;;;;;;;;;;;;;;;;;;;;;-0.38712135954924176;0.6363643145022885;0.7096252167760208;-1.3830349981048133;0.42724814557476953;;;;;;;;;;;;;;;;;;;;;;;;;;;;;;;;;;;;;;;;;;;;;;;;;;;;;;;;;
1;PLS-DA;433;B4_BR16_IRRIG_REPROD00001.asd;B4;BR16;IRRIG;D04M;manha;D04;IRRIG;IRRIG;0.376701400798926;True;;;;;;;;;;;;;;;;;;;;;;;;-0.3763718727522877;0.6360270378176082;0.7089579395953313;-1.3584423507466408;0.42656655156145196;;;;;;;;;;;;;;;;;;;;;;;;;;;;;;;;;;;;;;;;;;;;;;;;;;;;;;;;;
1;PLS-DA;434;B4_BR16_IRRIG_REPROD00002.asd;B4;BR16;IRRIG;D04M;manha;D04;IRRIG;IRRIG;0.3683122197717641;True;;;;;;;;;;;;;;;;;;;;;;;;-0.36670152092951785;0.6347078467238424;0.7078286277255254;-1.3316621373562596;0.42542150920218635;;;;;;;;;;;;;;;;;;;;;;;;;;;;;;;;;;;;;;;;;;;;;;;;;;;;;;;;;
1;PLS-DA;435;B4_BR16_IRRIG_REPROD00003.asd;B4;BR16;IRRIG;D04M;manha;D04;IRRIG;IRRIG;0.36304536731858067;True;;;;;;;;;;;;;;;;;;;;;;;;-0.3588638672730628;0.6332999078899471;0.7065089180626766;-1.3116397957033623;0.42458530939714445;;;;;;;;;;;;;;;;;;;;;;;;;;;;;;;;;;;;;;;;;;;;;;;;;;;;;;;;;
1;PLS-DA;436;B4_BR16_IRRIG_REPROD00004.asd;B4;BR16;IRRIG;D04M;manha;D04;IRRIG;IRRIG;0.3600849248506571;True;;;;;;;;;;;;;;;;;;;;;;;;-0.4382078487650878;0.6534214880418006;0.7244431094853228;-1.442280653549234;0.45015994802241405;;;;;;;;;;;;;;;;;;;;;;;;;;;;;;;;;;;;;;;;;;;;;;;;;;;;;;;;;
1;PLS-DA;437;B4_BR16_IRRIG_REPROD00005.asd;B4;BR16;IRRIG;D04M;manha;D04;IRRIG;IRRIG;0.3590134546441095;True;;;;;;;;;;;;;;;;;;;;;;;;-0.4272401313383826;0.647934338033035;0.7192067112839661;-1.410000557114387;0.44442119315939194;;;;;;;;;;;;;;;;;;;;;;;;;;;;;;;;;;;;;;;;;;;;;;;;;;;;;;;;;
1;PLS-DA;438;B4_BR16_IRRIG_REPROD00006.asd;B4;BR16;IRRIG;D04M;manha;D04;IRRIG;IRRIG;0.3707132598072941;True;;;;;;;;;;;;;;;;;;;;;;;;-0.41296808685785974;0.6396518987313939;0.7111157858920589;-1.3881702586761264;0.4361892663905299;;;;;;;;;;;;;;;;;;;;;;;;;;;;;;;;;;;;;;;;;;;;;;;;;;;;;;;;;
1;PLS-DA;439;B4_BR16_IRRIG_REPROD00007.asd;B4;BR16;IRRIG;D04M;manha;D04;IRRIG;IRRIG;0.36750580189972215;True;;;;;;;;;;;;;;;;;;;;;;;;-0.40701032861732234;0.6374392145599829;0.7090419197281116;-1.369313976283023;0.43411443665535565;;;;;;;;;;;;;;;;;;;;;;;;;;;;;;;;;;;;;;;;;;;;;;;;;;;;;;;;;
1;PLS-DA;440;B4_BR16_NIRRIG_REPROD00000.asd;B4;BR16;NIRRIG;D04M;manha;D04;NIRRIG;IRRIG;0.4931716681368266;False;;;;;;;;;;;;;;;;;;;;;;;;-0.35748259390282394;0.6382105429592967;0.7130640425913813;-1.5671898496783077;0.4252051937093653;;;;;;;;;;;;;;;;;;;;;;;;;;;;;;;;;;;;;;;;;;;;;;;;;;;;;;;;;
1;PLS-DA;441;B4_BR16_NIRRIG_REPROD00001.asd;B4;BR16;NIRRIG;D04M;manha;D04;NIRRIG;IRRIG;0.4986405297120424;False;;;;;;;;;;;;;;;;;;;;;;;;-0.35584639889652975;0.6359414475770727;0.7107658490000863;-1.5666896976321576;0.4236424509679336;;;;;;;;;;;;;;;;;;;;;;;;;;;;;;;;;;;;;;;;;;;;;;;;;;;;;;;;;
1;PLS-DA;442;B4_BR16_NIRRIG_REPROD00002.asd;B4;BR16;NIRRIG;D04M;manha;D04;NIRRIG;IRRIG;0.49352337788655254;False;;;;;;;;;;;;;;;;;;;;;;;;-0.35591904018258896;0.6358602299857161;0.7104273896394057;-1.557032466731618;0.4237194453387898;;;;;;;;;;;;;;;;;;;;;;;;;;;;;;;;;;;;;;;;;;;;;;;;;;;;;;;;;
1;PLS-DA;443;B4_BR16_NIRRIG_REPROD00003.asd;B4;BR16;NIRRIG;D04M;manha;D04;NIRRIG;IRRIG;0.49479430086509;False;;;;;;;;;;;;;;;;;;;;;;;;-0.35580417787012675;0.6360426728836174;0.7105445552414296;-1.5605006640866748;0.42447309151494417;;;;;;;;;;;;;;;;;;;;;;;;;;;;;;;;;;;;;;;;;;;;;;;;;;;;;;;;;
1;PLS-DA;444;B4_BR16_NIRRIG_REPROD00004.asd;B4;BR16;NIRRIG;D04M;manha;D04;NIRRIG;NIRRIG;0.6609368613823586;True;;;;;;;;;;;;;;;;;;;;;;;;-0.2525576557668627;0.5850272767154504;0.667502141808462;-1.578850607648865;0.3575710671083752;;;;;;;;;;;;;;;;;;;;;;;;;;;;;;;;;;;;;;;;;;;;;;;;;;;;;;;;;
1;PLS-DA;445;B4_BR16_NIRRIG_REPROD00005.asd;B4;BR16;NIRRIG;D04M;manha;D04;NIRRIG;NIRRIG;0.6605073290634553;True;;;;;;;;;;;;;;;;;;;;;;;;-0.2515410304971885;0.5856816130380224;0.6678029098325425;-1.5799477458533242;0.3585223314728126;;;;;;;;;;;;;;;;;;;;;;;;;;;;;;;;;;;;;;;;;;;;;;;;;;;;;;;;;
1;PLS-DA;446;B4_BR16_NIRRIG_REPROD00006.asd;B4;BR16;NIRRIG;D04M;manha;D04;NIRRIG;NIRRIG;0.6592647591507145;True;;;;;;;;;;;;;;;;;;;;;;;;-0.2510880776457375;0.5854338421269711;0.6674691785029128;-1.5766436931208332;0.35888272335888266;;;;;;;;;;;;;;;;;;;;;;;;;;;;;;;;;;;;;;;;;;;;;;;;;;;;;;;;;
1;PLS-DA;447;B4_BR16_NIRRIG_REPROD00007.asd;B4;BR16;NIRRIG;D04M;manha;D04;NIRRIG;NIRRIG;0.6517777640142332;True;;;;;;;;;;;;;;;;;;;;;;;;-0.25721587533087287;0.5883370873197327;0.6700282482212715;-1.5779009041757883;0.36202955025451716;;;;;;;;;;;;;;;;;;;;;;;;;;;;;;;;;;;;;;;;;;;;;;;;;;;;;;;;;
1;RandomForest;432;B4_BR16_IRRIG_REPROD00000.asd;B4;BR16;IRRIG;D04M;manha;D04;IRRIG;IRRIG;0.006;True;;;;;;;;;;;;;;;;;;;;;;;;-0.38712135954924176;0.6363643145022885;0.7096252167760208;-1.3830349981048133;0.42724814557476953;;;;;;;;;;;;;;;;;;;;;;;;;;;;;;;;;;;;;;;;;;;;;;;;;;;;;;;;;
1;RandomForest;433;B4_BR16_IRRIG_REPROD00001.asd;B4;BR16;IRRIG;D04M;manha;D04;IRRIG;IRRIG;0.012;True;;;;;;;;;;;;;;;;;;;;;;;;-0.3763718727522877;0.6360270378176082;0.7089579395953313;-1.3584423507466408;0.42656655156145196;;;;;;;;;;;;;;;;;;;;;;;;;;;;;;;;;;;;;;;;;;;;;;;;;;;;;;;;;
1;RandomForest;434;B4_BR16_IRRIG_REPROD00002.asd;B4;BR16;IRRIG;D04M;manha;D04;IRRIG;IRRIG;0.018;True;;;;;;;;;;;;;;;;;;;;;;;;-0.36670152092951785;0.6347078467238424;0.7078286277255254;-1.3316621373562596;0.42542150920218635;;;;;;;;;;;;;;;;;;;;;;;;;;;;;;;;;;;;;;;;;;;;;;;;;;;;;;;;;
1;RandomForest;435;B4_BR16_IRRIG_REPROD00003.asd;B4;BR16;IRRIG;D04M;manha;D04;IRRIG;IRRIG;0.052;True;;;;;;;;;;;;;;;;;;;;;;;;-0.3588638672730628;0.6332999078899471;0.7065089180626766;-1.3116397957033623;0.42458530939714445;;;;;;;;;;;;;;;;;;;;;;;;;;;;;;;;;;;;;;;;;;;;;;;;;;;;;;;;;
1;RandomForest;436;B4_BR16_IRRIG_REPROD00004.asd;B4;BR16;IRRIG;D04M;manha;D04;IRRIG;IRRIG;0.0;True;;;;;;;;;;;;;;;;;;;;;;;;-0.4382078487650878;0.6534214880418006;0.7244431094853228;-1.442280653549234;0.45015994802241405;;;;;;;;;;;;;;;;;;;;;;;;;;;;;;;;;;;;;;;;;;;;;;;;;;;;;;;;;
1;RandomForest;437;B4_BR16_IRRIG_REPROD00005.asd;B4;BR16;IRRIG;D04M;manha;D04;IRRIG;IRRIG;0.0;True;;;;;;;;;;;;;;;;;;;;;;;;-0.4272401313383826;0.647934338033035;0.7192067112839661;-1.410000557114387;0.44442119315939194;;;;;;;;;;;;;;;;;;;;;;;;;;;;;;;;;;;;;;;;;;;;;;;;;;;;;;;;;
1;RandomForest;438;B4_BR16_IRRIG_REPROD00006.asd;B4;BR16;IRRIG;D04M;manha;D04;IRRIG;IRRIG;0.0;True;;;;;;;;;;;;;;;;;;;;;;;;-0.41296808685785974;0.6396518987313939;0.7111157858920589;-1.3881702586761264;0.4361892663905299;;;;;;;;;;;;;;;;;;;;;;;;;;;;;;;;;;;;;;;;;;;;;;;;;;;;;;;;;
1;RandomForest;439;B4_BR16_IRRIG_REPROD00007.asd;B4;BR16;IRRIG;D04M;manha;D04;IRRIG;IRRIG;0.0;True;;;;;;;;;;;;;;;;;;;;;;;;-0.40701032861732234;0.6374392145599829;0.7090419197281116;-1.369313976283023;0.43411443665535565;;;;;;;;;;;;;;;;;;;;;;;;;;;;;;;;;;;;;;;;;;;;;;;;;;;;;;;;;
1;RandomForest;440;B4_BR16_NIRRIG_REPROD00000.asd;B4;BR16;NIRRIG;D04M;manha;D04;NIRRIG;IRRIG;0.088;False;;;;;;;;;;;;;;;;;;;;;;;;-0.35748259390282394;0.6382105429592967;0.7130640425913813;-1.5671898496783077;0.4252051937093653;;;;;;;;;;;;;;;;;;;;;;;;;;;;;;;;;;;;;;;;;;;;;;;;;;;;;;;;;
1;RandomForest;441;B4_BR16_NIRRIG_REPROD00001.asd;B4;BR16;NIRRIG;D04M;manha;D04;NIRRIG;IRRIG;0.112;False;;;;;;;;;;;;;;;;;;;;;;;;-0.35584639889652975;0.6359414475770727;0.7107658490000863;-1.5666896976321576;0.4236424509679336;;;;;;;;;;;;;;;;;;;;;;;;;;;;;;;;;;;;;;;;;;;;;;;;;;;;;;;;;
1;RandomForest;442;B4_BR16_NIRRIG_REPROD00002.asd;B4;BR16;NIRRIG;D04M;manha;D04;NIRRIG;IRRIG;0.112;False;;;;;;;;;;;;;;;;;;;;;;;;-0.35591904018258896;0.6358602299857161;0.7104273896394057;-1.557032466731618;0.4237194453387898;;;;;;;;;;;;;;;;;;;;;;;;;;;;;;;;;;;;;;;;;;;;;;;;;;;;;;;;;
1;RandomForest;443;B4_BR16_NIRRIG_REPROD00003.asd;B4;BR16;NIRRIG;D04M;manha;D04;NIRRIG;IRRIG;0.112;False;;;;;;;;;;;;;;;;;;;;;;;;-0.35580417787012675;0.6360426728836174;0.7105445552414296;-1.5605006640866748;0.42447309151494417;;;;;;;;;;;;;;;;;;;;;;;;;;;;;;;;;;;;;;;;;;;;;;;;;;;;;;;;;
1;RandomForest;444;B4_BR16_NIRRIG_REPROD00004.asd;B4;BR16;NIRRIG;D04M;manha;D04;NIRRIG;NIRRIG;1.0;True;;;;;;;;;;;;;;;;;;;;;;;;-0.2525576557668627;0.5850272767154504;0.667502141808462;-1.578850607648865;0.3575710671083752;;;;;;;;;;;;;;;;;;;;;;;;;;;;;;;;;;;;;;;;;;;;;;;;;;;;;;;;;
1;RandomForest;445;B4_BR16_NIRRIG_REPROD00005.asd;B4;BR16;NIRRIG;D04M;manha;D04;NIRRIG;NIRRIG;1.0;True;;;;;;;;;;;;;;;;;;;;;;;;-0.2515410304971885;0.5856816130380224;0.6678029098325425;-1.5799477458533242;0.3585223314728126;;;;;;;;;;;;;;;;;;;;;;;;;;;;;;;;;;;;;;;;;;;;;;;;;;;;;;;;;
1;RandomForest;446;B4_BR16_NIRRIG_REPROD00006.asd;B4;BR16;NIRRIG;D04M;manha;D04;NIRRIG;NIRRIG;1.0;True;;;;;;;;;;;;;;;;;;;;;;;;-0.2510880776457375;0.5854338421269711;0.6674691785029128;-1.5766436931208332;0.35888272335888266;;;;;;;;;;;;;;;;;;;;;;;;;;;;;;;;;;;;;;;;;;;;;;;;;;;;;;;;;
1;RandomForest;447;B4_BR16_NIRRIG_REPROD00007.asd;B4;BR16;NIRRIG;D04M;manha;D04;NIRRIG;NIRRIG;1.0;True;;;;;;;;;;;;;;;;;;;;;;;;-0.25721587533087287;0.5883370873197327;0.6700282482212715;-1.5779009041757883;0.36202955025451716;;;;;;;;;;;;;;;;;;;;;;;;;;;;;;;;;;;;;;;;;;;;;;;;;;;;;;;;;
2;PLS-DA;416;B3_BR16_IRRIG_REPROD00000.asd;B3;BR16;IRRIG;D04M;manha;D04;IRRIG;NIRRIG;0.5327544968479894;False;;;;;;;;;;;;;;;;;;;;;;;;-0.43074700995304793;0.6460567073602075;0.7217874694871139;-1.5677974870604843;0.43294797874983576;;;;;;;;;;;;;;;;;;;;;;;;;;;;;;;;;;;;;;;;;;;;;;;;;;;;;;;;;
2;PLS-DA;417;B3_BR16_IRRIG_REPROD00001.asd;B3;BR16;IRRIG;D04M;manha;D04;IRRIG;NIRRIG;0.5327850167845162;False;;;;;;;;;;;;;;;;;;;;;;;;-0.4302669695788451;0.6479142195453015;0.7234323077582792;-1.571184356045849;0.4353047266836349;;;;;;;;;;;;;;;;;;;;;;;;;;;;;;;;;;;;;;;;;;;;;;;;;;;;;;;;;
2;PLS-DA;418;B3_BR16_IRRIG_REPROD00002.asd;B3;BR16;IRRIG;D04M;manha;D04;IRRIG;NIRRIG;0.5340584167860795;False;;;;;;;;;;;;;;;;;;;;;;;;-0.43071934492140157;0.6484706520238578;0.7237697790617769;-1.573677173792314;0.4362107419636338;;;;;;;;;;;;;;;;;;;;;;;;;;;;;;;;;;;;;;;;;;;;;;;;;;;;;;;;;
2;PLS-DA;419;B3_BR16_IRRIG_REPROD00003.asd;B3;BR16;IRRIG;D04M;manha;D04;IRRIG;NIRRIG;0.5337959325430136;False;;;;;;;;;;;;;;;;;;;;;;;;-0.4282736257369857;0.648036104664198;0.723199679196439;-1.5726997866068892;0.4362062583708358;;;;;;;;;;;;;;;;;;;;;;;;;;;;;;;;;;;;;;;;;;;;;;;;;;;;;;;;;
2;PLS-DA;420;B3_BR16_IRRIG_REPROD00004.asd;B3;BR16;IRRIG;D04M;manha;D04;IRRIG;IRRIG;0.4109102822784906;True;;;;;;;;;;;;;;;;;;;;;;;;-0.47224594753574867;0.6360231094760211;0.7169139558801398;-1.4168218386992408;0.4097265150538364;;;;;;;;;;;;;;;;;;;;;;;;;;;;;;;;;;;;;;;;;;;;;;;;;;;;;;;;;
2;PLS-DA;421;B3_BR16_IRRIG_REPROD00005.asd;B3;BR16;IRRIG;D04M;manha;D04;IRRIG;IRRIG;0.4087804096779162;True;;;;;;;;;;;;;;;;;;;;;;;;-0.4755324546735737;0.6322040085959276;0.7129690751960128;-1.4084675106566766;0.40617833754540256;;;;;;;;;;;;;;;;;;;;;;;;;;;;;;;;;;;;;;;;;;;;;;;;;;;;;;;;;
2;PLS-DA;422;B3_BR16_IRRIG_REPROD00006.asd;B3;BR16;IRRIG;D04M;manha;D04;IRRIG;IRRIG;0.39070673167002146;True;;;;;;;;;;;;;;;;;;;;;;;;-0.47255170668182667;0.63168260961996;0.71291483930785;-1.3867027162999541;0.40449527843745237;;;;;;;;;;;;;;;;;;;;;;;;;;;;;;;;;;;;;;;;;;;;;;;;;;;;;;;;;
2;PLS-DA;423;B3_BR16_IRRIG_REPROD00007.asd;B3;BR16;IRRIG;D04M;manha;D04;IRRIG;IRRIG;0.37494662120368083;True;;;;;;;;;;;;;;;;;;;;;;;;-0.466630717351689;0.6327019562720889;0.7141040997693098;-1.3701833408438717;0.4053989042366011;;;;;;;;;;;;;;;;;;;;;;;;;;;;;;;;;;;;;;;;;;;;;;;;;;;;;;;;;
2;PLS-DA;424;B3_BR16_NIRRIG_REPROD00000.asd;B3;BR16;NIRRIG;D04M;manha;D04;NIRRIG;NIRRIG;0.5893690759244548;True;;;;;;;;;;;;;;;;;;;;;;;;-0.280053546036886;0.6186877456359351;0.6959848186683137;-1.5694960514487057;0.40430520650820945;;;;;;;;;;;;;;;;;;;;;;;;;;;;;;;;;;;;;;;;;;;;;;;;;;;;;;;;;
2;PLS-DA;425;B3_BR16_NIRRIG_REPROD00001.asd;B3;BR16;NIRRIG;D04M;manha;D04;NIRRIG;NIRRIG;0.5844015492469029;True;;;;;;;;;;;;;;;;;;;;;;;;-0.28865635801196976;0.6245998190558485;0.7010375369071367;-1.5751840114726183;0.41130560620393075;;;;;;;;;;;;;;;;;;;;;;;;;;;;;;;;;;;;;;;;;;;;;;;;;;;;;;;;;
2;PLS-DA;426;B3_BR16_NIRRIG_REPROD00002.asd;B3;BR16;NIRRIG;D04M;manha;D04;NIRRIG;NIRRIG;0.5943028421545882;True;;;;;;;;;;;;;;;;;;;;;;;;-0.28524869319536345;0.6218823211513971;0.6980853898433189;-1.5812812187689314;0.4088779750205784;;;;;;;;;;;;;;;;;;;;;;;;;;;;;;;;;;;;;;;;;;;;;;;;;;;;;;;;;
2;PLS-DA;427;B3_BR16_NIRRIG_REPROD00003.asd;B3;BR16;NIRRIG;D04M;manha;D04;NIRRIG;NIRRIG;0.5971182590507804;True;;;;;;;;;;;;;;;;;;;;;;;;-0.28304309251897897;0.6182863173308262;0.6944923630032518;-1.5788326459507795;0.4062838374755872;;;;;;;;;;;;;;;;;;;;;;;;;;;;;;;;;;;;;;;;;;;;;;;;;;;;;;;;;
2;PLS-DA;428;B3_BR16_NIRRIG_REPROD00004.asd;B3;BR16;NIRRIG;D04M;manha;D04;NIRRIG;NIRRIG;0.6608213279488709;True;;;;;;;;;;;;;;;;;;;;;;;;-0.3079803094764625;0.6136175018945141;0.6879688146102311;-1.647607694125122;0.40535839622529046;;;;;;;;;;;;;;;;;;;;;;;;;;;;;;;;;;;;;;;;;;;;;;;;;;;;;;;;;
2;PLS-DA;429;B3_BR16_NIRRIG_REPROD00005.asd;B3;BR16;NIRRIG;D04M;manha;D04;NIRRIG;NIRRIG;0.6688068141787601;True;;;;;;;;;;;;;;;;;;;;;;;;-0.3067661209713482;0.6154766095985057;0.6891993965448079;-1.66041525122558;0.40795055430072213;;;;;;;;;;;;;;;;;;;;;;;;;;;;;;;;;;;;;;;;;;;;;;;;;;;;;;;;;
2;PLS-DA;430;B3_BR16_NIRRIG_REPROD00006.asd;B3;BR16;NIRRIG;D04M;manha;D04;NIRRIG;NIRRIG;0.6708583450178385;True;;;;;;;;;;;;;;;;;;;;;;;;-0.3021186767632263;0.612711136244256;0.6865962170929981;-1.6583839487905478;0.40590811672340754;;;;;;;;;;;;;;;;;;;;;;;;;;;;;;;;;;;;;;;;;;;;;;;;;;;;;;;;;
2;PLS-DA;431;B3_BR16_NIRRIG_REPROD00007.asd;B3;BR16;NIRRIG;D04M;manha;D04;NIRRIG;NIRRIG;0.675625279333271;True;;;;;;;;;;;;;;;;;;;;;;;;-0.3000215383485131;0.6112868558783764;0.6853033097894655;-1.661901566824864;0.4049048503764718;;;;;;;;;;;;;;;;;;;;;;;;;;;;;;;;;;;;;;;;;;;;;;;;;;;;;;;;;
2;RandomForest;416;B3_BR16_IRRIG_REPROD00000.asd;B3;BR16;IRRIG;D04M;manha;D04;IRRIG;NIRRIG;0.55;False;;;;;;;;;;;;;;;;;;;;;;;;-0.43074700995304793;0.6460567073602075;0.7217874694871139;-1.5677974870604843;0.43294797874983576;;;;;;;;;;;;;;;;;;;;;;;;;;;;;;;;;;;;;;;;;;;;;;;;;;;;;;;;;
2;RandomForest;417;B3_BR16_IRRIG_REPROD00001.asd;B3;BR16;IRRIG;D04M;manha;D04;IRRIG;NIRRIG;0.55;False;;;;;;;;;;;;;;;;;;;;;;;;-0.4302669695788451;0.6479142195453015;0.7234323077582792;-1.571184356045849;0.4353047266836349;;;;;;;;;;;;;;;;;;;;;;;;;;;;;;;;;;;;;;;;;;;;;;;;;;;;;;;;;
2;RandomForest;418;B3_BR16_IRRIG_REPROD00002.asd;B3;BR16;IRRIG;D04M;manha;D04;IRRIG;NIRRIG;0.55;False;;;;;;;;;;;;;;;;;;;;;;;;-0.43071934492140157;0.6484706520238578;0.7237697790617769;-1.573677173792314;0.4362107419636338;;;;;;;;;;;;;;;;;;;;;;;;;;;;;;;;;;;;;;;;;;;;;;;;;;;;;;;;;
2;RandomForest;419;B3_BR16_IRRIG_REPROD00003.asd;B3;BR16;IRRIG;D04M;manha;D04;IRRIG;NIRRIG;0.55;False;;;;;;;;;;;;;;;;;;;;;;;;-0.4282736257369857;0.648036104664198;0.723199679196439;-1.5726997866068892;0.4362062583708358;;;;;;;;;;;;;;;;;;;;;;;;;;;;;;;;;;;;;;;;;;;;;;;;;;;;;;;;;
2;RandomForest;420;B3_BR16_IRRIG_REPROD00004.asd;B3;BR16;IRRIG;D04M;manha;D04;IRRIG;IRRIG;0.088;True;;;;;;;;;;;;;;;;;;;;;;;;-0.47224594753574867;0.6360231094760211;0.7169139558801398;-1.4168218386992408;0.4097265150538364;;;;;;;;;;;;;;;;;;;;;;;;;;;;;;;;;;;;;;;;;;;;;;;;;;;;;;;;;
2;RandomForest;421;B3_BR16_IRRIG_REPROD00005.asd;B3;BR16;IRRIG;D04M;manha;D04;IRRIG;IRRIG;0.076;True;;;;;;;;;;;;;;;;;;;;;;;;-0.4755324546735737;0.6322040085959276;0.7129690751960128;-1.4084675106566766;0.40617833754540256;;;;;;;;;;;;;;;;;;;;;;;;;;;;;;;;;;;;;;;;;;;;;;;;;;;;;;;;;
2;RandomForest;422;B3_BR16_IRRIG_REPROD00006.asd;B3;BR16;IRRIG;D04M;manha;D04;IRRIG;IRRIG;0.076;True;;;;;;;;;;;;;;;;;;;;;;;;-0.47255170668182667;0.63168260961996;0.71291483930785;-1.3867027162999541;0.40449527843745237;;;;;;;;;;;;;;;;;;;;;;;;;;;;;;;;;;;;;;;;;;;;;;;;;;;;;;;;;
2;RandomForest;423;B3_BR16_IRRIG_REPROD00007.asd;B3;BR16;IRRIG;D04M;manha;D04;IRRIG;IRRIG;0.076;True;;;;;;;;;;;;;;;;;;;;;;;;-0.466630717351689;0.6327019562720889;0.7141040997693098;-1.3701833408438717;0.4053989042366011;;;;;;;;;;;;;;;;;;;;;;;;;;;;;;;;;;;;;;;;;;;;;;;;;;;;;;;;;
2;RandomForest;424;B3_BR16_NIRRIG_REPROD00000.asd;B3;BR16;NIRRIG;D04M;manha;D04;NIRRIG;NIRRIG;0.516;True;;;;;;;;;;;;;;;;;;;;;;;;-0.280053546036886;0.6186877456359351;0.6959848186683137;-1.5694960514487057;0.40430520650820945;;;;;;;;;;;;;;;;;;;;;;;;;;;;;;;;;;;;;;;;;;;;;;;;;;;;;;;;;
2;RandomForest;425;B3_BR16_NIRRIG_REPROD00001.asd;B3;BR16;NIRRIG;D04M;manha;D04;NIRRIG;NIRRIG;0.516;True;;;;;;;;;;;;;;;;;;;;;;;;-0.28865635801196976;0.6245998190558485;0.7010375369071367;-1.5751840114726183;0.41130560620393075;;;;;;;;;;;;;;;;;;;;;;;;;;;;;;;;;;;;;;;;;;;;;;;;;;;;;;;;;
2;RandomForest;426;B3_BR16_NIRRIG_REPROD00002.asd;B3;BR16;NIRRIG;D04M;manha;D04;NIRRIG;NIRRIG;0.516;True;;;;;;;;;;;;;;;;;;;;;;;;-0.28524869319536345;0.6218823211513971;0.6980853898433189;-1.5812812187689314;0.4088779750205784;;;;;;;;;;;;;;;;;;;;;;;;;;;;;;;;;;;;;;;;;;;;;;;;;;;;;;;;;
2;RandomForest;427;B3_BR16_NIRRIG_REPROD00003.asd;B3;BR16;NIRRIG;D04M;manha;D04;NIRRIG;NIRRIG;0.57;True;;;;;;;;;;;;;;;;;;;;;;;;-0.28304309251897897;0.6182863173308262;0.6944923630032518;-1.5788326459507795;0.4062838374755872;;;;;;;;;;;;;;;;;;;;;;;;;;;;;;;;;;;;;;;;;;;;;;;;;;;;;;;;;
2;RandomForest;428;B3_BR16_NIRRIG_REPROD00004.asd;B3;BR16;NIRRIG;D04M;manha;D04;NIRRIG;NIRRIG;0.77;True;;;;;;;;;;;;;;;;;;;;;;;;-0.3079803094764625;0.6136175018945141;0.6879688146102311;-1.647607694125122;0.40535839622529046;;;;;;;;;;;;;;;;;;;;;;;;;;;;;;;;;;;;;;;;;;;;;;;;;;;;;;;;;
2;RandomForest;429;B3_BR16_NIRRIG_REPROD00005.asd;B3;BR16;NIRRIG;D04M;manha;D04;NIRRIG;NIRRIG;0.66;True;;;;;;;;;;;;;;;;;;;;;;;;-0.3067661209713482;0.6154766095985057;0.6891993965448079;-1.66041525122558;0.40795055430072213;;;;;;;;;;;;;;;;;;;;;;;;;;;;;;;;;;;;;;;;;;;;;;;;;;;;;;;;;
2;RandomForest;430;B3_BR16_NIRRIG_REPROD00006.asd;B3;BR16;NIRRIG;D04M;manha;D04;NIRRIG;NIRRIG;0.77;True;;;;;;;;;;;;;;;;;;;;;;;;-0.3021186767632263;0.612711136244256;0.6865962170929981;-1.6583839487905478;0.40590811672340754;;;;;;;;;;;;;;;;;;;;;;;;;;;;;;;;;;;;;;;;;;;;;;;;;;;;;;;;;
2;RandomForest;431;B3_BR16_NIRRIG_REPROD00007.asd;B3;BR16;NIRRIG;D04M;manha;D04;NIRRIG;NIRRIG;0.77;True;;;;;;;;;;;;;;;;;;;;;;;;-0.3000215383485131;0.6112868558783764;0.6853033097894655;-1.661901566824864;0.4049048503764718;;;;;;;;;;;;;;;;;;;;;;;;;;;;;;;;;;;;;;;;;;;;;;;;;;;;;;;;;
3;PLS-DA;400;B2_BR16_IRRIG_REPROD00000.asd;B2;BR16;IRRIG;D04M;manha;D04;IRRIG;NIRRIG;0.5452043731345518;False;;;;;;;;;;;;;;;;;;;;;;;;-0.3313445899460738;0.6189329540237504;0.6955389787569318;-1.518206306843145;0.40693578277147474;;;;;;;;;;;;;;;;;;;;;;;;;;;;;;;;;;;;;;;;;;;;;;;;;;;;;;;;;
3;PLS-DA;401;B2_BR16_IRRIG_REPROD00001.asd;B2;BR16;IRRIG;D04M;manha;D04;IRRIG;NIRRIG;0.5444613401273686;False;;;;;;;;;;;;;;;;;;;;;;;;-0.33348474527047833;0.6196191519776292;0.6957649488508824;-1.5207467318670314;0.4086473764119138;;;;;;;;;;;;;;;;;;;;;;;;;;;;;;;;;;;;;;;;;;;;;;;;;;;;;;;;;
3;PLS-DA;402;B2_BR16_IRRIG_REPROD00002.asd;B2;BR16;IRRIG;D04M;manha;D04;IRRIG;NIRRIG;0.5428360376237574;False;;;;;;;;;;;;;;;;;;;;;;;;-0.3347755700699845;0.620376570413779;0.6960563180670646;-1.5210405922029853;0.4097484622916118;;;;;;;;;;;;;;;;;;;;;;;;;;;;;;;;;;;;;;;;;;;;;;;;;;;;;;;;;
3;PLS-DA;403;B2_BR16_IRRIG_REPROD00003.asd;B2;BR16;IRRIG;D04M;manha;D04;IRRIG;NIRRIG;0.5415306657943681;False;;;;;;;;;;;;;;;;;;;;;;;;-0.3354645756514232;0.6207548341512144;0.6965308577786147;-1.52110087378387;0.4105230192674474;;;;;;;;;;;;;;;;;;;;;;;;;;;;;;;;;;;;;;;;;;;;;;;;;;;;;;;;;
3;PLS-DA;404;B2_BR16_IRRIG_REPROD00004.asd;B2;BR16;IRRIG;D04M;manha;D04;IRRIG;IRRIG;0.45413908117704793;True;;;;;;;;;;;;;;;;;;;;;;;;-0.4186055683072616;0.6167137604879132;0.6910546181417844;-1.4082769831628108;0.4059697737534134;;;;;;;;;;;;;;;;;;;;;;;;;;;;;;;;;;;;;;;;;;;;;;;;;;;;;;;;;
3;PLS-DA;405;B2_BR16_IRRIG_REPROD00005.asd;B2;BR16;IRRIG;D04M;manha;D04;IRRIG;IRRIG;0.44754608181221756;True;;;;;;;;;;;;;;;;;;;;;;;;-0.41393485595887;0.6171844770954507;0.6916064473435014;-1.3961335507207755;0.4064409824448242;;;;;;;;;;;;;;;;;;;;;;;;;;;;;;;;;;;;;;;;;;;;;;;;;;;;;;;;;
3;PLS-DA;406;B2_BR16_IRRIG_REPROD00006.asd;B2;BR16;IRRIG;D04M;manha;D04;IRRIG;IRRIG;0.43662877334030686;True;;;;;;;;;;;;;;;;;;;;;;;;-0.4104570504917104;0.6192642032319391;0.6937685967077273;-1.3833752604071174;0.40868746693541425;;;;;;;;;;;;;;;;;;;;;;;;;;;;;;;;;;;;;;;;;;;;;;;;;;;;;;;;;
3;PLS-DA;407;B2_BR16_IRRIG_REPROD00007.asd;B2;BR16;IRRIG;D04M;manha;D04;IRRIG;IRRIG;0.4335836370011163;True;;;;;;;;;;;;;;;;;;;;;;;;-0.4078738342897344;0.6213648523548932;0.6954062230491209;-1.3837267516140133;0.41106994112027695;;;;;;;;;;;;;;;;;;;;;;;;;;;;;;;;;;;;;;;;;;;;;;;;;;;;;;;;;
3;PLS-DA;408;B2_BR16_NIRRIG_REPROD00000.asd;B2;BR16;NIRRIG;D04M;manha;D04;NIRRIG;NIRRIG;0.6422212152742256;True;;;;;;;;;;;;;;;;;;;;;;;;-0.2941841656264877;0.5828916638047008;0.6627584447412546;-1.5312431172235281;0.36230883401513153;;;;;;;;;;;;;;;;;;;;;;;;;;;;;;;;;;;;;;;;;;;;;;;;;;;;;;;;;
3;PLS-DA;409;B2_BR16_NIRRIG_REPROD00001.asd;B2;BR16;NIRRIG;D04M;manha;D04;NIRRIG;NIRRIG;0.6464211870069936;True;;;;;;;;;;;;;;;;;;;;;;;;-0.29256979440887404;0.5826079031806299;0.6622453598719968;-1.5371335809975248;0.36293716742377785;;;;;;;;;;;;;;;;;;;;;;;;;;;;;;;;;;;;;;;;;;;;;;;;;;;;;;;;;
3;PLS-DA;410;B2_BR16_NIRRIG_REPROD00002.asd;B2;BR16;NIRRIG;D04M;manha;D04;NIRRIG;NIRRIG;0.6425761658419811;True;;;;;;;;;;;;;;;;;;;;;;;;-0.2949744747561065;0.5838119771577169;0.6630964627918214;-1.535815956826444;0.36469290851140934;;;;;;;;;;;;;;;;;;;;;;;;;;;;;;;;;;;;;;;;;;;;;;;;;;;;;;;;;
3;PLS-DA;411;B2_BR16_NIRRIG_REPROD00003.asd;B2;BR16;NIRRIG;D04M;manha;D04;NIRRIG;NIRRIG;0.6445470608424374;True;;;;;;;;;;;;;;;;;;;;;;;;-0.29625662167433436;0.5847406800953285;0.6638866057710773;-1.543577510931432;0.36591552943838834;;;;;;;;;;;;;;;;;;;;;;;;;;;;;;;;;;;;;;;;;;;;;;;;;;;;;;;;;
3;PLS-DA;412;B2_BR16_NIRRIG_REPROD00004.asd;B2;BR16;NIRRIG;D04M;manha;D04;NIRRIG;NIRRIG;0.6264528613863248;True;;;;;;;;;;;;;;;;;;;;;;;;-0.2971926736056634;0.5797460732496977;0.6689053363606594;-1.491733728431869;0.3353052227670868;;;;;;;;;;;;;;;;;;;;;;;;;;;;;;;;;;;;;;;;;;;;;;;;;;;;;;;;;
3;PLS-DA;413;B2_BR16_NIRRIG_REPROD00005.asd;B2;BR16;NIRRIG;D04M;manha;D04;NIRRIG;NIRRIG;0.6314243019888652;True;;;;;;;;;;;;;;;;;;;;;;;;-0.29818319856914854;0.5793923634887514;0.6684377399048419;-1.5002072193621014;0.3355790122757752;;;;;;;;;;;;;;;;;;;;;;;;;;;;;;;;;;;;;;;;;;;;;;;;;;;;;;;;;
3;PLS-DA;414;B2_BR16_NIRRIG_REPROD00006.asd;B2;BR16;NIRRIG;D04M;manha;D04;NIRRIG;NIRRIG;0.6315206578859326;True;;;;;;;;;;;;;;;;;;;;;;;;-0.29800518801122267;0.5786127771908748;0.6676111625772535;-1.4977498302112524;0.3353798463678273;;;;;;;;;;;;;;;;;;;;;;;;;;;;;;;;;;;;;;;;;;;;;;;;;;;;;;;;;
3;PLS-DA;415;B2_BR16_NIRRIG_REPROD00007.asd;B2;BR16;NIRRIG;D04M;manha;D04;NIRRIG;NIRRIG;0.6324531073342246;True;;;;;;;;;;;;;;;;;;;;;;;;-0.2975646909344113;0.5785826363339949;0.6674907625475546;-1.4994645433822542;0.33614962276960253;;;;;;;;;;;;;;;;;;;;;;;;;;;;;;;;;;;;;;;;;;;;;;;;;;;;;;;;;
3;RandomForest;400;B2_BR16_IRRIG_REPROD00000.asd;B2;BR16;IRRIG;D04M;manha;D04;IRRIG;NIRRIG;1.0;False;;;;;;;;;;;;;;;;;;;;;;;;-0.3313445899460738;0.6189329540237504;0.6955389787569318;-1.518206306843145;0.40693578277147474;;;;;;;;;;;;;;;;;;;;;;;;;;;;;;;;;;;;;;;;;;;;;;;;;;;;;;;;;
3;RandomForest;401;B2_BR16_IRRIG_REPROD00001.asd;B2;BR16;IRRIG;D04M;manha;D04;IRRIG;NIRRIG;1.0;False;;;;;;;;;;;;;;;;;;;;;;;;-0.33348474527047833;0.6196191519776292;0.6957649488508824;-1.5207467318670314;0.4086473764119138;;;;;;;;;;;;;;;;;;;;;;;;;;;;;;;;;;;;;;;;;;;;;;;;;;;;;;;;;
3;RandomForest;402;B2_BR16_IRRIG_REPROD00002.asd;B2;BR16;IRRIG;D04M;manha;D04;IRRIG;NIRRIG;1.0;False;;;;;;;;;;;;;;;;;;;;;;;;-0.3347755700699845;0.620376570413779;0.6960563180670646;-1.5210405922029853;0.4097484622916118;;;;;;;;;;;;;;;;;;;;;;;;;;;;;;;;;;;;;;;;;;;;;;;;;;;;;;;;;
3;RandomForest;403;B2_BR16_IRRIG_REPROD00003.asd;B2;BR16;IRRIG;D04M;manha;D04;IRRIG;NIRRIG;1.0;False;;;;;;;;;;;;;;;;;;;;;;;;-0.3354645756514232;0.6207548341512144;0.6965308577786147;-1.52110087378387;0.4105230192674474;;;;;;;;;;;;;;;;;;;;;;;;;;;;;;;;;;;;;;;;;;;;;;;;;;;;;;;;;
3;RandomForest;404;B2_BR16_IRRIG_REPROD00004.asd;B2;BR16;IRRIG;D04M;manha;D04;IRRIG;NIRRIG;0.596;False;;;;;;;;;;;;;;;;;;;;;;;;-0.4186055683072616;0.6167137604879132;0.6910546181417844;-1.4082769831628108;0.4059697737534134;;;;;;;;;;;;;;;;;;;;;;;;;;;;;;;;;;;;;;;;;;;;;;;;;;;;;;;;;
3;RandomForest;405;B2_BR16_IRRIG_REPROD00005.asd;B2;BR16;IRRIG;D04M;manha;D04;IRRIG;NIRRIG;0.596;False;;;;;;;;;;;;;;;;;;;;;;;;-0.41393485595887;0.6171844770954507;0.6916064473435014;-1.3961335507207755;0.4064409824448242;;;;;;;;;;;;;;;;;;;;;;;;;;;;;;;;;;;;;;;;;;;;;;;;;;;;;;;;;
3;RandomForest;406;B2_BR16_IRRIG_REPROD00006.asd;B2;BR16;IRRIG;D04M;manha;D04;IRRIG;NIRRIG;0.596;False;;;;;;;;;;;;;;;;;;;;;;;;-0.4104570504917104;0.6192642032319391;0.6937685967077273;-1.3833752604071174;0.40868746693541425;;;;;;;;;;;;;;;;;;;;;;;;;;;;;;;;;;;;;;;;;;;;;;;;;;;;;;;;;
3;RandomForest;407;B2_BR16_IRRIG_REPROD00007.asd;B2;BR16;IRRIG;D04M;manha;D04;IRRIG;NIRRIG;0.596;False;;;;;;;;;;;;;;;;;;;;;;;;-0.4078738342897344;0.6213648523548932;0.6954062230491209;-1.3837267516140133;0.41106994112027695;;;;;;;;;;;;;;;;;;;;;;;;;;;;;;;;;;;;;;;;;;;;;;;;;;;;;;;;;
3;RandomForest;408;B2_BR16_NIRRIG_REPROD00000.asd;B2;BR16;NIRRIG;D04M;manha;D04;NIRRIG;NIRRIG;1.0;True;;;;;;;;;;;;;;;;;;;;;;;;-0.2941841656264877;0.5828916638047008;0.6627584447412546;-1.5312431172235281;0.36230883401513153;;;;;;;;;;;;;;;;;;;;;;;;;;;;;;;;;;;;;;;;;;;;;;;;;;;;;;;;;
3;RandomForest;409;B2_BR16_NIRRIG_REPROD00001.asd;B2;BR16;NIRRIG;D04M;manha;D04;NIRRIG;NIRRIG;1.0;True;;;;;;;;;;;;;;;;;;;;;;;;-0.29256979440887404;0.5826079031806299;0.6622453598719968;-1.5371335809975248;0.36293716742377785;;;;;;;;;;;;;;;;;;;;;;;;;;;;;;;;;;;;;;;;;;;;;;;;;;;;;;;;;
3;RandomForest;410;B2_BR16_NIRRIG_REPROD00002.asd;B2;BR16;NIRRIG;D04M;manha;D04;NIRRIG;NIRRIG;1.0;True;;;;;;;;;;;;;;;;;;;;;;;;-0.2949744747561065;0.5838119771577169;0.6630964627918214;-1.535815956826444;0.36469290851140934;;;;;;;;;;;;;;;;;;;;;;;;;;;;;;;;;;;;;;;;;;;;;;;;;;;;;;;;;
3;RandomForest;411;B2_BR16_NIRRIG_REPROD00003.asd;B2;BR16;NIRRIG;D04M;manha;D04;NIRRIG;NIRRIG;1.0;True;;;;;;;;;;;;;;;;;;;;;;;;-0.29625662167433436;0.5847406800953285;0.6638866057710773;-1.543577510931432;0.36591552943838834;;;;;;;;;;;;;;;;;;;;;;;;;;;;;;;;;;;;;;;;;;;;;;;;;;;;;;;;;
3;RandomForest;412;B2_BR16_NIRRIG_REPROD00004.asd;B2;BR16;NIRRIG;D04M;manha;D04;NIRRIG;NIRRIG;0.858;True;;;;;;;;;;;;;;;;;;;;;;;;-0.2971926736056634;0.5797460732496977;0.6689053363606594;-1.491733728431869;0.3353052227670868;;;;;;;;;;;;;;;;;;;;;;;;;;;;;;;;;;;;;;;;;;;;;;;;;;;;;;;;;
3;RandomForest;413;B2_BR16_NIRRIG_REPROD00005.asd;B2;BR16;NIRRIG;D04M;manha;D04;NIRRIG;NIRRIG;1.0;True;;;;;;;;;;;;;;;;;;;;;;;;-0.29818319856914854;0.5793923634887514;0.6684377399048419;-1.5002072193621014;0.3355790122757752;;;;;;;;;;;;;;;;;;;;;;;;;;;;;;;;;;;;;;;;;;;;;;;;;;;;;;;;;
3;RandomForest;414;B2_BR16_NIRRIG_REPROD00006.asd;B2;BR16;NIRRIG;D04M;manha;D04;NIRRIG;NIRRIG;1.0;True;;;;;;;;;;;;;;;;;;;;;;;;-0.29800518801122267;0.5786127771908748;0.6676111625772535;-1.4977498302112524;0.3353798463678273;;;;;;;;;;;;;;;;;;;;;;;;;;;;;;;;;;;;;;;;;;;;;;;;;;;;;;;;;
3;RandomForest;415;B2_BR16_NIRRIG_REPROD00007.asd;B2;BR16;NIRRIG;D04M;manha;D04;NIRRIG;NIRRIG;1.0;True;;;;;;;;;;;;;;;;;;;;;;;;-0.2975646909344113;0.5785826363339949;0.6674907625475546;-1.4994645433822542;0.33614962276960253;;;;;;;;;;;;;;;;;;;;;;;;;;;;;;;;;;;;;;;;;;;;;;;;;;;;;;;;;
4;PLS-DA;384;B1_BR16_IRRIG_REPROD00000.asd;B1;BR16;IRRIG;D04M;manha;D04;IRRIG;IRRIG;0.31363754500110697;True;;;;;;;;;;;;;;;;;;;;;;;;-0.5327860839933383;0.6572559384912605;0.7246272313664557;-1.465167049916045;0.46278527437567024;;;;;;;;;;;;;;;;;;;;;;;;;;;;;;;;;;;;;;;;;;;;;;;;;;;;;;;;;
4;PLS-DA;385;B1_BR16_IRRIG_REPROD00001.asd;B1;BR16;IRRIG;D04M;manha;D04;IRRIG;IRRIG;0.30457486835327785;True;;;;;;;;;;;;;;;;;;;;;;;;-0.5337117802265854;0.660652459891223;0.7278089495227147;-1.456770569834937;0.4664311272309285;;;;;;;;;;;;;;;;;;;;;;;;;;;;;;;;;;;;;;;;;;;;;;;;;;;;;;;;;
4;PLS-DA;386;B1_BR16_IRRIG_REPROD00002.asd;B1;BR16;IRRIG;D04M;manha;D04;IRRIG;IRRIG;0.3042320860026916;True;;;;;;;;;;;;;;;;;;;;;;;;-0.5330939323896178;0.6618830120029099;0.7287231120016547;-1.4587280478738687;0.4681204480278923;;;;;;;;;;;;;;;;;;;;;;;;;;;;;;;;;;;;;;;;;;;;;;;;;;;;;;;;;
4;PLS-DA;387;B1_BR16_IRRIG_REPROD00003.asd;B1;BR16;IRRIG;D04M;manha;D04;IRRIG;IRRIG;0.3051824123387821;True;;;;;;;;;;;;;;;;;;;;;;;;-0.5305085175589364;0.6630829664959598;0.7297529899782135;-1.4614254495983416;0.4699425601776122;;;;;;;;;;;;;;;;;;;;;;;;;;;;;;;;;;;;;;;;;;;;;;;;;;;;;;;;;
4;PLS-DA;388;B1_BR16_IRRIG_REPROD00004.asd;B1;BR16;IRRIG;D04M;manha;D04;IRRIG;IRRIG;0.3795471327792932;True;;;;;;;;;;;;;;;;;;;;;;;;-0.37895074566868214;0.643362034071402;0.7161646618702608;-1.3852856148761377;0.43566716703464425;;;;;;;;;;;;;;;;;;;;;;;;;;;;;;;;;;;;;;;;;;;;;;;;;;;;;;;;;
4;PLS-DA;389;B1_BR16_IRRIG_REPROD00005.asd;B1;BR16;IRRIG;D04M;manha;D04;IRRIG;IRRIG;0.37615963384033163;True;;;;;;;;;;;;;;;;;;;;;;;;-0.378433007615404;0.6478255018295059;0.7203919424191694;-1.3907430405326469;0.44060800826839774;;;;;;;;;;;;;;;;;;;;;;;;;;;;;;;;;;;;;;;;;;;;;;;;;;;;;;;;;
4;PLS-DA;390;B1_BR16_IRRIG_REPROD00006.asd;B1;BR16;IRRIG;D04M;manha;D04;IRRIG;IRRIG;0.3715753641991038;True;;;;;;;;;;;;;;;;;;;;;;;;-0.37897034811979186;0.6511323524592587;0.7232706881807494;-1.3914110162166;0.44402271355670375;;;;;;;;;;;;;;;;;;;;;;;;;;;;;;;;;;;;;;;;;;;;;;;;;;;;;;;;;
4;PLS-DA;391;B1_BR16_IRRIG_REPROD00007.asd;B1;BR16;IRRIG;D04M;manha;D04;IRRIG;IRRIG;0.36999452401494004;True;;;;;;;;;;;;;;;;;;;;;;;;-0.3758376878086033;0.6525339671360223;0.724637182637462;-1.389288360806496;0.4460884873642019;;;;;;;;;;;;;;;;;;;;;;;;;;;;;;;;;;;;;;;;;;;;;;;;;;;;;;;;;
4;PLS-DA;392;B1_BR16_NIRRIG_REPROD00000.asd;B1;BR16;NIRRIG;D04M;manha;D04;NIRRIG;NIRRIG;0.506123250949332;True;;;;;;;;;;;;;;;;;;;;;;;;-0.3783651973701918;0.6132299762850558;0.6954951942752611;-1.5246627930993912;0.3831518407904912;;;;;;;;;;;;;;;;;;;;;;;;;;;;;;;;;;;;;;;;;;;;;;;;;;;;;;;;;
4;PLS-DA;393;B1_BR16_NIRRIG_REPROD00001.asd;B1;BR16;NIRRIG;D04M;manha;D04;NIRRIG;NIRRIG;0.5043886334461216;True;;;;;;;;;;;;;;;;;;;;;;;;-0.37917928948831914;0.6124720135852991;0.6946021278148939;-1.520943137137414;0.38343945145118663;;;;;;;;;;;;;;;;;;;;;;;;;;;;;;;;;;;;;;;;;;;;;;;;;;;;;;;;;
4;PLS-DA;394;B1_BR16_NIRRIG_REPROD00002.asd;B1;BR16;NIRRIG;D04M;manha;D04;NIRRIG;NIRRIG;0.5044718800512014;True;;;;;;;;;;;;;;;;;;;;;;;;-0.38079616352947065;0.6130396151927575;0.6949673858072887;-1.524380006458852;0.3842972854658867;;;;;;;;;;;;;;;;;;;;;;;;;;;;;;;;;;;;;;;;;;;;;;;;;;;;;;;;;
4;PLS-DA;395;B1_BR16_NIRRIG_REPROD00003.asd;B1;BR16;NIRRIG;D04M;manha;D04;NIRRIG;NIRRIG;0.5013431528903812;True;;;;;;;;;;;;;;;;;;;;;;;;-0.38269152358506753;0.6136736750099253;0.6954907138663398;-1.5227791364077887;0.3852717949834621;;;;;;;;;;;;;;;;;;;;;;;;;;;;;;;;;;;;;;;;;;;;;;;;;;;;;;;;;
4;PLS-DA;396;B1_BR16_NIRRIG_REPROD00004.asd;B1;BR16;NIRRIG;D04M;manha;D04;NIRRIG;NIRRIG;0.5665353640170376;True;;;;;;;;;;;;;;;;;;;;;;;;-0.3453951596418589;0.5858424556726987;0.6706083826921858;-1.5216703058714554;0.3534523830257727;;;;;;;;;;;;;;;;;;;;;;;;;;;;;;;;;;;;;;;;;;;;;;;;;;;;;;;;;
4;PLS-DA;397;B1_BR16_NIRRIG_REPROD00005.asd;B1;BR16;NIRRIG;D04M;manha;D04;NIRRIG;NIRRIG;0.5678166637428856;True;;;;;;;;;;;;;;;;;;;;;;;;-0.3445869009448463;0.5864888307252331;0.6712658316857724;-1.524897644864236;0.3541137708238894;;;;;;;;;;;;;;;;;;;;;;;;;;;;;;;;;;;;;;;;;;;;;;;;;;;;;;;;;
4;PLS-DA;398;B1_BR16_NIRRIG_REPROD00006.asd;B1;BR16;NIRRIG;D04M;manha;D04;NIRRIG;NIRRIG;0.565509465079313;True;;;;;;;;;;;;;;;;;;;;;;;;-0.34536192285814876;0.5871651846654594;0.6718733410744546;-1.5238807179992133;0.35552599038565535;;;;;;;;;;;;;;;;;;;;;;;;;;;;;;;;;;;;;;;;;;;;;;;;;;;;;;;;;
4;PLS-DA;399;B1_BR16_NIRRIG_REPROD00007.asd;B1;BR16;NIRRIG;D04M;manha;D04;NIRRIG;NIRRIG;0.5616910890080091;True;;;;;;;;;;;;;;;;;;;;;;;;-0.34635462235141085;0.5879479253271835;0.6722379820110294;-1.519871138271355;0.3564082777539199;;;;;;;;;;;;;;;;;;;;;;;;;;;;;;;;;;;;;;;;;;;;;;;;;;;;;;;;;
4;RandomForest;384;B1_BR16_IRRIG_REPROD00000.asd;B1;BR16;IRRIG;D04M;manha;D04;IRRIG;IRRIG;0.002;True;;;;;;;;;;;;;;;;;;;;;;;;-0.5327860839933383;0.6572559384912605;0.7246272313664557;-1.465167049916045;0.46278527437567024;;;;;;;;;;;;;;;;;;;;;;;;;;;;;;;;;;;;;;;;;;;;;;;;;;;;;;;;;
4;RandomForest;385;B1_BR16_IRRIG_REPROD00001.asd;B1;BR16;IRRIG;D04M;manha;D04;IRRIG;IRRIG;0.0;True;;;;;;;;;;;;;;;;;;;;;;;;-0.5337117802265854;0.660652459891223;0.7278089495227147;-1.456770569834937;0.4664311272309285;;;;;;;;;;;;;;;;;;;;;;;;;;;;;;;;;;;;;;;;;;;;;;;;;;;;;;;;;
4;RandomForest;386;B1_BR16_IRRIG_REPROD00002.asd;B1;BR16;IRRIG;D04M;manha;D04;IRRIG;IRRIG;0.002;True;;;;;;;;;;;;;;;;;;;;;;;;-0.5330939323896178;0.6618830120029099;0.7287231120016547;-1.4587280478738687;0.4681204480278923;;;;;;;;;;;;;;;;;;;;;;;;;;;;;;;;;;;;;;;;;;;;;;;;;;;;;;;;;
4;RandomForest;387;B1_BR16_IRRIG_REPROD00003.asd;B1;BR16;IRRIG;D04M;manha;D04;IRRIG;IRRIG;0.002;True;;;;;;;;;;;;;;;;;;;;;;;;-0.5305085175589364;0.6630829664959598;0.7297529899782135;-1.4614254495983416;0.4699425601776122;;;;;;;;;;;;;;;;;;;;;;;;;;;;;;;;;;;;;;;;;;;;;;;;;;;;;;;;;
4;RandomForest;388;B1_BR16_IRRIG_REPROD00004.asd;B1;BR16;IRRIG;D04M;manha;D04;IRRIG;IRRIG;0.02;True;;;;;;;;;;;;;;;;;;;;;;;;-0.37895074566868214;0.643362034071402;0.7161646618702608;-1.3852856148761377;0.43566716703464425;;;;;;;;;;;;;;;;;;;;;;;;;;;;;;;;;;;;;;;;;;;;;;;;;;;;;;;;;
4;RandomForest;389;B1_BR16_IRRIG_REPROD00005.asd;B1;BR16;IRRIG;D04M;manha;D04;IRRIG;IRRIG;0.018;True;;;;;;;;;;;;;;;;;;;;;;;;-0.378433007615404;0.6478255018295059;0.7203919424191694;-1.3907430405326469;0.44060800826839774;;;;;;;;;;;;;;;;;;;;;;;;;;;;;;;;;;;;;;;;;;;;;;;;;;;;;;;;;
4;RandomForest;390;B1_BR16_IRRIG_REPROD00006.asd;B1;BR16;IRRIG;D04M;manha;D04;IRRIG;IRRIG;0.018;True;;;;;;;;;;;;;;;;;;;;;;;;-0.37897034811979186;0.6511323524592587;0.7232706881807494;-1.3914110162166;0.44402271355670375;;;;;;;;;;;;;;;;;;;;;;;;;;;;;;;;;;;;;;;;;;;;;;;;;;;;;;;;;
4;RandomForest;391;B1_BR16_IRRIG_REPROD00007.asd;B1;BR16;IRRIG;D04M;manha;D04;IRRIG;IRRIG;0.018;True;;;;;;;;;;;;;;;;;;;;;;;;-0.3758376878086033;0.6525339671360223;0.724637182637462;-1.389288360806496;0.4460884873642019;;;;;;;;;;;;;;;;;;;;;;;;;;;;;;;;;;;;;;;;;;;;;;;;;;;;;;;;;
4;RandomForest;392;B1_BR16_NIRRIG_REPROD00000.asd;B1;BR16;NIRRIG;D04M;manha;D04;NIRRIG;IRRIG;0.3;False;;;;;;;;;;;;;;;;;;;;;;;;-0.3783651973701918;0.6132299762850558;0.6954951942752611;-1.5246627930993912;0.3831518407904912;;;;;;;;;;;;;;;;;;;;;;;;;;;;;;;;;;;;;;;;;;;;;;;;;;;;;;;;;
4;RandomForest;393;B1_BR16_NIRRIG_REPROD00001.asd;B1;BR16;NIRRIG;D04M;manha;D04;NIRRIG;IRRIG;0.316;False;;;;;;;;;;;;;;;;;;;;;;;;-0.37917928948831914;0.6124720135852991;0.6946021278148939;-1.520943137137414;0.38343945145118663;;;;;;;;;;;;;;;;;;;;;;;;;;;;;;;;;;;;;;;;;;;;;;;;;;;;;;;;;
4;RandomForest;394;B1_BR16_NIRRIG_REPROD00002.asd;B1;BR16;NIRRIG;D04M;manha;D04;NIRRIG;IRRIG;0.308;False;;;;;;;;;;;;;;;;;;;;;;;;-0.38079616352947065;0.6130396151927575;0.6949673858072887;-1.524380006458852;0.3842972854658867;;;;;;;;;;;;;;;;;;;;;;;;;;;;;;;;;;;;;;;;;;;;;;;;;;;;;;;;;
4;RandomForest;395;B1_BR16_NIRRIG_REPROD00003.asd;B1;BR16;NIRRIG;D04M;manha;D04;NIRRIG;IRRIG;0.298;False;;;;;;;;;;;;;;;;;;;;;;;;-0.38269152358506753;0.6136736750099253;0.6954907138663398;-1.5227791364077887;0.3852717949834621;;;;;;;;;;;;;;;;;;;;;;;;;;;;;;;;;;;;;;;;;;;;;;;;;;;;;;;;;
4;RandomForest;396;B1_BR16_NIRRIG_REPROD00004.asd;B1;BR16;NIRRIG;D04M;manha;D04;NIRRIG;NIRRIG;0.648;True;;;;;;;;;;;;;;;;;;;;;;;;-0.3453951596418589;0.5858424556726987;0.6706083826921858;-1.5216703058714554;0.3534523830257727;;;;;;;;;;;;;;;;;;;;;;;;;;;;;;;;;;;;;;;;;;;;;;;;;;;;;;;;;
4;RandomForest;397;B1_BR16_NIRRIG_REPROD00005.asd;B1;BR16;NIRRIG;D04M;manha;D04;NIRRIG;NIRRIG;0.636;True;;;;;;;;;;;;;;;;;;;;;;;;-0.3445869009448463;0.5864888307252331;0.6712658316857724;-1.524897644864236;0.3541137708238894;;;;;;;;;;;;;;;;;;;;;;;;;;;;;;;;;;;;;;;;;;;;;;;;;;;;;;;;;
4;RandomForest;398;B1_BR16_NIRRIG_REPROD00006.asd;B1;BR16;NIRRIG;D04M;manha;D04;NIRRIG;NIRRIG;0.648;True;;;;;;;;;;;;;;;;;;;;;;;;-0.34536192285814876;0.5871651846654594;0.6718733410744546;-1.5238807179992133;0.35552599038565535;;;;;;;;;;;;;;;;;;;;;;;;;;;;;;;;;;;;;;;;;;;;;;;;;;;;;;;;;
4;RandomForest;399;B1_BR16_NIRRIG_REPROD00007.asd;B1;BR16;NIRRIG;D04M;manha;D04;NIRRIG;NIRRIG;0.662;True;;;;;;;;;;;;;;;;;;;;;;;;-0.34635462235141085;0.5879479253271835;0.6722379820110294;-1.519871138271355;0.3564082777539199;;;;;;;;;;;;;;;;;;;;;;;;;;;;;;;;;;;;;;;;;;;;;;;;;;;;;;;;;
1;PLS-DA;496;B4_CD202_IRRIG_REPROD00000.asd;B4;CD202;IRRIG;D04M;manha;D04;IRRIG;IRRIG;0.4871477569805063;True;;;;;;;;;;;;;;;;;;;-1.5490382490540846;-1.5306798060060174;;;;;;;;;0.701649944541589;0.798995023508156;-1.5456526479407915;;;;;;;;;;;;;;;;;;;;;;;;;;;;;;;;;;;;;;;;;;;;;;;;;;;;;;
1;PLS-DA;497;B4_CD202_IRRIG_REPROD00001.asd;B4;CD202;IRRIG;D04M;manha;D04;IRRIG;IRRIG;0.4799973934206433;True;;;;;;;;;;;;;;;;;;;-1.553136935970817;-1.5347131320847336;;;;;;;;;0.7029398915284095;0.799757762043459;-1.5496767503510454;;;;;;;;;;;;;;;;;;;;;;;;;;;;;;;;;;;;;;;;;;;;;;;;;;;;;;
1;PLS-DA;498;B4_CD202_IRRIG_REPROD00002.asd;B4;CD202;IRRIG;D04M;manha;D04;IRRIG;IRRIG;0.4726707765548477;True;;;;;;;;;;;;;;;;;;;-1.5571499293613182;-1.5384285642576159;;;;;;;;;0.7047194189040606;0.8012656362084334;-1.5538062148024736;;;;;;;;;;;;;;;;;;;;;;;;;;;;;;;;;;;;;;;;;;;;;;;;;;;;;;
1;PLS-DA;499;B4_CD202_IRRIG_REPROD00003.asd;B4;CD202;IRRIG;D04M;manha;D04;IRRIG;IRRIG;0.463036427709418;True;;;;;;;;;;;;;;;;;;;-1.563686153698027;-1.5450418931323313;;;;;;;;;0.7032824262779728;0.7994786666796999;-1.5602641534008352;;;;;;;;;;;;;;;;;;;;;;;;;;;;;;;;;;;;;;;;;;;;;;;;;;;;;;
1;PLS-DA;500;B4_CD202_IRRIG_REPROD00004.asd;B4;CD202;IRRIG;D04M;manha;D04;IRRIG;NIRRIG;0.5117255573873122;False;;;;;;;;;;;;;;;;;;;-1.5430173416734416;-1.522120256675635;;;;;;;;;0.6731582981616928;0.7758751667679161;-1.5427068733525706;;;;;;;;;;;;;;;;;;;;;;;;;;;;;;;;;;;;;;;;;;;;;;;;;;;;;;
1;PLS-DA;501;B4_CD202_IRRIG_REPROD00005.asd;B4;CD202;IRRIG;D04M;manha;D04;IRRIG;IRRIG;0.49946904693969973;True;;;;;;;;;;;;;;;;;;;-1.5500206323564503;-1.5285574370133461;;;;;;;;;0.6764611667976165;0.7787057786066794;-1.5485779193760971;;;;;;;;;;;;;;;;;;;;;;;;;;;;;;;;;;;;;;;;;;;;;;;;;;;;;;
1;PLS-DA;502;B4_CD202_IRRIG_REPROD00006.asd;B4;CD202;IRRIG;D04M;manha;D04;IRRIG;IRRIG;0.4832219236865744;True;;;;;;;;;;;;;;;;;;;-1.5591398528870408;-1.5383416557790797;;;;;;;;;0.6785804184069898;0.7800763088586664;-1.5578219888771192;;;;;;;;;;;;;;;;;;;;;;;;;;;;;;;;;;;;;;;;;;;;;;;;;;;;;;
1;PLS-DA;503;B4_CD202_IRRIG_REPROD00007.asd;B4;CD202;IRRIG;D04M;manha;D04;IRRIG;IRRIG;0.46981344413128784;True;;;;;;;;;;;;;;;;;;;-1.5683613514843853;-1.546725607618359;;;;;;;;;0.677318026342524;0.778704044657496;-1.5664746153331834;;;;;;;;;;;;;;;;;;;;;;;;;;;;;;;;;;;;;;;;;;;;;;;;;;;;;;
1;PLS-DA;504;B4_CD202_NIRRIG_REPROD00000.asd;B4;CD202;NIRRIG;D04M;manha;D04;NIRRIG;NIRRIG;0.5782097771635913;True;;;;;;;;;;;;;;;;;;;-1.4963565602437012;-1.469526106138942;;;;;;;;;0.7017417563810684;0.7909347744068361;-1.496255972836634;;;;;;;;;;;;;;;;;;;;;;;;;;;;;;;;;;;;;;;;;;;;;;;;;;;;;;
1;PLS-DA;505;B4_CD202_NIRRIG_REPROD00001.asd;B4;CD202;NIRRIG;D04M;manha;D04;NIRRIG;NIRRIG;0.5773552065372966;True;;;;;;;;;;;;;;;;;;;-1.4949898870428955;-1.4680125019839723;;;;;;;;;0.708898301111001;0.794987503016509;-1.4950109282137338;;;;;;;;;;;;;;;;;;;;;;;;;;;;;;;;;;;;;;;;;;;;;;;;;;;;;;
1;PLS-DA;506;B4_CD202_NIRRIG_REPROD00002.asd;B4;CD202;NIRRIG;D04M;manha;D04;NIRRIG;NIRRIG;0.5762674053832769;True;;;;;;;;;;;;;;;;;;;-1.4962209690445736;-1.469600750124741;;;;;;;;;0.7072385096339574;0.7935666715579539;-1.4958004862078196;;;;;;;;;;;;;;;;;;;;;;;;;;;;;;;;;;;;;;;;;;;;;;;;;;;;;;
1;PLS-DA;507;B4_CD202_NIRRIG_REPROD00003.asd;B4;CD202;NIRRIG;D04M;manha;D04;NIRRIG;NIRRIG;0.5747674967827181;True;;;;;;;;;;;;;;;;;;;-1.4965282781438582;-1.469224654895662;;;;;;;;;0.7097198108315645;0.7953898187459194;-1.4965614703565895;;;;;;;;;;;;;;;;;;;;;;;;;;;;;;;;;;;;;;;;;;;;;;;;;;;;;;
1;PLS-DA;508;B4_CD202_NIRRIG_REPROD00004.asd;B4;CD202;NIRRIG;D04M;manha;D04;NIRRIG;NIRRIG;0.5606233424234405;True;;;;;;;;;;;;;;;;;;;-1.5087791753324566;-1.4843932379875244;;;;;;;;;0.6935664542867518;0.783385617338352;-1.5104286421017914;;;;;;;;;;;;;;;;;;;;;;;;;;;;;;;;;;;;;;;;;;;;;;;;;;;;;;
1;PLS-DA;509;B4_CD202_NIRRIG_REPROD00005.asd;B4;CD202;NIRRIG;D04M;manha;D04;NIRRIG;NIRRIG;0.561029972920092;True;;;;;;;;;;;;;;;;;;;-1.5082283404114254;-1.4835453904652756;;;;;;;;;0.6952583533705605;0.7844533355372462;-1.509635841373631;;;;;;;;;;;;;;;;;;;;;;;;;;;;;;;;;;;;;;;;;;;;;;;;;;;;;;
1;PLS-DA;510;B4_CD202_NIRRIG_REPROD00006.asd;B4;CD202;NIRRIG;D04M;manha;D04;NIRRIG;NIRRIG;0.5600351585048166;True;;;;;;;;;;;;;;;;;;;-1.509203023063825;-1.4847055881463969;;;;;;;;;0.6940936830283234;0.7831178863927761;-1.5107146414720705;;;;;;;;;;;;;;;;;;;;;;;;;;;;;;;;;;;;;;;;;;;;;;;;;;;;;;
1;PLS-DA;511;B4_CD202_NIRRIG_REPROD00007.asd;B4;CD202;NIRRIG;D04M;manha;D04;NIRRIG;NIRRIG;0.5615832575908427;True;;;;;;;;;;;;;;;;;;;-1.5079440562713624;-1.4834014645739928;;;;;;;;;0.6953693778954682;0.7836800302109438;-1.5094503477927812;;;;;;;;;;;;;;;;;;;;;;;;;;;;;;;;;;;;;;;;;;;;;;;;;;;;;;
1;RandomForest;496;B4_CD202_IRRIG_REPROD00000.asd;B4;CD202;IRRIG;D04M;manha;D04;IRRIG;IRRIG;0.088;True;;;;;;;;;;;;;;;;;;;-1.5490382490540846;-1.5306798060060174;;;;;;;;;0.701649944541589;0.798995023508156;-1.5456526479407915;;;;;;;;;;;;;;;;;;;;;;;;;;;;;;;;;;;;;;;;;;;;;;;;;;;;;;
1;RandomForest;497;B4_CD202_IRRIG_REPROD00001.asd;B4;CD202;IRRIG;D04M;manha;D04;IRRIG;IRRIG;0.048;True;;;;;;;;;;;;;;;;;;;-1.553136935970817;-1.5347131320847336;;;;;;;;;0.7029398915284095;0.799757762043459;-1.5496767503510454;;;;;;;;;;;;;;;;;;;;;;;;;;;;;;;;;;;;;;;;;;;;;;;;;;;;;;
1;RandomForest;498;B4_CD202_IRRIG_REPROD00002.asd;B4;CD202;IRRIG;D04M;manha;D04;IRRIG;IRRIG;0.006;True;;;;;;;;;;;;;;;;;;;-1.5571499293613182;-1.5384285642576159;;;;;;;;;0.7047194189040606;0.8012656362084334;-1.5538062148024736;;;;;;;;;;;;;;;;;;;;;;;;;;;;;;;;;;;;;;;;;;;;;;;;;;;;;;
1;RandomForest;499;B4_CD202_IRRIG_REPROD00003.asd;B4;CD202;IRRIG;D04M;manha;D04;IRRIG;IRRIG;0.006;True;;;;;;;;;;;;;;;;;;;-1.563686153698027;-1.5450418931323313;;;;;;;;;0.7032824262779728;0.7994786666796999;-1.5602641534008352;;;;;;;;;;;;;;;;;;;;;;;;;;;;;;;;;;;;;;;;;;;;;;;;;;;;;;
1;RandomForest;500;B4_CD202_IRRIG_REPROD00004.asd;B4;CD202;IRRIG;D04M;manha;D04;IRRIG;NIRRIG;0.718;False;;;;;;;;;;;;;;;;;;;-1.5430173416734416;-1.522120256675635;;;;;;;;;0.6731582981616928;0.7758751667679161;-1.5427068733525706;;;;;;;;;;;;;;;;;;;;;;;;;;;;;;;;;;;;;;;;;;;;;;;;;;;;;;
1;RandomForest;501;B4_CD202_IRRIG_REPROD00005.asd;B4;CD202;IRRIG;D04M;manha;D04;IRRIG;NIRRIG;0.574;False;;;;;;;;;;;;;;;;;;;-1.5500206323564503;-1.5285574370133461;;;;;;;;;0.6764611667976165;0.7787057786066794;-1.5485779193760971;;;;;;;;;;;;;;;;;;;;;;;;;;;;;;;;;;;;;;;;;;;;;;;;;;;;;;
1;RandomForest;502;B4_CD202_IRRIG_REPROD00006.asd;B4;CD202;IRRIG;D04M;manha;D04;IRRIG;IRRIG;0.484;True;;;;;;;;;;;;;;;;;;;-1.5591398528870408;-1.5383416557790797;;;;;;;;;0.6785804184069898;0.7800763088586664;-1.5578219888771192;;;;;;;;;;;;;;;;;;;;;;;;;;;;;;;;;;;;;;;;;;;;;;;;;;;;;;
1;RandomForest;503;B4_CD202_IRRIG_REPROD00007.asd;B4;CD202;IRRIG;D04M;manha;D04;IRRIG;IRRIG;0.48;True;;;;;;;;;;;;;;;;;;;-1.5683613514843853;-1.546725607618359;;;;;;;;;0.677318026342524;0.778704044657496;-1.5664746153331834;;;;;;;;;;;;;;;;;;;;;;;;;;;;;;;;;;;;;;;;;;;;;;;;;;;;;;
1;RandomForest;504;B4_CD202_NIRRIG_REPROD00000.asd;B4;CD202;NIRRIG;D04M;manha;D04;NIRRIG;NIRRIG;0.692;True;;;;;;;;;;;;;;;;;;;-1.4963565602437012;-1.469526106138942;;;;;;;;;0.7017417563810684;0.7909347744068361;-1.496255972836634;;;;;;;;;;;;;;;;;;;;;;;;;;;;;;;;;;;;;;;;;;;;;;;;;;;;;;
1;RandomForest;505;B4_CD202_NIRRIG_REPROD00001.asd;B4;CD202;NIRRIG;D04M;manha;D04;NIRRIG;NIRRIG;0.682;True;;;;;;;;;;;;;;;;;;;-1.4949898870428955;-1.4680125019839723;;;;;;;;;0.708898301111001;0.794987503016509;-1.4950109282137338;;;;;;;;;;;;;;;;;;;;;;;;;;;;;;;;;;;;;;;;;;;;;;;;;;;;;;
1;RandomForest;506;B4_CD202_NIRRIG_REPROD00002.asd;B4;CD202;NIRRIG;D04M;manha;D04;NIRRIG;NIRRIG;0.682;True;;;;;;;;;;;;;;;;;;;-1.4962209690445736;-1.469600750124741;;;;;;;;;0.7072385096339574;0.7935666715579539;-1.4958004862078196;;;;;;;;;;;;;;;;;;;;;;;;;;;;;;;;;;;;;;;;;;;;;;;;;;;;;;
1;RandomForest;507;B4_CD202_NIRRIG_REPROD00003.asd;B4;CD202;NIRRIG;D04M;manha;D04;NIRRIG;NIRRIG;0.682;True;;;;;;;;;;;;;;;;;;;-1.4965282781438582;-1.469224654895662;;;;;;;;;0.7097198108315645;0.7953898187459194;-1.4965614703565895;;;;;;;;;;;;;;;;;;;;;;;;;;;;;;;;;;;;;;;;;;;;;;;;;;;;;;
1;RandomForest;508;B4_CD202_NIRRIG_REPROD00004.asd;B4;CD202;NIRRIG;D04M;manha;D04;NIRRIG;NIRRIG;0.994;True;;;;;;;;;;;;;;;;;;;-1.5087791753324566;-1.4843932379875244;;;;;;;;;0.6935664542867518;0.783385617338352;-1.5104286421017914;;;;;;;;;;;;;;;;;;;;;;;;;;;;;;;;;;;;;;;;;;;;;;;;;;;;;;
1;RandomForest;509;B4_CD202_NIRRIG_REPROD00005.asd;B4;CD202;NIRRIG;D04M;manha;D04;NIRRIG;NIRRIG;0.994;True;;;;;;;;;;;;;;;;;;;-1.5082283404114254;-1.4835453904652756;;;;;;;;;0.6952583533705605;0.7844533355372462;-1.509635841373631;;;;;;;;;;;;;;;;;;;;;;;;;;;;;;;;;;;;;;;;;;;;;;;;;;;;;;
1;RandomForest;510;B4_CD202_NIRRIG_REPROD00006.asd;B4;CD202;NIRRIG;D04M;manha;D04;NIRRIG;NIRRIG;0.994;True;;;;;;;;;;;;;;;;;;;-1.509203023063825;-1.4847055881463969;;;;;;;;;0.6940936830283234;0.7831178863927761;-1.5107146414720705;;;;;;;;;;;;;;;;;;;;;;;;;;;;;;;;;;;;;;;;;;;;;;;;;;;;;;
1;RandomForest;511;B4_CD202_NIRRIG_REPROD00007.asd;B4;CD202;NIRRIG;D04M;manha;D04;NIRRIG;NIRRIG;0.994;True;;;;;;;;;;;;;;;;;;;-1.5079440562713624;-1.4834014645739928;;;;;;;;;0.6953693778954682;0.7836800302109438;-1.5094503477927812;;;;;;;;;;;;;;;;;;;;;;;;;;;;;;;;;;;;;;;;;;;;;;;;;;;;;;
2;PLS-DA;480;B3_CD202_IRRIG_REPROD00000.asd;B3;CD202;IRRIG;D04M;manha;D04;IRRIG;IRRIG;0.2915043480356895;True;;;;;;;;;;;;;;;;;;;-1.6138418180826468;-1.5915872067511427;;;;;;;;;0.7057497945628308;0.8012324624881536;-1.6123465546178841;;;;;;;;;;;;;;;;;;;;;;;;;;;;;;;;;;;;;;;;;;;;;;;;;;;;;;
2;PLS-DA;481;B3_CD202_IRRIG_REPROD00001.asd;B3;CD202;IRRIG;D04M;manha;D04;IRRIG;IRRIG;0.269054569527323;True;;;;;;;;;;;;;;;;;;;-1.624704045435648;-1.6026714329621279;;;;;;;;;0.706934327422011;0.8024497132975643;-1.6226040695653845;;;;;;;;;;;;;;;;;;;;;;;;;;;;;;;;;;;;;;;;;;;;;;;;;;;;;;
2;PLS-DA;482;B3_CD202_IRRIG_REPROD00002.asd;B3;CD202;IRRIG;D04M;manha;D04;IRRIG;IRRIG;0.2532284617982458;True;;;;;;;;;;;;;;;;;;;-1.6325073325607016;-1.6105093428980475;;;;;;;;;0.710031670138646;0.8047103657425777;-1.6310888791421356;;;;;;;;;;;;;;;;;;;;;;;;;;;;;;;;;;;;;;;;;;;;;;;;;;;;;;
2;PLS-DA;483;B3_CD202_IRRIG_REPROD00003.asd;B3;CD202;IRRIG;D04M;manha;D04;IRRIG;IRRIG;0.23578995822842339;True;;;;;;;;;;;;;;;;;;;-1.6419105793634754;-1.6189571993500502;;;;;;;;;0.7084878942997677;0.80311058333058;-1.6402775393630598;;;;;;;;;;;;;;;;;;;;;;;;;;;;;;;;;;;;;;;;;;;;;;;;;;;;;;
2;PLS-DA;484;B3_CD202_IRRIG_REPROD00004.asd;B3;CD202;IRRIG;D04M;manha;D04;IRRIG;IRRIG;0.27881053472690864;True;;;;;;;;;;;;;;;;;;;-1.6195748710197593;-1.5983980376562636;;;;;;;;;0.7138662189953789;0.8097354370387817;-1.6186434834290142;;;;;;;;;;;;;;;;;;;;;;;;;;;;;;;;;;;;;;;;;;;;;;;;;;;;;;
2;PLS-DA;485;B3_CD202_IRRIG_REPROD00005.asd;B3;CD202;IRRIG;D04M;manha;D04;IRRIG;IRRIG;0.25440250795652664;True;;;;;;;;;;;;;;;;;;;-1.632515835383993;-1.6101059741507762;;;;;;;;;0.7129762317047125;0.8088491105913657;-1.6298670090628977;;;;;;;;;;;;;;;;;;;;;;;;;;;;;;;;;;;;;;;;;;;;;;;;;;;;;;
2;PLS-DA;486;B3_CD202_IRRIG_REPROD00006.asd;B3;CD202;IRRIG;D04M;manha;D04;IRRIG;IRRIG;0.23473704315569463;True;;;;;;;;;;;;;;;;;;;-1.6426109454565512;-1.6201328864687659;;;;;;;;;0.7113189290099409;0.8068413346758724;-1.6402830992802333;;;;;;;;;;;;;;;;;;;;;;;;;;;;;;;;;;;;;;;;;;;;;;;;;;;;;;
2;PLS-DA;487;B3_CD202_IRRIG_REPROD00007.asd;B3;CD202;IRRIG;D04M;manha;D04;IRRIG;IRRIG;0.21765305723215478;True;;;;;;;;;;;;;;;;;;;-1.6518755426148546;-1.6293968765577762;;;;;;;;;0.7097117374735123;0.8051629997877715;-1.6497093143104495;;;;;;;;;;;;;;;;;;;;;;;;;;;;;;;;;;;;;;;;;;;;;;;;;;;;;;
2;PLS-DA;488;B3_CD202_NIRRIG_REPROD00000.asd;B3;CD202;NIRRIG;D04M;manha;D04;NIRRIG;NIRRIG;0.5056867139455463;True;;;;;;;;;;;;;;;;;;;-1.5254194694777972;-1.4966468764666716;;;;;;;;;0.6917881271377332;0.7862322093475556;-1.5319245473839493;;;;;;;;;;;;;;;;;;;;;;;;;;;;;;;;;;;;;;;;;;;;;;;;;;;;;;
2;PLS-DA;489;B3_CD202_NIRRIG_REPROD00001.asd;B3;CD202;NIRRIG;D04M;manha;D04;NIRRIG;NIRRIG;0.5076888373629336;True;;;;;;;;;;;;;;;;;;;-1.5248499083825822;-1.4961692007602228;;;;;;;;;0.6936378894479805;0.7880505186578908;-1.530880296681928;;;;;;;;;;;;;;;;;;;;;;;;;;;;;;;;;;;;;;;;;;;;;;;;;;;;;;
2;PLS-DA;490;B3_CD202_NIRRIG_REPROD00002.asd;B3;CD202;NIRRIG;D04M;manha;D04;NIRRIG;NIRRIG;0.5076826606774076;True;;;;;;;;;;;;;;;;;;;-1.5248669072957621;-1.4961648806275316;;;;;;;;;0.6936894330502738;0.7878520291603099;-1.5309162822782545;;;;;;;;;;;;;;;;;;;;;;;;;;;;;;;;;;;;;;;;;;;;;;;;;;;;;;
2;PLS-DA;491;B3_CD202_NIRRIG_REPROD00003.asd;B3;CD202;NIRRIG;D04M;manha;D04;NIRRIG;NIRRIG;0.5037196073681373;True;;;;;;;;;;;;;;;;;;;-1.526400392927305;-1.4979008112081778;;;;;;;;;0.6928892051803089;0.7869122073129249;-1.532135345614187;;;;;;;;;;;;;;;;;;;;;;;;;;;;;;;;;;;;;;;;;;;;;;;;;;;;;;
2;PLS-DA;492;B3_CD202_NIRRIG_REPROD00004.asd;B3;CD202;NIRRIG;D04M;manha;D04;NIRRIG;IRRIG;0.457456267151723;False;;;;;;;;;;;;;;;;;;;-1.5450134858789015;-1.5144794753024067;;;;;;;;;0.6893821950408471;0.7775899216591836;-1.550800522880795;;;;;;;;;;;;;;;;;;;;;;;;;;;;;;;;;;;;;;;;;;;;;;;;;;;;;;
2;PLS-DA;493;B3_CD202_NIRRIG_REPROD00005.asd;B3;CD202;NIRRIG;D04M;manha;D04;NIRRIG;IRRIG;0.4597618878468097;False;;;;;;;;;;;;;;;;;;;-1.5447386181099858;-1.5137298906923422;;;;;;;;;0.6917993071886985;0.7791163381212662;-1.549552724450279;;;;;;;;;;;;;;;;;;;;;;;;;;;;;;;;;;;;;;;;;;;;;;;;;;;;;;
2;PLS-DA;494;B3_CD202_NIRRIG_REPROD00006.asd;B3;CD202;NIRRIG;D04M;manha;D04;NIRRIG;IRRIG;0.4617471640290544;False;;;;;;;;;;;;;;;;;;;-1.5438762021447872;-1.5130730975723239;;;;;;;;;0.6945889160261511;0.7815412072244498;-1.5491520780940986;;;;;;;;;;;;;;;;;;;;;;;;;;;;;;;;;;;;;;;;;;;;;;;;;;;;;;
2;PLS-DA;495;B3_CD202_NIRRIG_REPROD00007.asd;B3;CD202;NIRRIG;D04M;manha;D04;NIRRIG;IRRIG;0.46412235604328667;False;;;;;;;;;;;;;;;;;;;-1.5431947127399777;-1.5121249677156434;;;;;;;;;0.6951985441039616;0.7814605431473268;-1.5481972756968851;;;;;;;;;;;;;;;;;;;;;;;;;;;;;;;;;;;;;;;;;;;;;;;;;;;;;;
2;RandomForest;480;B3_CD202_IRRIG_REPROD00000.asd;B3;CD202;IRRIG;D04M;manha;D04;IRRIG;IRRIG;0.0;True;;;;;;;;;;;;;;;;;;;-1.6138418180826468;-1.5915872067511427;;;;;;;;;0.7057497945628308;0.8012324624881536;-1.6123465546178841;;;;;;;;;;;;;;;;;;;;;;;;;;;;;;;;;;;;;;;;;;;;;;;;;;;;;;
2;RandomForest;481;B3_CD202_IRRIG_REPROD00001.asd;B3;CD202;IRRIG;D04M;manha;D04;IRRIG;IRRIG;0.0;True;;;;;;;;;;;;;;;;;;;-1.624704045435648;-1.6026714329621279;;;;;;;;;0.706934327422011;0.8024497132975643;-1.6226040695653845;;;;;;;;;;;;;;;;;;;;;;;;;;;;;;;;;;;;;;;;;;;;;;;;;;;;;;
2;RandomForest;482;B3_CD202_IRRIG_REPROD00002.asd;B3;CD202;IRRIG;D04M;manha;D04;IRRIG;IRRIG;0.0;True;;;;;;;;;;;;;;;;;;;-1.6325073325607016;-1.6105093428980475;;;;;;;;;0.710031670138646;0.8047103657425777;-1.6310888791421356;;;;;;;;;;;;;;;;;;;;;;;;;;;;;;;;;;;;;;;;;;;;;;;;;;;;;;
2;RandomForest;483;B3_CD202_IRRIG_REPROD00003.asd;B3;CD202;IRRIG;D04M;manha;D04;IRRIG;IRRIG;0.0;True;;;;;;;;;;;;;;;;;;;-1.6419105793634754;-1.6189571993500502;;;;;;;;;0.7084878942997677;0.80311058333058;-1.6402775393630598;;;;;;;;;;;;;;;;;;;;;;;;;;;;;;;;;;;;;;;;;;;;;;;;;;;;;;
2;RandomForest;484;B3_CD202_IRRIG_REPROD00004.asd;B3;CD202;IRRIG;D04M;manha;D04;IRRIG;IRRIG;0.0;True;;;;;;;;;;;;;;;;;;;-1.6195748710197593;-1.5983980376562636;;;;;;;;;0.7138662189953789;0.8097354370387817;-1.6186434834290142;;;;;;;;;;;;;;;;;;;;;;;;;;;;;;;;;;;;;;;;;;;;;;;;;;;;;;
2;RandomForest;485;B3_CD202_IRRIG_REPROD00005.asd;B3;CD202;IRRIG;D04M;manha;D04;IRRIG;IRRIG;0.0;True;;;;;;;;;;;;;;;;;;;-1.632515835383993;-1.6101059741507762;;;;;;;;;0.7129762317047125;0.8088491105913657;-1.6298670090628977;;;;;;;;;;;;;;;;;;;;;;;;;;;;;;;;;;;;;;;;;;;;;;;;;;;;;;
2;RandomForest;486;B3_CD202_IRRIG_REPROD00006.asd;B3;CD202;IRRIG;D04M;manha;D04;IRRIG;IRRIG;0.0;True;;;;;;;;;;;;;;;;;;;-1.6426109454565512;-1.6201328864687659;;;;;;;;;0.7113189290099409;0.8068413346758724;-1.6402830992802333;;;;;;;;;;;;;;;;;;;;;;;;;;;;;;;;;;;;;;;;;;;;;;;;;;;;;;
2;RandomForest;487;B3_CD202_IRRIG_REPROD00007.asd;B3;CD202;IRRIG;D04M;manha;D04;IRRIG;IRRIG;0.0;True;;;;;;;;;;;;;;;;;;;-1.6518755426148546;-1.6293968765577762;;;;;;;;;0.7097117374735123;0.8051629997877715;-1.6497093143104495;;;;;;;;;;;;;;;;;;;;;;;;;;;;;;;;;;;;;;;;;;;;;;;;;;;;;;
2;RandomForest;488;B3_CD202_NIRRIG_REPROD00000.asd;B3;CD202;NIRRIG;D04M;manha;D04;NIRRIG;IRRIG;0.016;False;;;;;;;;;;;;;;;;;;;-1.5254194694777972;-1.4966468764666716;;;;;;;;;0.6917881271377332;0.7862322093475556;-1.5319245473839493;;;;;;;;;;;;;;;;;;;;;;;;;;;;;;;;;;;;;;;;;;;;;;;;;;;;;;
2;RandomForest;489;B3_CD202_NIRRIG_REPROD00001.asd;B3;CD202;NIRRIG;D04M;manha;D04;NIRRIG;IRRIG;0.016;False;;;;;;;;;;;;;;;;;;;-1.5248499083825822;-1.4961692007602228;;;;;;;;;0.6936378894479805;0.7880505186578908;-1.530880296681928;;;;;;;;;;;;;;;;;;;;;;;;;;;;;;;;;;;;;;;;;;;;;;;;;;;;;;
2;RandomForest;490;B3_CD202_NIRRIG_REPROD00002.asd;B3;CD202;NIRRIG;D04M;manha;D04;NIRRIG;IRRIG;0.016;False;;;;;;;;;;;;;;;;;;;-1.5248669072957621;-1.4961648806275316;;;;;;;;;0.6936894330502738;0.7878520291603099;-1.5309162822782545;;;;;;;;;;;;;;;;;;;;;;;;;;;;;;;;;;;;;;;;;;;;;;;;;;;;;;
2;RandomForest;491;B3_CD202_NIRRIG_REPROD00003.asd;B3;CD202;NIRRIG;D04M;manha;D04;NIRRIG;IRRIG;0.012;False;;;;;;;;;;;;;;;;;;;-1.526400392927305;-1.4979008112081778;;;;;;;;;0.6928892051803089;0.7869122073129249;-1.532135345614187;;;;;;;;;;;;;;;;;;;;;;;;;;;;;;;;;;;;;;;;;;;;;;;;;;;;;;
2;RandomForest;492;B3_CD202_NIRRIG_REPROD00004.asd;B3;CD202;NIRRIG;D04M;manha;D04;NIRRIG;IRRIG;0.0;False;;;;;;;;;;;;;;;;;;;-1.5450134858789015;-1.5144794753024067;;;;;;;;;0.6893821950408471;0.7775899216591836;-1.550800522880795;;;;;;;;;;;;;;;;;;;;;;;;;;;;;;;;;;;;;;;;;;;;;;;;;;;;;;
2;RandomForest;493;B3_CD202_NIRRIG_REPROD00005.asd;B3;CD202;NIRRIG;D04M;manha;D04;NIRRIG;IRRIG;0.0;False;;;;;;;;;;;;;;;;;;;-1.5447386181099858;-1.5137298906923422;;;;;;;;;0.6917993071886985;0.7791163381212662;-1.549552724450279;;;;;;;;;;;;;;;;;;;;;;;;;;;;;;;;;;;;;;;;;;;;;;;;;;;;;;
2;RandomForest;494;B3_CD202_NIRRIG_REPROD00006.asd;B3;CD202;NIRRIG;D04M;manha;D04;NIRRIG;IRRIG;0.0;False;;;;;;;;;;;;;;;;;;;-1.5438762021447872;-1.5130730975723239;;;;;;;;;0.6945889160261511;0.7815412072244498;-1.5491520780940986;;;;;;;;;;;;;;;;;;;;;;;;;;;;;;;;;;;;;;;;;;;;;;;;;;;;;;
2;RandomForest;495;B3_CD202_NIRRIG_REPROD00007.asd;B3;CD202;NIRRIG;D04M;manha;D04;NIRRIG;IRRIG;0.0;False;;;;;;;;;;;;;;;;;;;-1.5431947127399777;-1.5121249677156434;;;;;;;;;0.6951985441039616;0.7814605431473268;-1.5481972756968851;;;;;;;;;;;;;;;;;;;;;;;;;;;;;;;;;;;;;;;;;;;;;;;;;;;;;;
3;PLS-DA;464;B2_CD202_IRRIG_REPROD00000.asd;B2;CD202;IRRIG;D04M;manha;D04;IRRIG;IRRIG;0.4862595564875599;True;;;;;;;;;;;;;;;;;;;-1.5566727238523288;-1.5336443241905622;;;;;;;;;0.6982449372826202;0.7904670141064242;-1.5552305633979753;;;;;;;;;;;;;;;;;;;;;;;;;;;;;;;;;;;;;;;;;;;;;;;;;;;;;;
3;PLS-DA;465;B2_CD202_IRRIG_REPROD00001.asd;B2;CD202;IRRIG;D04M;manha;D04;IRRIG;IRRIG;0.47352288417686955;True;;;;;;;;;;;;;;;;;;;-1.5643638325071483;-1.5406307291412182;;;;;;;;;0.6978585175062676;0.7905248384180921;-1.5623973894574772;;;;;;;;;;;;;;;;;;;;;;;;;;;;;;;;;;;;;;;;;;;;;;;;;;;;;;
3;PLS-DA;466;B2_CD202_IRRIG_REPROD00002.asd;B2;CD202;IRRIG;D04M;manha;D04;IRRIG;IRRIG;0.45923260959554235;True;;;;;;;;;;;;;;;;;;;-1.571247126159245;-1.5481299148166032;;;;;;;;;0.6994176886020429;0.7917706877133335;-1.5701671620724238;;;;;;;;;;;;;;;;;;;;;;;;;;;;;;;;;;;;;;;;;;;;;;;;;;;;;;
3;PLS-DA;467;B2_CD202_IRRIG_REPROD00003.asd;B2;CD202;IRRIG;D04M;manha;D04;IRRIG;IRRIG;0.43544743280108805;True;;;;;;;;;;;;;;;;;;;-1.5830733148781249;-1.559464948863523;;;;;;;;;0.7031474333959895;0.7950896937851976;-1.5809630641727597;;;;;;;;;;;;;;;;;;;;;;;;;;;;;;;;;;;;;;;;;;;;;;;;;;;;;;
3;PLS-DA;468;B2_CD202_IRRIG_REPROD00004.asd;B2;CD202;IRRIG;D04M;manha;D04;IRRIG;NIRRIG;0.5986389357579152;False;;;;;;;;;;;;;;;;;;;-1.513766180007277;-1.4902682418065698;;;;;;;;;0.6670553521759054;0.7612032707814217;-1.5142365224199135;;;;;;;;;;;;;;;;;;;;;;;;;;;;;;;;;;;;;;;;;;;;;;;;;;;;;;
3;PLS-DA;469;B2_CD202_IRRIG_REPROD00005.asd;B2;CD202;IRRIG;D04M;manha;D04;IRRIG;NIRRIG;0.5880978158045429;False;;;;;;;;;;;;;;;;;;;-1.51985351353699;-1.4961166669216899;;;;;;;;;0.6686412666314601;0.7619578041671964;-1.5199340415409806;;;;;;;;;;;;;;;;;;;;;;;;;;;;;;;;;;;;;;;;;;;;;;;;;;;;;;
3;PLS-DA;470;B2_CD202_IRRIG_REPROD00006.asd;B2;CD202;IRRIG;D04M;manha;D04;IRRIG;NIRRIG;0.5849697682321722;False;;;;;;;;;;;;;;;;;;;-1.521866866490156;-1.4977075408946197;;;;;;;;;0.6692155507244991;0.762101638565937;-1.5218772201519453;;;;;;;;;;;;;;;;;;;;;;;;;;;;;;;;;;;;;;;;;;;;;;;;;;;;;;
3;PLS-DA;471;B2_CD202_IRRIG_REPROD00007.asd;B2;CD202;IRRIG;D04M;manha;D04;IRRIG;NIRRIG;0.5813779776184764;False;;;;;;;;;;;;;;;;;;;-1.5241395338688928;-1.4998540962369689;;;;;;;;;0.6698104979859403;0.7621576695067255;-1.524064878530362;;;;;;;;;;;;;;;;;;;;;;;;;;;;;;;;;;;;;;;;;;;;;;;;;;;;;;
3;PLS-DA;472;B2_CD202_NIRRIG_REPROD00000.asd;B2;CD202;NIRRIG;D04M;manha;D04;NIRRIG;NIRRIG;0.5876607827652595;True;;;;;;;;;;;;;;;;;;;-1.5092087920462627;-1.4875098054708353;;;;;;;;;0.6722364152787818;0.7719287858265438;-1.5120239784053007;;;;;;;;;;;;;;;;;;;;;;;;;;;;;;;;;;;;;;;;;;;;;;;;;;;;;;
3;PLS-DA;473;B2_CD202_NIRRIG_REPROD00001.asd;B2;CD202;NIRRIG;D04M;manha;D04;NIRRIG;NIRRIG;0.5864414635747114;True;;;;;;;;;;;;;;;;;;;-1.5101175996415301;-1.4882222484509557;;;;;;;;;0.672622568060519;0.7721693494230552;-1.5120150588285004;;;;;;;;;;;;;;;;;;;;;;;;;;;;;;;;;;;;;;;;;;;;;;;;;;;;;;
3;PLS-DA;474;B2_CD202_NIRRIG_REPROD00002.asd;B2;CD202;NIRRIG;D04M;manha;D04;NIRRIG;NIRRIG;0.5855439902690128;True;;;;;;;;;;;;;;;;;;;-1.5102016081291814;-1.4884977155128793;;;;;;;;;0.6731323686275197;0.772528880760827;-1.5124914003653447;;;;;;;;;;;;;;;;;;;;;;;;;;;;;;;;;;;;;;;;;;;;;;;;;;;;;;
3;PLS-DA;475;B2_CD202_NIRRIG_REPROD00003.asd;B2;CD202;NIRRIG;D04M;manha;D04;NIRRIG;NIRRIG;0.5869636953164795;True;;;;;;;;;;;;;;;;;;;-1.5104144420201406;-1.4885075188665235;;;;;;;;;0.6730844561876049;0.7716762354964793;-1.5122378769988978;;;;;;;;;;;;;;;;;;;;;;;;;;;;;;;;;;;;;;;;;;;;;;;;;;;;;;
3;PLS-DA;476;B2_CD202_NIRRIG_REPROD00004.asd;B2;CD202;NIRRIG;D04M;manha;D04;NIRRIG;NIRRIG;0.625717487597126;True;;;;;;;;;;;;;;;;;;;-1.4861842085368455;-1.463655400474837;;;;;;;;;0.6761269283224124;0.7731777370285345;-1.4878609507076006;;;;;;;;;;;;;;;;;;;;;;;;;;;;;;;;;;;;;;;;;;;;;;;;;;;;;;
3;PLS-DA;477;B2_CD202_NIRRIG_REPROD00005.asd;B2;CD202;NIRRIG;D04M;manha;D04;NIRRIG;NIRRIG;0.6289334952452014;True;;;;;;;;;;;;;;;;;;;-1.4878786918059796;-1.4656097763661788;;;;;;;;;0.6705837769077115;0.7682994750548846;-1.4897631940340779;;;;;;;;;;;;;;;;;;;;;;;;;;;;;;;;;;;;;;;;;;;;;;;;;;;;;;
3;PLS-DA;478;B2_CD202_NIRRIG_REPROD00006.asd;B2;CD202;NIRRIG;D04M;manha;D04;NIRRIG;NIRRIG;0.6283312422798939;True;;;;;;;;;;;;;;;;;;;-1.488163534170046;-1.4662177826645817;;;;;;;;;0.6710882626412976;0.7683521191068133;-1.4900903939607342;;;;;;;;;;;;;;;;;;;;;;;;;;;;;;;;;;;;;;;;;;;;;;;;;;;;;;
3;PLS-DA;479;B2_CD202_NIRRIG_REPROD00007.asd;B2;CD202;NIRRIG;D04M;manha;D04;NIRRIG;NIRRIG;0.6275824133178859;True;;;;;;;;;;;;;;;;;;;-1.489053051916596;-1.466718559369931;;;;;;;;;0.671642279711367;0.7683447933054633;-1.4904181619492853;;;;;;;;;;;;;;;;;;;;;;;;;;;;;;;;;;;;;;;;;;;;;;;;;;;;;;
3;RandomForest;464;B2_CD202_IRRIG_REPROD00000.asd;B2;CD202;IRRIG;D04M;manha;D04;IRRIG;IRRIG;0.05;True;;;;;;;;;;;;;;;;;;;-1.5566727238523288;-1.5336443241905622;;;;;;;;;0.6982449372826202;0.7904670141064242;-1.5552305633979753;;;;;;;;;;;;;;;;;;;;;;;;;;;;;;;;;;;;;;;;;;;;;;;;;;;;;;
3;RandomForest;465;B2_CD202_IRRIG_REPROD00001.asd;B2;CD202;IRRIG;D04M;manha;D04;IRRIG;IRRIG;0.052;True;;;;;;;;;;;;;;;;;;;-1.5643638325071483;-1.5406307291412182;;;;;;;;;0.6978585175062676;0.7905248384180921;-1.5623973894574772;;;;;;;;;;;;;;;;;;;;;;;;;;;;;;;;;;;;;;;;;;;;;;;;;;;;;;
3;RandomForest;466;B2_CD202_IRRIG_REPROD00002.asd;B2;CD202;IRRIG;D04M;manha;D04;IRRIG;IRRIG;0.04;True;;;;;;;;;;;;;;;;;;;-1.571247126159245;-1.5481299148166032;;;;;;;;;0.6994176886020429;0.7917706877133335;-1.5701671620724238;;;;;;;;;;;;;;;;;;;;;;;;;;;;;;;;;;;;;;;;;;;;;;;;;;;;;;
3;RandomForest;467;B2_CD202_IRRIG_REPROD00003.asd;B2;CD202;IRRIG;D04M;manha;D04;IRRIG;IRRIG;0.02;True;;;;;;;;;;;;;;;;;;;-1.5830733148781249;-1.559464948863523;;;;;;;;;0.7031474333959895;0.7950896937851976;-1.5809630641727597;;;;;;;;;;;;;;;;;;;;;;;;;;;;;;;;;;;;;;;;;;;;;;;;;;;;;;
3;RandomForest;468;B2_CD202_IRRIG_REPROD00004.asd;B2;CD202;IRRIG;D04M;manha;D04;IRRIG;NIRRIG;0.994;False;;;;;;;;;;;;;;;;;;;-1.513766180007277;-1.4902682418065698;;;;;;;;;0.6670553521759054;0.7612032707814217;-1.5142365224199135;;;;;;;;;;;;;;;;;;;;;;;;;;;;;;;;;;;;;;;;;;;;;;;;;;;;;;
3;RandomForest;469;B2_CD202_IRRIG_REPROD00005.asd;B2;CD202;IRRIG;D04M;manha;D04;IRRIG;NIRRIG;0.958;False;;;;;;;;;;;;;;;;;;;-1.51985351353699;-1.4961166669216899;;;;;;;;;0.6686412666314601;0.7619578041671964;-1.5199340415409806;;;;;;;;;;;;;;;;;;;;;;;;;;;;;;;;;;;;;;;;;;;;;;;;;;;;;;
3;RandomForest;470;B2_CD202_IRRIG_REPROD00006.asd;B2;CD202;IRRIG;D04M;manha;D04;IRRIG;NIRRIG;0.956;False;;;;;;;;;;;;;;;;;;;-1.521866866490156;-1.4977075408946197;;;;;;;;;0.6692155507244991;0.762101638565937;-1.5218772201519453;;;;;;;;;;;;;;;;;;;;;;;;;;;;;;;;;;;;;;;;;;;;;;;;;;;;;;
3;RandomForest;471;B2_CD202_IRRIG_REPROD00007.asd;B2;CD202;IRRIG;D04M;manha;D04;IRRIG;NIRRIG;0.956;False;;;;;;;;;;;;;;;;;;;-1.5241395338688928;-1.4998540962369689;;;;;;;;;0.6698104979859403;0.7621576695067255;-1.524064878530362;;;;;;;;;;;;;;;;;;;;;;;;;;;;;;;;;;;;;;;;;;;;;;;;;;;;;;
3;RandomForest;472;B2_CD202_NIRRIG_REPROD00000.asd;B2;CD202;NIRRIG;D04M;manha;D04;NIRRIG;NIRRIG;0.962;True;;;;;;;;;;;;;;;;;;;-1.5092087920462627;-1.4875098054708353;;;;;;;;;0.6722364152787818;0.7719287858265438;-1.5120239784053007;;;;;;;;;;;;;;;;;;;;;;;;;;;;;;;;;;;;;;;;;;;;;;;;;;;;;;
3;RandomForest;473;B2_CD202_NIRRIG_REPROD00001.asd;B2;CD202;NIRRIG;D04M;manha;D04;NIRRIG;NIRRIG;0.962;True;;;;;;;;;;;;;;;;;;;-1.5101175996415301;-1.4882222484509557;;;;;;;;;0.672622568060519;0.7721693494230552;-1.5120150588285004;;;;;;;;;;;;;;;;;;;;;;;;;;;;;;;;;;;;;;;;;;;;;;;;;;;;;;
3;RandomForest;474;B2_CD202_NIRRIG_REPROD00002.asd;B2;CD202;NIRRIG;D04M;manha;D04;NIRRIG;NIRRIG;0.962;True;;;;;;;;;;;;;;;;;;;-1.5102016081291814;-1.4884977155128793;;;;;;;;;0.6731323686275197;0.772528880760827;-1.5124914003653447;;;;;;;;;;;;;;;;;;;;;;;;;;;;;;;;;;;;;;;;;;;;;;;;;;;;;;
3;RandomForest;475;B2_CD202_NIRRIG_REPROD00003.asd;B2;CD202;NIRRIG;D04M;manha;D04;NIRRIG;NIRRIG;0.962;True;;;;;;;;;;;;;;;;;;;-1.5104144420201406;-1.4885075188665235;;;;;;;;;0.6730844561876049;0.7716762354964793;-1.5122378769988978;;;;;;;;;;;;;;;;;;;;;;;;;;;;;;;;;;;;;;;;;;;;;;;;;;;;;;
3;RandomForest;476;B2_CD202_NIRRIG_REPROD00004.asd;B2;CD202;NIRRIG;D04M;manha;D04;NIRRIG;NIRRIG;0.96;True;;;;;;;;;;;;;;;;;;;-1.4861842085368455;-1.463655400474837;;;;;;;;;0.6761269283224124;0.7731777370285345;-1.4878609507076006;;;;;;;;;;;;;;;;;;;;;;;;;;;;;;;;;;;;;;;;;;;;;;;;;;;;;;
3;RandomForest;477;B2_CD202_NIRRIG_REPROD00005.asd;B2;CD202;NIRRIG;D04M;manha;D04;NIRRIG;NIRRIG;0.984;True;;;;;;;;;;;;;;;;;;;-1.4878786918059796;-1.4656097763661788;;;;;;;;;0.6705837769077115;0.7682994750548846;-1.4897631940340779;;;;;;;;;;;;;;;;;;;;;;;;;;;;;;;;;;;;;;;;;;;;;;;;;;;;;;
3;RandomForest;478;B2_CD202_NIRRIG_REPROD00006.asd;B2;CD202;NIRRIG;D04M;manha;D04;NIRRIG;NIRRIG;0.984;True;;;;;;;;;;;;;;;;;;;-1.488163534170046;-1.4662177826645817;;;;;;;;;0.6710882626412976;0.7683521191068133;-1.4900903939607342;;;;;;;;;;;;;;;;;;;;;;;;;;;;;;;;;;;;;;;;;;;;;;;;;;;;;;
3;RandomForest;479;B2_CD202_NIRRIG_REPROD00007.asd;B2;CD202;NIRRIG;D04M;manha;D04;NIRRIG;NIRRIG;0.984;True;;;;;;;;;;;;;;;;;;;-1.489053051916596;-1.466718559369931;;;;;;;;;0.671642279711367;0.7683447933054633;-1.4904181619492853;;;;;;;;;;;;;;;;;;;;;;;;;;;;;;;;;;;;;;;;;;;;;;;;;;;;;;
4;PLS-DA;448;B1_CD202_IRRIG_REPROD00000.asd;B1;CD202;IRRIG;D04M;manha;D04;IRRIG;IRRIG;0.3710957233696813;True;;;;;;;;;;;;;;;;;;;-1.6090769369395264;-1.5855239739387004;;;;;;;;;0.7008953436039763;0.7952683601324491;-1.6096313637788602;;;;;;;;;;;;;;;;;;;;;;;;;;;;;;;;;;;;;;;;;;;;;;;;;;;;;;
4;PLS-DA;449;B1_CD202_IRRIG_REPROD00001.asd;B1;CD202;IRRIG;D04M;manha;D04;IRRIG;IRRIG;0.36192580252267137;True;;;;;;;;;;;;;;;;;;;-1.6141844336730349;-1.590052350253743;;;;;;;;;0.7015920565497619;0.7961642897069764;-1.6147480162436723;;;;;;;;;;;;;;;;;;;;;;;;;;;;;;;;;;;;;;;;;;;;;;;;;;;;;;
4;PLS-DA;450;B1_CD202_IRRIG_REPROD00002.asd;B1;CD202;IRRIG;D04M;manha;D04;IRRIG;IRRIG;0.3469704623328759;True;;;;;;;;;;;;;;;;;;;-1.620249239047774;-1.5961865156684618;;;;;;;;;0.7008144081494572;0.7953435511188445;-1.6197476475261687;;;;;;;;;;;;;;;;;;;;;;;;;;;;;;;;;;;;;;;;;;;;;;;;;;;;;;
4;PLS-DA;451;B1_CD202_IRRIG_REPROD00003.asd;B1;CD202;IRRIG;D04M;manha;D04;IRRIG;IRRIG;0.3367270003257152;True;;;;;;;;;;;;;;;;;;;-1.6249877774474153;-1.6010086654718223;;;;;;;;;0.7011415638824422;0.7953576903505059;-1.624972701892796;;;;;;;;;;;;;;;;;;;;;;;;;;;;;;;;;;;;;;;;;;;;;;;;;;;;;;
4;PLS-DA;452;B1_CD202_IRRIG_REPROD00004.asd;B1;CD202;IRRIG;D04M;manha;D04;IRRIG;NIRRIG;0.6093517871385122;False;;;;;;;;;;;;;;;;;;;-1.5328871732637743;-1.5070485600631711;;;;;;;;;0.722977071181312;0.8070129469172841;-1.531289469576916;;;;;;;;;;;;;;;;;;;;;;;;;;;;;;;;;;;;;;;;;;;;;;;;;;;;;;
4;PLS-DA;453;B1_CD202_IRRIG_REPROD00005.asd;B1;CD202;IRRIG;D04M;manha;D04;IRRIG;NIRRIG;0.5943067317085695;False;;;;;;;;;;;;;;;;;;;-1.5392576533939273;-1.5134168156346388;;;;;;;;;0.7229839604708221;0.8073650673370139;-1.5382288779896314;;;;;;;;;;;;;;;;;;;;;;;;;;;;;;;;;;;;;;;;;;;;;;;;;;;;;;
4;PLS-DA;454;B1_CD202_IRRIG_REPROD00006.asd;B1;CD202;IRRIG;D04M;manha;D04;IRRIG;NIRRIG;0.5735946674267861;False;;;;;;;;;;;;;;;;;;;-1.5477715994047012;-1.5220753682748978;;;;;;;;;0.7227074332338544;0.8071234324292518;-1.546191371313295;;;;;;;;;;;;;;;;;;;;;;;;;;;;;;;;;;;;;;;;;;;;;;;;;;;;;;
4;PLS-DA;455;B1_CD202_IRRIG_REPROD00007.asd;B1;CD202;IRRIG;D04M;manha;D04;IRRIG;NIRRIG;0.557798851463299;False;;;;;;;;;;;;;;;;;;;-1.5550908723806622;-1.52863546072564;;;;;;;;;0.7230541124660852;0.8074546828065926;-1.5532332001860985;;;;;;;;;;;;;;;;;;;;;;;;;;;;;;;;;;;;;;;;;;;;;;;;;;;;;;
4;PLS-DA;456;B1_CD202_NIRRIG_REPROD00000.asd;B1;CD202;NIRRIG;D04M;manha;D04;NIRRIG;NIRRIG;0.6763863867223227;True;;;;;;;;;;;;;;;;;;;-1.4832766273680351;-1.4554720958653893;;;;;;;;;0.7068418044671241;0.7874412701337542;-1.4846825861096105;;;;;;;;;;;;;;;;;;;;;;;;;;;;;;;;;;;;;;;;;;;;;;;;;;;;;;
4;PLS-DA;457;B1_CD202_NIRRIG_REPROD00001.asd;B1;CD202;NIRRIG;D04M;manha;D04;NIRRIG;NIRRIG;0.6671560185665028;True;;;;;;;;;;;;;;;;;;;-1.4864389755897869;-1.4584167339344434;;;;;;;;;0.7058926856139793;0.7860891346963674;-1.4877540614455813;;;;;;;;;;;;;;;;;;;;;;;;;;;;;;;;;;;;;;;;;;;;;;;;;;;;;;
4;PLS-DA;458;B1_CD202_NIRRIG_REPROD00002.asd;B1;CD202;NIRRIG;D04M;manha;D04;NIRRIG;NIRRIG;0.6570726105191784;True;;;;;;;;;;;;;;;;;;;-1.4870665234747638;-1.45899832867536;;;;;;;;;0.7021277379159836;0.7830218042735376;-1.488192887277234;;;;;;;;;;;;;;;;;;;;;;;;;;;;;;;;;;;;;;;;;;;;;;;;;;;;;;
4;PLS-DA;459;B1_CD202_NIRRIG_REPROD00003.asd;B1;CD202;NIRRIG;D04M;manha;D04;NIRRIG;NIRRIG;0.6522014043598917;True;;;;;;;;;;;;;;;;;;;-1.4887151920297246;-1.4601130855765057;;;;;;;;;0.7016723702559214;0.7821452754670356;-1.4901289757426717;;;;;;;;;;;;;;;;;;;;;;;;;;;;;;;;;;;;;;;;;;;;;;;;;;;;;;
4;PLS-DA;460;B1_CD202_NIRRIG_REPROD00004.asd;B1;CD202;NIRRIG;D04M;manha;D04;NIRRIG;NIRRIG;0.5704731754253536;True;;;;;;;;;;;;;;;;;;;-1.48599633635439;-1.4617312719232969;;;;;;;;;0.6648253852035984;0.7650962458459989;-1.4914163456931375;;;;;;;;;;;;;;;;;;;;;;;;;;;;;;;;;;;;;;;;;;;;;;;;;;;;;;
4;PLS-DA;461;B1_CD202_NIRRIG_REPROD00005.asd;B1;CD202;NIRRIG;D04M;manha;D04;NIRRIG;NIRRIG;0.572785336440548;True;;;;;;;;;;;;;;;;;;;-1.4858402767060037;-1.461885376384584;;;;;;;;;0.6659206535575681;0.7655060500143608;-1.4915567772611094;;;;;;;;;;;;;;;;;;;;;;;;;;;;;;;;;;;;;;;;;;;;;;;;;;;;;;
4;PLS-DA;462;B1_CD202_NIRRIG_REPROD00006.asd;B1;CD202;NIRRIG;D04M;manha;D04;NIRRIG;NIRRIG;0.5736690650739794;True;;;;;;;;;;;;;;;;;;;-1.4865260331899035;-1.4621304215563082;;;;;;;;;0.6668183478872415;0.7659742731351523;-1.492186070461123;;;;;;;;;;;;;;;;;;;;;;;;;;;;;;;;;;;;;;;;;;;;;;;;;;;;;;
4;PLS-DA;463;B1_CD202_NIRRIG_REPROD00007.asd;B1;CD202;NIRRIG;D04M;manha;D04;NIRRIG;NIRRIG;0.5758422012414746;True;;;;;;;;;;;;;;;;;;;-1.4862642283502483;-1.4626660775406188;;;;;;;;;0.6677379436276822;0.7666978551754787;-1.4920527243594108;;;;;;;;;;;;;;;;;;;;;;;;;;;;;;;;;;;;;;;;;;;;;;;;;;;;;;
4;RandomForest;448;B1_CD202_IRRIG_REPROD00000.asd;B1;CD202;IRRIG;D04M;manha;D04;IRRIG;IRRIG;0.0;True;;;;;;;;;;;;;;;;;;;-1.6090769369395264;-1.5855239739387004;;;;;;;;;0.7008953436039763;0.7952683601324491;-1.6096313637788602;;;;;;;;;;;;;;;;;;;;;;;;;;;;;;;;;;;;;;;;;;;;;;;;;;;;;;
4;RandomForest;449;B1_CD202_IRRIG_REPROD00001.asd;B1;CD202;IRRIG;D04M;manha;D04;IRRIG;IRRIG;0.0;True;;;;;;;;;;;;;;;;;;;-1.6141844336730349;-1.590052350253743;;;;;;;;;0.7015920565497619;0.7961642897069764;-1.6147480162436723;;;;;;;;;;;;;;;;;;;;;;;;;;;;;;;;;;;;;;;;;;;;;;;;;;;;;;
4;RandomForest;450;B1_CD202_IRRIG_REPROD00002.asd;B1;CD202;IRRIG;D04M;manha;D04;IRRIG;IRRIG;0.0;True;;;;;;;;;;;;;;;;;;;-1.620249239047774;-1.5961865156684618;;;;;;;;;0.7008144081494572;0.7953435511188445;-1.6197476475261687;;;;;;;;;;;;;;;;;;;;;;;;;;;;;;;;;;;;;;;;;;;;;;;;;;;;;;
4;RandomForest;451;B1_CD202_IRRIG_REPROD00003.asd;B1;CD202;IRRIG;D04M;manha;D04;IRRIG;IRRIG;0.0;True;;;;;;;;;;;;;;;;;;;-1.6249877774474153;-1.6010086654718223;;;;;;;;;0.7011415638824422;0.7953576903505059;-1.624972701892796;;;;;;;;;;;;;;;;;;;;;;;;;;;;;;;;;;;;;;;;;;;;;;;;;;;;;;
4;RandomForest;452;B1_CD202_IRRIG_REPROD00004.asd;B1;CD202;IRRIG;D04M;manha;D04;IRRIG;NIRRIG;0.822;False;;;;;;;;;;;;;;;;;;;-1.5328871732637743;-1.5070485600631711;;;;;;;;;0.722977071181312;0.8070129469172841;-1.531289469576916;;;;;;;;;;;;;;;;;;;;;;;;;;;;;;;;;;;;;;;;;;;;;;;;;;;;;;
4;RandomForest;453;B1_CD202_IRRIG_REPROD00005.asd;B1;CD202;IRRIG;D04M;manha;D04;IRRIG;NIRRIG;0.788;False;;;;;;;;;;;;;;;;;;;-1.5392576533939273;-1.5134168156346388;;;;;;;;;0.7229839604708221;0.8073650673370139;-1.5382288779896314;;;;;;;;;;;;;;;;;;;;;;;;;;;;;;;;;;;;;;;;;;;;;;;;;;;;;;
4;RandomForest;454;B1_CD202_IRRIG_REPROD00006.asd;B1;CD202;IRRIG;D04M;manha;D04;IRRIG;IRRIG;0.118;True;;;;;;;;;;;;;;;;;;;-1.5477715994047012;-1.5220753682748978;;;;;;;;;0.7227074332338544;0.8071234324292518;-1.546191371313295;;;;;;;;;;;;;;;;;;;;;;;;;;;;;;;;;;;;;;;;;;;;;;;;;;;;;;
4;RandomForest;455;B1_CD202_IRRIG_REPROD00007.asd;B1;CD202;IRRIG;D04M;manha;D04;IRRIG;IRRIG;0.004;True;;;;;;;;;;;;;;;;;;;-1.5550908723806622;-1.52863546072564;;;;;;;;;0.7230541124660852;0.8074546828065926;-1.5532332001860985;;;;;;;;;;;;;;;;;;;;;;;;;;;;;;;;;;;;;;;;;;;;;;;;;;;;;;
4;RandomForest;456;B1_CD202_NIRRIG_REPROD00000.asd;B1;CD202;NIRRIG;D04M;manha;D04;NIRRIG;NIRRIG;1.0;True;;;;;;;;;;;;;;;;;;;-1.4832766273680351;-1.4554720958653893;;;;;;;;;0.7068418044671241;0.7874412701337542;-1.4846825861096105;;;;;;;;;;;;;;;;;;;;;;;;;;;;;;;;;;;;;;;;;;;;;;;;;;;;;;
4;RandomForest;457;B1_CD202_NIRRIG_REPROD00001.asd;B1;CD202;NIRRIG;D04M;manha;D04;NIRRIG;NIRRIG;1.0;True;;;;;;;;;;;;;;;;;;;-1.4864389755897869;-1.4584167339344434;;;;;;;;;0.7058926856139793;0.7860891346963674;-1.4877540614455813;;;;;;;;;;;;;;;;;;;;;;;;;;;;;;;;;;;;;;;;;;;;;;;;;;;;;;
4;RandomForest;458;B1_CD202_NIRRIG_REPROD00002.asd;B1;CD202;NIRRIG;D04M;manha;D04;NIRRIG;NIRRIG;1.0;True;;;;;;;;;;;;;;;;;;;-1.4870665234747638;-1.45899832867536;;;;;;;;;0.7021277379159836;0.7830218042735376;-1.488192887277234;;;;;;;;;;;;;;;;;;;;;;;;;;;;;;;;;;;;;;;;;;;;;;;;;;;;;;
4;RandomForest;459;B1_CD202_NIRRIG_REPROD00003.asd;B1;CD202;NIRRIG;D04M;manha;D04;NIRRIG;NIRRIG;1.0;True;;;;;;;;;;;;;;;;;;;-1.4887151920297246;-1.4601130855765057;;;;;;;;;0.7016723702559214;0.7821452754670356;-1.4901289757426717;;;;;;;;;;;;;;;;;;;;;;;;;;;;;;;;;;;;;;;;;;;;;;;;;;;;;;
4;RandomForest;460;B1_CD202_NIRRIG_REPROD00004.asd;B1;CD202;NIRRIG;D04M;manha;D04;NIRRIG;IRRIG;0.394;False;;;;;;;;;;;;;;;;;;;-1.48599633635439;-1.4617312719232969;;;;;;;;;0.6648253852035984;0.7650962458459989;-1.4914163456931375;;;;;;;;;;;;;;;;;;;;;;;;;;;;;;;;;;;;;;;;;;;;;;;;;;;;;;
4;RandomForest;461;B1_CD202_NIRRIG_REPROD00005.asd;B1;CD202;NIRRIG;D04M;manha;D04;NIRRIG;NIRRIG;0.662;True;;;;;;;;;;;;;;;;;;;-1.4858402767060037;-1.461885376384584;;;;;;;;;0.6659206535575681;0.7655060500143608;-1.4915567772611094;;;;;;;;;;;;;;;;;;;;;;;;;;;;;;;;;;;;;;;;;;;;;;;;;;;;;;
4;RandomForest;462;B1_CD202_NIRRIG_REPROD00006.asd;B1;CD202;NIRRIG;D04M;manha;D04;NIRRIG;NIRRIG;0.662;True;;;;;;;;;;;;;;;;;;;-1.4865260331899035;-1.4621304215563082;;;;;;;;;0.6668183478872415;0.7659742731351523;-1.492186070461123;;;;;;;;;;;;;;;;;;;;;;;;;;;;;;;;;;;;;;;;;;;;;;;;;;;;;;
4;RandomForest;463;B1_CD202_NIRRIG_REPROD00007.asd;B1;CD202;NIRRIG;D04M;manha;D04;NIRRIG;NIRRIG;0.662;True;;;;;;;;;;;;;;;;;;;-1.4862642283502483;-1.4626660775406188;;;;;;;;;0.6677379436276822;0.7666978551754787;-1.4920527243594108;;;;;;;;;;;;;;;;;;;;;;;;;;;;;;;;;;;;;;;;;;;;;;;;;;;;;;
1;PLS-DA;560;B4_EMB48_IRRIG_REPROD00000.asd;B4;EMB48;IRRIG;D04M;manha;D04;IRRIG;IRRIG;0.44000515676202445;True;;;;;;;;;;;;;;;;;;;;;;;;;;;;;;;;-1.370338187365341;-1.4992533227624127;-1.5502246110226536;-1.4109050093891904;-1.5812839310211904;;;;;;;;;;;;;;;;;;;;;;;;;;;;;;;;;;;;;;;;;;;;;;;;;
1;PLS-DA;561;B4_EMB48_IRRIG_REPROD00001.asd;B4;EMB48;IRRIG;D04M;manha;D04;IRRIG;IRRIG;0.4209991135333932;True;;;;;;;;;;;;;;;;;;;;;;;;;;;;;;;;-1.360611067741618;-1.508067878518804;-1.55925002672029;-1.398208348726285;-1.5910529543615277;;;;;;;;;;;;;;;;;;;;;;;;;;;;;;;;;;;;;;;;;;;;;;;;;
1;PLS-DA;562;B4_EMB48_IRRIG_REPROD00002.asd;B4;EMB48;IRRIG;D04M;manha;D04;IRRIG;IRRIG;0.40048409210747693;True;;;;;;;;;;;;;;;;;;;;;;;;;;;;;;;;-1.3413519102052294;-1.5177556355668096;-1.5690706741832037;-1.3746756280345644;-1.6011397529931908;;;;;;;;;;;;;;;;;;;;;;;;;;;;;;;;;;;;;;;;;;;;;;;;;
1;PLS-DA;563;B4_EMB48_IRRIG_REPROD00003.asd;B4;EMB48;IRRIG;D04M;manha;D04;IRRIG;IRRIG;0.38439791754508773;True;;;;;;;;;;;;;;;;;;;;;;;;;;;;;;;;-1.3256298038601584;-1.525089160392196;-1.5769700418863666;-1.362759884606445;-1.6090884851956293;;;;;;;;;;;;;;;;;;;;;;;;;;;;;;;;;;;;;;;;;;;;;;;;;
1;PLS-DA;564;B4_EMB48_IRRIG_REPROD00004.asd;B4;EMB48;IRRIG;D04M;manha;D04;IRRIG;NIRRIG;0.5780273419907596;False;;;;;;;;;;;;;;;;;;;;;;;;;;;;;;;;-1.5238682425606387;-1.434193176731484;-1.4860370812435448;-1.5528233432571823;-1.518518389803388;;;;;;;;;;;;;;;;;;;;;;;;;;;;;;;;;;;;;;;;;;;;;;;;;
1;PLS-DA;565;B4_EMB48_IRRIG_REPROD00005.asd;B4;EMB48;IRRIG;D04M;manha;D04;IRRIG;NIRRIG;0.5660668845388162;False;;;;;;;;;;;;;;;;;;;;;;;;;;;;;;;;-1.527299971995046;-1.4394130143990098;-1.4922069021087287;-1.5537347671035142;-1.525142442811942;;;;;;;;;;;;;;;;;;;;;;;;;;;;;;;;;;;;;;;;;;;;;;;;;
1;PLS-DA;566;B4_EMB48_IRRIG_REPROD00006.asd;B4;EMB48;IRRIG;D04M;manha;D04;IRRIG;NIRRIG;0.5512222814001868;False;;;;;;;;;;;;;;;;;;;;;;;;;;;;;;;;-1.5178701850272538;-1.446374225948933;-1.499528251411337;-1.5461636693598242;-1.5321925953340716;;;;;;;;;;;;;;;;;;;;;;;;;;;;;;;;;;;;;;;;;;;;;;;;;
1;PLS-DA;567;B4_EMB48_IRRIG_REPROD00007.asd;B4;EMB48;IRRIG;D04M;manha;D04;IRRIG;NIRRIG;0.5293385050790316;False;;;;;;;;;;;;;;;;;;;;;;;;;;;;;;;;-1.4993993928628047;-1.4560969820751168;-1.5100749676159115;-1.5294544815041224;-1.54253685887214;;;;;;;;;;;;;;;;;;;;;;;;;;;;;;;;;;;;;;;;;;;;;;;;;
1;PLS-DA;568;B4_EMB48_NIRRIG_REPROD00000.asd;B4;EMB48;NIRRIG;D04M;manha;D04;NIRRIG;NIRRIG;0.6346887545459673;True;;;;;;;;;;;;;;;;;;;;;;;;;;;;;;;;-1.666344172455899;-1.4030117606324854;-1.4603920040213765;-1.683764853778946;-1.4974775414190196;;;;;;;;;;;;;;;;;;;;;;;;;;;;;;;;;;;;;;;;;;;;;;;;;
1;PLS-DA;569;B4_EMB48_NIRRIG_REPROD00001.asd;B4;EMB48;NIRRIG;D04M;manha;D04;NIRRIG;NIRRIG;0.6352457387321896;True;;;;;;;;;;;;;;;;;;;;;;;;;;;;;;;;-1.6640475697286048;-1.4026930069477062;-1.460202081275498;-1.6846566533317502;-1.496864704718447;;;;;;;;;;;;;;;;;;;;;;;;;;;;;;;;;;;;;;;;;;;;;;;;;
1;PLS-DA;570;B4_EMB48_NIRRIG_REPROD00002.asd;B4;EMB48;NIRRIG;D04M;manha;D04;NIRRIG;NIRRIG;0.6365944715421479;True;;;;;;;;;;;;;;;;;;;;;;;;;;;;;;;;-1.6650038775260958;-1.4020150797641073;-1.459358041295877;-1.6939184961035554;-1.4961214259160505;;;;;;;;;;;;;;;;;;;;;;;;;;;;;;;;;;;;;;;;;;;;;;;;;
1;PLS-DA;571;B4_EMB48_NIRRIG_REPROD00003.asd;B4;EMB48;NIRRIG;D04M;manha;D04;NIRRIG;NIRRIG;0.6412035056048153;True;;;;;;;;;;;;;;;;;;;;;;;;;;;;;;;;-1.665004534143255;-1.3991222370816598;-1.4568633020850406;-1.6881565953335562;-1.4939778550677092;;;;;;;;;;;;;;;;;;;;;;;;;;;;;;;;;;;;;;;;;;;;;;;;;
1;PLS-DA;572;B4_EMB48_NIRRIG_REPROD00004.asd;B4;EMB48;NIRRIG;D04M;manha;D04;NIRRIG;NIRRIG;0.5869455711074849;True;;;;;;;;;;;;;;;;;;;;;;;;;;;;;;;;-1.570814119440181;-1.4340092431313922;-1.4830979455439572;-1.5872986904070439;-1.5144043111684546;;;;;;;;;;;;;;;;;;;;;;;;;;;;;;;;;;;;;;;;;;;;;;;;;
1;PLS-DA;573;B4_EMB48_NIRRIG_REPROD00005.asd;B4;EMB48;NIRRIG;D04M;manha;D04;NIRRIG;NIRRIG;0.5879379320984448;True;;;;;;;;;;;;;;;;;;;;;;;;;;;;;;;;-1.5789858975859852;-1.4339100723779972;-1.4827576962326228;-1.5938134330770446;-1.5142112995879067;;;;;;;;;;;;;;;;;;;;;;;;;;;;;;;;;;;;;;;;;;;;;;;;;
1;PLS-DA;574;B4_EMB48_NIRRIG_REPROD00006.asd;B4;EMB48;NIRRIG;D04M;manha;D04;NIRRIG;NIRRIG;0.5968937864229831;True;;;;;;;;;;;;;;;;;;;;;;;;;;;;;;;;-1.5896306562477165;-1.4310290382507567;-1.4787873906195144;-1.6047856009907309;-1.5091111335486935;;;;;;;;;;;;;;;;;;;;;;;;;;;;;;;;;;;;;;;;;;;;;;;;;
1;PLS-DA;575;B4_EMB48_NIRRIG_REPROD00007.asd;B4;EMB48;NIRRIG;D04M;manha;D04;NIRRIG;NIRRIG;0.5964091958956538;True;;;;;;;;;;;;;;;;;;;;;;;;;;;;;;;;-1.5975354548748322;-1.4319105584066196;-1.4791990451876786;-1.6060389380272995;-1.5096619284885338;;;;;;;;;;;;;;;;;;;;;;;;;;;;;;;;;;;;;;;;;;;;;;;;;
1;RandomForest;560;B4_EMB48_IRRIG_REPROD00000.asd;B4;EMB48;IRRIG;D04M;manha;D04;IRRIG;IRRIG;0.02;True;;;;;;;;;;;;;;;;;;;;;;;;;;;;;;;;-1.370338187365341;-1.4992533227624127;-1.5502246110226536;-1.4109050093891904;-1.5812839310211904;;;;;;;;;;;;;;;;;;;;;;;;;;;;;;;;;;;;;;;;;;;;;;;;;
1;RandomForest;561;B4_EMB48_IRRIG_REPROD00001.asd;B4;EMB48;IRRIG;D04M;manha;D04;IRRIG;IRRIG;0.0;True;;;;;;;;;;;;;;;;;;;;;;;;;;;;;;;;-1.360611067741618;-1.508067878518804;-1.55925002672029;-1.398208348726285;-1.5910529543615277;;;;;;;;;;;;;;;;;;;;;;;;;;;;;;;;;;;;;;;;;;;;;;;;;
1;RandomForest;562;B4_EMB48_IRRIG_REPROD00002.asd;B4;EMB48;IRRIG;D04M;manha;D04;IRRIG;IRRIG;0.0;True;;;;;;;;;;;;;;;;;;;;;;;;;;;;;;;;-1.3413519102052294;-1.5177556355668096;-1.5690706741832037;-1.3746756280345644;-1.6011397529931908;;;;;;;;;;;;;;;;;;;;;;;;;;;;;;;;;;;;;;;;;;;;;;;;;
1;RandomForest;563;B4_EMB48_IRRIG_REPROD00003.asd;B4;EMB48;IRRIG;D04M;manha;D04;IRRIG;IRRIG;0.0;True;;;;;;;;;;;;;;;;;;;;;;;;;;;;;;;;-1.3256298038601584;-1.525089160392196;-1.5769700418863666;-1.362759884606445;-1.6090884851956293;;;;;;;;;;;;;;;;;;;;;;;;;;;;;;;;;;;;;;;;;;;;;;;;;
1;RandomForest;564;B4_EMB48_IRRIG_REPROD00004.asd;B4;EMB48;IRRIG;D04M;manha;D04;IRRIG;NIRRIG;0.988;False;;;;;;;;;;;;;;;;;;;;;;;;;;;;;;;;-1.5238682425606387;-1.434193176731484;-1.4860370812435448;-1.5528233432571823;-1.518518389803388;;;;;;;;;;;;;;;;;;;;;;;;;;;;;;;;;;;;;;;;;;;;;;;;;
1;RandomForest;565;B4_EMB48_IRRIG_REPROD00005.asd;B4;EMB48;IRRIG;D04M;manha;D04;IRRIG;NIRRIG;0.986;False;;;;;;;;;;;;;;;;;;;;;;;;;;;;;;;;-1.527299971995046;-1.4394130143990098;-1.4922069021087287;-1.5537347671035142;-1.525142442811942;;;;;;;;;;;;;;;;;;;;;;;;;;;;;;;;;;;;;;;;;;;;;;;;;
1;RandomForest;566;B4_EMB48_IRRIG_REPROD00006.asd;B4;EMB48;IRRIG;D04M;manha;D04;IRRIG;NIRRIG;0.984;False;;;;;;;;;;;;;;;;;;;;;;;;;;;;;;;;-1.5178701850272538;-1.446374225948933;-1.499528251411337;-1.5461636693598242;-1.5321925953340716;;;;;;;;;;;;;;;;;;;;;;;;;;;;;;;;;;;;;;;;;;;;;;;;;
1;RandomForest;567;B4_EMB48_IRRIG_REPROD00007.asd;B4;EMB48;IRRIG;D04M;manha;D04;IRRIG;NIRRIG;0.814;False;;;;;;;;;;;;;;;;;;;;;;;;;;;;;;;;-1.4993993928628047;-1.4560969820751168;-1.5100749676159115;-1.5294544815041224;-1.54253685887214;;;;;;;;;;;;;;;;;;;;;;;;;;;;;;;;;;;;;;;;;;;;;;;;;
1;RandomForest;568;B4_EMB48_NIRRIG_REPROD00000.asd;B4;EMB48;NIRRIG;D04M;manha;D04;NIRRIG;NIRRIG;0.998;True;;;;;;;;;;;;;;;;;;;;;;;;;;;;;;;;-1.666344172455899;-1.4030117606324854;-1.4603920040213765;-1.683764853778946;-1.4974775414190196;;;;;;;;;;;;;;;;;;;;;;;;;;;;;;;;;;;;;;;;;;;;;;;;;
1;RandomForest;569;B4_EMB48_NIRRIG_REPROD00001.asd;B4;EMB48;NIRRIG;D04M;manha;D04;NIRRIG;NIRRIG;0.998;True;;;;;;;;;;;;;;;;;;;;;;;;;;;;;;;;-1.6640475697286048;-1.4026930069477062;-1.460202081275498;-1.6846566533317502;-1.496864704718447;;;;;;;;;;;;;;;;;;;;;;;;;;;;;;;;;;;;;;;;;;;;;;;;;
1;RandomForest;570;B4_EMB48_NIRRIG_REPROD00002.asd;B4;EMB48;NIRRIG;D04M;manha;D04;NIRRIG;NIRRIG;0.998;True;;;;;;;;;;;;;;;;;;;;;;;;;;;;;;;;-1.6650038775260958;-1.4020150797641073;-1.459358041295877;-1.6939184961035554;-1.4961214259160505;;;;;;;;;;;;;;;;;;;;;;;;;;;;;;;;;;;;;;;;;;;;;;;;;
1;RandomForest;571;B4_EMB48_NIRRIG_REPROD00003.asd;B4;EMB48;NIRRIG;D04M;manha;D04;NIRRIG;NIRRIG;0.998;True;;;;;;;;;;;;;;;;;;;;;;;;;;;;;;;;-1.665004534143255;-1.3991222370816598;-1.4568633020850406;-1.6881565953335562;-1.4939778550677092;;;;;;;;;;;;;;;;;;;;;;;;;;;;;;;;;;;;;;;;;;;;;;;;;
1;RandomForest;572;B4_EMB48_NIRRIG_REPROD00004.asd;B4;EMB48;NIRRIG;D04M;manha;D04;NIRRIG;NIRRIG;1.0;True;;;;;;;;;;;;;;;;;;;;;;;;;;;;;;;;-1.570814119440181;-1.4340092431313922;-1.4830979455439572;-1.5872986904070439;-1.5144043111684546;;;;;;;;;;;;;;;;;;;;;;;;;;;;;;;;;;;;;;;;;;;;;;;;;
1;RandomForest;573;B4_EMB48_NIRRIG_REPROD00005.asd;B4;EMB48;NIRRIG;D04M;manha;D04;NIRRIG;NIRRIG;0.982;True;;;;;;;;;;;;;;;;;;;;;;;;;;;;;;;;-1.5789858975859852;-1.4339100723779972;-1.4827576962326228;-1.5938134330770446;-1.5142112995879067;;;;;;;;;;;;;;;;;;;;;;;;;;;;;;;;;;;;;;;;;;;;;;;;;
1;RandomForest;574;B4_EMB48_NIRRIG_REPROD00006.asd;B4;EMB48;NIRRIG;D04M;manha;D04;NIRRIG;NIRRIG;0.988;True;;;;;;;;;;;;;;;;;;;;;;;;;;;;;;;;-1.5896306562477165;-1.4310290382507567;-1.4787873906195144;-1.6047856009907309;-1.5091111335486935;;;;;;;;;;;;;;;;;;;;;;;;;;;;;;;;;;;;;;;;;;;;;;;;;
1;RandomForest;575;B4_EMB48_NIRRIG_REPROD00007.asd;B4;EMB48;NIRRIG;D04M;manha;D04;NIRRIG;NIRRIG;0.996;True;;;;;;;;;;;;;;;;;;;;;;;;;;;;;;;;-1.5975354548748322;-1.4319105584066196;-1.4791990451876786;-1.6060389380272995;-1.5096619284885338;;;;;;;;;;;;;;;;;;;;;;;;;;;;;;;;;;;;;;;;;;;;;;;;;
2;PLS-DA;544;B3_EMB48_IRRIG_REPROD00000.asd;B3;EMB48;IRRIG;D04M;manha;D04;IRRIG;IRRIG;0.35763925137112407;True;;;;;;;;;;;;;;;;;;;;;;;;;;;;;;;;-1.3083268238194492;-1.5219305342931908;-1.5742015926097972;-1.3448249800593766;-1.6056121859063532;;;;;;;;;;;;;;;;;;;;;;;;;;;;;;;;;;;;;;;;;;;;;;;;;
2;PLS-DA;545;B3_EMB48_IRRIG_REPROD00001.asd;B3;EMB48;IRRIG;D04M;manha;D04;IRRIG;IRRIG;0.34173003536226976;True;;;;;;;;;;;;;;;;;;;;;;;;;;;;;;;;-1.3033650145781455;-1.5286082070513116;-1.5819019683064748;-1.3399087156142773;-1.6136209332378297;;;;;;;;;;;;;;;;;;;;;;;;;;;;;;;;;;;;;;;;;;;;;;;;;
2;PLS-DA;546;B3_EMB48_IRRIG_REPROD00002.asd;B3;EMB48;IRRIG;D04M;manha;D04;IRRIG;IRRIG;0.32919899121595475;True;;;;;;;;;;;;;;;;;;;;;;;;;;;;;;;;-1.3061094863471792;-1.53368481926287;-1.587565284297084;-1.3449262880267225;-1.620172984895938;;;;;;;;;;;;;;;;;;;;;;;;;;;;;;;;;;;;;;;;;;;;;;;;;
2;PLS-DA;547;B3_EMB48_IRRIG_REPROD00003.asd;B3;EMB48;IRRIG;D04M;manha;D04;IRRIG;IRRIG;0.31659014551269504;True;;;;;;;;;;;;;;;;;;;;;;;;;;;;;;;;-1.299032974608453;-1.5397429612888596;-1.5934031415205143;-1.3447319233352106;-1.6266084729071715;;;;;;;;;;;;;;;;;;;;;;;;;;;;;;;;;;;;;;;;;;;;;;;;;
2;PLS-DA;548;B3_EMB48_IRRIG_REPROD00004.asd;B3;EMB48;IRRIG;D04M;manha;D04;IRRIG;IRRIG;0.4021736782674109;True;;;;;;;;;;;;;;;;;;;;;;;;;;;;;;;;-1.42445712001638;-1.4902512298207429;-1.5513278297998532;-1.4650269492041212;-1.588122522438107;;;;;;;;;;;;;;;;;;;;;;;;;;;;;;;;;;;;;;;;;;;;;;;;;
2;PLS-DA;549;B3_EMB48_IRRIG_REPROD00005.asd;B3;EMB48;IRRIG;D04M;manha;D04;IRRIG;IRRIG;0.38851827782946713;True;;;;;;;;;;;;;;;;;;;;;;;;;;;;;;;;-1.4157921279526833;-1.4962781644715477;-1.5570172410902714;-1.4606040809188148;-1.5948190246865035;;;;;;;;;;;;;;;;;;;;;;;;;;;;;;;;;;;;;;;;;;;;;;;;;
2;PLS-DA;550;B3_EMB48_IRRIG_REPROD00006.asd;B3;EMB48;IRRIG;D04M;manha;D04;IRRIG;IRRIG;0.37631756872956834;True;;;;;;;;;;;;;;;;;;;;;;;;;;;;;;;;-1.4086324144641489;-1.501534042204679;-1.5632432770659612;-1.451581123381813;-1.600376331289293;;;;;;;;;;;;;;;;;;;;;;;;;;;;;;;;;;;;;;;;;;;;;;;;;
2;PLS-DA;551;B3_EMB48_IRRIG_REPROD00007.asd;B3;EMB48;IRRIG;D04M;manha;D04;IRRIG;IRRIG;0.363562195507751;True;;;;;;;;;;;;;;;;;;;;;;;;;;;;;;;;-1.3814618167061852;-1.5080786052278705;-1.569072295661259;-1.4278785854830804;-1.6070742798672706;;;;;;;;;;;;;;;;;;;;;;;;;;;;;;;;;;;;;;;;;;;;;;;;;
2;PLS-DA;552;B3_EMB48_NIRRIG_REPROD00000.asd;B3;EMB48;NIRRIG;D04M;manha;D04;NIRRIG;IRRIG;0.4528363477991606;False;;;;;;;;;;;;;;;;;;;;;;;;;;;;;;;;-1.483333235856505;-1.4815594173206021;-1.5282774820263256;-1.4991979451006234;-1.5569498975296001;;;;;;;;;;;;;;;;;;;;;;;;;;;;;;;;;;;;;;;;;;;;;;;;;
2;PLS-DA;553;B3_EMB48_NIRRIG_REPROD00001.asd;B3;EMB48;NIRRIG;D04M;manha;D04;NIRRIG;IRRIG;0.4358916062761988;False;;;;;;;;;;;;;;;;;;;;;;;;;;;;;;;;-1.4663613184302817;-1.488241328915109;-1.5357368531509294;-1.4885633933818496;-1.565077072670319;;;;;;;;;;;;;;;;;;;;;;;;;;;;;;;;;;;;;;;;;;;;;;;;;
2;PLS-DA;554;B3_EMB48_NIRRIG_REPROD00002.asd;B3;EMB48;NIRRIG;D04M;manha;D04;NIRRIG;IRRIG;0.4252570096467995;False;;;;;;;;;;;;;;;;;;;;;;;;;;;;;;;;-1.4594996607724164;-1.4927600121001552;-1.5405789787927204;-1.479542802445756;-1.570100450446371;;;;;;;;;;;;;;;;;;;;;;;;;;;;;;;;;;;;;;;;;;;;;;;;;
2;PLS-DA;555;B3_EMB48_NIRRIG_REPROD00003.asd;B3;EMB48;NIRRIG;D04M;manha;D04;NIRRIG;IRRIG;0.4130120855683536;False;;;;;;;;;;;;;;;;;;;;;;;;;;;;;;;;-1.454718824647208;-1.497433910242423;-1.5458802168406438;-1.4779875696096954;-1.5760028858341835;;;;;;;;;;;;;;;;;;;;;;;;;;;;;;;;;;;;;;;;;;;;;;;;;
2;PLS-DA;556;B3_EMB48_NIRRIG_REPROD00004.asd;B3;EMB48;NIRRIG;D04M;manha;D04;NIRRIG;NIRRIG;0.5171534124446526;True;;;;;;;;;;;;;;;;;;;;;;;;;;;;;;;;-1.5446833018863548;-1.4533291482349229;-1.4988482078214473;-1.55550659921802;-1.528493562425654;;;;;;;;;;;;;;;;;;;;;;;;;;;;;;;;;;;;;;;;;;;;;;;;;
2;PLS-DA;557;B3_EMB48_NIRRIG_REPROD00005.asd;B3;EMB48;NIRRIG;D04M;manha;D04;NIRRIG;NIRRIG;0.5143188091404038;True;;;;;;;;;;;;;;;;;;;;;;;;;;;;;;;;-1.5468185703159187;-1.4548298287592416;-1.5005575799879753;-1.5549421223910898;-1.5291443620937248;;;;;;;;;;;;;;;;;;;;;;;;;;;;;;;;;;;;;;;;;;;;;;;;;
2;PLS-DA;558;B3_EMB48_NIRRIG_REPROD00006.asd;B3;EMB48;NIRRIG;D04M;manha;D04;NIRRIG;NIRRIG;0.5134400951946602;True;;;;;;;;;;;;;;;;;;;;;;;;;;;;;;;;-1.549537844707966;-1.4545608278255808;-1.500577921097227;-1.5610998691290918;-1.5298532814241674;;;;;;;;;;;;;;;;;;;;;;;;;;;;;;;;;;;;;;;;;;;;;;;;;
2;PLS-DA;559;B3_EMB48_NIRRIG_REPROD00007.asd;B3;EMB48;NIRRIG;D04M;manha;D04;NIRRIG;NIRRIG;0.51494568021498;True;;;;;;;;;;;;;;;;;;;;;;;;;;;;;;;;-1.5505064165570397;-1.4534247011919166;-1.5002544115791743;-1.5626601527931774;-1.5291417270873497;;;;;;;;;;;;;;;;;;;;;;;;;;;;;;;;;;;;;;;;;;;;;;;;;
2;RandomForest;544;B3_EMB48_IRRIG_REPROD00000.asd;B3;EMB48;IRRIG;D04M;manha;D04;IRRIG;IRRIG;0.0;True;;;;;;;;;;;;;;;;;;;;;;;;;;;;;;;;-1.3083268238194492;-1.5219305342931908;-1.5742015926097972;-1.3448249800593766;-1.6056121859063532;;;;;;;;;;;;;;;;;;;;;;;;;;;;;;;;;;;;;;;;;;;;;;;;;
2;RandomForest;545;B3_EMB48_IRRIG_REPROD00001.asd;B3;EMB48;IRRIG;D04M;manha;D04;IRRIG;IRRIG;0.0;True;;;;;;;;;;;;;;;;;;;;;;;;;;;;;;;;-1.3033650145781455;-1.5286082070513116;-1.5819019683064748;-1.3399087156142773;-1.6136209332378297;;;;;;;;;;;;;;;;;;;;;;;;;;;;;;;;;;;;;;;;;;;;;;;;;
2;RandomForest;546;B3_EMB48_IRRIG_REPROD00002.asd;B3;EMB48;IRRIG;D04M;manha;D04;IRRIG;IRRIG;0.0;True;;;;;;;;;;;;;;;;;;;;;;;;;;;;;;;;-1.3061094863471792;-1.53368481926287;-1.587565284297084;-1.3449262880267225;-1.620172984895938;;;;;;;;;;;;;;;;;;;;;;;;;;;;;;;;;;;;;;;;;;;;;;;;;
2;RandomForest;547;B3_EMB48_IRRIG_REPROD00003.asd;B3;EMB48;IRRIG;D04M;manha;D04;IRRIG;IRRIG;0.0;True;;;;;;;;;;;;;;;;;;;;;;;;;;;;;;;;-1.299032974608453;-1.5397429612888596;-1.5934031415205143;-1.3447319233352106;-1.6266084729071715;;;;;;;;;;;;;;;;;;;;;;;;;;;;;;;;;;;;;;;;;;;;;;;;;
2;RandomForest;548;B3_EMB48_IRRIG_REPROD00004.asd;B3;EMB48;IRRIG;D04M;manha;D04;IRRIG;IRRIG;0.0;True;;;;;;;;;;;;;;;;;;;;;;;;;;;;;;;;-1.42445712001638;-1.4902512298207429;-1.5513278297998532;-1.4650269492041212;-1.588122522438107;;;;;;;;;;;;;;;;;;;;;;;;;;;;;;;;;;;;;;;;;;;;;;;;;
2;RandomForest;549;B3_EMB48_IRRIG_REPROD00005.asd;B3;EMB48;IRRIG;D04M;manha;D04;IRRIG;IRRIG;0.0;True;;;;;;;;;;;;;;;;;;;;;;;;;;;;;;;;-1.4157921279526833;-1.4962781644715477;-1.5570172410902714;-1.4606040809188148;-1.5948190246865035;;;;;;;;;;;;;;;;;;;;;;;;;;;;;;;;;;;;;;;;;;;;;;;;;
2;RandomForest;550;B3_EMB48_IRRIG_REPROD00006.asd;B3;EMB48;IRRIG;D04M;manha;D04;IRRIG;IRRIG;0.0;True;;;;;;;;;;;;;;;;;;;;;;;;;;;;;;;;-1.4086324144641489;-1.501534042204679;-1.5632432770659612;-1.451581123381813;-1.600376331289293;;;;;;;;;;;;;;;;;;;;;;;;;;;;;;;;;;;;;;;;;;;;;;;;;
2;RandomForest;551;B3_EMB48_IRRIG_REPROD00007.asd;B3;EMB48;IRRIG;D04M;manha;D04;IRRIG;IRRIG;0.0;True;;;;;;;;;;;;;;;;;;;;;;;;;;;;;;;;-1.3814618167061852;-1.5080786052278705;-1.569072295661259;-1.4278785854830804;-1.6070742798672706;;;;;;;;;;;;;;;;;;;;;;;;;;;;;;;;;;;;;;;;;;;;;;;;;
2;RandomForest;552;B3_EMB48_NIRRIG_REPROD00000.asd;B3;EMB48;NIRRIG;D04M;manha;D04;NIRRIG;IRRIG;0.0;False;;;;;;;;;;;;;;;;;;;;;;;;;;;;;;;;-1.483333235856505;-1.4815594173206021;-1.5282774820263256;-1.4991979451006234;-1.5569498975296001;;;;;;;;;;;;;;;;;;;;;;;;;;;;;;;;;;;;;;;;;;;;;;;;;
2;RandomForest;553;B3_EMB48_NIRRIG_REPROD00001.asd;B3;EMB48;NIRRIG;D04M;manha;D04;NIRRIG;IRRIG;0.0;False;;;;;;;;;;;;;;;;;;;;;;;;;;;;;;;;-1.4663613184302817;-1.488241328915109;-1.5357368531509294;-1.4885633933818496;-1.565077072670319;;;;;;;;;;;;;;;;;;;;;;;;;;;;;;;;;;;;;;;;;;;;;;;;;
2;RandomForest;554;B3_EMB48_NIRRIG_REPROD00002.asd;B3;EMB48;NIRRIG;D04M;manha;D04;NIRRIG;IRRIG;0.0;False;;;;;;;;;;;;;;;;;;;;;;;;;;;;;;;;-1.4594996607724164;-1.4927600121001552;-1.5405789787927204;-1.479542802445756;-1.570100450446371;;;;;;;;;;;;;;;;;;;;;;;;;;;;;;;;;;;;;;;;;;;;;;;;;
2;RandomForest;555;B3_EMB48_NIRRIG_REPROD00003.asd;B3;EMB48;NIRRIG;D04M;manha;D04;NIRRIG;IRRIG;0.0;False;;;;;;;;;;;;;;;;;;;;;;;;;;;;;;;;-1.454718824647208;-1.497433910242423;-1.5458802168406438;-1.4779875696096954;-1.5760028858341835;;;;;;;;;;;;;;;;;;;;;;;;;;;;;;;;;;;;;;;;;;;;;;;;;
2;RandomForest;556;B3_EMB48_NIRRIG_REPROD00004.asd;B3;EMB48;NIRRIG;D04M;manha;D04;NIRRIG;IRRIG;0.044;False;;;;;;;;;;;;;;;;;;;;;;;;;;;;;;;;-1.5446833018863548;-1.4533291482349229;-1.4988482078214473;-1.55550659921802;-1.528493562425654;;;;;;;;;;;;;;;;;;;;;;;;;;;;;;;;;;;;;;;;;;;;;;;;;
2;RandomForest;557;B3_EMB48_NIRRIG_REPROD00005.asd;B3;EMB48;NIRRIG;D04M;manha;D04;NIRRIG;IRRIG;0.034;False;;;;;;;;;;;;;;;;;;;;;;;;;;;;;;;;-1.5468185703159187;-1.4548298287592416;-1.5005575799879753;-1.5549421223910898;-1.5291443620937248;;;;;;;;;;;;;;;;;;;;;;;;;;;;;;;;;;;;;;;;;;;;;;;;;
2;RandomForest;558;B3_EMB48_NIRRIG_REPROD00006.asd;B3;EMB48;NIRRIG;D04M;manha;D04;NIRRIG;IRRIG;0.036;False;;;;;;;;;;;;;;;;;;;;;;;;;;;;;;;;-1.549537844707966;-1.4545608278255808;-1.500577921097227;-1.5610998691290918;-1.5298532814241674;;;;;;;;;;;;;;;;;;;;;;;;;;;;;;;;;;;;;;;;;;;;;;;;;
2;RandomForest;559;B3_EMB48_NIRRIG_REPROD00007.asd;B3;EMB48;NIRRIG;D04M;manha;D04;NIRRIG;IRRIG;0.054;False;;;;;;;;;;;;;;;;;;;;;;;;;;;;;;;;-1.5505064165570397;-1.4534247011919166;-1.5002544115791743;-1.5626601527931774;-1.5291417270873497;;;;;;;;;;;;;;;;;;;;;;;;;;;;;;;;;;;;;;;;;;;;;;;;;
3;PLS-DA;528;B2_EMB48_IRRIG_REPROD00000.asd;B2;EMB48;IRRIG;D04M;manha;D04;IRRIG;IRRIG;0.3864791403270607;True;;;;;;;;;;;;;;;;;;;;;;;;;;;;;;;;-1.3830258587280746;-1.5073416279138285;-1.564993752629598;-1.4192337645663036;-1.5995273037611082;;;;;;;;;;;;;;;;;;;;;;;;;;;;;;;;;;;;;;;;;;;;;;;;;
3;PLS-DA;529;B2_EMB48_IRRIG_REPROD00001.asd;B2;EMB48;IRRIG;D04M;manha;D04;IRRIG;IRRIG;0.3670473024575574;True;;;;;;;;;;;;;;;;;;;;;;;;;;;;;;;;-1.3554838364468385;-1.5183743324120738;-1.5754768258124994;-1.3976088334772956;-1.6106295283447079;;;;;;;;;;;;;;;;;;;;;;;;;;;;;;;;;;;;;;;;;;;;;;;;;
3;PLS-DA;530;B2_EMB48_IRRIG_REPROD00002.asd;B2;EMB48;IRRIG;D04M;manha;D04;IRRIG;IRRIG;0.3600214836719358;True;;;;;;;;;;;;;;;;;;;;;;;;;;;;;;;;-1.3411208398823133;-1.5250507991944222;-1.5823188841614695;-1.3787605041110522;-1.6174942030810193;;;;;;;;;;;;;;;;;;;;;;;;;;;;;;;;;;;;;;;;;;;;;;;;;
3;PLS-DA;531;B2_EMB48_IRRIG_REPROD00003.asd;B2;EMB48;IRRIG;D04M;manha;D04;IRRIG;IRRIG;0.3463853525576612;True;;;;;;;;;;;;;;;;;;;;;;;;;;;;;;;;-1.3267243119245733;-1.530758031841577;-1.5881948484101303;-1.3660804906027244;-1.6238669093695512;;;;;;;;;;;;;;;;;;;;;;;;;;;;;;;;;;;;;;;;;;;;;;;;;
3;PLS-DA;532;B2_EMB48_IRRIG_REPROD00004.asd;B2;EMB48;IRRIG;D04M;manha;D04;IRRIG;IRRIG;0.4617486714956191;True;;;;;;;;;;;;;;;;;;;;;;;;;;;;;;;;-1.5606954201893628;-1.4534597572816161;-1.5174557700815334;-1.5973297822926078;-1.5565824113721123;;;;;;;;;;;;;;;;;;;;;;;;;;;;;;;;;;;;;;;;;;;;;;;;;
3;PLS-DA;533;B2_EMB48_IRRIG_REPROD00005.asd;B2;EMB48;IRRIG;D04M;manha;D04;IRRIG;IRRIG;0.43996284534827695;True;;;;;;;;;;;;;;;;;;;;;;;;;;;;;;;;-1.535979283607771;-1.4624786171330306;-1.5265776318077213;-1.5800273947147854;-1.5657443610755373;;;;;;;;;;;;;;;;;;;;;;;;;;;;;;;;;;;;;;;;;;;;;;;;;
3;PLS-DA;534;B2_EMB48_IRRIG_REPROD00006.asd;B2;EMB48;IRRIG;D04M;manha;D04;IRRIG;IRRIG;0.44029136411363207;True;;;;;;;;;;;;;;;;;;;;;;;;;;;;;;;;-1.5266681062799876;-1.4717536388285148;-1.5360459989838022;-1.568227195618059;-1.5758113151999669;;;;;;;;;;;;;;;;;;;;;;;;;;;;;;;;;;;;;;;;;;;;;;;;;
3;PLS-DA;535;B2_EMB48_IRRIG_REPROD00007.asd;B2;EMB48;IRRIG;D04M;manha;D04;IRRIG;IRRIG;0.4449854776873913;True;;;;;;;;;;;;;;;;;;;;;;;;;;;;;;;;-1.5255540381154509;-1.47628665752241;-1.5409273979633742;-1.567500863954801;-1.5806921498367437;;;;;;;;;;;;;;;;;;;;;;;;;;;;;;;;;;;;;;;;;;;;;;;;;
3;PLS-DA;536;B2_EMB48_NIRRIG_REPROD00000.asd;B2;EMB48;NIRRIG;D04M;manha;D04;NIRRIG;NIRRIG;0.5541093328272435;True;;;;;;;;;;;;;;;;;;;;;;;;;;;;;;;;-1.568083017905066;-1.4036057915285853;-1.4522198817020489;-1.5836566130144552;-1.4819933472436582;;;;;;;;;;;;;;;;;;;;;;;;;;;;;;;;;;;;;;;;;;;;;;;;;
3;PLS-DA;537;B2_EMB48_NIRRIG_REPROD00001.asd;B2;EMB48;NIRRIG;D04M;manha;D04;NIRRIG;NIRRIG;0.5300881070577056;True;;;;;;;;;;;;;;;;;;;;;;;;;;;;;;;;-1.5583845594948889;-1.4060786381830082;-1.4552853837601283;-1.5800496962359614;-1.4863249462953045;;;;;;;;;;;;;;;;;;;;;;;;;;;;;;;;;;;;;;;;;;;;;;;;;
3;PLS-DA;538;B2_EMB48_NIRRIG_REPROD00002.asd;B2;EMB48;NIRRIG;D04M;manha;D04;NIRRIG;NIRRIG;0.526817571569983;True;;;;;;;;;;;;;;;;;;;;;;;;;;;;;;;;-1.5557351910097412;-1.4083748241120524;-1.458124531681653;-1.5765363454954455;-1.4892118317302596;;;;;;;;;;;;;;;;;;;;;;;;;;;;;;;;;;;;;;;;;;;;;;;;;
3;PLS-DA;539;B2_EMB48_NIRRIG_REPROD00003.asd;B2;EMB48;NIRRIG;D04M;manha;D04;NIRRIG;NIRRIG;0.521127038118534;True;;;;;;;;;;;;;;;;;;;;;;;;;;;;;;;;-1.542877838732304;-1.4138134316195092;-1.463841776609207;-1.5701047247508522;-1.4939255230917912;;;;;;;;;;;;;;;;;;;;;;;;;;;;;;;;;;;;;;;;;;;;;;;;;
3;PLS-DA;540;B2_EMB48_NIRRIG_REPROD00004.asd;B2;EMB48;NIRRIG;D04M;manha;D04;NIRRIG;NIRRIG;0.5400985184673166;True;;;;;;;;;;;;;;;;;;;;;;;;;;;;;;;;-1.4629605687890355;-1.4031345459413647;-1.438835128339094;-1.477479127975299;-1.4614815309394804;;;;;;;;;;;;;;;;;;;;;;;;;;;;;;;;;;;;;;;;;;;;;;;;;
3;PLS-DA;541;B2_EMB48_NIRRIG_REPROD00005.asd;B2;EMB48;NIRRIG;D04M;manha;D04;NIRRIG;NIRRIG;0.5389674710543412;True;;;;;;;;;;;;;;;;;;;;;;;;;;;;;;;;-1.4606472239393666;-1.4044503701391888;-1.4405625951262335;-1.4732511944482616;-1.4629122503264609;;;;;;;;;;;;;;;;;;;;;;;;;;;;;;;;;;;;;;;;;;;;;;;;;
3;PLS-DA;542;B2_EMB48_NIRRIG_REPROD00006.asd;B2;EMB48;NIRRIG;D04M;manha;D04;NIRRIG;NIRRIG;0.5487975684442288;True;;;;;;;;;;;;;;;;;;;;;;;;;;;;;;;;-1.4710904622072019;-1.4046179177226448;-1.4414284798625407;-1.4840974328562837;-1.4638669340176689;;;;;;;;;;;;;;;;;;;;;;;;;;;;;;;;;;;;;;;;;;;;;;;;;
3;PLS-DA;543;B2_EMB48_NIRRIG_REPROD00007.asd;B2;EMB48;NIRRIG;D04M;manha;D04;NIRRIG;NIRRIG;0.5518515644182828;True;;;;;;;;;;;;;;;;;;;;;;;;;;;;;;;;-1.4738944715904352;-1.4059848635683234;-1.4429818157846028;-1.4855445040244586;-1.4658579095611743;;;;;;;;;;;;;;;;;;;;;;;;;;;;;;;;;;;;;;;;;;;;;;;;;
3;RandomForest;528;B2_EMB48_IRRIG_REPROD00000.asd;B2;EMB48;IRRIG;D04M;manha;D04;IRRIG;IRRIG;0.0;True;;;;;;;;;;;;;;;;;;;;;;;;;;;;;;;;-1.3830258587280746;-1.5073416279138285;-1.564993752629598;-1.4192337645663036;-1.5995273037611082;;;;;;;;;;;;;;;;;;;;;;;;;;;;;;;;;;;;;;;;;;;;;;;;;
3;RandomForest;529;B2_EMB48_IRRIG_REPROD00001.asd;B2;EMB48;IRRIG;D04M;manha;D04;IRRIG;IRRIG;0.0;True;;;;;;;;;;;;;;;;;;;;;;;;;;;;;;;;-1.3554838364468385;-1.5183743324120738;-1.5754768258124994;-1.3976088334772956;-1.6106295283447079;;;;;;;;;;;;;;;;;;;;;;;;;;;;;;;;;;;;;;;;;;;;;;;;;
3;RandomForest;530;B2_EMB48_IRRIG_REPROD00002.asd;B2;EMB48;IRRIG;D04M;manha;D04;IRRIG;IRRIG;0.0;True;;;;;;;;;;;;;;;;;;;;;;;;;;;;;;;;-1.3411208398823133;-1.5250507991944222;-1.5823188841614695;-1.3787605041110522;-1.6174942030810193;;;;;;;;;;;;;;;;;;;;;;;;;;;;;;;;;;;;;;;;;;;;;;;;;
3;RandomForest;531;B2_EMB48_IRRIG_REPROD00003.asd;B2;EMB48;IRRIG;D04M;manha;D04;IRRIG;IRRIG;0.0;True;;;;;;;;;;;;;;;;;;;;;;;;;;;;;;;;-1.3267243119245733;-1.530758031841577;-1.5881948484101303;-1.3660804906027244;-1.6238669093695512;;;;;;;;;;;;;;;;;;;;;;;;;;;;;;;;;;;;;;;;;;;;;;;;;
3;RandomForest;532;B2_EMB48_IRRIG_REPROD00004.asd;B2;EMB48;IRRIG;D04M;manha;D04;IRRIG;NIRRIG;0.924;False;;;;;;;;;;;;;;;;;;;;;;;;;;;;;;;;-1.5606954201893628;-1.4534597572816161;-1.5174557700815334;-1.5973297822926078;-1.5565824113721123;;;;;;;;;;;;;;;;;;;;;;;;;;;;;;;;;;;;;;;;;;;;;;;;;
3;RandomForest;533;B2_EMB48_IRRIG_REPROD00005.asd;B2;EMB48;IRRIG;D04M;manha;D04;IRRIG;NIRRIG;0.736;False;;;;;;;;;;;;;;;;;;;;;;;;;;;;;;;;-1.535979283607771;-1.4624786171330306;-1.5265776318077213;-1.5800273947147854;-1.5657443610755373;;;;;;;;;;;;;;;;;;;;;;;;;;;;;;;;;;;;;;;;;;;;;;;;;
3;RandomForest;534;B2_EMB48_IRRIG_REPROD00006.asd;B2;EMB48;IRRIG;D04M;manha;D04;IRRIG;NIRRIG;0.71;False;;;;;;;;;;;;;;;;;;;;;;;;;;;;;;;;-1.5266681062799876;-1.4717536388285148;-1.5360459989838022;-1.568227195618059;-1.5758113151999669;;;;;;;;;;;;;;;;;;;;;;;;;;;;;;;;;;;;;;;;;;;;;;;;;
3;RandomForest;535;B2_EMB48_IRRIG_REPROD00007.asd;B2;EMB48;IRRIG;D04M;manha;D04;IRRIG;NIRRIG;0.602;False;;;;;;;;;;;;;;;;;;;;;;;;;;;;;;;;-1.5255540381154509;-1.47628665752241;-1.5409273979633742;-1.567500863954801;-1.5806921498367437;;;;;;;;;;;;;;;;;;;;;;;;;;;;;;;;;;;;;;;;;;;;;;;;;
3;RandomForest;536;B2_EMB48_NIRRIG_REPROD00000.asd;B2;EMB48;NIRRIG;D04M;manha;D04;NIRRIG;NIRRIG;1.0;True;;;;;;;;;;;;;;;;;;;;;;;;;;;;;;;;-1.568083017905066;-1.4036057915285853;-1.4522198817020489;-1.5836566130144552;-1.4819933472436582;;;;;;;;;;;;;;;;;;;;;;;;;;;;;;;;;;;;;;;;;;;;;;;;;
3;RandomForest;537;B2_EMB48_NIRRIG_REPROD00001.asd;B2;EMB48;NIRRIG;D04M;manha;D04;NIRRIG;NIRRIG;1.0;True;;;;;;;;;;;;;;;;;;;;;;;;;;;;;;;;-1.5583845594948889;-1.4060786381830082;-1.4552853837601283;-1.5800496962359614;-1.4863249462953045;;;;;;;;;;;;;;;;;;;;;;;;;;;;;;;;;;;;;;;;;;;;;;;;;
3;RandomForest;538;B2_EMB48_NIRRIG_REPROD00002.asd;B2;EMB48;NIRRIG;D04M;manha;D04;NIRRIG;NIRRIG;1.0;True;;;;;;;;;;;;;;;;;;;;;;;;;;;;;;;;-1.5557351910097412;-1.4083748241120524;-1.458124531681653;-1.5765363454954455;-1.4892118317302596;;;;;;;;;;;;;;;;;;;;;;;;;;;;;;;;;;;;;;;;;;;;;;;;;
3;RandomForest;539;B2_EMB48_NIRRIG_REPROD00003.asd;B2;EMB48;NIRRIG;D04M;manha;D04;NIRRIG;NIRRIG;0.998;True;;;;;;;;;;;;;;;;;;;;;;;;;;;;;;;;-1.542877838732304;-1.4138134316195092;-1.463841776609207;-1.5701047247508522;-1.4939255230917912;;;;;;;;;;;;;;;;;;;;;;;;;;;;;;;;;;;;;;;;;;;;;;;;;
3;RandomForest;540;B2_EMB48_NIRRIG_REPROD00004.asd;B2;EMB48;NIRRIG;D04M;manha;D04;NIRRIG;NIRRIG;0.536;True;;;;;;;;;;;;;;;;;;;;;;;;;;;;;;;;-1.4629605687890355;-1.4031345459413647;-1.438835128339094;-1.477479127975299;-1.4614815309394804;;;;;;;;;;;;;;;;;;;;;;;;;;;;;;;;;;;;;;;;;;;;;;;;;
3;RandomForest;541;B2_EMB48_NIRRIG_REPROD00005.asd;B2;EMB48;NIRRIG;D04M;manha;D04;NIRRIG;NIRRIG;0.53;True;;;;;;;;;;;;;;;;;;;;;;;;;;;;;;;;-1.4606472239393666;-1.4044503701391888;-1.4405625951262335;-1.4732511944482616;-1.4629122503264609;;;;;;;;;;;;;;;;;;;;;;;;;;;;;;;;;;;;;;;;;;;;;;;;;
3;RandomForest;542;B2_EMB48_NIRRIG_REPROD00006.asd;B2;EMB48;NIRRIG;D04M;manha;D04;NIRRIG;NIRRIG;0.536;True;;;;;;;;;;;;;;;;;;;;;;;;;;;;;;;;-1.4710904622072019;-1.4046179177226448;-1.4414284798625407;-1.4840974328562837;-1.4638669340176689;;;;;;;;;;;;;;;;;;;;;;;;;;;;;;;;;;;;;;;;;;;;;;;;;
3;RandomForest;543;B2_EMB48_NIRRIG_REPROD00007.asd;B2;EMB48;NIRRIG;D04M;manha;D04;NIRRIG;NIRRIG;0.536;True;;;;;;;;;;;;;;;;;;;;;;;;;;;;;;;;-1.4738944715904352;-1.4059848635683234;-1.4429818157846028;-1.4855445040244586;-1.4658579095611743;;;;;;;;;;;;;;;;;;;;;;;;;;;;;;;;;;;;;;;;;;;;;;;;;
4;PLS-DA;512;B1_EMB48_IRRIG_REPROD00000.asd;B1;EMB48;IRRIG;D04M;manha;D04;IRRIG;IRRIG;0.39841632811293726;True;;;;;;;;;;;;;;;;;;;;;;;;;;;;;;;;-1.2009756790710868;-1.5287110647350495;-1.5694307090541448;-1.2313100996772084;-1.5937746702819526;;;;;;;;;;;;;;;;;;;;;;;;;;;;;;;;;;;;;;;;;;;;;;;;;
4;PLS-DA;513;B1_EMB48_IRRIG_REPROD00001.asd;B1;EMB48;IRRIG;D04M;manha;D04;IRRIG;IRRIG;0.3843049769651291;True;;;;;;;;;;;;;;;;;;;;;;;;;;;;;;;;-1.1954398295734097;-1.5360895855865206;-1.5769478729499233;-1.2257806944960639;-1.6016963941658953;;;;;;;;;;;;;;;;;;;;;;;;;;;;;;;;;;;;;;;;;;;;;;;;;
4;PLS-DA;514;B1_EMB48_IRRIG_REPROD00002.asd;B1;EMB48;IRRIG;D04M;manha;D04;IRRIG;IRRIG;0.3746177708337015;True;;;;;;;;;;;;;;;;;;;;;;;;;;;;;;;;-1.1950759430975977;-1.5410844614639165;-1.5826066939825083;-1.2199328430713174;-1.607406000250266;;;;;;;;;;;;;;;;;;;;;;;;;;;;;;;;;;;;;;;;;;;;;;;;;
4;PLS-DA;515;B1_EMB48_IRRIG_REPROD00003.asd;B1;EMB48;IRRIG;D04M;manha;D04;IRRIG;IRRIG;0.36605986909542404;True;;;;;;;;;;;;;;;;;;;;;;;;;;;;;;;;-1.1909890631770101;-1.5452513686340867;-1.5870481218419952;-1.220903630777321;-1.6121826043171736;;;;;;;;;;;;;;;;;;;;;;;;;;;;;;;;;;;;;;;;;;;;;;;;;
4;PLS-DA;516;B1_EMB48_IRRIG_REPROD00004.asd;B1;EMB48;IRRIG;D04M;manha;D04;IRRIG;IRRIG;0.4365105632868518;True;;;;;;;;;;;;;;;;;;;;;;;;;;;;;;;;-1.3840340586591358;-1.4924705343095936;-1.547843701185126;-1.4223054860848043;-1.5815709511723908;;;;;;;;;;;;;;;;;;;;;;;;;;;;;;;;;;;;;;;;;;;;;;;;;
4;PLS-DA;517;B1_EMB48_IRRIG_REPROD00005.asd;B1;EMB48;IRRIG;D04M;manha;D04;IRRIG;IRRIG;0.4239604248703864;True;;;;;;;;;;;;;;;;;;;;;;;;;;;;;;;;-1.3689339000874479;-1.4986973969163193;-1.55407547829273;-1.4109808996427882;-1.5882067874184023;;;;;;;;;;;;;;;;;;;;;;;;;;;;;;;;;;;;;;;;;;;;;;;;;
4;PLS-DA;518;B1_EMB48_IRRIG_REPROD00006.asd;B1;EMB48;IRRIG;D04M;manha;D04;IRRIG;IRRIG;0.41248186738015447;True;;;;;;;;;;;;;;;;;;;;;;;;;;;;;;;;-1.36957543834595;-1.5048087198126465;-1.5605269154704808;-1.4066382319881725;-1.5945613944096655;;;;;;;;;;;;;;;;;;;;;;;;;;;;;;;;;;;;;;;;;;;;;;;;;
4;PLS-DA;519;B1_EMB48_IRRIG_REPROD00007.asd;B1;EMB48;IRRIG;D04M;manha;D04;IRRIG;IRRIG;0.3986060822365298;True;;;;;;;;;;;;;;;;;;;;;;;;;;;;;;;;-1.3565816049466728;-1.5123074884014926;-1.5680519372606008;-1.391399629156778;-1.602048972262786;;;;;;;;;;;;;;;;;;;;;;;;;;;;;;;;;;;;;;;;;;;;;;;;;
4;PLS-DA;520;B1_EMB48_NIRRIG_REPROD00000.asd;B1;EMB48;NIRRIG;D04M;manha;D04;NIRRIG;NIRRIG;0.5798532315086974;True;;;;;;;;;;;;;;;;;;;;;;;;;;;;;;;;-1.5593714059099795;-1.4303034415664908;-1.4757710371817658;-1.5693028357823107;-1.5043138070697841;;;;;;;;;;;;;;;;;;;;;;;;;;;;;;;;;;;;;;;;;;;;;;;;;
4;PLS-DA;521;B1_EMB48_NIRRIG_REPROD00001.asd;B1;EMB48;NIRRIG;D04M;manha;D04;NIRRIG;NIRRIG;0.5776277932062798;True;;;;;;;;;;;;;;;;;;;;;;;;;;;;;;;;-1.5587413353900432;-1.4305570745972678;-1.476670437566853;-1.5767908429257762;-1.5053529033830555;;;;;;;;;;;;;;;;;;;;;;;;;;;;;;;;;;;;;;;;;;;;;;;;;
4;PLS-DA;522;B1_EMB48_NIRRIG_REPROD00002.asd;B1;EMB48;NIRRIG;D04M;manha;D04;NIRRIG;NIRRIG;0.5786614125011981;True;;;;;;;;;;;;;;;;;;;;;;;;;;;;;;;;-1.5652840364697282;-1.4299452834243536;-1.476438154774307;-1.5791985208118513;-1.505011074955274;;;;;;;;;;;;;;;;;;;;;;;;;;;;;;;;;;;;;;;;;;;;;;;;;
4;PLS-DA;523;B1_EMB48_NIRRIG_REPROD00003.asd;B1;EMB48;NIRRIG;D04M;manha;D04;NIRRIG;NIRRIG;0.5798606848281469;True;;;;;;;;;;;;;;;;;;;;;;;;;;;;;;;;-1.5735484741910457;-1.42858159011856;-1.4754853494315487;-1.5865892473191334;-1.5050544060041062;;;;;;;;;;;;;;;;;;;;;;;;;;;;;;;;;;;;;;;;;;;;;;;;;
4;PLS-DA;524;B1_EMB48_NIRRIG_REPROD00004.asd;B1;EMB48;NIRRIG;D04M;manha;D04;NIRRIG;NIRRIG;0.5839295534534449;True;;;;;;;;;;;;;;;;;;;;;;;;;;;;;;;;-1.6146191615070644;-1.4176168697574123;-1.4720848799267787;-1.6273499112447904;-1.507413652760133;;;;;;;;;;;;;;;;;;;;;;;;;;;;;;;;;;;;;;;;;;;;;;;;;
4;PLS-DA;525;B1_EMB48_NIRRIG_REPROD00005.asd;B1;EMB48;NIRRIG;D04M;manha;D04;NIRRIG;NIRRIG;0.5820860102496194;True;;;;;;;;;;;;;;;;;;;;;;;;;;;;;;;;-1.6046251692575149;-1.41859479183742;-1.4725787458856776;-1.6225039928724139;-1.5082174978563079;;;;;;;;;;;;;;;;;;;;;;;;;;;;;;;;;;;;;;;;;;;;;;;;;
4;PLS-DA;526;B1_EMB48_NIRRIG_REPROD00006.asd;B1;EMB48;NIRRIG;D04M;manha;D04;NIRRIG;NIRRIG;0.582181571031061;True;;;;;;;;;;;;;;;;;;;;;;;;;;;;;;;;-1.6058508693630178;-1.4186966425657097;-1.4729226701621856;-1.6136288855203123;-1.5086722000756763;;;;;;;;;;;;;;;;;;;;;;;;;;;;;;;;;;;;;;;;;;;;;;;;;
4;PLS-DA;527;B1_EMB48_NIRRIG_REPROD00007.asd;B1;EMB48;NIRRIG;D04M;manha;D04;NIRRIG;NIRRIG;0.5834226365817137;True;;;;;;;;;;;;;;;;;;;;;;;;;;;;;;;;-1.6121699908244083;-1.417951186411911;-1.472330099079418;-1.6236760271863566;-1.5077534945704234;;;;;;;;;;;;;;;;;;;;;;;;;;;;;;;;;;;;;;;;;;;;;;;;;
4;RandomForest;512;B1_EMB48_IRRIG_REPROD00000.asd;B1;EMB48;IRRIG;D04M;manha;D04;IRRIG;IRRIG;0.0;True;;;;;;;;;;;;;;;;;;;;;;;;;;;;;;;;-1.2009756790710868;-1.5287110647350495;-1.5694307090541448;-1.2313100996772084;-1.5937746702819526;;;;;;;;;;;;;;;;;;;;;;;;;;;;;;;;;;;;;;;;;;;;;;;;;
4;RandomForest;513;B1_EMB48_IRRIG_REPROD00001.asd;B1;EMB48;IRRIG;D04M;manha;D04;IRRIG;IRRIG;0.0;True;;;;;;;;;;;;;;;;;;;;;;;;;;;;;;;;-1.1954398295734097;-1.5360895855865206;-1.5769478729499233;-1.2257806944960639;-1.6016963941658953;;;;;;;;;;;;;;;;;;;;;;;;;;;;;;;;;;;;;;;;;;;;;;;;;
4;RandomForest;514;B1_EMB48_IRRIG_REPROD00002.asd;B1;EMB48;IRRIG;D04M;manha;D04;IRRIG;IRRIG;0.0;True;;;;;;;;;;;;;;;;;;;;;;;;;;;;;;;;-1.1950759430975977;-1.5410844614639165;-1.5826066939825083;-1.2199328430713174;-1.607406000250266;;;;;;;;;;;;;;;;;;;;;;;;;;;;;;;;;;;;;;;;;;;;;;;;;
4;RandomForest;515;B1_EMB48_IRRIG_REPROD00003.asd;B1;EMB48;IRRIG;D04M;manha;D04;IRRIG;IRRIG;0.0;True;;;;;;;;;;;;;;;;;;;;;;;;;;;;;;;;-1.1909890631770101;-1.5452513686340867;-1.5870481218419952;-1.220903630777321;-1.6121826043171736;;;;;;;;;;;;;;;;;;;;;;;;;;;;;;;;;;;;;;;;;;;;;;;;;
4;RandomForest;516;B1_EMB48_IRRIG_REPROD00004.asd;B1;EMB48;IRRIG;D04M;manha;D04;IRRIG;IRRIG;0.138;True;;;;;;;;;;;;;;;;;;;;;;;;;;;;;;;;-1.3840340586591358;-1.4924705343095936;-1.547843701185126;-1.4223054860848043;-1.5815709511723908;;;;;;;;;;;;;;;;;;;;;;;;;;;;;;;;;;;;;;;;;;;;;;;;;
4;RandomForest;517;B1_EMB48_IRRIG_REPROD00005.asd;B1;EMB48;IRRIG;D04M;manha;D04;IRRIG;IRRIG;0.002;True;;;;;;;;;;;;;;;;;;;;;;;;;;;;;;;;-1.3689339000874479;-1.4986973969163193;-1.55407547829273;-1.4109808996427882;-1.5882067874184023;;;;;;;;;;;;;;;;;;;;;;;;;;;;;;;;;;;;;;;;;;;;;;;;;
4;RandomForest;518;B1_EMB48_IRRIG_REPROD00006.asd;B1;EMB48;IRRIG;D04M;manha;D04;IRRIG;IRRIG;0.0;True;;;;;;;;;;;;;;;;;;;;;;;;;;;;;;;;-1.36957543834595;-1.5048087198126465;-1.5605269154704808;-1.4066382319881725;-1.5945613944096655;;;;;;;;;;;;;;;;;;;;;;;;;;;;;;;;;;;;;;;;;;;;;;;;;
4;RandomForest;519;B1_EMB48_IRRIG_REPROD00007.asd;B1;EMB48;IRRIG;D04M;manha;D04;IRRIG;IRRIG;0.0;True;;;;;;;;;;;;;;;;;;;;;;;;;;;;;;;;-1.3565816049466728;-1.5123074884014926;-1.5680519372606008;-1.391399629156778;-1.602048972262786;;;;;;;;;;;;;;;;;;;;;;;;;;;;;;;;;;;;;;;;;;;;;;;;;
4;RandomForest;520;B1_EMB48_NIRRIG_REPROD00000.asd;B1;EMB48;NIRRIG;D04M;manha;D04;NIRRIG;NIRRIG;1.0;True;;;;;;;;;;;;;;;;;;;;;;;;;;;;;;;;-1.5593714059099795;-1.4303034415664908;-1.4757710371817658;-1.5693028357823107;-1.5043138070697841;;;;;;;;;;;;;;;;;;;;;;;;;;;;;;;;;;;;;;;;;;;;;;;;;
4;RandomForest;521;B1_EMB48_NIRRIG_REPROD00001.asd;B1;EMB48;NIRRIG;D04M;manha;D04;NIRRIG;NIRRIG;1.0;True;;;;;;;;;;;;;;;;;;;;;;;;;;;;;;;;-1.5587413353900432;-1.4305570745972678;-1.476670437566853;-1.5767908429257762;-1.5053529033830555;;;;;;;;;;;;;;;;;;;;;;;;;;;;;;;;;;;;;;;;;;;;;;;;;
4;RandomForest;522;B1_EMB48_NIRRIG_REPROD00002.asd;B1;EMB48;NIRRIG;D04M;manha;D04;NIRRIG;NIRRIG;1.0;True;;;;;;;;;;;;;;;;;;;;;;;;;;;;;;;;-1.5652840364697282;-1.4299452834243536;-1.476438154774307;-1.5791985208118513;-1.505011074955274;;;;;;;;;;;;;;;;;;;;;;;;;;;;;;;;;;;;;;;;;;;;;;;;;
4;RandomForest;523;B1_EMB48_NIRRIG_REPROD00003.asd;B1;EMB48;NIRRIG;D04M;manha;D04;NIRRIG;NIRRIG;1.0;True;;;;;;;;;;;;;;;;;;;;;;;;;;;;;;;;-1.5735484741910457;-1.42858159011856;-1.4754853494315487;-1.5865892473191334;-1.5050544060041062;;;;;;;;;;;;;;;;;;;;;;;;;;;;;;;;;;;;;;;;;;;;;;;;;
4;RandomForest;524;B1_EMB48_NIRRIG_REPROD00004.asd;B1;EMB48;NIRRIG;D04M;manha;D04;NIRRIG;NIRRIG;1.0;True;;;;;;;;;;;;;;;;;;;;;;;;;;;;;;;;-1.6146191615070644;-1.4176168697574123;-1.4720848799267787;-1.6273499112447904;-1.507413652760133;;;;;;;;;;;;;;;;;;;;;;;;;;;;;;;;;;;;;;;;;;;;;;;;;
4;RandomForest;525;B1_EMB48_NIRRIG_REPROD00005.asd;B1;EMB48;NIRRIG;D04M;manha;D04;NIRRIG;NIRRIG;1.0;True;;;;;;;;;;;;;;;;;;;;;;;;;;;;;;;;-1.6046251692575149;-1.41859479183742;-1.4725787458856776;-1.6225039928724139;-1.5082174978563079;;;;;;;;;;;;;;;;;;;;;;;;;;;;;;;;;;;;;;;;;;;;;;;;;
4;RandomForest;526;B1_EMB48_NIRRIG_REPROD00006.asd;B1;EMB48;NIRRIG;D04M;manha;D04;NIRRIG;NIRRIG;1.0;True;;;;;;;;;;;;;;;;;;;;;;;;;;;;;;;;-1.6058508693630178;-1.4186966425657097;-1.4729226701621856;-1.6136288855203123;-1.5086722000756763;;;;;;;;;;;;;;;;;;;;;;;;;;;;;;;;;;;;;;;;;;;;;;;;;
4;RandomForest;527;B1_EMB48_NIRRIG_REPROD00007.asd;B1;EMB48;NIRRIG;D04M;manha;D04;NIRRIG;NIRRIG;1.0;True;;;;;;;;;;;;;;;;;;;;;;;;;;;;;;;;-1.6121699908244083;-1.417951186411911;-1.472330099079418;-1.6236760271863566;-1.5077534945704234;;;;;;;;;;;;;;;;;;;;;;;;;;;;;;;;;;;;;;;;;;;;;;;;;
1;PLS-DA;624;B4_BR16_IRRIG_REPROD00000.asd;B4;BR16;IRRIG;D05M;manha;D05;IRRIG;IRRIG;0.45205479956259365;True;;;;;;;;;;;;;;;;;;;;;;;;;;;;;;;;;;;;;0.36775537351585547;0.23764397749898616;0.3303764325641215;0.2647093446276756;0.38802640933315014;;;;;;;;;;;;;;;;;;;;;;;;;;;;;;;;;;;;;;;;;;;;
1;PLS-DA;625;B4_BR16_IRRIG_REPROD00001.asd;B4;BR16;IRRIG;D05M;manha;D05;IRRIG;IRRIG;0.46370512356719906;True;;;;;;;;;;;;;;;;;;;;;;;;;;;;;;;;;;;;;0.36572195125423423;0.23510193459339598;0.3324024515087177;0.2669272788397315;0.38998864218164686;;;;;;;;;;;;;;;;;;;;;;;;;;;;;;;;;;;;;;;;;;;;
1;PLS-DA;626;B4_BR16_IRRIG_REPROD00002.asd;B4;BR16;IRRIG;D05M;manha;D05;IRRIG;IRRIG;0.46981340092131557;True;;;;;;;;;;;;;;;;;;;;;;;;;;;;;;;;;;;;;0.3663183462678559;0.23541852447180436;0.334353490760048;0.2685201535460588;0.39181891948149056;;;;;;;;;;;;;;;;;;;;;;;;;;;;;;;;;;;;;;;;;;;;
1;PLS-DA;627;B4_BR16_IRRIG_REPROD00003.asd;B4;BR16;IRRIG;D05M;manha;D05;IRRIG;IRRIG;0.47198182123043014;True;;;;;;;;;;;;;;;;;;;;;;;;;;;;;;;;;;;;;0.36504030269447907;0.23374658291129186;0.33422576075733396;0.2684280841728011;0.39181816938724034;;;;;;;;;;;;;;;;;;;;;;;;;;;;;;;;;;;;;;;;;;;;
1;PLS-DA;628;B4_BR16_IRRIG_REPROD00004.asd;B4;BR16;IRRIG;D05M;manha;D05;IRRIG;IRRIG;0.3676114623815298;True;;;;;;;;;;;;;;;;;;;;;;;;;;;;;;;;;;;;;0.3779496392784367;0.2589067938689524;0.31434912570898144;0.2512860338090497;0.36959784747338603;;;;;;;;;;;;;;;;;;;;;;;;;;;;;;;;;;;;;;;;;;;;
1;PLS-DA;629;B4_BR16_IRRIG_REPROD00005.asd;B4;BR16;IRRIG;D05M;manha;D05;IRRIG;IRRIG;0.3815610165732023;True;;;;;;;;;;;;;;;;;;;;;;;;;;;;;;;;;;;;;0.3768816639977973;0.2570706963633161;0.31772131389712466;0.25464015914219323;0.3726632706812706;;;;;;;;;;;;;;;;;;;;;;;;;;;;;;;;;;;;;;;;;;;;
1;PLS-DA;630;B4_BR16_IRRIG_REPROD00006.asd;B4;BR16;IRRIG;D05M;manha;D05;IRRIG;IRRIG;0.3873545082184272;True;;;;;;;;;;;;;;;;;;;;;;;;;;;;;;;;;;;;;0.37638180389880227;0.2564552207907226;0.3188956772148787;0.2561991044648587;0.37399911303561656;;;;;;;;;;;;;;;;;;;;;;;;;;;;;;;;;;;;;;;;;;;;
1;PLS-DA;631;B4_BR16_IRRIG_REPROD00007.asd;B4;BR16;IRRIG;D05M;manha;D05;IRRIG;IRRIG;0.3994428018522079;True;;;;;;;;;;;;;;;;;;;;;;;;;;;;;;;;;;;;;0.3776843652112842;0.2572853884839877;0.32262683181367435;0.2599651044702061;0.3778044475276736;;;;;;;;;;;;;;;;;;;;;;;;;;;;;;;;;;;;;;;;;;;;
1;PLS-DA;632;B4_BR16_NIRRIG_REPROD00000.asd;B4;BR16;NIRRIG;D05M;manha;D05;NIRRIG;NIRRIG;0.5655283845965802;True;;;;;;;;;;;;;;;;;;;;;;;;;;;;;;;;;;;;;0.41661242447608926;0.3079961744309047;0.3860510856258137;0.3337965992510958;0.4316141567409269;;;;;;;;;;;;;;;;;;;;;;;;;;;;;;;;;;;;;;;;;;;;
1;PLS-DA;633;B4_BR16_NIRRIG_REPROD00001.asd;B4;BR16;NIRRIG;D05M;manha;D05;NIRRIG;NIRRIG;0.5708034809572834;True;;;;;;;;;;;;;;;;;;;;;;;;;;;;;;;;;;;;;0.4186611653801134;0.31068981972211684;0.38841917214149757;0.33673366469621197;0.43366397960996833;;;;;;;;;;;;;;;;;;;;;;;;;;;;;;;;;;;;;;;;;;;;
1;PLS-DA;634;B4_BR16_NIRRIG_REPROD00002.asd;B4;BR16;NIRRIG;D05M;manha;D05;NIRRIG;NIRRIG;0.5717753902055874;True;;;;;;;;;;;;;;;;;;;;;;;;;;;;;;;;;;;;;0.4191832339021629;0.31215780973865503;0.38898502094136483;0.33730610011378365;0.43447974820402796;;;;;;;;;;;;;;;;;;;;;;;;;;;;;;;;;;;;;;;;;;;;
1;PLS-DA;635;B4_BR16_NIRRIG_REPROD00003.asd;B4;BR16;NIRRIG;D05M;manha;D05;NIRRIG;NIRRIG;0.5767725958741302;True;;;;;;;;;;;;;;;;;;;;;;;;;;;;;;;;;;;;;0.4220144293012264;0.3143315076628794;0.3915312341080513;0.3400797489384148;0.436584752381681;;;;;;;;;;;;;;;;;;;;;;;;;;;;;;;;;;;;;;;;;;;;
1;PLS-DA;636;B4_BR16_NIRRIG_REPROD00004.asd;B4;BR16;NIRRIG;D05M;manha;D05;NIRRIG;NIRRIG;0.6195418976711279;True;;;;;;;;;;;;;;;;;;;;;;;;;;;;;;;;;;;;;0.3917659939717911;0.280229877150279;0.38886455409273335;0.3363897406495818;0.43531289185535715;;;;;;;;;;;;;;;;;;;;;;;;;;;;;;;;;;;;;;;;;;;;
1;PLS-DA;637;B4_BR16_NIRRIG_REPROD00005.asd;B4;BR16;NIRRIG;D05M;manha;D05;NIRRIG;NIRRIG;0.6202420444178083;True;;;;;;;;;;;;;;;;;;;;;;;;;;;;;;;;;;;;;0.393400886108562;0.2808097118772693;0.38956350065610146;0.33693553517150315;0.4361691200934397;;;;;;;;;;;;;;;;;;;;;;;;;;;;;;;;;;;;;;;;;;;;
1;PLS-DA;638;B4_BR16_NIRRIG_REPROD00006.asd;B4;BR16;NIRRIG;D05M;manha;D05;NIRRIG;NIRRIG;0.6323316688357487;True;;;;;;;;;;;;;;;;;;;;;;;;;;;;;;;;;;;;;0.3985768748327086;0.2868040637456637;0.39544173533363347;0.3429617706249771;0.4416555028161306;;;;;;;;;;;;;;;;;;;;;;;;;;;;;;;;;;;;;;;;;;;;
1;PLS-DA;639;B4_BR16_NIRRIG_REPROD00007.asd;B4;BR16;NIRRIG;D05M;manha;D05;NIRRIG;NIRRIG;0.613451541889631;True;;;;;;;;;;;;;;;;;;;;;;;;;;;;;;;;;;;;;0.3975000848711684;0.28717914787587073;0.3901813392606358;0.3380928216478569;0.43568108165837743;;;;;;;;;;;;;;;;;;;;;;;;;;;;;;;;;;;;;;;;;;;;
1;RandomForest;624;B4_BR16_IRRIG_REPROD00000.asd;B4;BR16;IRRIG;D05M;manha;D05;IRRIG;IRRIG;0.0;True;;;;;;;;;;;;;;;;;;;;;;;;;;;;;;;;;;;;;0.36775537351585547;0.23764397749898616;0.3303764325641215;0.2647093446276756;0.38802640933315014;;;;;;;;;;;;;;;;;;;;;;;;;;;;;;;;;;;;;;;;;;;;
1;RandomForest;625;B4_BR16_IRRIG_REPROD00001.asd;B4;BR16;IRRIG;D05M;manha;D05;IRRIG;IRRIG;0.004;True;;;;;;;;;;;;;;;;;;;;;;;;;;;;;;;;;;;;;0.36572195125423423;0.23510193459339598;0.3324024515087177;0.2669272788397315;0.38998864218164686;;;;;;;;;;;;;;;;;;;;;;;;;;;;;;;;;;;;;;;;;;;;
1;RandomForest;626;B4_BR16_IRRIG_REPROD00002.asd;B4;BR16;IRRIG;D05M;manha;D05;IRRIG;IRRIG;0.004;True;;;;;;;;;;;;;;;;;;;;;;;;;;;;;;;;;;;;;0.3663183462678559;0.23541852447180436;0.334353490760048;0.2685201535460588;0.39181891948149056;;;;;;;;;;;;;;;;;;;;;;;;;;;;;;;;;;;;;;;;;;;;
1;RandomForest;627;B4_BR16_IRRIG_REPROD00003.asd;B4;BR16;IRRIG;D05M;manha;D05;IRRIG;IRRIG;0.004;True;;;;;;;;;;;;;;;;;;;;;;;;;;;;;;;;;;;;;0.36504030269447907;0.23374658291129186;0.33422576075733396;0.2684280841728011;0.39181816938724034;;;;;;;;;;;;;;;;;;;;;;;;;;;;;;;;;;;;;;;;;;;;
1;RandomForest;628;B4_BR16_IRRIG_REPROD00004.asd;B4;BR16;IRRIG;D05M;manha;D05;IRRIG;IRRIG;0.092;True;;;;;;;;;;;;;;;;;;;;;;;;;;;;;;;;;;;;;0.3779496392784367;0.2589067938689524;0.31434912570898144;0.2512860338090497;0.36959784747338603;;;;;;;;;;;;;;;;;;;;;;;;;;;;;;;;;;;;;;;;;;;;
1;RandomForest;629;B4_BR16_IRRIG_REPROD00005.asd;B4;BR16;IRRIG;D05M;manha;D05;IRRIG;IRRIG;0.086;True;;;;;;;;;;;;;;;;;;;;;;;;;;;;;;;;;;;;;0.3768816639977973;0.2570706963633161;0.31772131389712466;0.25464015914219323;0.3726632706812706;;;;;;;;;;;;;;;;;;;;;;;;;;;;;;;;;;;;;;;;;;;;
1;RandomForest;630;B4_BR16_IRRIG_REPROD00006.asd;B4;BR16;IRRIG;D05M;manha;D05;IRRIG;IRRIG;0.086;True;;;;;;;;;;;;;;;;;;;;;;;;;;;;;;;;;;;;;0.37638180389880227;0.2564552207907226;0.3188956772148787;0.2561991044648587;0.37399911303561656;;;;;;;;;;;;;;;;;;;;;;;;;;;;;;;;;;;;;;;;;;;;
1;RandomForest;631;B4_BR16_IRRIG_REPROD00007.asd;B4;BR16;IRRIG;D05M;manha;D05;IRRIG;IRRIG;0.086;True;;;;;;;;;;;;;;;;;;;;;;;;;;;;;;;;;;;;;0.3776843652112842;0.2572853884839877;0.32262683181367435;0.2599651044702061;0.3778044475276736;;;;;;;;;;;;;;;;;;;;;;;;;;;;;;;;;;;;;;;;;;;;
1;RandomForest;632;B4_BR16_NIRRIG_REPROD00000.asd;B4;BR16;NIRRIG;D05M;manha;D05;NIRRIG;NIRRIG;1.0;True;;;;;;;;;;;;;;;;;;;;;;;;;;;;;;;;;;;;;0.41661242447608926;0.3079961744309047;0.3860510856258137;0.3337965992510958;0.4316141567409269;;;;;;;;;;;;;;;;;;;;;;;;;;;;;;;;;;;;;;;;;;;;
1;RandomForest;633;B4_BR16_NIRRIG_REPROD00001.asd;B4;BR16;NIRRIG;D05M;manha;D05;NIRRIG;NIRRIG;1.0;True;;;;;;;;;;;;;;;;;;;;;;;;;;;;;;;;;;;;;0.4186611653801134;0.31068981972211684;0.38841917214149757;0.33673366469621197;0.43366397960996833;;;;;;;;;;;;;;;;;;;;;;;;;;;;;;;;;;;;;;;;;;;;
1;RandomForest;634;B4_BR16_NIRRIG_REPROD00002.asd;B4;BR16;NIRRIG;D05M;manha;D05;NIRRIG;NIRRIG;1.0;True;;;;;;;;;;;;;;;;;;;;;;;;;;;;;;;;;;;;;0.4191832339021629;0.31215780973865503;0.38898502094136483;0.33730610011378365;0.43447974820402796;;;;;;;;;;;;;;;;;;;;;;;;;;;;;;;;;;;;;;;;;;;;
1;RandomForest;635;B4_BR16_NIRRIG_REPROD00003.asd;B4;BR16;NIRRIG;D05M;manha;D05;NIRRIG;NIRRIG;1.0;True;;;;;;;;;;;;;;;;;;;;;;;;;;;;;;;;;;;;;0.4220144293012264;0.3143315076628794;0.3915312341080513;0.3400797489384148;0.436584752381681;;;;;;;;;;;;;;;;;;;;;;;;;;;;;;;;;;;;;;;;;;;;
1;RandomForest;636;B4_BR16_NIRRIG_REPROD00004.asd;B4;BR16;NIRRIG;D05M;manha;D05;NIRRIG;NIRRIG;1.0;True;;;;;;;;;;;;;;;;;;;;;;;;;;;;;;;;;;;;;0.3917659939717911;0.280229877150279;0.38886455409273335;0.3363897406495818;0.43531289185535715;;;;;;;;;;;;;;;;;;;;;;;;;;;;;;;;;;;;;;;;;;;;
1;RandomForest;637;B4_BR16_NIRRIG_REPROD00005.asd;B4;BR16;NIRRIG;D05M;manha;D05;NIRRIG;NIRRIG;1.0;True;;;;;;;;;;;;;;;;;;;;;;;;;;;;;;;;;;;;;0.393400886108562;0.2808097118772693;0.38956350065610146;0.33693553517150315;0.4361691200934397;;;;;;;;;;;;;;;;;;;;;;;;;;;;;;;;;;;;;;;;;;;;
1;RandomForest;638;B4_BR16_NIRRIG_REPROD00006.asd;B4;BR16;NIRRIG;D05M;manha;D05;NIRRIG;NIRRIG;1.0;True;;;;;;;;;;;;;;;;;;;;;;;;;;;;;;;;;;;;;0.3985768748327086;0.2868040637456637;0.39544173533363347;0.3429617706249771;0.4416555028161306;;;;;;;;;;;;;;;;;;;;;;;;;;;;;;;;;;;;;;;;;;;;
1;RandomForest;639;B4_BR16_NIRRIG_REPROD00007.asd;B4;BR16;NIRRIG;D05M;manha;D05;NIRRIG;NIRRIG;1.0;True;;;;;;;;;;;;;;;;;;;;;;;;;;;;;;;;;;;;;0.3975000848711684;0.28717914787587073;0.3901813392606358;0.3380928216478569;0.43568108165837743;;;;;;;;;;;;;;;;;;;;;;;;;;;;;;;;;;;;;;;;;;;;
2;PLS-DA;608;B3_BR16_IRRIG_REPROD00000.asd;B3;BR16;IRRIG;D05M;manha;D05;IRRIG;IRRIG;0.3676839985053915;True;;;;;;;;;;;;;;;;;;;;;;;;;;;;;;;;;;;;;0.34089294252892227;0.2288868043133391;0.3054843593087926;0.24876202338022238;0.3553904682118258;;;;;;;;;;;;;;;;;;;;;;;;;;;;;;;;;;;;;;;;;;;;
2;PLS-DA;609;B3_BR16_IRRIG_REPROD00001.asd;B3;BR16;IRRIG;D05M;manha;D05;IRRIG;IRRIG;0.33802346683161016;True;;;;;;;;;;;;;;;;;;;;;;;;;;;;;;;;;;;;;0.33846097488426535;0.22696395060868813;0.29679143992546836;0.24036288989014573;0.3464989339525956;;;;;;;;;;;;;;;;;;;;;;;;;;;;;;;;;;;;;;;;;;;;
2;PLS-DA;610;B3_BR16_IRRIG_REPROD00002.asd;B3;BR16;IRRIG;D05M;manha;D05;IRRIG;IRRIG;0.32795833814280073;True;;;;;;;;;;;;;;;;;;;;;;;;;;;;;;;;;;;;;0.33767514726028064;0.2264983000869381;0.2938432498501088;0.2376549452030192;0.34323337174751045;;;;;;;;;;;;;;;;;;;;;;;;;;;;;;;;;;;;;;;;;;;;
2;PLS-DA;611;B3_BR16_IRRIG_REPROD00003.asd;B3;BR16;IRRIG;D05M;manha;D05;IRRIG;IRRIG;0.32803936074918205;True;;;;;;;;;;;;;;;;;;;;;;;;;;;;;;;;;;;;;0.3389235492611609;0.22801341999352834;0.2943636504657528;0.23813917038905716;0.34363202454116054;;;;;;;;;;;;;;;;;;;;;;;;;;;;;;;;;;;;;;;;;;;;
2;PLS-DA;612;B3_BR16_IRRIG_REPROD00004.asd;B3;BR16;IRRIG;D05M;manha;D05;IRRIG;IRRIG;0.3257743153792405;True;;;;;;;;;;;;;;;;;;;;;;;;;;;;;;;;;;;;;0.32872378163396965;0.19468501966879664;0.28768867122345365;0.21836591019145282;0.3484898147224059;;;;;;;;;;;;;;;;;;;;;;;;;;;;;;;;;;;;;;;;;;;;
2;PLS-DA;613;B3_BR16_IRRIG_REPROD00005.asd;B3;BR16;IRRIG;D05M;manha;D05;IRRIG;IRRIG;0.31768061981498186;True;;;;;;;;;;;;;;;;;;;;;;;;;;;;;;;;;;;;;0.3277047236459335;0.19355432317572235;0.28522689254146966;0.21586494371117873;0.3456448844588727;;;;;;;;;;;;;;;;;;;;;;;;;;;;;;;;;;;;;;;;;;;;
2;PLS-DA;614;B3_BR16_IRRIG_REPROD00006.asd;B3;BR16;IRRIG;D05M;manha;D05;IRRIG;IRRIG;0.3189846244356961;True;;;;;;;;;;;;;;;;;;;;;;;;;;;;;;;;;;;;;0.3256885842950218;0.19152511255653884;0.2848953021375572;0.21570587874366448;0.34524398271574874;;;;;;;;;;;;;;;;;;;;;;;;;;;;;;;;;;;;;;;;;;;;
2;PLS-DA;615;B3_BR16_IRRIG_REPROD00007.asd;B3;BR16;IRRIG;D05M;manha;D05;IRRIG;IRRIG;0.32606222011107683;True;;;;;;;;;;;;;;;;;;;;;;;;;;;;;;;;;;;;;0.32397697310784995;0.1896165464436823;0.2862619197302326;0.21711718818471348;0.34662601165808776;;;;;;;;;;;;;;;;;;;;;;;;;;;;;;;;;;;;;;;;;;;;
2;PLS-DA;616;B3_BR16_NIRRIG_REPROD00000.asd;B3;BR16;NIRRIG;D05M;manha;D05;NIRRIG;NIRRIG;0.654964973590605;True;;;;;;;;;;;;;;;;;;;;;;;;;;;;;;;;;;;;;0.4258924142736051;0.3224334189340706;0.4071884309161191;0.3549417439390207;0.4520690051736273;;;;;;;;;;;;;;;;;;;;;;;;;;;;;;;;;;;;;;;;;;;;
2;PLS-DA;617;B3_BR16_NIRRIG_REPROD00001.asd;B3;BR16;NIRRIG;D05M;manha;D05;NIRRIG;NIRRIG;0.6655373832380379;True;;;;;;;;;;;;;;;;;;;;;;;;;;;;;;;;;;;;;0.42917079034164984;0.32648904588531336;0.411220844075838;0.3594420409210403;0.45574173468088314;;;;;;;;;;;;;;;;;;;;;;;;;;;;;;;;;;;;;;;;;;;;
2;PLS-DA;618;B3_BR16_NIRRIG_REPROD00002.asd;B3;BR16;NIRRIG;D05M;manha;D05;NIRRIG;NIRRIG;0.6782503876537115;True;;;;;;;;;;;;;;;;;;;;;;;;;;;;;;;;;;;;;0.429990894335331;0.3285815348167066;0.4153211472665211;0.36372737482575396;0.45920273401803424;;;;;;;;;;;;;;;;;;;;;;;;;;;;;;;;;;;;;;;;;;;;
2;PLS-DA;619;B3_BR16_NIRRIG_REPROD00003.asd;B3;BR16;NIRRIG;D05M;manha;D05;NIRRIG;NIRRIG;0.6768900693320463;True;;;;;;;;;;;;;;;;;;;;;;;;;;;;;;;;;;;;;0.4278617438211332;0.3267559192374973;0.4141507218216277;0.3633178953551799;0.4577130039552873;;;;;;;;;;;;;;;;;;;;;;;;;;;;;;;;;;;;;;;;;;;;
2;PLS-DA;620;B3_BR16_NIRRIG_REPROD00004.asd;B3;BR16;NIRRIG;D05M;manha;D05;NIRRIG;NIRRIG;0.6232238574600905;True;;;;;;;;;;;;;;;;;;;;;;;;;;;;;;;;;;;;;0.36909314800210546;0.25710556803547374;0.37902625158725417;0.3266848693000878;0.42398384005587186;;;;;;;;;;;;;;;;;;;;;;;;;;;;;;;;;;;;;;;;;;;;
2;PLS-DA;621;B3_BR16_NIRRIG_REPROD00005.asd;B3;BR16;NIRRIG;D05M;manha;D05;NIRRIG;NIRRIG;0.6307645365419433;True;;;;;;;;;;;;;;;;;;;;;;;;;;;;;;;;;;;;;0.37246892949789845;0.26159216959849324;0.3823209882681956;0.33034588527187364;0.42672265810506277;;;;;;;;;;;;;;;;;;;;;;;;;;;;;;;;;;;;;;;;;;;;
2;PLS-DA;622;B3_BR16_NIRRIG_REPROD00006.asd;B3;BR16;NIRRIG;D05M;manha;D05;NIRRIG;NIRRIG;0.6346520793581846;True;;;;;;;;;;;;;;;;;;;;;;;;;;;;;;;;;;;;;0.3777306526422443;0.2682537596562167;0.38513405562398956;0.3334752036940144;0.42955757115856197;;;;;;;;;;;;;;;;;;;;;;;;;;;;;;;;;;;;;;;;;;;;
2;PLS-DA;623;B3_BR16_NIRRIG_REPROD00007.asd;B3;BR16;NIRRIG;D05M;manha;D05;NIRRIG;NIRRIG;0.6330739772844237;True;;;;;;;;;;;;;;;;;;;;;;;;;;;;;;;;;;;;;0.3827968264199967;0.2749930700266843;0.3866012485866871;0.3357035211727745;0.430325167637318;;;;;;;;;;;;;;;;;;;;;;;;;;;;;;;;;;;;;;;;;;;;
2;RandomForest;608;B3_BR16_IRRIG_REPROD00000.asd;B3;BR16;IRRIG;D05M;manha;D05;IRRIG;IRRIG;0.0;True;;;;;;;;;;;;;;;;;;;;;;;;;;;;;;;;;;;;;0.34089294252892227;0.2288868043133391;0.3054843593087926;0.24876202338022238;0.3553904682118258;;;;;;;;;;;;;;;;;;;;;;;;;;;;;;;;;;;;;;;;;;;;
2;RandomForest;609;B3_BR16_IRRIG_REPROD00001.asd;B3;BR16;IRRIG;D05M;manha;D05;IRRIG;IRRIG;0.0;True;;;;;;;;;;;;;;;;;;;;;;;;;;;;;;;;;;;;;0.33846097488426535;0.22696395060868813;0.29679143992546836;0.24036288989014573;0.3464989339525956;;;;;;;;;;;;;;;;;;;;;;;;;;;;;;;;;;;;;;;;;;;;
2;RandomForest;610;B3_BR16_IRRIG_REPROD00002.asd;B3;BR16;IRRIG;D05M;manha;D05;IRRIG;IRRIG;0.0;True;;;;;;;;;;;;;;;;;;;;;;;;;;;;;;;;;;;;;0.33767514726028064;0.2264983000869381;0.2938432498501088;0.2376549452030192;0.34323337174751045;;;;;;;;;;;;;;;;;;;;;;;;;;;;;;;;;;;;;;;;;;;;
2;RandomForest;611;B3_BR16_IRRIG_REPROD00003.asd;B3;BR16;IRRIG;D05M;manha;D05;IRRIG;IRRIG;0.0;True;;;;;;;;;;;;;;;;;;;;;;;;;;;;;;;;;;;;;0.3389235492611609;0.22801341999352834;0.2943636504657528;0.23813917038905716;0.34363202454116054;;;;;;;;;;;;;;;;;;;;;;;;;;;;;;;;;;;;;;;;;;;;
2;RandomForest;612;B3_BR16_IRRIG_REPROD00004.asd;B3;BR16;IRRIG;D05M;manha;D05;IRRIG;IRRIG;0.0;True;;;;;;;;;;;;;;;;;;;;;;;;;;;;;;;;;;;;;0.32872378163396965;0.19468501966879664;0.28768867122345365;0.21836591019145282;0.3484898147224059;;;;;;;;;;;;;;;;;;;;;;;;;;;;;;;;;;;;;;;;;;;;
2;RandomForest;613;B3_BR16_IRRIG_REPROD00005.asd;B3;BR16;IRRIG;D05M;manha;D05;IRRIG;IRRIG;0.0;True;;;;;;;;;;;;;;;;;;;;;;;;;;;;;;;;;;;;;0.3277047236459335;0.19355432317572235;0.28522689254146966;0.21586494371117873;0.3456448844588727;;;;;;;;;;;;;;;;;;;;;;;;;;;;;;;;;;;;;;;;;;;;
2;RandomForest;614;B3_BR16_IRRIG_REPROD00006.asd;B3;BR16;IRRIG;D05M;manha;D05;IRRIG;IRRIG;0.0;True;;;;;;;;;;;;;;;;;;;;;;;;;;;;;;;;;;;;;0.3256885842950218;0.19152511255653884;0.2848953021375572;0.21570587874366448;0.34524398271574874;;;;;;;;;;;;;;;;;;;;;;;;;;;;;;;;;;;;;;;;;;;;
2;RandomForest;615;B3_BR16_IRRIG_REPROD00007.asd;B3;BR16;IRRIG;D05M;manha;D05;IRRIG;IRRIG;0.0;True;;;;;;;;;;;;;;;;;;;;;;;;;;;;;;;;;;;;;0.32397697310784995;0.1896165464436823;0.2862619197302326;0.21711718818471348;0.34662601165808776;;;;;;;;;;;;;;;;;;;;;;;;;;;;;;;;;;;;;;;;;;;;
2;RandomForest;616;B3_BR16_NIRRIG_REPROD00000.asd;B3;BR16;NIRRIG;D05M;manha;D05;NIRRIG;NIRRIG;1.0;True;;;;;;;;;;;;;;;;;;;;;;;;;;;;;;;;;;;;;0.4258924142736051;0.3224334189340706;0.4071884309161191;0.3549417439390207;0.4520690051736273;;;;;;;;;;;;;;;;;;;;;;;;;;;;;;;;;;;;;;;;;;;;
2;RandomForest;617;B3_BR16_NIRRIG_REPROD00001.asd;B3;BR16;NIRRIG;D05M;manha;D05;NIRRIG;NIRRIG;1.0;True;;;;;;;;;;;;;;;;;;;;;;;;;;;;;;;;;;;;;0.42917079034164984;0.32648904588531336;0.411220844075838;0.3594420409210403;0.45574173468088314;;;;;;;;;;;;;;;;;;;;;;;;;;;;;;;;;;;;;;;;;;;;
2;RandomForest;618;B3_BR16_NIRRIG_REPROD00002.asd;B3;BR16;NIRRIG;D05M;manha;D05;NIRRIG;NIRRIG;1.0;True;;;;;;;;;;;;;;;;;;;;;;;;;;;;;;;;;;;;;0.429990894335331;0.3285815348167066;0.4153211472665211;0.36372737482575396;0.45920273401803424;;;;;;;;;;;;;;;;;;;;;;;;;;;;;;;;;;;;;;;;;;;;
2;RandomForest;619;B3_BR16_NIRRIG_REPROD00003.asd;B3;BR16;NIRRIG;D05M;manha;D05;NIRRIG;NIRRIG;1.0;True;;;;;;;;;;;;;;;;;;;;;;;;;;;;;;;;;;;;;0.4278617438211332;0.3267559192374973;0.4141507218216277;0.3633178953551799;0.4577130039552873;;;;;;;;;;;;;;;;;;;;;;;;;;;;;;;;;;;;;;;;;;;;
2;RandomForest;620;B3_BR16_NIRRIG_REPROD00004.asd;B3;BR16;NIRRIG;D05M;manha;D05;NIRRIG;NIRRIG;0.988;True;;;;;;;;;;;;;;;;;;;;;;;;;;;;;;;;;;;;;0.36909314800210546;0.25710556803547374;0.37902625158725417;0.3266848693000878;0.42398384005587186;;;;;;;;;;;;;;;;;;;;;;;;;;;;;;;;;;;;;;;;;;;;
2;RandomForest;621;B3_BR16_NIRRIG_REPROD00005.asd;B3;BR16;NIRRIG;D05M;manha;D05;NIRRIG;NIRRIG;0.988;True;;;;;;;;;;;;;;;;;;;;;;;;;;;;;;;;;;;;;0.37246892949789845;0.26159216959849324;0.3823209882681956;0.33034588527187364;0.42672265810506277;;;;;;;;;;;;;;;;;;;;;;;;;;;;;;;;;;;;;;;;;;;;
2;RandomForest;622;B3_BR16_NIRRIG_REPROD00006.asd;B3;BR16;NIRRIG;D05M;manha;D05;NIRRIG;NIRRIG;0.99;True;;;;;;;;;;;;;;;;;;;;;;;;;;;;;;;;;;;;;0.3777306526422443;0.2682537596562167;0.38513405562398956;0.3334752036940144;0.42955757115856197;;;;;;;;;;;;;;;;;;;;;;;;;;;;;;;;;;;;;;;;;;;;
2;RandomForest;623;B3_BR16_NIRRIG_REPROD00007.asd;B3;BR16;NIRRIG;D05M;manha;D05;NIRRIG;NIRRIG;1.0;True;;;;;;;;;;;;;;;;;;;;;;;;;;;;;;;;;;;;;0.3827968264199967;0.2749930700266843;0.3866012485866871;0.3357035211727745;0.430325167637318;;;;;;;;;;;;;;;;;;;;;;;;;;;;;;;;;;;;;;;;;;;;
3;PLS-DA;592;B2_BR16_IRRIG_REPROD00000.asd;B2;BR16;IRRIG;D05M;manha;D05;IRRIG;IRRIG;0.34516250584028474;True;;;;;;;;;;;;;;;;;;;;;;;;;;;;;;;;;;;;;0.33775235340278953;0.21947832433060993;0.2933335080100237;0.23414036396542628;0.34555635225083053;;;;;;;;;;;;;;;;;;;;;;;;;;;;;;;;;;;;;;;;;;;;
3;PLS-DA;593;B2_BR16_IRRIG_REPROD00001.asd;B2;BR16;IRRIG;D05M;manha;D05;IRRIG;IRRIG;0.34549315352476684;True;;;;;;;;;;;;;;;;;;;;;;;;;;;;;;;;;;;;;0.33503409936146905;0.2170497182669617;0.2924324851648976;0.2333133859040091;0.3445278382438579;;;;;;;;;;;;;;;;;;;;;;;;;;;;;;;;;;;;;;;;;;;;
3;PLS-DA;594;B2_BR16_IRRIG_REPROD00002.asd;B2;BR16;IRRIG;D05M;manha;D05;IRRIG;IRRIG;0.33745075052639656;True;;;;;;;;;;;;;;;;;;;;;;;;;;;;;;;;;;;;;0.3270548818294321;0.2097684048762506;0.287033839338281;0.2282235474206716;0.33896845268841613;;;;;;;;;;;;;;;;;;;;;;;;;;;;;;;;;;;;;;;;;;;;
3;PLS-DA;595;B2_BR16_IRRIG_REPROD00003.asd;B2;BR16;IRRIG;D05M;manha;D05;IRRIG;IRRIG;0.33159311938558356;True;;;;;;;;;;;;;;;;;;;;;;;;;;;;;;;;;;;;;0.32616613067627465;0.20965893843719074;0.2850139097105192;0.22654835119525468;0.3368465774205358;;;;;;;;;;;;;;;;;;;;;;;;;;;;;;;;;;;;;;;;;;;;
3;PLS-DA;596;B2_BR16_IRRIG_REPROD00004.asd;B2;BR16;IRRIG;D05M;manha;D05;IRRIG;IRRIG;0.43340137506441;True;;;;;;;;;;;;;;;;;;;;;;;;;;;;;;;;;;;;;0.36881817143700263;0.24720481910491116;0.3294386659810482;0.26669460670568745;0.3843914865841018;;;;;;;;;;;;;;;;;;;;;;;;;;;;;;;;;;;;;;;;;;;;
3;PLS-DA;597;B2_BR16_IRRIG_REPROD00005.asd;B2;BR16;IRRIG;D05M;manha;D05;IRRIG;IRRIG;0.43142558736568953;True;;;;;;;;;;;;;;;;;;;;;;;;;;;;;;;;;;;;;0.3684527103877736;0.24641239245081373;0.3287187778547919;0.266154571741523;0.3834920645727379;;;;;;;;;;;;;;;;;;;;;;;;;;;;;;;;;;;;;;;;;;;;
3;PLS-DA;598;B2_BR16_IRRIG_REPROD00006.asd;B2;BR16;IRRIG;D05M;manha;D05;IRRIG;IRRIG;0.4314067091221099;True;;;;;;;;;;;;;;;;;;;;;;;;;;;;;;;;;;;;;0.3693450952828651;0.24836612514470152;0.3292454074533451;0.2663754662436441;0.384194217256721;;;;;;;;;;;;;;;;;;;;;;;;;;;;;;;;;;;;;;;;;;;;
3;PLS-DA;599;B2_BR16_IRRIG_REPROD00007.asd;B2;BR16;IRRIG;D05M;manha;D05;IRRIG;IRRIG;0.4347106616976423;True;;;;;;;;;;;;;;;;;;;;;;;;;;;;;;;;;;;;;0.369289185044865;0.24814933126437713;0.3300905603224437;0.26726951321161785;0.38497604539193825;;;;;;;;;;;;;;;;;;;;;;;;;;;;;;;;;;;;;;;;;;;;
3;PLS-DA;600;B2_BR16_NIRRIG_REPROD00000.asd;B2;BR16;NIRRIG;D05M;manha;D05;NIRRIG;NIRRIG;0.6072829781155146;True;;;;;;;;;;;;;;;;;;;;;;;;;;;;;;;;;;;;;0.403950109353367;0.299739160489606;0.39247305624239365;0.3420306690314947;0.43624535073225695;;;;;;;;;;;;;;;;;;;;;;;;;;;;;;;;;;;;;;;;;;;;
3;PLS-DA;601;B2_BR16_NIRRIG_REPROD00001.asd;B2;BR16;NIRRIG;D05M;manha;D05;NIRRIG;NIRRIG;0.6016186290125993;True;;;;;;;;;;;;;;;;;;;;;;;;;;;;;;;;;;;;;0.4008236392171772;0.29668528484525636;0.38965389817890794;0.33949012688705993;0.4333462510638613;;;;;;;;;;;;;;;;;;;;;;;;;;;;;;;;;;;;;;;;;;;;
3;PLS-DA;602;B2_BR16_NIRRIG_REPROD00002.asd;B2;BR16;NIRRIG;D05M;manha;D05;NIRRIG;NIRRIG;0.6080431026054974;True;;;;;;;;;;;;;;;;;;;;;;;;;;;;;;;;;;;;;0.40031558321392896;0.2965519963166063;0.39119267306323047;0.3414383279216508;0.4347738942302709;;;;;;;;;;;;;;;;;;;;;;;;;;;;;;;;;;;;;;;;;;;;
3;PLS-DA;603;B2_BR16_NIRRIG_REPROD00003.asd;B2;BR16;NIRRIG;D05M;manha;D05;NIRRIG;NIRRIG;0.6109696912450912;True;;;;;;;;;;;;;;;;;;;;;;;;;;;;;;;;;;;;;0.40156566653764464;0.2984434533619269;0.39278818310679064;0.34294935600240356;0.4358878441488291;;;;;;;;;;;;;;;;;;;;;;;;;;;;;;;;;;;;;;;;;;;;
3;PLS-DA;604;B2_BR16_NIRRIG_REPROD00004.asd;B2;BR16;NIRRIG;D05M;manha;D05;NIRRIG;NIRRIG;0.53752821600217;True;;;;;;;;;;;;;;;;;;;;;;;;;;;;;;;;;;;;;0.3795391789861512;0.2673182343301557;0.3626126540315917;0.30822452371658804;0.4105482907826393;;;;;;;;;;;;;;;;;;;;;;;;;;;;;;;;;;;;;;;;;;;;
3;PLS-DA;605;B2_BR16_NIRRIG_REPROD00005.asd;B2;BR16;NIRRIG;D05M;manha;D05;NIRRIG;NIRRIG;0.5621689341178554;True;;;;;;;;;;;;;;;;;;;;;;;;;;;;;;;;;;;;;0.38564862713937564;0.2737804802948647;0.3714476605671079;0.31725322207003565;0.4195961498056025;;;;;;;;;;;;;;;;;;;;;;;;;;;;;;;;;;;;;;;;;;;;
3;PLS-DA;606;B2_BR16_NIRRIG_REPROD00006.asd;B2;BR16;NIRRIG;D05M;manha;D05;NIRRIG;NIRRIG;0.5717437006022033;True;;;;;;;;;;;;;;;;;;;;;;;;;;;;;;;;;;;;;0.38668960262310065;0.2752192614580361;0.3748385768364459;0.32020184864093476;0.42234775925403134;;;;;;;;;;;;;;;;;;;;;;;;;;;;;;;;;;;;;;;;;;;;
3;PLS-DA;607;B2_BR16_NIRRIG_REPROD00007.asd;B2;BR16;NIRRIG;D05M;manha;D05;NIRRIG;NIRRIG;0.5628359337578512;True;;;;;;;;;;;;;;;;;;;;;;;;;;;;;;;;;;;;;0.38391737861397685;0.27394712778364344;0.37157370511281246;0.3175264988373572;0.41868094324046895;;;;;;;;;;;;;;;;;;;;;;;;;;;;;;;;;;;;;;;;;;;;
3;RandomForest;592;B2_BR16_IRRIG_REPROD00000.asd;B2;BR16;IRRIG;D05M;manha;D05;IRRIG;IRRIG;0.002;True;;;;;;;;;;;;;;;;;;;;;;;;;;;;;;;;;;;;;0.33775235340278953;0.21947832433060993;0.2933335080100237;0.23414036396542628;0.34555635225083053;;;;;;;;;;;;;;;;;;;;;;;;;;;;;;;;;;;;;;;;;;;;
3;RandomForest;593;B2_BR16_IRRIG_REPROD00001.asd;B2;BR16;IRRIG;D05M;manha;D05;IRRIG;IRRIG;0.002;True;;;;;;;;;;;;;;;;;;;;;;;;;;;;;;;;;;;;;0.33503409936146905;0.2170497182669617;0.2924324851648976;0.2333133859040091;0.3445278382438579;;;;;;;;;;;;;;;;;;;;;;;;;;;;;;;;;;;;;;;;;;;;
3;RandomForest;594;B2_BR16_IRRIG_REPROD00002.asd;B2;BR16;IRRIG;D05M;manha;D05;IRRIG;IRRIG;0.002;True;;;;;;;;;;;;;;;;;;;;;;;;;;;;;;;;;;;;;0.3270548818294321;0.2097684048762506;0.287033839338281;0.2282235474206716;0.33896845268841613;;;;;;;;;;;;;;;;;;;;;;;;;;;;;;;;;;;;;;;;;;;;
3;RandomForest;595;B2_BR16_IRRIG_REPROD00003.asd;B2;BR16;IRRIG;D05M;manha;D05;IRRIG;IRRIG;0.002;True;;;;;;;;;;;;;;;;;;;;;;;;;;;;;;;;;;;;;0.32616613067627465;0.20965893843719074;0.2850139097105192;0.22654835119525468;0.3368465774205358;;;;;;;;;;;;;;;;;;;;;;;;;;;;;;;;;;;;;;;;;;;;
3;RandomForest;596;B2_BR16_IRRIG_REPROD00004.asd;B2;BR16;IRRIG;D05M;manha;D05;IRRIG;IRRIG;0.0;True;;;;;;;;;;;;;;;;;;;;;;;;;;;;;;;;;;;;;0.36881817143700263;0.24720481910491116;0.3294386659810482;0.26669460670568745;0.3843914865841018;;;;;;;;;;;;;;;;;;;;;;;;;;;;;;;;;;;;;;;;;;;;
3;RandomForest;597;B2_BR16_IRRIG_REPROD00005.asd;B2;BR16;IRRIG;D05M;manha;D05;IRRIG;IRRIG;0.0;True;;;;;;;;;;;;;;;;;;;;;;;;;;;;;;;;;;;;;0.3684527103877736;0.24641239245081373;0.3287187778547919;0.266154571741523;0.3834920645727379;;;;;;;;;;;;;;;;;;;;;;;;;;;;;;;;;;;;;;;;;;;;
3;RandomForest;598;B2_BR16_IRRIG_REPROD00006.asd;B2;BR16;IRRIG;D05M;manha;D05;IRRIG;IRRIG;0.0;True;;;;;;;;;;;;;;;;;;;;;;;;;;;;;;;;;;;;;0.3693450952828651;0.24836612514470152;0.3292454074533451;0.2663754662436441;0.384194217256721;;;;;;;;;;;;;;;;;;;;;;;;;;;;;;;;;;;;;;;;;;;;
3;RandomForest;599;B2_BR16_IRRIG_REPROD00007.asd;B2;BR16;IRRIG;D05M;manha;D05;IRRIG;IRRIG;0.0;True;;;;;;;;;;;;;;;;;;;;;;;;;;;;;;;;;;;;;0.369289185044865;0.24814933126437713;0.3300905603224437;0.26726951321161785;0.38497604539193825;;;;;;;;;;;;;;;;;;;;;;;;;;;;;;;;;;;;;;;;;;;;
3;RandomForest;600;B2_BR16_NIRRIG_REPROD00000.asd;B2;BR16;NIRRIG;D05M;manha;D05;NIRRIG;NIRRIG;1.0;True;;;;;;;;;;;;;;;;;;;;;;;;;;;;;;;;;;;;;0.403950109353367;0.299739160489606;0.39247305624239365;0.3420306690314947;0.43624535073225695;;;;;;;;;;;;;;;;;;;;;;;;;;;;;;;;;;;;;;;;;;;;
3;RandomForest;601;B2_BR16_NIRRIG_REPROD00001.asd;B2;BR16;NIRRIG;D05M;manha;D05;NIRRIG;NIRRIG;1.0;True;;;;;;;;;;;;;;;;;;;;;;;;;;;;;;;;;;;;;0.4008236392171772;0.29668528484525636;0.38965389817890794;0.33949012688705993;0.4333462510638613;;;;;;;;;;;;;;;;;;;;;;;;;;;;;;;;;;;;;;;;;;;;
3;RandomForest;602;B2_BR16_NIRRIG_REPROD00002.asd;B2;BR16;NIRRIG;D05M;manha;D05;NIRRIG;NIRRIG;1.0;True;;;;;;;;;;;;;;;;;;;;;;;;;;;;;;;;;;;;;0.40031558321392896;0.2965519963166063;0.39119267306323047;0.3414383279216508;0.4347738942302709;;;;;;;;;;;;;;;;;;;;;;;;;;;;;;;;;;;;;;;;;;;;
3;RandomForest;603;B2_BR16_NIRRIG_REPROD00003.asd;B2;BR16;NIRRIG;D05M;manha;D05;NIRRIG;NIRRIG;1.0;True;;;;;;;;;;;;;;;;;;;;;;;;;;;;;;;;;;;;;0.40156566653764464;0.2984434533619269;0.39278818310679064;0.34294935600240356;0.4358878441488291;;;;;;;;;;;;;;;;;;;;;;;;;;;;;;;;;;;;;;;;;;;;
3;RandomForest;604;B2_BR16_NIRRIG_REPROD00004.asd;B2;BR16;NIRRIG;D05M;manha;D05;NIRRIG;NIRRIG;0.998;True;;;;;;;;;;;;;;;;;;;;;;;;;;;;;;;;;;;;;0.3795391789861512;0.2673182343301557;0.3626126540315917;0.30822452371658804;0.4105482907826393;;;;;;;;;;;;;;;;;;;;;;;;;;;;;;;;;;;;;;;;;;;;
3;RandomForest;605;B2_BR16_NIRRIG_REPROD00005.asd;B2;BR16;NIRRIG;D05M;manha;D05;NIRRIG;NIRRIG;1.0;True;;;;;;;;;;;;;;;;;;;;;;;;;;;;;;;;;;;;;0.38564862713937564;0.2737804802948647;0.3714476605671079;0.31725322207003565;0.4195961498056025;;;;;;;;;;;;;;;;;;;;;;;;;;;;;;;;;;;;;;;;;;;;
3;RandomForest;606;B2_BR16_NIRRIG_REPROD00006.asd;B2;BR16;NIRRIG;D05M;manha;D05;NIRRIG;NIRRIG;1.0;True;;;;;;;;;;;;;;;;;;;;;;;;;;;;;;;;;;;;;0.38668960262310065;0.2752192614580361;0.3748385768364459;0.32020184864093476;0.42234775925403134;;;;;;;;;;;;;;;;;;;;;;;;;;;;;;;;;;;;;;;;;;;;
3;RandomForest;607;B2_BR16_NIRRIG_REPROD00007.asd;B2;BR16;NIRRIG;D05M;manha;D05;NIRRIG;NIRRIG;1.0;True;;;;;;;;;;;;;;;;;;;;;;;;;;;;;;;;;;;;;0.38391737861397685;0.27394712778364344;0.37157370511281246;0.3175264988373572;0.41868094324046895;;;;;;;;;;;;;;;;;;;;;;;;;;;;;;;;;;;;;;;;;;;;
4;PLS-DA;576;B1_BR16_IRRIG_REPROD00000.asd;B1;BR16;IRRIG;D05M;manha;D05;IRRIG;IRRIG;0.4204907493929682;True;;;;;;;;;;;;;;;;;;;;;;;;;;;;;;;;;;;;;0.34189436116688626;0.2313899850961159;0.3136130193548391;0.2519324980624751;0.3673896978090644;;;;;;;;;;;;;;;;;;;;;;;;;;;;;;;;;;;;;;;;;;;;
4;PLS-DA;577;B1_BR16_IRRIG_REPROD00001.asd;B1;BR16;IRRIG;D05M;manha;D05;IRRIG;IRRIG;0.42054237649457304;True;;;;;;;;;;;;;;;;;;;;;;;;;;;;;;;;;;;;;0.3392212814319972;0.22905774163954995;0.31245074714419685;0.2508849557077441;0.3658663650338891;;;;;;;;;;;;;;;;;;;;;;;;;;;;;;;;;;;;;;;;;;;;
4;PLS-DA;578;B1_BR16_IRRIG_REPROD00002.asd;B1;BR16;IRRIG;D05M;manha;D05;IRRIG;IRRIG;0.412813134912189;True;;;;;;;;;;;;;;;;;;;;;;;;;;;;;;;;;;;;;0.3391089504131522;0.22859090710797222;0.31038504382688664;0.24875349881727868;0.3637345785862827;;;;;;;;;;;;;;;;;;;;;;;;;;;;;;;;;;;;;;;;;;;;
4;PLS-DA;579;B1_BR16_IRRIG_REPROD00003.asd;B1;BR16;IRRIG;D05M;manha;D05;IRRIG;IRRIG;0.411598160375974;True;;;;;;;;;;;;;;;;;;;;;;;;;;;;;;;;;;;;;0.3386934446690243;0.22864110512876543;0.30968106855138183;0.24838970610643943;0.36339316553608547;;;;;;;;;;;;;;;;;;;;;;;;;;;;;;;;;;;;;;;;;;;;
4;PLS-DA;580;B1_BR16_IRRIG_REPROD00004.asd;B1;BR16;IRRIG;D05M;manha;D05;IRRIG;IRRIG;0.39646697632064587;True;;;;;;;;;;;;;;;;;;;;;;;;;;;;;;;;;;;;;0.3487306950690973;0.2316624937308755;0.31012791732540634;0.245700305087499;0.3668447948201654;;;;;;;;;;;;;;;;;;;;;;;;;;;;;;;;;;;;;;;;;;;;
4;PLS-DA;581;B1_BR16_IRRIG_REPROD00005.asd;B1;BR16;IRRIG;D05M;manha;D05;IRRIG;IRRIG;0.39424366320594634;True;;;;;;;;;;;;;;;;;;;;;;;;;;;;;;;;;;;;;0.34087972934097693;0.2239063735369947;0.30592065488131254;0.2413598382078764;0.36248613528795803;;;;;;;;;;;;;;;;;;;;;;;;;;;;;;;;;;;;;;;;;;;;
4;PLS-DA;582;B1_BR16_IRRIG_REPROD00006.asd;B1;BR16;IRRIG;D05M;manha;D05;IRRIG;IRRIG;0.39189177649810303;True;;;;;;;;;;;;;;;;;;;;;;;;;;;;;;;;;;;;;0.3390641742888583;0.22136418446863307;0.304373509201779;0.23975064600445103;0.3610009348695354;;;;;;;;;;;;;;;;;;;;;;;;;;;;;;;;;;;;;;;;;;;;
4;PLS-DA;583;B1_BR16_IRRIG_REPROD00007.asd;B1;BR16;IRRIG;D05M;manha;D05;IRRIG;IRRIG;0.38602373977832455;True;;;;;;;;;;;;;;;;;;;;;;;;;;;;;;;;;;;;;0.33500210589396995;0.21780251448461788;0.3008594275708504;0.23619528493170838;0.35777289442787913;;;;;;;;;;;;;;;;;;;;;;;;;;;;;;;;;;;;;;;;;;;;
4;PLS-DA;584;B1_BR16_NIRRIG_REPROD00000.asd;B1;BR16;NIRRIG;D05M;manha;D05;NIRRIG;NIRRIG;0.6241497071986394;True;;;;;;;;;;;;;;;;;;;;;;;;;;;;;;;;;;;;;0.3357220484187773;0.22100368266653128;0.3626962028558865;0.3036903778292989;0.4139688402959382;;;;;;;;;;;;;;;;;;;;;;;;;;;;;;;;;;;;;;;;;;;;
4;PLS-DA;585;B1_BR16_NIRRIG_REPROD00001.asd;B1;BR16;NIRRIG;D05M;manha;D05;NIRRIG;NIRRIG;0.6209220072648567;True;;;;;;;;;;;;;;;;;;;;;;;;;;;;;;;;;;;;;0.330784472619798;0.2163068004101663;0.3594600709019765;0.3007874953652884;0.4104522748481353;;;;;;;;;;;;;;;;;;;;;;;;;;;;;;;;;;;;;;;;;;;;
4;PLS-DA;586;B1_BR16_NIRRIG_REPROD00002.asd;B1;BR16;NIRRIG;D05M;manha;D05;NIRRIG;NIRRIG;0.6291162327109195;True;;;;;;;;;;;;;;;;;;;;;;;;;;;;;;;;;;;;;0.3340348333484943;0.22020360527208038;0.36330364204371257;0.30471309092255794;0.41411237050812316;;;;;;;;;;;;;;;;;;;;;;;;;;;;;;;;;;;;;;;;;;;;
4;PLS-DA;587;B1_BR16_NIRRIG_REPROD00003.asd;B1;BR16;NIRRIG;D05M;manha;D05;NIRRIG;NIRRIG;0.6401634737534716;True;;;;;;;;;;;;;;;;;;;;;;;;;;;;;;;;;;;;;0.33816483251871177;0.22488719590977546;0.36828684672525547;0.3100185950446728;0.41885890809221443;;;;;;;;;;;;;;;;;;;;;;;;;;;;;;;;;;;;;;;;;;;;
4;PLS-DA;588;B1_BR16_NIRRIG_REPROD00004.asd;B1;BR16;NIRRIG;D05M;manha;D05;NIRRIG;NIRRIG;0.6406117535694797;True;;;;;;;;;;;;;;;;;;;;;;;;;;;;;;;;;;;;;0.3351859847876096;0.21455160210519084;0.3666177320823141;0.30552758397863905;0.4199375844015527;;;;;;;;;;;;;;;;;;;;;;;;;;;;;;;;;;;;;;;;;;;;
4;PLS-DA;589;B1_BR16_NIRRIG_REPROD00005.asd;B1;BR16;NIRRIG;D05M;manha;D05;NIRRIG;NIRRIG;0.6431617145583922;True;;;;;;;;;;;;;;;;;;;;;;;;;;;;;;;;;;;;;0.33618569260653547;0.21573791090398012;0.3677239290499505;0.3069296644801595;0.42096798239220806;;;;;;;;;;;;;;;;;;;;;;;;;;;;;;;;;;;;;;;;;;;;
4;PLS-DA;590;B1_BR16_NIRRIG_REPROD00006.asd;B1;BR16;NIRRIG;D05M;manha;D05;NIRRIG;NIRRIG;0.6451830121776757;True;;;;;;;;;;;;;;;;;;;;;;;;;;;;;;;;;;;;;0.33818682777442344;0.21908653160592012;0.3693525137152372;0.308583704178991;0.4225717556743118;;;;;;;;;;;;;;;;;;;;;;;;;;;;;;;;;;;;;;;;;;;;
4;PLS-DA;591;B1_BR16_NIRRIG_REPROD00007.asd;B1;BR16;NIRRIG;D05M;manha;D05;NIRRIG;NIRRIG;0.6468382179899922;True;;;;;;;;;;;;;;;;;;;;;;;;;;;;;;;;;;;;;0.33869455502941487;0.2207318286263509;0.3700748971732798;0.3097847329207566;0.42294660081003954;;;;;;;;;;;;;;;;;;;;;;;;;;;;;;;;;;;;;;;;;;;;
4;RandomForest;576;B1_BR16_IRRIG_REPROD00000.asd;B1;BR16;IRRIG;D05M;manha;D05;IRRIG;IRRIG;0.0;True;;;;;;;;;;;;;;;;;;;;;;;;;;;;;;;;;;;;;0.34189436116688626;0.2313899850961159;0.3136130193548391;0.2519324980624751;0.3673896978090644;;;;;;;;;;;;;;;;;;;;;;;;;;;;;;;;;;;;;;;;;;;;
4;RandomForest;577;B1_BR16_IRRIG_REPROD00001.asd;B1;BR16;IRRIG;D05M;manha;D05;IRRIG;IRRIG;0.0;True;;;;;;;;;;;;;;;;;;;;;;;;;;;;;;;;;;;;;0.3392212814319972;0.22905774163954995;0.31245074714419685;0.2508849557077441;0.3658663650338891;;;;;;;;;;;;;;;;;;;;;;;;;;;;;;;;;;;;;;;;;;;;
4;RandomForest;578;B1_BR16_IRRIG_REPROD00002.asd;B1;BR16;IRRIG;D05M;manha;D05;IRRIG;IRRIG;0.0;True;;;;;;;;;;;;;;;;;;;;;;;;;;;;;;;;;;;;;0.3391089504131522;0.22859090710797222;0.31038504382688664;0.24875349881727868;0.3637345785862827;;;;;;;;;;;;;;;;;;;;;;;;;;;;;;;;;;;;;;;;;;;;
4;RandomForest;579;B1_BR16_IRRIG_REPROD00003.asd;B1;BR16;IRRIG;D05M;manha;D05;IRRIG;IRRIG;0.0;True;;;;;;;;;;;;;;;;;;;;;;;;;;;;;;;;;;;;;0.3386934446690243;0.22864110512876543;0.30968106855138183;0.24838970610643943;0.36339316553608547;;;;;;;;;;;;;;;;;;;;;;;;;;;;;;;;;;;;;;;;;;;;
4;RandomForest;580;B1_BR16_IRRIG_REPROD00004.asd;B1;BR16;IRRIG;D05M;manha;D05;IRRIG;IRRIG;0.0;True;;;;;;;;;;;;;;;;;;;;;;;;;;;;;;;;;;;;;0.3487306950690973;0.2316624937308755;0.31012791732540634;0.245700305087499;0.3668447948201654;;;;;;;;;;;;;;;;;;;;;;;;;;;;;;;;;;;;;;;;;;;;
4;RandomForest;581;B1_BR16_IRRIG_REPROD00005.asd;B1;BR16;IRRIG;D05M;manha;D05;IRRIG;IRRIG;0.0;True;;;;;;;;;;;;;;;;;;;;;;;;;;;;;;;;;;;;;0.34087972934097693;0.2239063735369947;0.30592065488131254;0.2413598382078764;0.36248613528795803;;;;;;;;;;;;;;;;;;;;;;;;;;;;;;;;;;;;;;;;;;;;
4;RandomForest;582;B1_BR16_IRRIG_REPROD00006.asd;B1;BR16;IRRIG;D05M;manha;D05;IRRIG;IRRIG;0.0;True;;;;;;;;;;;;;;;;;;;;;;;;;;;;;;;;;;;;;0.3390641742888583;0.22136418446863307;0.304373509201779;0.23975064600445103;0.3610009348695354;;;;;;;;;;;;;;;;;;;;;;;;;;;;;;;;;;;;;;;;;;;;
4;RandomForest;583;B1_BR16_IRRIG_REPROD00007.asd;B1;BR16;IRRIG;D05M;manha;D05;IRRIG;IRRIG;0.0;True;;;;;;;;;;;;;;;;;;;;;;;;;;;;;;;;;;;;;0.33500210589396995;0.21780251448461788;0.3008594275708504;0.23619528493170838;0.35777289442787913;;;;;;;;;;;;;;;;;;;;;;;;;;;;;;;;;;;;;;;;;;;;
4;RandomForest;584;B1_BR16_NIRRIG_REPROD00000.asd;B1;BR16;NIRRIG;D05M;manha;D05;NIRRIG;NIRRIG;0.87;True;;;;;;;;;;;;;;;;;;;;;;;;;;;;;;;;;;;;;0.3357220484187773;0.22100368266653128;0.3626962028558865;0.3036903778292989;0.4139688402959382;;;;;;;;;;;;;;;;;;;;;;;;;;;;;;;;;;;;;;;;;;;;
4;RandomForest;585;B1_BR16_NIRRIG_REPROD00001.asd;B1;BR16;NIRRIG;D05M;manha;D05;NIRRIG;NIRRIG;0.87;True;;;;;;;;;;;;;;;;;;;;;;;;;;;;;;;;;;;;;0.330784472619798;0.2163068004101663;0.3594600709019765;0.3007874953652884;0.4104522748481353;;;;;;;;;;;;;;;;;;;;;;;;;;;;;;;;;;;;;;;;;;;;
4;RandomForest;586;B1_BR16_NIRRIG_REPROD00002.asd;B1;BR16;NIRRIG;D05M;manha;D05;NIRRIG;NIRRIG;0.87;True;;;;;;;;;;;;;;;;;;;;;;;;;;;;;;;;;;;;;0.3340348333484943;0.22020360527208038;0.36330364204371257;0.30471309092255794;0.41411237050812316;;;;;;;;;;;;;;;;;;;;;;;;;;;;;;;;;;;;;;;;;;;;
4;RandomForest;587;B1_BR16_NIRRIG_REPROD00003.asd;B1;BR16;NIRRIG;D05M;manha;D05;NIRRIG;NIRRIG;0.87;True;;;;;;;;;;;;;;;;;;;;;;;;;;;;;;;;;;;;;0.33816483251871177;0.22488719590977546;0.36828684672525547;0.3100185950446728;0.41885890809221443;;;;;;;;;;;;;;;;;;;;;;;;;;;;;;;;;;;;;;;;;;;;
4;RandomForest;588;B1_BR16_NIRRIG_REPROD00004.asd;B1;BR16;NIRRIG;D05M;manha;D05;NIRRIG;NIRRIG;0.87;True;;;;;;;;;;;;;;;;;;;;;;;;;;;;;;;;;;;;;0.3351859847876096;0.21455160210519084;0.3666177320823141;0.30552758397863905;0.4199375844015527;;;;;;;;;;;;;;;;;;;;;;;;;;;;;;;;;;;;;;;;;;;;
4;RandomForest;589;B1_BR16_NIRRIG_REPROD00005.asd;B1;BR16;NIRRIG;D05M;manha;D05;NIRRIG;NIRRIG;0.87;True;;;;;;;;;;;;;;;;;;;;;;;;;;;;;;;;;;;;;0.33618569260653547;0.21573791090398012;0.3677239290499505;0.3069296644801595;0.42096798239220806;;;;;;;;;;;;;;;;;;;;;;;;;;;;;;;;;;;;;;;;;;;;
4;RandomForest;590;B1_BR16_NIRRIG_REPROD00006.asd;B1;BR16;NIRRIG;D05M;manha;D05;NIRRIG;NIRRIG;0.87;True;;;;;;;;;;;;;;;;;;;;;;;;;;;;;;;;;;;;;0.33818682777442344;0.21908653160592012;0.3693525137152372;0.308583704178991;0.4225717556743118;;;;;;;;;;;;;;;;;;;;;;;;;;;;;;;;;;;;;;;;;;;;
4;RandomForest;591;B1_BR16_NIRRIG_REPROD00007.asd;B1;BR16;NIRRIG;D05M;manha;D05;NIRRIG;NIRRIG;0.87;True;;;;;;;;;;;;;;;;;;;;;;;;;;;;;;;;;;;;;0.33869455502941487;0.2207318286263509;0.3700748971732798;0.3097847329207566;0.42294660081003954;;;;;;;;;;;;;;;;;;;;;;;;;;;;;;;;;;;;;;;;;;;;
1;PLS-DA;688;B4_CD202_IRRIG_REPROD00000.asd;B4;CD202;IRRIG;D05M;manha;D05;IRRIG;IRRIG;0.3522824715927549;True;;;;;;;;-1.5768346416423145;-1.5759568370317458;;;;;;;;;;;;;;;;;;;;;;;;;;;;;;;;;0.8599029867857687;0.8013028983085986;-1.5511341062907795;;;;;;;;;;;;;;;;;;;;;;;;;;;;;;;;;;;;;;;;;
1;PLS-DA;689;B4_CD202_IRRIG_REPROD00001.asd;B4;CD202;IRRIG;D05M;manha;D05;IRRIG;IRRIG;0.3467361534091711;True;;;;;;;;-1.5859184949029965;-1.5854295623276349;;;;;;;;;;;;;;;;;;;;;;;;;;;;;;;;;0.8550419431771143;0.7957933061169129;-1.5600233443813314;;;;;;;;;;;;;;;;;;;;;;;;;;;;;;;;;;;;;;;;;
1;PLS-DA;690;B4_CD202_IRRIG_REPROD00002.asd;B4;CD202;IRRIG;D05M;manha;D05;IRRIG;IRRIG;0.33999228395028563;True;;;;;;;;-1.590641591670081;-1.5902757290751224;;;;;;;;;;;;;;;;;;;;;;;;;;;;;;;;;0.8541042588173647;0.7946715574077068;-1.5648885011215838;;;;;;;;;;;;;;;;;;;;;;;;;;;;;;;;;;;;;;;;;
1;PLS-DA;691;B4_CD202_IRRIG_REPROD00003.asd;B4;CD202;IRRIG;D05M;manha;D05;IRRIG;IRRIG;0.33157451331228693;True;;;;;;;;-1.5969293354691465;-1.5958794296157524;;;;;;;;;;;;;;;;;;;;;;;;;;;;;;;;;0.8532866848932049;0.793828883784595;-1.5699652215720152;;;;;;;;;;;;;;;;;;;;;;;;;;;;;;;;;;;;;;;;;
1;PLS-DA;692;B4_CD202_IRRIG_REPROD00004.asd;B4;CD202;IRRIG;D05M;manha;D05;IRRIG;IRRIG;0.361655533472757;True;;;;;;;;-1.5738843026516853;-1.574376046056408;;;;;;;;;;;;;;;;;;;;;;;;;;;;;;;;;0.8595598349060771;0.8057351468733656;-1.5463360343068653;;;;;;;;;;;;;;;;;;;;;;;;;;;;;;;;;;;;;;;;;
1;PLS-DA;693;B4_CD202_IRRIG_REPROD00005.asd;B4;CD202;IRRIG;D05M;manha;D05;IRRIG;IRRIG;0.34830281720024714;True;;;;;;;;-1.5787863569787217;-1.5791465839581194;;;;;;;;;;;;;;;;;;;;;;;;;;;;;;;;;0.8613757357163673;0.8078821420086969;-1.5510930973289563;;;;;;;;;;;;;;;;;;;;;;;;;;;;;;;;;;;;;;;;;
1;PLS-DA;694;B4_CD202_IRRIG_REPROD00006.asd;B4;CD202;IRRIG;D05M;manha;D05;IRRIG;IRRIG;0.33607003515585393;True;;;;;;;;-1.5859075435619876;-1.586746825153424;;;;;;;;;;;;;;;;;;;;;;;;;;;;;;;;;0.86101547811942;0.8076695818377573;-1.557768523925195;;;;;;;;;;;;;;;;;;;;;;;;;;;;;;;;;;;;;;;;;
1;PLS-DA;695;B4_CD202_IRRIG_REPROD00007.asd;B4;CD202;IRRIG;D05M;manha;D05;IRRIG;IRRIG;0.3303193099665361;True;;;;;;;;-1.5915535467769388;-1.5924091810509196;;;;;;;;;;;;;;;;;;;;;;;;;;;;;;;;;0.8587865412407458;0.804849751243588;-1.5641246691822928;;;;;;;;;;;;;;;;;;;;;;;;;;;;;;;;;;;;;;;;;
1;PLS-DA;696;B4_CD202_NIRRIG_REPROD00000.asd;B4;CD202;NIRRIG;D05M;manha;D05;NIRRIG;NIRRIG;0.5700075541414931;True;;;;;;;;-1.4996616670368996;-1.5056106332521066;;;;;;;;;;;;;;;;;;;;;;;;;;;;;;;;;0.839945693284529;0.7898507245228671;-1.460006060740731;;;;;;;;;;;;;;;;;;;;;;;;;;;;;;;;;;;;;;;;;
1;PLS-DA;697;B4_CD202_NIRRIG_REPROD00001.asd;B4;CD202;NIRRIG;D05M;manha;D05;NIRRIG;NIRRIG;0.5744158774797181;True;;;;;;;;-1.4973950924762893;-1.5033515717371004;;;;;;;;;;;;;;;;;;;;;;;;;;;;;;;;;0.8401350929443686;0.7902606231314916;-1.457418365171613;;;;;;;;;;;;;;;;;;;;;;;;;;;;;;;;;;;;;;;;;
1;PLS-DA;698;B4_CD202_NIRRIG_REPROD00002.asd;B4;CD202;NIRRIG;D05M;manha;D05;NIRRIG;NIRRIG;0.5790492272154952;True;;;;;;;;-1.4956703929849433;-1.5011307380721592;;;;;;;;;;;;;;;;;;;;;;;;;;;;;;;;;0.8401122420339948;0.7909711725674161;-1.4551607822911166;;;;;;;;;;;;;;;;;;;;;;;;;;;;;;;;;;;;;;;;;
1;PLS-DA;699;B4_CD202_NIRRIG_REPROD00003.asd;B4;CD202;NIRRIG;D05M;manha;D05;NIRRIG;NIRRIG;0.5829724332821312;True;;;;;;;;-1.4963173371918366;-1.5017642635561979;;;;;;;;;;;;;;;;;;;;;;;;;;;;;;;;;0.8384050197534683;0.7898521155685744;-1.4552285958017948;;;;;;;;;;;;;;;;;;;;;;;;;;;;;;;;;;;;;;;;;
1;PLS-DA;700;B4_CD202_NIRRIG_REPROD00004.asd;B4;CD202;NIRRIG;D05M;manha;D05;NIRRIG;NIRRIG;0.6440299899277263;True;;;;;;;;-1.4699288571249147;-1.4778095435853202;;;;;;;;;;;;;;;;;;;;;;;;;;;;;;;;;0.8353702694269707;0.7908165710724298;-1.4269934636797703;;;;;;;;;;;;;;;;;;;;;;;;;;;;;;;;;;;;;;;;;
1;PLS-DA;701;B4_CD202_NIRRIG_REPROD00005.asd;B4;CD202;NIRRIG;D05M;manha;D05;NIRRIG;NIRRIG;0.6572982815303615;True;;;;;;;;-1.4643807784801797;-1.4729900059177705;;;;;;;;;;;;;;;;;;;;;;;;;;;;;;;;;0.8343148077699212;0.7909679193113964;-1.4212807685837332;;;;;;;;;;;;;;;;;;;;;;;;;;;;;;;;;;;;;;;;;
1;PLS-DA;702;B4_CD202_NIRRIG_REPROD00006.asd;B4;CD202;NIRRIG;D05M;manha;D05;NIRRIG;NIRRIG;0.6658479490341462;True;;;;;;;;-1.4596579207376452;-1.4677806652332226;;;;;;;;;;;;;;;;;;;;;;;;;;;;;;;;;0.835029084960947;0.7933268879186348;-1.415899074845341;;;;;;;;;;;;;;;;;;;;;;;;;;;;;;;;;;;;;;;;;
1;PLS-DA;703;B4_CD202_NIRRIG_REPROD00007.asd;B4;CD202;NIRRIG;D05M;manha;D05;NIRRIG;NIRRIG;0.6707074107146287;True;;;;;;;;-1.4570940960970074;-1.4654605836130905;;;;;;;;;;;;;;;;;;;;;;;;;;;;;;;;;0.8349840865114169;0.793934073495128;-1.413528637886986;;;;;;;;;;;;;;;;;;;;;;;;;;;;;;;;;;;;;;;;;
1;RandomForest;688;B4_CD202_IRRIG_REPROD00000.asd;B4;CD202;IRRIG;D05M;manha;D05;IRRIG;IRRIG;0.0;True;;;;;;;;-1.5768346416423145;-1.5759568370317458;;;;;;;;;;;;;;;;;;;;;;;;;;;;;;;;;0.8599029867857687;0.8013028983085986;-1.5511341062907795;;;;;;;;;;;;;;;;;;;;;;;;;;;;;;;;;;;;;;;;;
1;RandomForest;689;B4_CD202_IRRIG_REPROD00001.asd;B4;CD202;IRRIG;D05M;manha;D05;IRRIG;IRRIG;0.0;True;;;;;;;;-1.5859184949029965;-1.5854295623276349;;;;;;;;;;;;;;;;;;;;;;;;;;;;;;;;;0.8550419431771143;0.7957933061169129;-1.5600233443813314;;;;;;;;;;;;;;;;;;;;;;;;;;;;;;;;;;;;;;;;;
1;RandomForest;690;B4_CD202_IRRIG_REPROD00002.asd;B4;CD202;IRRIG;D05M;manha;D05;IRRIG;IRRIG;0.0;True;;;;;;;;-1.590641591670081;-1.5902757290751224;;;;;;;;;;;;;;;;;;;;;;;;;;;;;;;;;0.8541042588173647;0.7946715574077068;-1.5648885011215838;;;;;;;;;;;;;;;;;;;;;;;;;;;;;;;;;;;;;;;;;
1;RandomForest;691;B4_CD202_IRRIG_REPROD00003.asd;B4;CD202;IRRIG;D05M;manha;D05;IRRIG;IRRIG;0.0;True;;;;;;;;-1.5969293354691465;-1.5958794296157524;;;;;;;;;;;;;;;;;;;;;;;;;;;;;;;;;0.8532866848932049;0.793828883784595;-1.5699652215720152;;;;;;;;;;;;;;;;;;;;;;;;;;;;;;;;;;;;;;;;;
1;RandomForest;692;B4_CD202_IRRIG_REPROD00004.asd;B4;CD202;IRRIG;D05M;manha;D05;IRRIG;IRRIG;0.0;True;;;;;;;;-1.5738843026516853;-1.574376046056408;;;;;;;;;;;;;;;;;;;;;;;;;;;;;;;;;0.8595598349060771;0.8057351468733656;-1.5463360343068653;;;;;;;;;;;;;;;;;;;;;;;;;;;;;;;;;;;;;;;;;
1;RandomForest;693;B4_CD202_IRRIG_REPROD00005.asd;B4;CD202;IRRIG;D05M;manha;D05;IRRIG;IRRIG;0.0;True;;;;;;;;-1.5787863569787217;-1.5791465839581194;;;;;;;;;;;;;;;;;;;;;;;;;;;;;;;;;0.8613757357163673;0.8078821420086969;-1.5510930973289563;;;;;;;;;;;;;;;;;;;;;;;;;;;;;;;;;;;;;;;;;
1;RandomForest;694;B4_CD202_IRRIG_REPROD00006.asd;B4;CD202;IRRIG;D05M;manha;D05;IRRIG;IRRIG;0.0;True;;;;;;;;-1.5859075435619876;-1.586746825153424;;;;;;;;;;;;;;;;;;;;;;;;;;;;;;;;;0.86101547811942;0.8076695818377573;-1.557768523925195;;;;;;;;;;;;;;;;;;;;;;;;;;;;;;;;;;;;;;;;;
1;RandomForest;695;B4_CD202_IRRIG_REPROD00007.asd;B4;CD202;IRRIG;D05M;manha;D05;IRRIG;IRRIG;0.0;True;;;;;;;;-1.5915535467769388;-1.5924091810509196;;;;;;;;;;;;;;;;;;;;;;;;;;;;;;;;;0.8587865412407458;0.804849751243588;-1.5641246691822928;;;;;;;;;;;;;;;;;;;;;;;;;;;;;;;;;;;;;;;;;
1;RandomForest;696;B4_CD202_NIRRIG_REPROD00000.asd;B4;CD202;NIRRIG;D05M;manha;D05;NIRRIG;NIRRIG;0.99;True;;;;;;;;-1.4996616670368996;-1.5056106332521066;;;;;;;;;;;;;;;;;;;;;;;;;;;;;;;;;0.839945693284529;0.7898507245228671;-1.460006060740731;;;;;;;;;;;;;;;;;;;;;;;;;;;;;;;;;;;;;;;;;
1;RandomForest;697;B4_CD202_NIRRIG_REPROD00001.asd;B4;CD202;NIRRIG;D05M;manha;D05;NIRRIG;NIRRIG;0.99;True;;;;;;;;-1.4973950924762893;-1.5033515717371004;;;;;;;;;;;;;;;;;;;;;;;;;;;;;;;;;0.8401350929443686;0.7902606231314916;-1.457418365171613;;;;;;;;;;;;;;;;;;;;;;;;;;;;;;;;;;;;;;;;;
1;RandomForest;698;B4_CD202_NIRRIG_REPROD00002.asd;B4;CD202;NIRRIG;D05M;manha;D05;NIRRIG;NIRRIG;0.99;True;;;;;;;;-1.4956703929849433;-1.5011307380721592;;;;;;;;;;;;;;;;;;;;;;;;;;;;;;;;;0.8401122420339948;0.7909711725674161;-1.4551607822911166;;;;;;;;;;;;;;;;;;;;;;;;;;;;;;;;;;;;;;;;;
1;RandomForest;699;B4_CD202_NIRRIG_REPROD00003.asd;B4;CD202;NIRRIG;D05M;manha;D05;NIRRIG;NIRRIG;0.998;True;;;;;;;;-1.4963173371918366;-1.5017642635561979;;;;;;;;;;;;;;;;;;;;;;;;;;;;;;;;;0.8384050197534683;0.7898521155685744;-1.4552285958017948;;;;;;;;;;;;;;;;;;;;;;;;;;;;;;;;;;;;;;;;;
1;RandomForest;700;B4_CD202_NIRRIG_REPROD00004.asd;B4;CD202;NIRRIG;D05M;manha;D05;NIRRIG;NIRRIG;0.998;True;;;;;;;;-1.4699288571249147;-1.4778095435853202;;;;;;;;;;;;;;;;;;;;;;;;;;;;;;;;;0.8353702694269707;0.7908165710724298;-1.4269934636797703;;;;;;;;;;;;;;;;;;;;;;;;;;;;;;;;;;;;;;;;;
1;RandomForest;701;B4_CD202_NIRRIG_REPROD00005.asd;B4;CD202;NIRRIG;D05M;manha;D05;NIRRIG;NIRRIG;0.998;True;;;;;;;;-1.4643807784801797;-1.4729900059177705;;;;;;;;;;;;;;;;;;;;;;;;;;;;;;;;;0.8343148077699212;0.7909679193113964;-1.4212807685837332;;;;;;;;;;;;;;;;;;;;;;;;;;;;;;;;;;;;;;;;;
1;RandomForest;702;B4_CD202_NIRRIG_REPROD00006.asd;B4;CD202;NIRRIG;D05M;manha;D05;NIRRIG;NIRRIG;0.998;True;;;;;;;;-1.4596579207376452;-1.4677806652332226;;;;;;;;;;;;;;;;;;;;;;;;;;;;;;;;;0.835029084960947;0.7933268879186348;-1.415899074845341;;;;;;;;;;;;;;;;;;;;;;;;;;;;;;;;;;;;;;;;;
1;RandomForest;703;B4_CD202_NIRRIG_REPROD00007.asd;B4;CD202;NIRRIG;D05M;manha;D05;NIRRIG;NIRRIG;0.998;True;;;;;;;;-1.4570940960970074;-1.4654605836130905;;;;;;;;;;;;;;;;;;;;;;;;;;;;;;;;;0.8349840865114169;0.793934073495128;-1.413528637886986;;;;;;;;;;;;;;;;;;;;;;;;;;;;;;;;;;;;;;;;;
2;PLS-DA;672;B3_CD202_IRRIG_REPROD00000.asd;B3;CD202;IRRIG;D05M;manha;D05;IRRIG;IRRIG;0.3496210277389799;True;;;;;;;;-1.598644981220757;-1.6019997347804054;;;;;;;;;;;;;;;;;;;;;;;;;;;;;;;;;0.8318513274650158;0.7621238459045739;-1.5729278604029284;;;;;;;;;;;;;;;;;;;;;;;;;;;;;;;;;;;;;;;;;
2;PLS-DA;673;B3_CD202_IRRIG_REPROD00001.asd;B3;CD202;IRRIG;D05M;manha;D05;IRRIG;IRRIG;0.33699755968531586;True;;;;;;;;-1.6065611164260514;-1.6092720616523406;;;;;;;;;;;;;;;;;;;;;;;;;;;;;;;;;0.8295719045283857;0.7604785518995125;-1.580347375693257;;;;;;;;;;;;;;;;;;;;;;;;;;;;;;;;;;;;;;;;;
2;PLS-DA;674;B3_CD202_IRRIG_REPROD00002.asd;B3;CD202;IRRIG;D05M;manha;D05;IRRIG;IRRIG;0.3234374542469113;True;;;;;;;;-1.6148375866458136;-1.6170997375647982;;;;;;;;;;;;;;;;;;;;;;;;;;;;;;;;;0.8274691374251442;0.758432479144794;-1.5881905360144244;;;;;;;;;;;;;;;;;;;;;;;;;;;;;;;;;;;;;;;;;
2;PLS-DA;675;B3_CD202_IRRIG_REPROD00003.asd;B3;CD202;IRRIG;D05M;manha;D05;IRRIG;IRRIG;0.3106391090408065;True;;;;;;;;-1.6215967517075032;-1.6245611221956455;;;;;;;;;;;;;;;;;;;;;;;;;;;;;;;;;0.8271995100784907;0.7581124239899796;-1.594467145406766;;;;;;;;;;;;;;;;;;;;;;;;;;;;;;;;;;;;;;;;;
2;PLS-DA;676;B3_CD202_IRRIG_REPROD00004.asd;B3;CD202;IRRIG;D05M;manha;D05;IRRIG;IRRIG;0.3402452770411108;True;;;;;;;;-1.6032666652393652;-1.6036192187389797;;;;;;;;;;;;;;;;;;;;;;;;;;;;;;;;;0.8438814247251053;0.7892453487932651;-1.5692830076241033;;;;;;;;;;;;;;;;;;;;;;;;;;;;;;;;;;;;;;;;;
2;PLS-DA;677;B3_CD202_IRRIG_REPROD00005.asd;B3;CD202;IRRIG;D05M;manha;D05;IRRIG;IRRIG;0.33248406679140236;True;;;;;;;;-1.6065597809612024;-1.6078815958927346;;;;;;;;;;;;;;;;;;;;;;;;;;;;;;;;;0.8449221096069832;0.791116494630741;-1.57239630770623;;;;;;;;;;;;;;;;;;;;;;;;;;;;;;;;;;;;;;;;;
2;PLS-DA;678;B3_CD202_IRRIG_REPROD00006.asd;B3;CD202;IRRIG;D05M;manha;D05;IRRIG;IRRIG;0.3267635469522004;True;;;;;;;;-1.6090754304661645;-1.6096183993350701;;;;;;;;;;;;;;;;;;;;;;;;;;;;;;;;;0.8469917951927677;0.7935813913184684;-1.5742108982278689;;;;;;;;;;;;;;;;;;;;;;;;;;;;;;;;;;;;;;;;;
2;PLS-DA;679;B3_CD202_IRRIG_REPROD00007.asd;B3;CD202;IRRIG;D05M;manha;D05;IRRIG;IRRIG;0.3193199267310225;True;;;;;;;;-1.6122410522072848;-1.613190193591009;;;;;;;;;;;;;;;;;;;;;;;;;;;;;;;;;0.8480120486386779;0.7947857490003297;-1.5777367423866209;;;;;;;;;;;;;;;;;;;;;;;;;;;;;;;;;;;;;;;;;
2;PLS-DA;680;B3_CD202_NIRRIG_REPROD00000.asd;B3;CD202;NIRRIG;D05M;manha;D05;NIRRIG;NIRRIG;0.560914673825333;True;;;;;;;;-1.5054608772390587;-1.513903452618408;;;;;;;;;;;;;;;;;;;;;;;;;;;;;;;;;0.8319286837320988;0.7811659835977252;-1.4643141074931953;;;;;;;;;;;;;;;;;;;;;;;;;;;;;;;;;;;;;;;;;
2;PLS-DA;681;B3_CD202_NIRRIG_REPROD00001.asd;B3;CD202;NIRRIG;D05M;manha;D05;NIRRIG;NIRRIG;0.5635430777045282;True;;;;;;;;-1.5045929617708664;-1.5138663719835728;;;;;;;;;;;;;;;;;;;;;;;;;;;;;;;;;0.8311826684168419;0.7806800040593882;-1.4626286199554344;;;;;;;;;;;;;;;;;;;;;;;;;;;;;;;;;;;;;;;;;
2;PLS-DA;682;B3_CD202_NIRRIG_REPROD00002.asd;B3;CD202;NIRRIG;D05M;manha;D05;NIRRIG;NIRRIG;0.5629309544537818;True;;;;;;;;-1.5055589218175531;-1.5147482538769892;;;;;;;;;;;;;;;;;;;;;;;;;;;;;;;;;0.829860474321716;0.7794754164939114;-1.4635482892551004;;;;;;;;;;;;;;;;;;;;;;;;;;;;;;;;;;;;;;;;;
2;PLS-DA;683;B3_CD202_NIRRIG_REPROD00003.asd;B3;CD202;NIRRIG;D05M;manha;D05;NIRRIG;NIRRIG;0.5688433080704108;True;;;;;;;;-1.5033821615079448;-1.5124713907974459;;;;;;;;;;;;;;;;;;;;;;;;;;;;;;;;;0.8289817792263715;0.7790175578670444;-1.4611740040542875;;;;;;;;;;;;;;;;;;;;;;;;;;;;;;;;;;;;;;;;;
2;PLS-DA;684;B3_CD202_NIRRIG_REPROD00004.asd;B3;CD202;NIRRIG;D05M;manha;D05;NIRRIG;NIRRIG;0.5628019889383463;True;;;;;;;;-1.5034138729609545;-1.5127043855494016;;;;;;;;;;;;;;;;;;;;;;;;;;;;;;;;;0.8321309141040449;0.7784608649567585;-1.463574780194545;;;;;;;;;;;;;;;;;;;;;;;;;;;;;;;;;;;;;;;;;
2;PLS-DA;685;B3_CD202_NIRRIG_REPROD00005.asd;B3;CD202;NIRRIG;D05M;manha;D05;NIRRIG;NIRRIG;0.5631114167573431;True;;;;;;;;-1.5039035442190678;-1.5137994898776435;;;;;;;;;;;;;;;;;;;;;;;;;;;;;;;;;0.8311956336354532;0.778761675101736;-1.463276842032318;;;;;;;;;;;;;;;;;;;;;;;;;;;;;;;;;;;;;;;;;
2;PLS-DA;686;B3_CD202_NIRRIG_REPROD00006.asd;B3;CD202;NIRRIG;D05M;manha;D05;NIRRIG;NIRRIG;0.5620690416519898;True;;;;;;;;-1.5047965596506818;-1.5142456526653192;;;;;;;;;;;;;;;;;;;;;;;;;;;;;;;;;0.8312388005499517;0.7785404936984878;-1.4631814190948116;;;;;;;;;;;;;;;;;;;;;;;;;;;;;;;;;;;;;;;;;
2;PLS-DA;687;B3_CD202_NIRRIG_REPROD00007.asd;B3;CD202;NIRRIG;D05M;manha;D05;NIRRIG;NIRRIG;0.5659730725375618;True;;;;;;;;-1.503091374804779;-1.5129727914007327;;;;;;;;;;;;;;;;;;;;;;;;;;;;;;;;;0.8311295264729557;0.7795063670759697;-1.4612661222711294;;;;;;;;;;;;;;;;;;;;;;;;;;;;;;;;;;;;;;;;;
2;RandomForest;672;B3_CD202_IRRIG_REPROD00000.asd;B3;CD202;IRRIG;D05M;manha;D05;IRRIG;IRRIG;0.0;True;;;;;;;;-1.598644981220757;-1.6019997347804054;;;;;;;;;;;;;;;;;;;;;;;;;;;;;;;;;0.8318513274650158;0.7621238459045739;-1.5729278604029284;;;;;;;;;;;;;;;;;;;;;;;;;;;;;;;;;;;;;;;;;
2;RandomForest;673;B3_CD202_IRRIG_REPROD00001.asd;B3;CD202;IRRIG;D05M;manha;D05;IRRIG;IRRIG;0.0;True;;;;;;;;-1.6065611164260514;-1.6092720616523406;;;;;;;;;;;;;;;;;;;;;;;;;;;;;;;;;0.8295719045283857;0.7604785518995125;-1.580347375693257;;;;;;;;;;;;;;;;;;;;;;;;;;;;;;;;;;;;;;;;;
2;RandomForest;674;B3_CD202_IRRIG_REPROD00002.asd;B3;CD202;IRRIG;D05M;manha;D05;IRRIG;IRRIG;0.0;True;;;;;;;;-1.6148375866458136;-1.6170997375647982;;;;;;;;;;;;;;;;;;;;;;;;;;;;;;;;;0.8274691374251442;0.758432479144794;-1.5881905360144244;;;;;;;;;;;;;;;;;;;;;;;;;;;;;;;;;;;;;;;;;
2;RandomForest;675;B3_CD202_IRRIG_REPROD00003.asd;B3;CD202;IRRIG;D05M;manha;D05;IRRIG;IRRIG;0.0;True;;;;;;;;-1.6215967517075032;-1.6245611221956455;;;;;;;;;;;;;;;;;;;;;;;;;;;;;;;;;0.8271995100784907;0.7581124239899796;-1.594467145406766;;;;;;;;;;;;;;;;;;;;;;;;;;;;;;;;;;;;;;;;;
2;RandomForest;676;B3_CD202_IRRIG_REPROD00004.asd;B3;CD202;IRRIG;D05M;manha;D05;IRRIG;IRRIG;0.0;True;;;;;;;;-1.6032666652393652;-1.6036192187389797;;;;;;;;;;;;;;;;;;;;;;;;;;;;;;;;;0.8438814247251053;0.7892453487932651;-1.5692830076241033;;;;;;;;;;;;;;;;;;;;;;;;;;;;;;;;;;;;;;;;;
2;RandomForest;677;B3_CD202_IRRIG_REPROD00005.asd;B3;CD202;IRRIG;D05M;manha;D05;IRRIG;IRRIG;0.0;True;;;;;;;;-1.6065597809612024;-1.6078815958927346;;;;;;;;;;;;;;;;;;;;;;;;;;;;;;;;;0.8449221096069832;0.791116494630741;-1.57239630770623;;;;;;;;;;;;;;;;;;;;;;;;;;;;;;;;;;;;;;;;;
2;RandomForest;678;B3_CD202_IRRIG_REPROD00006.asd;B3;CD202;IRRIG;D05M;manha;D05;IRRIG;IRRIG;0.0;True;;;;;;;;-1.6090754304661645;-1.6096183993350701;;;;;;;;;;;;;;;;;;;;;;;;;;;;;;;;;0.8469917951927677;0.7935813913184684;-1.5742108982278689;;;;;;;;;;;;;;;;;;;;;;;;;;;;;;;;;;;;;;;;;
2;RandomForest;679;B3_CD202_IRRIG_REPROD00007.asd;B3;CD202;IRRIG;D05M;manha;D05;IRRIG;IRRIG;0.0;True;;;;;;;;-1.6122410522072848;-1.613190193591009;;;;;;;;;;;;;;;;;;;;;;;;;;;;;;;;;0.8480120486386779;0.7947857490003297;-1.5777367423866209;;;;;;;;;;;;;;;;;;;;;;;;;;;;;;;;;;;;;;;;;
2;RandomForest;680;B3_CD202_NIRRIG_REPROD00000.asd;B3;CD202;NIRRIG;D05M;manha;D05;NIRRIG;NIRRIG;1.0;True;;;;;;;;-1.5054608772390587;-1.513903452618408;;;;;;;;;;;;;;;;;;;;;;;;;;;;;;;;;0.8319286837320988;0.7811659835977252;-1.4643141074931953;;;;;;;;;;;;;;;;;;;;;;;;;;;;;;;;;;;;;;;;;
2;RandomForest;681;B3_CD202_NIRRIG_REPROD00001.asd;B3;CD202;NIRRIG;D05M;manha;D05;NIRRIG;NIRRIG;1.0;True;;;;;;;;-1.5045929617708664;-1.5138663719835728;;;;;;;;;;;;;;;;;;;;;;;;;;;;;;;;;0.8311826684168419;0.7806800040593882;-1.4626286199554344;;;;;;;;;;;;;;;;;;;;;;;;;;;;;;;;;;;;;;;;;
2;RandomForest;682;B3_CD202_NIRRIG_REPROD00002.asd;B3;CD202;NIRRIG;D05M;manha;D05;NIRRIG;NIRRIG;1.0;True;;;;;;;;-1.5055589218175531;-1.5147482538769892;;;;;;;;;;;;;;;;;;;;;;;;;;;;;;;;;0.829860474321716;0.7794754164939114;-1.4635482892551004;;;;;;;;;;;;;;;;;;;;;;;;;;;;;;;;;;;;;;;;;
2;RandomForest;683;B3_CD202_NIRRIG_REPROD00003.asd;B3;CD202;NIRRIG;D05M;manha;D05;NIRRIG;NIRRIG;1.0;True;;;;;;;;-1.5033821615079448;-1.5124713907974459;;;;;;;;;;;;;;;;;;;;;;;;;;;;;;;;;0.8289817792263715;0.7790175578670444;-1.4611740040542875;;;;;;;;;;;;;;;;;;;;;;;;;;;;;;;;;;;;;;;;;
2;RandomForest;684;B3_CD202_NIRRIG_REPROD00004.asd;B3;CD202;NIRRIG;D05M;manha;D05;NIRRIG;NIRRIG;1.0;True;;;;;;;;-1.5034138729609545;-1.5127043855494016;;;;;;;;;;;;;;;;;;;;;;;;;;;;;;;;;0.8321309141040449;0.7784608649567585;-1.463574780194545;;;;;;;;;;;;;;;;;;;;;;;;;;;;;;;;;;;;;;;;;
2;RandomForest;685;B3_CD202_NIRRIG_REPROD00005.asd;B3;CD202;NIRRIG;D05M;manha;D05;NIRRIG;NIRRIG;1.0;True;;;;;;;;-1.5039035442190678;-1.5137994898776435;;;;;;;;;;;;;;;;;;;;;;;;;;;;;;;;;0.8311956336354532;0.778761675101736;-1.463276842032318;;;;;;;;;;;;;;;;;;;;;;;;;;;;;;;;;;;;;;;;;
2;RandomForest;686;B3_CD202_NIRRIG_REPROD00006.asd;B3;CD202;NIRRIG;D05M;manha;D05;NIRRIG;NIRRIG;1.0;True;;;;;;;;-1.5047965596506818;-1.5142456526653192;;;;;;;;;;;;;;;;;;;;;;;;;;;;;;;;;0.8312388005499517;0.7785404936984878;-1.4631814190948116;;;;;;;;;;;;;;;;;;;;;;;;;;;;;;;;;;;;;;;;;
2;RandomForest;687;B3_CD202_NIRRIG_REPROD00007.asd;B3;CD202;NIRRIG;D05M;manha;D05;NIRRIG;NIRRIG;1.0;True;;;;;;;;-1.503091374804779;-1.5129727914007327;;;;;;;;;;;;;;;;;;;;;;;;;;;;;;;;;0.8311295264729557;0.7795063670759697;-1.4612661222711294;;;;;;;;;;;;;;;;;;;;;;;;;;;;;;;;;;;;;;;;;
3;PLS-DA;656;B2_CD202_IRRIG_REPROD00000.asd;B2;CD202;IRRIG;D05M;manha;D05;IRRIG;IRRIG;0.40752796127050095;True;;;;;;;;-1.5848304869842653;-1.5862338399896971;;;;;;;;;;;;;;;;;;;;;;;;;;;;;;;;;0.8371878964424502;0.7816554656550421;-1.5535736382199348;;;;;;;;;;;;;;;;;;;;;;;;;;;;;;;;;;;;;;;;;
3;PLS-DA;657;B2_CD202_IRRIG_REPROD00001.asd;B2;CD202;IRRIG;D05M;manha;D05;IRRIG;IRRIG;0.3877680206379792;True;;;;;;;;-1.5939734204202511;-1.5952464643661406;;;;;;;;;;;;;;;;;;;;;;;;;;;;;;;;;0.838734979648305;0.7846655077777226;-1.5623599327118871;;;;;;;;;;;;;;;;;;;;;;;;;;;;;;;;;;;;;;;;;
3;PLS-DA;658;B2_CD202_IRRIG_REPROD00002.asd;B2;CD202;IRRIG;D05M;manha;D05;IRRIG;IRRIG;0.38295600827597454;True;;;;;;;;-1.595470869156599;-1.597174953721198;;;;;;;;;;;;;;;;;;;;;;;;;;;;;;;;;0.8397076434810866;0.7842556310753097;-1.5642927599378342;;;;;;;;;;;;;;;;;;;;;;;;;;;;;;;;;;;;;;;;;
3;PLS-DA;659;B2_CD202_IRRIG_REPROD00003.asd;B2;CD202;IRRIG;D05M;manha;D05;IRRIG;IRRIG;0.37105333229916587;True;;;;;;;;-1.5995108948546457;-1.6007798744798303;;;;;;;;;;;;;;;;;;;;;;;;;;;;;;;;;0.8425762673884737;0.7878937306112932;-1.5679247242078678;;;;;;;;;;;;;;;;;;;;;;;;;;;;;;;;;;;;;;;;;
3;PLS-DA;660;B2_CD202_IRRIG_REPROD00004.asd;B2;CD202;IRRIG;D05M;manha;D05;IRRIG;IRRIG;0.4682122202897418;True;;;;;;;;-1.5485224926861803;-1.5493822395602301;;;;;;;;;;;;;;;;;;;;;;;;;;;;;;;;;0.8417976801314715;0.7850369157921815;-1.5200862820174263;;;;;;;;;;;;;;;;;;;;;;;;;;;;;;;;;;;;;;;;;
3;PLS-DA;661;B2_CD202_IRRIG_REPROD00005.asd;B2;CD202;IRRIG;D05M;manha;D05;IRRIG;IRRIG;0.45274668189772854;True;;;;;;;;-1.5565734280923602;-1.5574873132965354;;;;;;;;;;;;;;;;;;;;;;;;;;;;;;;;;0.8417509539668687;0.7846822008594575;-1.527893723120939;;;;;;;;;;;;;;;;;;;;;;;;;;;;;;;;;;;;;;;;;
3;PLS-DA;662;B2_CD202_IRRIG_REPROD00006.asd;B2;CD202;IRRIG;D05M;manha;D05;IRRIG;IRRIG;0.4395558521830481;True;;;;;;;;-1.562813588624049;-1.564384330869841;;;;;;;;;;;;;;;;;;;;;;;;;;;;;;;;;0.8421640555382173;0.7845581558806602;-1.5340923419306156;;;;;;;;;;;;;;;;;;;;;;;;;;;;;;;;;;;;;;;;;
3;PLS-DA;663;B2_CD202_IRRIG_REPROD00007.asd;B2;CD202;IRRIG;D05M;manha;D05;IRRIG;IRRIG;0.4285534482884598;True;;;;;;;;-1.5688131407597414;-1.5702298707428535;;;;;;;;;;;;;;;;;;;;;;;;;;;;;;;;;0.8420199904232971;0.7837020572408429;-1.539898868252634;;;;;;;;;;;;;;;;;;;;;;;;;;;;;;;;;;;;;;;;;
3;PLS-DA;664;B2_CD202_NIRRIG_REPROD00000.asd;B2;CD202;NIRRIG;D05M;manha;D05;NIRRIG;NIRRIG;0.5571872816763795;True;;;;;;;;-1.5132507133199609;-1.521361805021274;;;;;;;;;;;;;;;;;;;;;;;;;;;;;;;;;0.8315075611153374;0.7809979984985282;-1.4732049351430712;;;;;;;;;;;;;;;;;;;;;;;;;;;;;;;;;;;;;;;;;
3;PLS-DA;665;B2_CD202_NIRRIG_REPROD00001.asd;B2;CD202;NIRRIG;D05M;manha;D05;NIRRIG;NIRRIG;0.5590622753490117;True;;;;;;;;-1.511964147310786;-1.5204131238153828;;;;;;;;;;;;;;;;;;;;;;;;;;;;;;;;;0.8318462826960609;0.7817556046405938;-1.471477274841313;;;;;;;;;;;;;;;;;;;;;;;;;;;;;;;;;;;;;;;;;
3;PLS-DA;666;B2_CD202_NIRRIG_REPROD00002.asd;B2;CD202;NIRRIG;D05M;manha;D05;NIRRIG;NIRRIG;0.5619994644990838;True;;;;;;;;-1.510597729342029;-1.519075132182849;;;;;;;;;;;;;;;;;;;;;;;;;;;;;;;;;0.8317224618072772;0.7823693378520747;-1.4698016801581186;;;;;;;;;;;;;;;;;;;;;;;;;;;;;;;;;;;;;;;;;
3;PLS-DA;667;B2_CD202_NIRRIG_REPROD00003.asd;B2;CD202;NIRRIG;D05M;manha;D05;NIRRIG;NIRRIG;0.5645148947762813;True;;;;;;;;-1.5095557345596553;-1.5185672054822854;;;;;;;;;;;;;;;;;;;;;;;;;;;;;;;;;0.8314127071128584;0.7825189966147145;-1.4681538867998019;;;;;;;;;;;;;;;;;;;;;;;;;;;;;;;;;;;;;;;;;
3;PLS-DA;668;B2_CD202_NIRRIG_REPROD00004.asd;B2;CD202;NIRRIG;D05M;manha;D05;NIRRIG;NIRRIG;0.6089388234010802;True;;;;;;;;-1.4784969687470992;-1.4854327564147696;;;;;;;;;;;;;;;;;;;;;;;;;;;;;;;;;0.8398784905379417;0.7896890952750373;-1.43936060498138;;;;;;;;;;;;;;;;;;;;;;;;;;;;;;;;;;;;;;;;;
3;PLS-DA;669;B2_CD202_NIRRIG_REPROD00005.asd;B2;CD202;NIRRIG;D05M;manha;D05;NIRRIG;NIRRIG;0.6145642320522262;True;;;;;;;;-1.4757178438170202;-1.4839011875094017;;;;;;;;;;;;;;;;;;;;;;;;;;;;;;;;;0.838989201882261;0.788868442975006;-1.4370394010917513;;;;;;;;;;;;;;;;;;;;;;;;;;;;;;;;;;;;;;;;;
3;PLS-DA;670;B2_CD202_NIRRIG_REPROD00006.asd;B2;CD202;NIRRIG;D05M;manha;D05;NIRRIG;NIRRIG;0.6141997511343412;True;;;;;;;;-1.4760819331028578;-1.4836384479664566;;;;;;;;;;;;;;;;;;;;;;;;;;;;;;;;;0.8393139833087215;0.7894816305365673;-1.436549706240078;;;;;;;;;;;;;;;;;;;;;;;;;;;;;;;;;;;;;;;;;
3;PLS-DA;671;B2_CD202_NIRRIG_REPROD00007.asd;B2;CD202;NIRRIG;D05M;manha;D05;NIRRIG;NIRRIG;0.6147733289222198;True;;;;;;;;-1.4766983306088188;-1.4840951257144772;;;;;;;;;;;;;;;;;;;;;;;;;;;;;;;;;0.8382813162069587;0.7883163431245398;-1.4374542935851264;;;;;;;;;;;;;;;;;;;;;;;;;;;;;;;;;;;;;;;;;
3;RandomForest;656;B2_CD202_IRRIG_REPROD00000.asd;B2;CD202;IRRIG;D05M;manha;D05;IRRIG;IRRIG;0.006;True;;;;;;;;-1.5848304869842653;-1.5862338399896971;;;;;;;;;;;;;;;;;;;;;;;;;;;;;;;;;0.8371878964424502;0.7816554656550421;-1.5535736382199348;;;;;;;;;;;;;;;;;;;;;;;;;;;;;;;;;;;;;;;;;
3;RandomForest;657;B2_CD202_IRRIG_REPROD00001.asd;B2;CD202;IRRIG;D05M;manha;D05;IRRIG;IRRIG;0.006;True;;;;;;;;-1.5939734204202511;-1.5952464643661406;;;;;;;;;;;;;;;;;;;;;;;;;;;;;;;;;0.838734979648305;0.7846655077777226;-1.5623599327118871;;;;;;;;;;;;;;;;;;;;;;;;;;;;;;;;;;;;;;;;;
3;RandomForest;658;B2_CD202_IRRIG_REPROD00002.asd;B2;CD202;IRRIG;D05M;manha;D05;IRRIG;IRRIG;0.006;True;;;;;;;;-1.595470869156599;-1.597174953721198;;;;;;;;;;;;;;;;;;;;;;;;;;;;;;;;;0.8397076434810866;0.7842556310753097;-1.5642927599378342;;;;;;;;;;;;;;;;;;;;;;;;;;;;;;;;;;;;;;;;;
3;RandomForest;659;B2_CD202_IRRIG_REPROD00003.asd;B2;CD202;IRRIG;D05M;manha;D05;IRRIG;IRRIG;0.0;True;;;;;;;;-1.5995108948546457;-1.6007798744798303;;;;;;;;;;;;;;;;;;;;;;;;;;;;;;;;;0.8425762673884737;0.7878937306112932;-1.5679247242078678;;;;;;;;;;;;;;;;;;;;;;;;;;;;;;;;;;;;;;;;;
3;RandomForest;660;B2_CD202_IRRIG_REPROD00004.asd;B2;CD202;IRRIG;D05M;manha;D05;IRRIG;IRRIG;0.008;True;;;;;;;;-1.5485224926861803;-1.5493822395602301;;;;;;;;;;;;;;;;;;;;;;;;;;;;;;;;;0.8417976801314715;0.7850369157921815;-1.5200862820174263;;;;;;;;;;;;;;;;;;;;;;;;;;;;;;;;;;;;;;;;;
3;RandomForest;661;B2_CD202_IRRIG_REPROD00005.asd;B2;CD202;IRRIG;D05M;manha;D05;IRRIG;IRRIG;0.006;True;;;;;;;;-1.5565734280923602;-1.5574873132965354;;;;;;;;;;;;;;;;;;;;;;;;;;;;;;;;;0.8417509539668687;0.7846822008594575;-1.527893723120939;;;;;;;;;;;;;;;;;;;;;;;;;;;;;;;;;;;;;;;;;
3;RandomForest;662;B2_CD202_IRRIG_REPROD00006.asd;B2;CD202;IRRIG;D05M;manha;D05;IRRIG;IRRIG;0.002;True;;;;;;;;-1.562813588624049;-1.564384330869841;;;;;;;;;;;;;;;;;;;;;;;;;;;;;;;;;0.8421640555382173;0.7845581558806602;-1.5340923419306156;;;;;;;;;;;;;;;;;;;;;;;;;;;;;;;;;;;;;;;;;
3;RandomForest;663;B2_CD202_IRRIG_REPROD00007.asd;B2;CD202;IRRIG;D05M;manha;D05;IRRIG;IRRIG;0.002;True;;;;;;;;-1.5688131407597414;-1.5702298707428535;;;;;;;;;;;;;;;;;;;;;;;;;;;;;;;;;0.8420199904232971;0.7837020572408429;-1.539898868252634;;;;;;;;;;;;;;;;;;;;;;;;;;;;;;;;;;;;;;;;;
3;RandomForest;664;B2_CD202_NIRRIG_REPROD00000.asd;B2;CD202;NIRRIG;D05M;manha;D05;NIRRIG;NIRRIG;1.0;True;;;;;;;;-1.5132507133199609;-1.521361805021274;;;;;;;;;;;;;;;;;;;;;;;;;;;;;;;;;0.8315075611153374;0.7809979984985282;-1.4732049351430712;;;;;;;;;;;;;;;;;;;;;;;;;;;;;;;;;;;;;;;;;
3;RandomForest;665;B2_CD202_NIRRIG_REPROD00001.asd;B2;CD202;NIRRIG;D05M;manha;D05;NIRRIG;NIRRIG;1.0;True;;;;;;;;-1.511964147310786;-1.5204131238153828;;;;;;;;;;;;;;;;;;;;;;;;;;;;;;;;;0.8318462826960609;0.7817556046405938;-1.471477274841313;;;;;;;;;;;;;;;;;;;;;;;;;;;;;;;;;;;;;;;;;
3;RandomForest;666;B2_CD202_NIRRIG_REPROD00002.asd;B2;CD202;NIRRIG;D05M;manha;D05;NIRRIG;NIRRIG;1.0;True;;;;;;;;-1.510597729342029;-1.519075132182849;;;;;;;;;;;;;;;;;;;;;;;;;;;;;;;;;0.8317224618072772;0.7823693378520747;-1.4698016801581186;;;;;;;;;;;;;;;;;;;;;;;;;;;;;;;;;;;;;;;;;
3;RandomForest;667;B2_CD202_NIRRIG_REPROD00003.asd;B2;CD202;NIRRIG;D05M;manha;D05;NIRRIG;NIRRIG;1.0;True;;;;;;;;-1.5095557345596553;-1.5185672054822854;;;;;;;;;;;;;;;;;;;;;;;;;;;;;;;;;0.8314127071128584;0.7825189966147145;-1.4681538867998019;;;;;;;;;;;;;;;;;;;;;;;;;;;;;;;;;;;;;;;;;
3;RandomForest;668;B2_CD202_NIRRIG_REPROD00004.asd;B2;CD202;NIRRIG;D05M;manha;D05;NIRRIG;NIRRIG;0.998;True;;;;;;;;-1.4784969687470992;-1.4854327564147696;;;;;;;;;;;;;;;;;;;;;;;;;;;;;;;;;0.8398784905379417;0.7896890952750373;-1.43936060498138;;;;;;;;;;;;;;;;;;;;;;;;;;;;;;;;;;;;;;;;;
3;RandomForest;669;B2_CD202_NIRRIG_REPROD00005.asd;B2;CD202;NIRRIG;D05M;manha;D05;NIRRIG;NIRRIG;1.0;True;;;;;;;;-1.4757178438170202;-1.4839011875094017;;;;;;;;;;;;;;;;;;;;;;;;;;;;;;;;;0.838989201882261;0.788868442975006;-1.4370394010917513;;;;;;;;;;;;;;;;;;;;;;;;;;;;;;;;;;;;;;;;;
3;RandomForest;670;B2_CD202_NIRRIG_REPROD00006.asd;B2;CD202;NIRRIG;D05M;manha;D05;NIRRIG;NIRRIG;1.0;True;;;;;;;;-1.4760819331028578;-1.4836384479664566;;;;;;;;;;;;;;;;;;;;;;;;;;;;;;;;;0.8393139833087215;0.7894816305365673;-1.436549706240078;;;;;;;;;;;;;;;;;;;;;;;;;;;;;;;;;;;;;;;;;
3;RandomForest;671;B2_CD202_NIRRIG_REPROD00007.asd;B2;CD202;NIRRIG;D05M;manha;D05;NIRRIG;NIRRIG;1.0;True;;;;;;;;-1.4766983306088188;-1.4840951257144772;;;;;;;;;;;;;;;;;;;;;;;;;;;;;;;;;0.8382813162069587;0.7883163431245398;-1.4374542935851264;;;;;;;;;;;;;;;;;;;;;;;;;;;;;;;;;;;;;;;;;
4;PLS-DA;640;B1_CD202_IRRIG_REPROD00000.asd;B1;CD202;IRRIG;D05M;manha;D05;IRRIG;IRRIG;0.46225614465024856;True;;;;;;;;-1.5682865563651631;-1.5708420338022233;;;;;;;;;;;;;;;;;;;;;;;;;;;;;;;;;0.8312430548598587;0.7651934889343344;-1.5411853295420788;;;;;;;;;;;;;;;;;;;;;;;;;;;;;;;;;;;;;;;;;
4;PLS-DA;641;B1_CD202_IRRIG_REPROD00001.asd;B1;CD202;IRRIG;D05M;manha;D05;IRRIG;IRRIG;0.4492074332968243;True;;;;;;;;-1.5728080141305703;-1.5754200110265464;;;;;;;;;;;;;;;;;;;;;;;;;;;;;;;;;0.8328609782363516;0.7673670953648561;-1.545604134474625;;;;;;;;;;;;;;;;;;;;;;;;;;;;;;;;;;;;;;;;;
4;PLS-DA;642;B1_CD202_IRRIG_REPROD00002.asd;B1;CD202;IRRIG;D05M;manha;D05;IRRIG;IRRIG;0.4342601517726907;True;;;;;;;;-1.5792322853189733;-1.5813333179700837;;;;;;;;;;;;;;;;;;;;;;;;;;;;;;;;;0.8340040974418417;0.769029999682459;-1.5512960475978326;;;;;;;;;;;;;;;;;;;;;;;;;;;;;;;;;;;;;;;;;
4;PLS-DA;643;B1_CD202_IRRIG_REPROD00003.asd;B1;CD202;IRRIG;D05M;manha;D05;IRRIG;IRRIG;0.42455606859269013;True;;;;;;;;-1.5843694701324575;-1.585896544755993;;;;;;;;;;;;;;;;;;;;;;;;;;;;;;;;;0.8339453986353292;0.7687951965014596;-1.5561940624354236;;;;;;;;;;;;;;;;;;;;;;;;;;;;;;;;;;;;;;;;;
4;PLS-DA;644;B1_CD202_IRRIG_REPROD00004.asd;B1;CD202;IRRIG;D05M;manha;D05;IRRIG;IRRIG;0.4726339378255504;True;;;;;;;;-1.5442425559101844;-1.5443643788607422;;;;;;;;;;;;;;;;;;;;;;;;;;;;;;;;;0.8503916195374323;0.7983341561424351;-1.509631053214796;;;;;;;;;;;;;;;;;;;;;;;;;;;;;;;;;;;;;;;;;
4;PLS-DA;645;B1_CD202_IRRIG_REPROD00005.asd;B1;CD202;IRRIG;D05M;manha;D05;IRRIG;IRRIG;0.4664099057049268;True;;;;;;;;-1.5482987772048784;-1.5487448706170002;;;;;;;;;;;;;;;;;;;;;;;;;;;;;;;;;0.8493593182879507;0.7969481916710857;-1.5137957985615702;;;;;;;;;;;;;;;;;;;;;;;;;;;;;;;;;;;;;;;;;
4;PLS-DA;646;B1_CD202_IRRIG_REPROD00006.asd;B1;CD202;IRRIG;D05M;manha;D05;IRRIG;IRRIG;0.45857024912576183;True;;;;;;;;-1.5513494469003777;-1.550981849501439;;;;;;;;;;;;;;;;;;;;;;;;;;;;;;;;;0.850279569357826;0.7980942021239166;-1.5168295561642717;;;;;;;;;;;;;;;;;;;;;;;;;;;;;;;;;;;;;;;;;
4;PLS-DA;647;B1_CD202_IRRIG_REPROD00007.asd;B1;CD202;IRRIG;D05M;manha;D05;IRRIG;IRRIG;0.4503506322545262;True;;;;;;;;-1.5546550782454904;-1.5544553199116777;;;;;;;;;;;;;;;;;;;;;;;;;;;;;;;;;0.850964878222366;0.7990144335139946;-1.5196938384662064;;;;;;;;;;;;;;;;;;;;;;;;;;;;;;;;;;;;;;;;;
4;PLS-DA;648;B1_CD202_NIRRIG_REPROD00000.asd;B1;CD202;NIRRIG;D05M;manha;D05;NIRRIG;NIRRIG;0.684480810675668;True;;;;;;;;-1.4665659983070212;-1.4737451434614406;;;;;;;;;;;;;;;;;;;;;;;;;;;;;;;;;0.8245340302015413;0.7742136120411924;-1.4241075256551432;;;;;;;;;;;;;;;;;;;;;;;;;;;;;;;;;;;;;;;;;
4;PLS-DA;649;B1_CD202_NIRRIG_REPROD00001.asd;B1;CD202;NIRRIG;D05M;manha;D05;NIRRIG;NIRRIG;0.688699165968937;True;;;;;;;;-1.4649373218225061;-1.4726186612900405;;;;;;;;;;;;;;;;;;;;;;;;;;;;;;;;;0.8237261560886835;0.7731528533638202;-1.4225047756111164;;;;;;;;;;;;;;;;;;;;;;;;;;;;;;;;;;;;;;;;;
4;PLS-DA;650;B1_CD202_NIRRIG_REPROD00002.asd;B1;CD202;NIRRIG;D05M;manha;D05;NIRRIG;NIRRIG;0.6930944270984727;True;;;;;;;;-1.462726518631765;-1.4707339988518446;;;;;;;;;;;;;;;;;;;;;;;;;;;;;;;;;0.8232946803500274;0.773151143148035;-1.42054448291607;;;;;;;;;;;;;;;;;;;;;;;;;;;;;;;;;;;;;;;;;
4;PLS-DA;651;B1_CD202_NIRRIG_REPROD00003.asd;B1;CD202;NIRRIG;D05M;manha;D05;NIRRIG;NIRRIG;0.6961424216449682;True;;;;;;;;-1.4627461729224132;-1.470416689975727;;;;;;;;;;;;;;;;;;;;;;;;;;;;;;;;;0.8221582460046107;0.7723974066510378;-1.419393995117358;;;;;;;;;;;;;;;;;;;;;;;;;;;;;;;;;;;;;;;;;
4;PLS-DA;652;B1_CD202_NIRRIG_REPROD00004.asd;B1;CD202;NIRRIG;D05M;manha;D05;NIRRIG;NIRRIG;0.6388567980298528;True;;;;;;;;-1.4793578941017864;-1.4834300999025636;;;;;;;;;;;;;;;;;;;;;;;;;;;;;;;;;0.8321532924148972;0.7661082237581474;-1.452637621775666;;;;;;;;;;;;;;;;;;;;;;;;;;;;;;;;;;;;;;;;;
4;PLS-DA;653;B1_CD202_NIRRIG_REPROD00005.asd;B1;CD202;NIRRIG;D05M;manha;D05;NIRRIG;NIRRIG;0.6372627026135348;True;;;;;;;;-1.479431846173624;-1.4843126103307374;;;;;;;;;;;;;;;;;;;;;;;;;;;;;;;;;0.8326062701621612;0.7672026907560656;-1.452527081230703;;;;;;;;;;;;;;;;;;;;;;;;;;;;;;;;;;;;;;;;;
4;PLS-DA;654;B1_CD202_NIRRIG_REPROD00006.asd;B1;CD202;NIRRIG;D05M;manha;D05;NIRRIG;NIRRIG;0.6330002107148465;True;;;;;;;;-1.480202332914568;-1.4856686446218033;;;;;;;;;;;;;;;;;;;;;;;;;;;;;;;;;0.8337034783973065;0.768698818674071;-1.4532762643575785;;;;;;;;;;;;;;;;;;;;;;;;;;;;;;;;;;;;;;;;;
4;PLS-DA;655;B1_CD202_NIRRIG_REPROD00007.asd;B1;CD202;NIRRIG;D05M;manha;D05;NIRRIG;NIRRIG;0.6317461338311309;True;;;;;;;;-1.4811840014661748;-1.4856867587318454;;;;;;;;;;;;;;;;;;;;;;;;;;;;;;;;;0.8340275243118187;0.7694280222721739;-1.4530643056983705;;;;;;;;;;;;;;;;;;;;;;;;;;;;;;;;;;;;;;;;;
4;RandomForest;640;B1_CD202_IRRIG_REPROD00000.asd;B1;CD202;IRRIG;D05M;manha;D05;IRRIG;IRRIG;0.0;True;;;;;;;;-1.5682865563651631;-1.5708420338022233;;;;;;;;;;;;;;;;;;;;;;;;;;;;;;;;;0.8312430548598587;0.7651934889343344;-1.5411853295420788;;;;;;;;;;;;;;;;;;;;;;;;;;;;;;;;;;;;;;;;;
4;RandomForest;641;B1_CD202_IRRIG_REPROD00001.asd;B1;CD202;IRRIG;D05M;manha;D05;IRRIG;IRRIG;0.0;True;;;;;;;;-1.5728080141305703;-1.5754200110265464;;;;;;;;;;;;;;;;;;;;;;;;;;;;;;;;;0.8328609782363516;0.7673670953648561;-1.545604134474625;;;;;;;;;;;;;;;;;;;;;;;;;;;;;;;;;;;;;;;;;
4;RandomForest;642;B1_CD202_IRRIG_REPROD00002.asd;B1;CD202;IRRIG;D05M;manha;D05;IRRIG;IRRIG;0.0;True;;;;;;;;-1.5792322853189733;-1.5813333179700837;;;;;;;;;;;;;;;;;;;;;;;;;;;;;;;;;0.8340040974418417;0.769029999682459;-1.5512960475978326;;;;;;;;;;;;;;;;;;;;;;;;;;;;;;;;;;;;;;;;;
4;RandomForest;643;B1_CD202_IRRIG_REPROD00003.asd;B1;CD202;IRRIG;D05M;manha;D05;IRRIG;IRRIG;0.0;True;;;;;;;;-1.5843694701324575;-1.585896544755993;;;;;;;;;;;;;;;;;;;;;;;;;;;;;;;;;0.8339453986353292;0.7687951965014596;-1.5561940624354236;;;;;;;;;;;;;;;;;;;;;;;;;;;;;;;;;;;;;;;;;
4;RandomForest;644;B1_CD202_IRRIG_REPROD00004.asd;B1;CD202;IRRIG;D05M;manha;D05;IRRIG;IRRIG;0.014;True;;;;;;;;-1.5442425559101844;-1.5443643788607422;;;;;;;;;;;;;;;;;;;;;;;;;;;;;;;;;0.8503916195374323;0.7983341561424351;-1.509631053214796;;;;;;;;;;;;;;;;;;;;;;;;;;;;;;;;;;;;;;;;;
4;RandomForest;645;B1_CD202_IRRIG_REPROD00005.asd;B1;CD202;IRRIG;D05M;manha;D05;IRRIG;IRRIG;0.0;True;;;;;;;;-1.5482987772048784;-1.5487448706170002;;;;;;;;;;;;;;;;;;;;;;;;;;;;;;;;;0.8493593182879507;0.7969481916710857;-1.5137957985615702;;;;;;;;;;;;;;;;;;;;;;;;;;;;;;;;;;;;;;;;;
4;RandomForest;646;B1_CD202_IRRIG_REPROD00006.asd;B1;CD202;IRRIG;D05M;manha;D05;IRRIG;IRRIG;0.0;True;;;;;;;;-1.5513494469003777;-1.550981849501439;;;;;;;;;;;;;;;;;;;;;;;;;;;;;;;;;0.850279569357826;0.7980942021239166;-1.5168295561642717;;;;;;;;;;;;;;;;;;;;;;;;;;;;;;;;;;;;;;;;;
4;RandomForest;647;B1_CD202_IRRIG_REPROD00007.asd;B1;CD202;IRRIG;D05M;manha;D05;IRRIG;IRRIG;0.0;True;;;;;;;;-1.5546550782454904;-1.5544553199116777;;;;;;;;;;;;;;;;;;;;;;;;;;;;;;;;;0.850964878222366;0.7990144335139946;-1.5196938384662064;;;;;;;;;;;;;;;;;;;;;;;;;;;;;;;;;;;;;;;;;
4;RandomForest;648;B1_CD202_NIRRIG_REPROD00000.asd;B1;CD202;NIRRIG;D05M;manha;D05;NIRRIG;NIRRIG;1.0;True;;;;;;;;-1.4665659983070212;-1.4737451434614406;;;;;;;;;;;;;;;;;;;;;;;;;;;;;;;;;0.8245340302015413;0.7742136120411924;-1.4241075256551432;;;;;;;;;;;;;;;;;;;;;;;;;;;;;;;;;;;;;;;;;
4;RandomForest;649;B1_CD202_NIRRIG_REPROD00001.asd;B1;CD202;NIRRIG;D05M;manha;D05;NIRRIG;NIRRIG;1.0;True;;;;;;;;-1.4649373218225061;-1.4726186612900405;;;;;;;;;;;;;;;;;;;;;;;;;;;;;;;;;0.8237261560886835;0.7731528533638202;-1.4225047756111164;;;;;;;;;;;;;;;;;;;;;;;;;;;;;;;;;;;;;;;;;
4;RandomForest;650;B1_CD202_NIRRIG_REPROD00002.asd;B1;CD202;NIRRIG;D05M;manha;D05;NIRRIG;NIRRIG;1.0;True;;;;;;;;-1.462726518631765;-1.4707339988518446;;;;;;;;;;;;;;;;;;;;;;;;;;;;;;;;;0.8232946803500274;0.773151143148035;-1.42054448291607;;;;;;;;;;;;;;;;;;;;;;;;;;;;;;;;;;;;;;;;;
4;RandomForest;651;B1_CD202_NIRRIG_REPROD00003.asd;B1;CD202;NIRRIG;D05M;manha;D05;NIRRIG;NIRRIG;1.0;True;;;;;;;;-1.4627461729224132;-1.470416689975727;;;;;;;;;;;;;;;;;;;;;;;;;;;;;;;;;0.8221582460046107;0.7723974066510378;-1.419393995117358;;;;;;;;;;;;;;;;;;;;;;;;;;;;;;;;;;;;;;;;;
4;RandomForest;652;B1_CD202_NIRRIG_REPROD00004.asd;B1;CD202;NIRRIG;D05M;manha;D05;NIRRIG;NIRRIG;0.992;True;;;;;;;;-1.4793578941017864;-1.4834300999025636;;;;;;;;;;;;;;;;;;;;;;;;;;;;;;;;;0.8321532924148972;0.7661082237581474;-1.452637621775666;;;;;;;;;;;;;;;;;;;;;;;;;;;;;;;;;;;;;;;;;
4;RandomForest;653;B1_CD202_NIRRIG_REPROD00005.asd;B1;CD202;NIRRIG;D05M;manha;D05;NIRRIG;NIRRIG;0.992;True;;;;;;;;-1.479431846173624;-1.4843126103307374;;;;;;;;;;;;;;;;;;;;;;;;;;;;;;;;;0.8326062701621612;0.7672026907560656;-1.452527081230703;;;;;;;;;;;;;;;;;;;;;;;;;;;;;;;;;;;;;;;;;
4;RandomForest;654;B1_CD202_NIRRIG_REPROD00006.asd;B1;CD202;NIRRIG;D05M;manha;D05;NIRRIG;NIRRIG;0.994;True;;;;;;;;-1.480202332914568;-1.4856686446218033;;;;;;;;;;;;;;;;;;;;;;;;;;;;;;;;;0.8337034783973065;0.768698818674071;-1.4532762643575785;;;;;;;;;;;;;;;;;;;;;;;;;;;;;;;;;;;;;;;;;
4;RandomForest;655;B1_CD202_NIRRIG_REPROD00007.asd;B1;CD202;NIRRIG;D05M;manha;D05;NIRRIG;NIRRIG;0.994;True;;;;;;;;-1.4811840014661748;-1.4856867587318454;;;;;;;;;;;;;;;;;;;;;;;;;;;;;;;;;0.8340275243118187;0.7694280222721739;-1.4530643056983705;;;;;;;;;;;;;;;;;;;;;;;;;;;;;;;;;;;;;;;;;
1;PLS-DA;752;B4_EMB48_IRRIG_REPROD00000.asd;B4;EMB48;IRRIG;D05M;manha;D05;IRRIG;IRRIG;0.4124275359957303;True;;;;;;;;;;;;;;;;;;;;;;;;-0.27520625208322036;;0.7238298908624656;;;;;;;;;;;;;;;;;;;0.6663258979915345;0.7836458587074727;-0.04668647779155583;;;;;;;;;;;;;;;;;;;;;;;;;;;;;;;;;;;;;;
1;PLS-DA;753;B4_EMB48_IRRIG_REPROD00001.asd;B4;EMB48;IRRIG;D05M;manha;D05;IRRIG;IRRIG;0.40678758243691787;True;;;;;;;;;;;;;;;;;;;;;;;;-0.27142148720431947;;0.7252460868842225;;;;;;;;;;;;;;;;;;;0.6674825315161556;0.7847152797695872;-0.04309046051181153;;;;;;;;;;;;;;;;;;;;;;;;;;;;;;;;;;;;;;
1;PLS-DA;754;B4_EMB48_IRRIG_REPROD00002.asd;B4;EMB48;IRRIG;D05M;manha;D05;IRRIG;IRRIG;0.3990695012270753;True;;;;;;;;;;;;;;;;;;;;;;;;-0.2704305117210514;;0.726688644469965;;;;;;;;;;;;;;;;;;;0.669007781334143;0.7863861261559284;-0.042583063789209515;;;;;;;;;;;;;;;;;;;;;;;;;;;;;;;;;;;;;;
1;PLS-DA;755;B4_EMB48_IRRIG_REPROD00003.asd;B4;EMB48;IRRIG;D05M;manha;D05;IRRIG;IRRIG;0.4096378438788213;True;;;;;;;;;;;;;;;;;;;;;;;;-0.264933277141824;;0.7249430958318898;;;;;;;;;;;;;;;;;;;0.6672486525736099;0.7841154217362146;-0.03712676372993245;;;;;;;;;;;;;;;;;;;;;;;;;;;;;;;;;;;;;;
1;PLS-DA;756;B4_EMB48_IRRIG_REPROD00004.asd;B4;EMB48;IRRIG;D05M;manha;D05;IRRIG;IRRIG;0.4555843251786012;True;;;;;;;;;;;;;;;;;;;;;;;;-0.2012359628269326;;0.7144214496721093;;;;;;;;;;;;;;;;;;;0.6551377579456377;0.7756968026366554;0.027027354790631855;;;;;;;;;;;;;;;;;;;;;;;;;;;;;;;;;;;;;;
1;PLS-DA;757;B4_EMB48_IRRIG_REPROD00005.asd;B4;EMB48;IRRIG;D05M;manha;D05;IRRIG;IRRIG;0.4520113333695749;True;;;;;;;;;;;;;;;;;;;;;;;;-0.19912125689899154;;0.715294987160417;;;;;;;;;;;;;;;;;;;0.6559901467041199;0.7763783999781033;0.028791160470607723;;;;;;;;;;;;;;;;;;;;;;;;;;;;;;;;;;;;;;
1;PLS-DA;758;B4_EMB48_IRRIG_REPROD00006.asd;B4;EMB48;IRRIG;D05M;manha;D05;IRRIG;IRRIG;0.4477237168745867;True;;;;;;;;;;;;;;;;;;;;;;;;-0.19992772678198245;;0.7162441246355008;;;;;;;;;;;;;;;;;;;0.657117448548973;0.7772275028333846;0.027424877220057018;;;;;;;;;;;;;;;;;;;;;;;;;;;;;;;;;;;;;;
1;PLS-DA;759;B4_EMB48_IRRIG_REPROD00007.asd;B4;EMB48;IRRIG;D05M;manha;D05;IRRIG;IRRIG;0.4491311011360216;True;;;;;;;;;;;;;;;;;;;;;;;;-0.19801581784920952;;0.7157693360612927;;;;;;;;;;;;;;;;;;;0.6565694368869246;0.7770210014543278;0.029308888615762994;;;;;;;;;;;;;;;;;;;;;;;;;;;;;;;;;;;;;;
1;PLS-DA;760;B4_EMB48_NIRRIG_REPROD00000.asd;B4;EMB48;NIRRIG;D05M;manha;D05;NIRRIG;NIRRIG;0.5613299103214311;True;;;;;;;;;;;;;;;;;;;;;;;;-0.29360709589379674;;0.7028831585923193;;;;;;;;;;;;;;;;;;;0.6560361748308194;0.7522936247796206;-0.06550390971545729;;;;;;;;;;;;;;;;;;;;;;;;;;;;;;;;;;;;;;
1;PLS-DA;761;B4_EMB48_NIRRIG_REPROD00001.asd;B4;EMB48;NIRRIG;D05M;manha;D05;NIRRIG;NIRRIG;0.564762507697971;True;;;;;;;;;;;;;;;;;;;;;;;;-0.29337961286796765;;0.7024757469936931;;;;;;;;;;;;;;;;;;;0.6557780144188322;0.7515286979976239;-0.06528772500900751;;;;;;;;;;;;;;;;;;;;;;;;;;;;;;;;;;;;;;
1;PLS-DA;762;B4_EMB48_NIRRIG_REPROD00002.asd;B4;EMB48;NIRRIG;D05M;manha;D05;NIRRIG;NIRRIG;0.5652706517482357;True;;;;;;;;;;;;;;;;;;;;;;;;-0.29272538652243085;;0.7025339295402474;;;;;;;;;;;;;;;;;;;0.6561706960561079;0.7514323142551808;-0.06509533084791158;;;;;;;;;;;;;;;;;;;;;;;;;;;;;;;;;;;;;;
1;PLS-DA;763;B4_EMB48_NIRRIG_REPROD00003.asd;B4;EMB48;NIRRIG;D05M;manha;D05;NIRRIG;NIRRIG;0.569761764213896;True;;;;;;;;;;;;;;;;;;;;;;;;-0.29057822856301063;;0.7023142368377852;;;;;;;;;;;;;;;;;;;0.6564171948490134;0.7503859708154744;-0.0632276162198573;;;;;;;;;;;;;;;;;;;;;;;;;;;;;;;;;;;;;;
1;PLS-DA;764;B4_EMB48_NIRRIG_REPROD00004.asd;B4;EMB48;NIRRIG;D05M;manha;D05;NIRRIG;IRRIG;0.4782499809108838;False;;;;;;;;;;;;;;;;;;;;;;;;-0.3434232121904502;;0.723565443344945;;;;;;;;;;;;;;;;;;;0.6806751151961234;0.7675419797457719;-0.11515880643915562;;;;;;;;;;;;;;;;;;;;;;;;;;;;;;;;;;;;;;
1;PLS-DA;765;B4_EMB48_NIRRIG_REPROD00005.asd;B4;EMB48;NIRRIG;D05M;manha;D05;NIRRIG;IRRIG;0.4877304522457754;False;;;;;;;;;;;;;;;;;;;;;;;;-0.3375294788110598;;0.7223599849639998;;;;;;;;;;;;;;;;;;;0.6801572463895619;0.7656018592357718;-0.10947265083603029;;;;;;;;;;;;;;;;;;;;;;;;;;;;;;;;;;;;;;
1;PLS-DA;766;B4_EMB48_NIRRIG_REPROD00006.asd;B4;EMB48;NIRRIG;D05M;manha;D05;NIRRIG;IRRIG;0.49282804981636663;False;;;;;;;;;;;;;;;;;;;;;;;;-0.3364566263466075;;0.7219598595809998;;;;;;;;;;;;;;;;;;;0.6803711234741917;0.7644889121999194;-0.10896583321840335;;;;;;;;;;;;;;;;;;;;;;;;;;;;;;;;;;;;;;
1;PLS-DA;767;B4_EMB48_NIRRIG_REPROD00007.asd;B4;EMB48;NIRRIG;D05M;manha;D05;NIRRIG;NIRRIG;0.5163546190053577;True;;;;;;;;;;;;;;;;;;;;;;;;-0.32510552241396184;;0.7177956606045899;;;;;;;;;;;;;;;;;;;0.6771131726905997;0.7599172582535233;-0.09731839064194378;;;;;;;;;;;;;;;;;;;;;;;;;;;;;;;;;;;;;;
1;RandomForest;752;B4_EMB48_IRRIG_REPROD00000.asd;B4;EMB48;IRRIG;D05M;manha;D05;IRRIG;IRRIG;0.002;True;;;;;;;;;;;;;;;;;;;;;;;;-0.27520625208322036;;0.7238298908624656;;;;;;;;;;;;;;;;;;;0.6663258979915345;0.7836458587074727;-0.04668647779155583;;;;;;;;;;;;;;;;;;;;;;;;;;;;;;;;;;;;;;
1;RandomForest;753;B4_EMB48_IRRIG_REPROD00001.asd;B4;EMB48;IRRIG;D05M;manha;D05;IRRIG;IRRIG;0.002;True;;;;;;;;;;;;;;;;;;;;;;;;-0.27142148720431947;;0.7252460868842225;;;;;;;;;;;;;;;;;;;0.6674825315161556;0.7847152797695872;-0.04309046051181153;;;;;;;;;;;;;;;;;;;;;;;;;;;;;;;;;;;;;;
1;RandomForest;754;B4_EMB48_IRRIG_REPROD00002.asd;B4;EMB48;IRRIG;D05M;manha;D05;IRRIG;IRRIG;0.002;True;;;;;;;;;;;;;;;;;;;;;;;;-0.2704305117210514;;0.726688644469965;;;;;;;;;;;;;;;;;;;0.669007781334143;0.7863861261559284;-0.042583063789209515;;;;;;;;;;;;;;;;;;;;;;;;;;;;;;;;;;;;;;
1;RandomForest;755;B4_EMB48_IRRIG_REPROD00003.asd;B4;EMB48;IRRIG;D05M;manha;D05;IRRIG;IRRIG;0.002;True;;;;;;;;;;;;;;;;;;;;;;;;-0.264933277141824;;0.7249430958318898;;;;;;;;;;;;;;;;;;;0.6672486525736099;0.7841154217362146;-0.03712676372993245;;;;;;;;;;;;;;;;;;;;;;;;;;;;;;;;;;;;;;
1;RandomForest;756;B4_EMB48_IRRIG_REPROD00004.asd;B4;EMB48;IRRIG;D05M;manha;D05;IRRIG;NIRRIG;0.73;False;;;;;;;;;;;;;;;;;;;;;;;;-0.2012359628269326;;0.7144214496721093;;;;;;;;;;;;;;;;;;;0.6551377579456377;0.7756968026366554;0.027027354790631855;;;;;;;;;;;;;;;;;;;;;;;;;;;;;;;;;;;;;;
1;RandomForest;757;B4_EMB48_IRRIG_REPROD00005.asd;B4;EMB48;IRRIG;D05M;manha;D05;IRRIG;NIRRIG;0.694;False;;;;;;;;;;;;;;;;;;;;;;;;-0.19912125689899154;;0.715294987160417;;;;;;;;;;;;;;;;;;;0.6559901467041199;0.7763783999781033;0.028791160470607723;;;;;;;;;;;;;;;;;;;;;;;;;;;;;;;;;;;;;;
1;RandomForest;758;B4_EMB48_IRRIG_REPROD00006.asd;B4;EMB48;IRRIG;D05M;manha;D05;IRRIG;NIRRIG;0.666;False;;;;;;;;;;;;;;;;;;;;;;;;-0.19992772678198245;;0.7162441246355008;;;;;;;;;;;;;;;;;;;0.657117448548973;0.7772275028333846;0.027424877220057018;;;;;;;;;;;;;;;;;;;;;;;;;;;;;;;;;;;;;;
1;RandomForest;759;B4_EMB48_IRRIG_REPROD00007.asd;B4;EMB48;IRRIG;D05M;manha;D05;IRRIG;NIRRIG;0.67;False;;;;;;;;;;;;;;;;;;;;;;;;-0.19801581784920952;;0.7157693360612927;;;;;;;;;;;;;;;;;;;0.6565694368869246;0.7770210014543278;0.029308888615762994;;;;;;;;;;;;;;;;;;;;;;;;;;;;;;;;;;;;;;
1;RandomForest;760;B4_EMB48_NIRRIG_REPROD00000.asd;B4;EMB48;NIRRIG;D05M;manha;D05;NIRRIG;IRRIG;0.218;False;;;;;;;;;;;;;;;;;;;;;;;;-0.29360709589379674;;0.7028831585923193;;;;;;;;;;;;;;;;;;;0.6560361748308194;0.7522936247796206;-0.06550390971545729;;;;;;;;;;;;;;;;;;;;;;;;;;;;;;;;;;;;;;
1;RandomForest;761;B4_EMB48_NIRRIG_REPROD00001.asd;B4;EMB48;NIRRIG;D05M;manha;D05;NIRRIG;IRRIG;0.218;False;;;;;;;;;;;;;;;;;;;;;;;;-0.29337961286796765;;0.7024757469936931;;;;;;;;;;;;;;;;;;;0.6557780144188322;0.7515286979976239;-0.06528772500900751;;;;;;;;;;;;;;;;;;;;;;;;;;;;;;;;;;;;;;
1;RandomForest;762;B4_EMB48_NIRRIG_REPROD00002.asd;B4;EMB48;NIRRIG;D05M;manha;D05;NIRRIG;IRRIG;0.218;False;;;;;;;;;;;;;;;;;;;;;;;;-0.29272538652243085;;0.7025339295402474;;;;;;;;;;;;;;;;;;;0.6561706960561079;0.7514323142551808;-0.06509533084791158;;;;;;;;;;;;;;;;;;;;;;;;;;;;;;;;;;;;;;
1;RandomForest;763;B4_EMB48_NIRRIG_REPROD00003.asd;B4;EMB48;NIRRIG;D05M;manha;D05;NIRRIG;IRRIG;0.218;False;;;;;;;;;;;;;;;;;;;;;;;;-0.29057822856301063;;0.7023142368377852;;;;;;;;;;;;;;;;;;;0.6564171948490134;0.7503859708154744;-0.0632276162198573;;;;;;;;;;;;;;;;;;;;;;;;;;;;;;;;;;;;;;
1;RandomForest;764;B4_EMB48_NIRRIG_REPROD00004.asd;B4;EMB48;NIRRIG;D05M;manha;D05;NIRRIG;IRRIG;0.148;False;;;;;;;;;;;;;;;;;;;;;;;;-0.3434232121904502;;0.723565443344945;;;;;;;;;;;;;;;;;;;0.6806751151961234;0.7675419797457719;-0.11515880643915562;;;;;;;;;;;;;;;;;;;;;;;;;;;;;;;;;;;;;;
1;RandomForest;765;B4_EMB48_NIRRIG_REPROD00005.asd;B4;EMB48;NIRRIG;D05M;manha;D05;NIRRIG;IRRIG;0.152;False;;;;;;;;;;;;;;;;;;;;;;;;-0.3375294788110598;;0.7223599849639998;;;;;;;;;;;;;;;;;;;0.6801572463895619;0.7656018592357718;-0.10947265083603029;;;;;;;;;;;;;;;;;;;;;;;;;;;;;;;;;;;;;;
1;RandomForest;766;B4_EMB48_NIRRIG_REPROD00006.asd;B4;EMB48;NIRRIG;D05M;manha;D05;NIRRIG;IRRIG;0.152;False;;;;;;;;;;;;;;;;;;;;;;;;-0.3364566263466075;;0.7219598595809998;;;;;;;;;;;;;;;;;;;0.6803711234741917;0.7644889121999194;-0.10896583321840335;;;;;;;;;;;;;;;;;;;;;;;;;;;;;;;;;;;;;;
1;RandomForest;767;B4_EMB48_NIRRIG_REPROD00007.asd;B4;EMB48;NIRRIG;D05M;manha;D05;NIRRIG;IRRIG;0.116;False;;;;;;;;;;;;;;;;;;;;;;;;-0.32510552241396184;;0.7177956606045899;;;;;;;;;;;;;;;;;;;0.6771131726905997;0.7599172582535233;-0.09731839064194378;;;;;;;;;;;;;;;;;;;;;;;;;;;;;;;;;;;;;;
2;PLS-DA;736;B3_EMB48_IRRIG_REPROD00000.asd;B3;EMB48;IRRIG;D05M;manha;D05;IRRIG;IRRIG;0.4869715395686834;True;;;;;;;;;;;;;;;;;;;;;;;;-0.24984737683422928;;0.7099759562955417;;;;;;;;;;;;;;;;;;;0.6504030681629986;0.7722547819047967;-0.025156282737267516;;;;;;;;;;;;;;;;;;;;;;;;;;;;;;;;;;;;;;
2;PLS-DA;737;B3_EMB48_IRRIG_REPROD00001.asd;B3;EMB48;IRRIG;D05M;manha;D05;IRRIG;IRRIG;0.47371527738561736;True;;;;;;;;;;;;;;;;;;;;;;;;-0.24643691186188837;;0.7125459048977891;;;;;;;;;;;;;;;;;;;0.6530094334576574;0.7742607031176487;-0.02189833789715456;;;;;;;;;;;;;;;;;;;;;;;;;;;;;;;;;;;;;;
2;PLS-DA;738;B3_EMB48_IRRIG_REPROD00002.asd;B3;EMB48;IRRIG;D05M;manha;D05;IRRIG;IRRIG;0.46625672444013094;True;;;;;;;;;;;;;;;;;;;;;;;;-0.24155585819320935;;0.7136673870883042;;;;;;;;;;;;;;;;;;;0.6544225240984343;0.7754038936687715;-0.017064821085234112;;;;;;;;;;;;;;;;;;;;;;;;;;;;;;;;;;;;;;
2;PLS-DA;739;B3_EMB48_IRRIG_REPROD00003.asd;B3;EMB48;IRRIG;D05M;manha;D05;IRRIG;IRRIG;0.4573493083982876;True;;;;;;;;;;;;;;;;;;;;;;;;-0.2393071421573223;;0.7154460588245135;;;;;;;;;;;;;;;;;;;0.6561963760818366;0.7767381467565497;-0.014957829713307393;;;;;;;;;;;;;;;;;;;;;;;;;;;;;;;;;;;;;;
2;PLS-DA;740;B3_EMB48_IRRIG_REPROD00004.asd;B3;EMB48;IRRIG;D05M;manha;D05;IRRIG;IRRIG;0.4466863994728101;True;;;;;;;;;;;;;;;;;;;;;;;;-0.28693187083675215;;0.7237665431054915;;;;;;;;;;;;;;;;;;;0.6710974607474003;0.7779866973337713;-0.058542973836622055;;;;;;;;;;;;;;;;;;;;;;;;;;;;;;;;;;;;;;
2;PLS-DA;741;B3_EMB48_IRRIG_REPROD00005.asd;B3;EMB48;IRRIG;D05M;manha;D05;IRRIG;IRRIG;0.4008252114021261;True;;;;;;;;;;;;;;;;;;;;;;;;-0.31013608108020263;;0.7334754966254664;;;;;;;;;;;;;;;;;;;0.6810533079189223;0.7867138120596893;-0.08303303842610585;;;;;;;;;;;;;;;;;;;;;;;;;;;;;;;;;;;;;;
2;PLS-DA;742;B3_EMB48_IRRIG_REPROD00006.asd;B3;EMB48;IRRIG;D05M;manha;D05;IRRIG;IRRIG;0.3881128861891585;True;;;;;;;;;;;;;;;;;;;;;;;;-0.3111789301342194;;0.7362955348544772;;;;;;;;;;;;;;;;;;;0.6837875941760806;0.788845664688167;-0.08447304990154067;;;;;;;;;;;;;;;;;;;;;;;;;;;;;;;;;;;;;;
2;PLS-DA;743;B3_EMB48_IRRIG_REPROD00007.asd;B3;EMB48;IRRIG;D05M;manha;D05;IRRIG;IRRIG;0.39122029018778165;True;;;;;;;;;;;;;;;;;;;;;;;;-0.305272158864906;;0.7354519953692923;;;;;;;;;;;;;;;;;;;0.6831531646847985;0.7880907633366375;-0.07823486398773771;;;;;;;;;;;;;;;;;;;;;;;;;;;;;;;;;;;;;;
2;PLS-DA;744;B3_EMB48_NIRRIG_REPROD00000.asd;B3;EMB48;NIRRIG;D05M;manha;D05;NIRRIG;NIRRIG;0.5873199988238459;True;;;;;;;;;;;;;;;;;;;;;;;;-0.21706702138944245;;0.7012521941477402;;;;;;;;;;;;;;;;;;;0.6561489834968237;0.7487405071834793;0.005763662356045283;;;;;;;;;;;;;;;;;;;;;;;;;;;;;;;;;;;;;;
2;PLS-DA;745;B3_EMB48_NIRRIG_REPROD00001.asd;B3;EMB48;NIRRIG;D05M;manha;D05;NIRRIG;NIRRIG;0.5815751310520318;True;;;;;;;;;;;;;;;;;;;;;;;;-0.2231326851326369;;0.7033106766390518;;;;;;;;;;;;;;;;;;;0.6589842319809587;0.749581986924318;0.00030797928742560247;;;;;;;;;;;;;;;;;;;;;;;;;;;;;;;;;;;;;;
2;PLS-DA;746;B3_EMB48_NIRRIG_REPROD00002.asd;B3;EMB48;NIRRIG;D05M;manha;D05;NIRRIG;NIRRIG;0.5895857467867653;True;;;;;;;;;;;;;;;;;;;;;;;;-0.2207750105391464;;0.7016160371292489;;;;;;;;;;;;;;;;;;;0.65716285819927;0.7481380495010378;0.0027845125006971173;;;;;;;;;;;;;;;;;;;;;;;;;;;;;;;;;;;;;;
2;PLS-DA;747;B3_EMB48_NIRRIG_REPROD00003.asd;B3;EMB48;NIRRIG;D05M;manha;D05;NIRRIG;NIRRIG;0.5957438790005845;True;;;;;;;;;;;;;;;;;;;;;;;;-0.22076668739060487;;0.7007724660500625;;;;;;;;;;;;;;;;;;;0.6566331076633005;0.746888781861615;0.003102234493143605;;;;;;;;;;;;;;;;;;;;;;;;;;;;;;;;;;;;;;
2;PLS-DA;748;B3_EMB48_NIRRIG_REPROD00004.asd;B3;EMB48;NIRRIG;D05M;manha;D05;NIRRIG;NIRRIG;0.5810918403457133;True;;;;;;;;;;;;;;;;;;;;;;;;-0.11883144113771815;;0.7019790234999926;;;;;;;;;;;;;;;;;;;0.6604086977284178;0.7450615425721858;0.09603799880645954;;;;;;;;;;;;;;;;;;;;;;;;;;;;;;;;;;;;;;
2;PLS-DA;749;B3_EMB48_NIRRIG_REPROD00005.asd;B3;EMB48;NIRRIG;D05M;manha;D05;NIRRIG;NIRRIG;0.5706952577564195;True;;;;;;;;;;;;;;;;;;;;;;;;-0.1253538188444395;;0.7046506365266685;;;;;;;;;;;;;;;;;;;0.6636657844893362;0.7468653486892982;0.0897575562178232;;;;;;;;;;;;;;;;;;;;;;;;;;;;;;;;;;;;;;
2;PLS-DA;750;B3_EMB48_NIRRIG_REPROD00006.asd;B3;EMB48;NIRRIG;D05M;manha;D05;NIRRIG;NIRRIG;0.5700499348824791;True;;;;;;;;;;;;;;;;;;;;;;;;-0.12791709066571075;;0.7052302188879762;;;;;;;;;;;;;;;;;;;0.6642529375596572;0.7468798703661259;0.08730585202464275;;;;;;;;;;;;;;;;;;;;;;;;;;;;;;;;;;;;;;
2;PLS-DA;751;B3_EMB48_NIRRIG_REPROD00007.asd;B3;EMB48;NIRRIG;D05M;manha;D05;NIRRIG;NIRRIG;0.593534103682556;True;;;;;;;;;;;;;;;;;;;;;;;;-0.11848193209698638;;0.7003262011532024;;;;;;;;;;;;;;;;;;;0.659114818999565;0.742506927954341;0.09674092929607096;;;;;;;;;;;;;;;;;;;;;;;;;;;;;;;;;;;;;;
2;RandomForest;736;B3_EMB48_IRRIG_REPROD00000.asd;B3;EMB48;IRRIG;D05M;manha;D05;IRRIG;IRRIG;0.102;True;;;;;;;;;;;;;;;;;;;;;;;;-0.24984737683422928;;0.7099759562955417;;;;;;;;;;;;;;;;;;;0.6504030681629986;0.7722547819047967;-0.025156282737267516;;;;;;;;;;;;;;;;;;;;;;;;;;;;;;;;;;;;;;
2;RandomForest;737;B3_EMB48_IRRIG_REPROD00001.asd;B3;EMB48;IRRIG;D05M;manha;D05;IRRIG;IRRIG;0.144;True;;;;;;;;;;;;;;;;;;;;;;;;-0.24643691186188837;;0.7125459048977891;;;;;;;;;;;;;;;;;;;0.6530094334576574;0.7742607031176487;-0.02189833789715456;;;;;;;;;;;;;;;;;;;;;;;;;;;;;;;;;;;;;;
2;RandomForest;738;B3_EMB48_IRRIG_REPROD00002.asd;B3;EMB48;IRRIG;D05M;manha;D05;IRRIG;IRRIG;0.092;True;;;;;;;;;;;;;;;;;;;;;;;;-0.24155585819320935;;0.7136673870883042;;;;;;;;;;;;;;;;;;;0.6544225240984343;0.7754038936687715;-0.017064821085234112;;;;;;;;;;;;;;;;;;;;;;;;;;;;;;;;;;;;;;
2;RandomForest;739;B3_EMB48_IRRIG_REPROD00003.asd;B3;EMB48;IRRIG;D05M;manha;D05;IRRIG;IRRIG;0.022;True;;;;;;;;;;;;;;;;;;;;;;;;-0.2393071421573223;;0.7154460588245135;;;;;;;;;;;;;;;;;;;0.6561963760818366;0.7767381467565497;-0.014957829713307393;;;;;;;;;;;;;;;;;;;;;;;;;;;;;;;;;;;;;;
2;RandomForest;740;B3_EMB48_IRRIG_REPROD00004.asd;B3;EMB48;IRRIG;D05M;manha;D05;IRRIG;IRRIG;0.016;True;;;;;;;;;;;;;;;;;;;;;;;;-0.28693187083675215;;0.7237665431054915;;;;;;;;;;;;;;;;;;;0.6710974607474003;0.7779866973337713;-0.058542973836622055;;;;;;;;;;;;;;;;;;;;;;;;;;;;;;;;;;;;;;
2;RandomForest;741;B3_EMB48_IRRIG_REPROD00005.asd;B3;EMB48;IRRIG;D05M;manha;D05;IRRIG;IRRIG;0.02;True;;;;;;;;;;;;;;;;;;;;;;;;-0.31013608108020263;;0.7334754966254664;;;;;;;;;;;;;;;;;;;0.6810533079189223;0.7867138120596893;-0.08303303842610585;;;;;;;;;;;;;;;;;;;;;;;;;;;;;;;;;;;;;;
2;RandomForest;742;B3_EMB48_IRRIG_REPROD00006.asd;B3;EMB48;IRRIG;D05M;manha;D05;IRRIG;IRRIG;0.016;True;;;;;;;;;;;;;;;;;;;;;;;;-0.3111789301342194;;0.7362955348544772;;;;;;;;;;;;;;;;;;;0.6837875941760806;0.788845664688167;-0.08447304990154067;;;;;;;;;;;;;;;;;;;;;;;;;;;;;;;;;;;;;;
2;RandomForest;743;B3_EMB48_IRRIG_REPROD00007.asd;B3;EMB48;IRRIG;D05M;manha;D05;IRRIG;IRRIG;0.016;True;;;;;;;;;;;;;;;;;;;;;;;;-0.305272158864906;;0.7354519953692923;;;;;;;;;;;;;;;;;;;0.6831531646847985;0.7880907633366375;-0.07823486398773771;;;;;;;;;;;;;;;;;;;;;;;;;;;;;;;;;;;;;;
2;RandomForest;744;B3_EMB48_NIRRIG_REPROD00000.asd;B3;EMB48;NIRRIG;D05M;manha;D05;NIRRIG;NIRRIG;0.634;True;;;;;;;;;;;;;;;;;;;;;;;;-0.21706702138944245;;0.7012521941477402;;;;;;;;;;;;;;;;;;;0.6561489834968237;0.7487405071834793;0.005763662356045283;;;;;;;;;;;;;;;;;;;;;;;;;;;;;;;;;;;;;;
2;RandomForest;745;B3_EMB48_NIRRIG_REPROD00001.asd;B3;EMB48;NIRRIG;D05M;manha;D05;NIRRIG;NIRRIG;0.528;True;;;;;;;;;;;;;;;;;;;;;;;;-0.2231326851326369;;0.7033106766390518;;;;;;;;;;;;;;;;;;;0.6589842319809587;0.749581986924318;0.00030797928742560247;;;;;;;;;;;;;;;;;;;;;;;;;;;;;;;;;;;;;;
2;RandomForest;746;B3_EMB48_NIRRIG_REPROD00002.asd;B3;EMB48;NIRRIG;D05M;manha;D05;NIRRIG;NIRRIG;0.532;True;;;;;;;;;;;;;;;;;;;;;;;;-0.2207750105391464;;0.7016160371292489;;;;;;;;;;;;;;;;;;;0.65716285819927;0.7481380495010378;0.0027845125006971173;;;;;;;;;;;;;;;;;;;;;;;;;;;;;;;;;;;;;;
2;RandomForest;747;B3_EMB48_NIRRIG_REPROD00003.asd;B3;EMB48;NIRRIG;D05M;manha;D05;NIRRIG;NIRRIG;0.588;True;;;;;;;;;;;;;;;;;;;;;;;;-0.22076668739060487;;0.7007724660500625;;;;;;;;;;;;;;;;;;;0.6566331076633005;0.746888781861615;0.003102234493143605;;;;;;;;;;;;;;;;;;;;;;;;;;;;;;;;;;;;;;
2;RandomForest;748;B3_EMB48_NIRRIG_REPROD00004.asd;B3;EMB48;NIRRIG;D05M;manha;D05;NIRRIG;NIRRIG;0.856;True;;;;;;;;;;;;;;;;;;;;;;;;-0.11883144113771815;;0.7019790234999926;;;;;;;;;;;;;;;;;;;0.6604086977284178;0.7450615425721858;0.09603799880645954;;;;;;;;;;;;;;;;;;;;;;;;;;;;;;;;;;;;;;
2;RandomForest;749;B3_EMB48_NIRRIG_REPROD00005.asd;B3;EMB48;NIRRIG;D05M;manha;D05;NIRRIG;NIRRIG;0.778;True;;;;;;;;;;;;;;;;;;;;;;;;-0.1253538188444395;;0.7046506365266685;;;;;;;;;;;;;;;;;;;0.6636657844893362;0.7468653486892982;0.0897575562178232;;;;;;;;;;;;;;;;;;;;;;;;;;;;;;;;;;;;;;
2;RandomForest;750;B3_EMB48_NIRRIG_REPROD00006.asd;B3;EMB48;NIRRIG;D05M;manha;D05;NIRRIG;NIRRIG;0.778;True;;;;;;;;;;;;;;;;;;;;;;;;-0.12791709066571075;;0.7052302188879762;;;;;;;;;;;;;;;;;;;0.6642529375596572;0.7468798703661259;0.08730585202464275;;;;;;;;;;;;;;;;;;;;;;;;;;;;;;;;;;;;;;
2;RandomForest;751;B3_EMB48_NIRRIG_REPROD00007.asd;B3;EMB48;NIRRIG;D05M;manha;D05;NIRRIG;NIRRIG;0.852;True;;;;;;;;;;;;;;;;;;;;;;;;-0.11848193209698638;;0.7003262011532024;;;;;;;;;;;;;;;;;;;0.659114818999565;0.742506927954341;0.09674092929607096;;;;;;;;;;;;;;;;;;;;;;;;;;;;;;;;;;;;;;
3;PLS-DA;720;B2_EMB48_IRRIG_REPROD00000.asd;B2;EMB48;IRRIG;D05M;manha;D05;IRRIG;IRRIG;0.44363048294742996;True;;;;;;;;;;;;;;;;;;;;;;;;-0.2418433311493461;;0.7166294623870936;;;;;;;;;;;;;;;;;;;0.6596451503375016;0.7760029789108547;-0.018960182392230854;;;;;;;;;;;;;;;;;;;;;;;;;;;;;;;;;;;;;;
3;PLS-DA;721;B2_EMB48_IRRIG_REPROD00001.asd;B2;EMB48;IRRIG;D05M;manha;D05;IRRIG;IRRIG;0.4405223712272446;True;;;;;;;;;;;;;;;;;;;;;;;;-0.23776336407770782;;0.7173571073451483;;;;;;;;;;;;;;;;;;;0.6606079384600603;0.7768753792737063;-0.014641055279278187;;;;;;;;;;;;;;;;;;;;;;;;;;;;;;;;;;;;;;
3;PLS-DA;722;B2_EMB48_IRRIG_REPROD00002.asd;B2;EMB48;IRRIG;D05M;manha;D05;IRRIG;IRRIG;0.4271374090784217;True;;;;;;;;;;;;;;;;;;;;;;;;-0.24312526724436198;;0.7209091280261805;;;;;;;;;;;;;;;;;;;0.6644711857450003;0.7800489866546232;-0.020331362770279218;;;;;;;;;;;;;;;;;;;;;;;;;;;;;;;;;;;;;;
3;PLS-DA;723;B2_EMB48_IRRIG_REPROD00003.asd;B2;EMB48;IRRIG;D05M;manha;D05;IRRIG;IRRIG;0.43178048924497975;True;;;;;;;;;;;;;;;;;;;;;;;;-0.2379070247457458;;0.7199058143635063;;;;;;;;;;;;;;;;;;;0.6632258814427785;0.7789146852264104;-0.014987011580060484;;;;;;;;;;;;;;;;;;;;;;;;;;;;;;;;;;;;;;
3;PLS-DA;724;B2_EMB48_IRRIG_REPROD00004.asd;B2;EMB48;IRRIG;D05M;manha;D05;IRRIG;NIRRIG;0.5493126502445963;False;;;;;;;;;;;;;;;;;;;;;;;;-0.27528574059199695;;0.705640761713905;;;;;;;;;;;;;;;;;;;0.6551290759733711;0.7586531396594428;-0.05229547735440598;;;;;;;;;;;;;;;;;;;;;;;;;;;;;;;;;;;;;;
3;PLS-DA;725;B2_EMB48_IRRIG_REPROD00005.asd;B2;EMB48;IRRIG;D05M;manha;D05;IRRIG;NIRRIG;0.551172102562392;False;;;;;;;;;;;;;;;;;;;;;;;;-0.2671611407025209;;0.7049901012252351;;;;;;;;;;;;;;;;;;;0.6544287538623637;0.7582496200914067;-0.044510988795446474;;;;;;;;;;;;;;;;;;;;;;;;;;;;;;;;;;;;;;
3;PLS-DA;726;B2_EMB48_IRRIG_REPROD00006.asd;B2;EMB48;IRRIG;D05M;manha;D05;IRRIG;NIRRIG;0.5398199513089357;False;;;;;;;;;;;;;;;;;;;;;;;;-0.26843764479767623;;0.7080652478259477;;;;;;;;;;;;;;;;;;;0.6577604600348632;0.7609505125902198;-0.04615333225980839;;;;;;;;;;;;;;;;;;;;;;;;;;;;;;;;;;;;;;
3;PLS-DA;727;B2_EMB48_IRRIG_REPROD00007.asd;B2;EMB48;IRRIG;D05M;manha;D05;IRRIG;NIRRIG;0.5325806741634045;False;;;;;;;;;;;;;;;;;;;;;;;;-0.2686462901951204;;0.709888088016453;;;;;;;;;;;;;;;;;;;0.6599171044786935;0.7627672204177471;-0.04670870082724876;;;;;;;;;;;;;;;;;;;;;;;;;;;;;;;;;;;;;;
3;PLS-DA;728;B2_EMB48_NIRRIG_REPROD00000.asd;B2;EMB48;NIRRIG;D05M;manha;D05;NIRRIG;NIRRIG;0.520642227309198;True;;;;;;;;;;;;;;;;;;;;;;;;-0.4217967256803767;;0.7113771114245084;;;;;;;;;;;;;;;;;;;0.6615612045923235;0.7640796766448705;-0.19293921381816154;;;;;;;;;;;;;;;;;;;;;;;;;;;;;;;;;;;;;;
3;PLS-DA;729;B2_EMB48_NIRRIG_REPROD00001.asd;B2;EMB48;NIRRIG;D05M;manha;D05;NIRRIG;NIRRIG;0.5095627689631819;True;;;;;;;;;;;;;;;;;;;;;;;;-0.42640280435819644;;0.7146187968052137;;;;;;;;;;;;;;;;;;;0.6651080834146215;0.7667404667604345;-0.19752157394121644;;;;;;;;;;;;;;;;;;;;;;;;;;;;;;;;;;;;;;
3;PLS-DA;730;B2_EMB48_NIRRIG_REPROD00002.asd;B2;EMB48;NIRRIG;D05M;manha;D05;NIRRIG;NIRRIG;0.5158141900948124;True;;;;;;;;;;;;;;;;;;;;;;;;-0.42750304077529916;;0.713456695927276;;;;;;;;;;;;;;;;;;;0.6641549168614901;0.7655455092341864;-0.19840679379500709;;;;;;;;;;;;;;;;;;;;;;;;;;;;;;;;;;;;;;
3;PLS-DA;731;B2_EMB48_NIRRIG_REPROD00003.asd;B2;EMB48;NIRRIG;D05M;manha;D05;NIRRIG;NIRRIG;0.5255472962244433;True;;;;;;;;;;;;;;;;;;;;;;;;-0.42720281297862445;;0.7119896013481466;;;;;;;;;;;;;;;;;;;0.6631682230711008;0.7638449423879085;-0.19779478245645055;;;;;;;;;;;;;;;;;;;;;;;;;;;;;;;;;;;;;;
3;PLS-DA;732;B2_EMB48_NIRRIG_REPROD00004.asd;B2;EMB48;NIRRIG;D05M;manha;D05;NIRRIG;NIRRIG;0.5815070210890584;True;;;;;;;;;;;;;;;;;;;;;;;;-0.10657475738562698;;0.6792018771165298;;;;;;;;;;;;;;;;;;;0.6187706327539062;0.743953630738615;0.10748729863916548;;;;;;;;;;;;;;;;;;;;;;;;;;;;;;;;;;;;;;
3;PLS-DA;733;B2_EMB48_NIRRIG_REPROD00005.asd;B2;EMB48;NIRRIG;D05M;manha;D05;NIRRIG;NIRRIG;0.5851116075301813;True;;;;;;;;;;;;;;;;;;;;;;;;-0.1060202200050495;;0.6788155187591495;;;;;;;;;;;;;;;;;;;0.618678500424167;0.7434056127847248;0.1081012170772504;;;;;;;;;;;;;;;;;;;;;;;;;;;;;;;;;;;;;;
3;PLS-DA;734;B2_EMB48_NIRRIG_REPROD00006.asd;B2;EMB48;NIRRIG;D05M;manha;D05;NIRRIG;NIRRIG;0.5856343444162404;True;;;;;;;;;;;;;;;;;;;;;;;;-0.10740806714332513;;0.6791628052992004;;;;;;;;;;;;;;;;;;;0.6192581757673971;0.7434901744134693;0.10664758045869352;;;;;;;;;;;;;;;;;;;;;;;;;;;;;;;;;;;;;;
3;PLS-DA;735;B2_EMB48_NIRRIG_REPROD00007.asd;B2;EMB48;NIRRIG;D05M;manha;D05;NIRRIG;NIRRIG;0.5835231719143599;True;;;;;;;;;;;;;;;;;;;;;;;;-0.11112423886382643;;0.6804463557611903;;;;;;;;;;;;;;;;;;;0.6208090076665375;0.7442086190084315;0.10322441186427482;;;;;;;;;;;;;;;;;;;;;;;;;;;;;;;;;;;;;;
3;RandomForest;720;B2_EMB48_IRRIG_REPROD00000.asd;B2;EMB48;IRRIG;D05M;manha;D05;IRRIG;IRRIG;0.01;True;;;;;;;;;;;;;;;;;;;;;;;;-0.2418433311493461;;0.7166294623870936;;;;;;;;;;;;;;;;;;;0.6596451503375016;0.7760029789108547;-0.018960182392230854;;;;;;;;;;;;;;;;;;;;;;;;;;;;;;;;;;;;;;
3;RandomForest;721;B2_EMB48_IRRIG_REPROD00001.asd;B2;EMB48;IRRIG;D05M;manha;D05;IRRIG;IRRIG;0.016;True;;;;;;;;;;;;;;;;;;;;;;;;-0.23776336407770782;;0.7173571073451483;;;;;;;;;;;;;;;;;;;0.6606079384600603;0.7768753792737063;-0.014641055279278187;;;;;;;;;;;;;;;;;;;;;;;;;;;;;;;;;;;;;;
3;RandomForest;722;B2_EMB48_IRRIG_REPROD00002.asd;B2;EMB48;IRRIG;D05M;manha;D05;IRRIG;IRRIG;0.012;True;;;;;;;;;;;;;;;;;;;;;;;;-0.24312526724436198;;0.7209091280261805;;;;;;;;;;;;;;;;;;;0.6644711857450003;0.7800489866546232;-0.020331362770279218;;;;;;;;;;;;;;;;;;;;;;;;;;;;;;;;;;;;;;
3;RandomForest;723;B2_EMB48_IRRIG_REPROD00003.asd;B2;EMB48;IRRIG;D05M;manha;D05;IRRIG;IRRIG;0.016;True;;;;;;;;;;;;;;;;;;;;;;;;-0.2379070247457458;;0.7199058143635063;;;;;;;;;;;;;;;;;;;0.6632258814427785;0.7789146852264104;-0.014987011580060484;;;;;;;;;;;;;;;;;;;;;;;;;;;;;;;;;;;;;;
3;RandomForest;724;B2_EMB48_IRRIG_REPROD00004.asd;B2;EMB48;IRRIG;D05M;manha;D05;IRRIG;NIRRIG;0.98;False;;;;;;;;;;;;;;;;;;;;;;;;-0.27528574059199695;;0.705640761713905;;;;;;;;;;;;;;;;;;;0.6551290759733711;0.7586531396594428;-0.05229547735440598;;;;;;;;;;;;;;;;;;;;;;;;;;;;;;;;;;;;;;
3;RandomForest;725;B2_EMB48_IRRIG_REPROD00005.asd;B2;EMB48;IRRIG;D05M;manha;D05;IRRIG;NIRRIG;0.96;False;;;;;;;;;;;;;;;;;;;;;;;;-0.2671611407025209;;0.7049901012252351;;;;;;;;;;;;;;;;;;;0.6544287538623637;0.7582496200914067;-0.044510988795446474;;;;;;;;;;;;;;;;;;;;;;;;;;;;;;;;;;;;;;
3;RandomForest;726;B2_EMB48_IRRIG_REPROD00006.asd;B2;EMB48;IRRIG;D05M;manha;D05;IRRIG;NIRRIG;0.772;False;;;;;;;;;;;;;;;;;;;;;;;;-0.26843764479767623;;0.7080652478259477;;;;;;;;;;;;;;;;;;;0.6577604600348632;0.7609505125902198;-0.04615333225980839;;;;;;;;;;;;;;;;;;;;;;;;;;;;;;;;;;;;;;
3;RandomForest;727;B2_EMB48_IRRIG_REPROD00007.asd;B2;EMB48;IRRIG;D05M;manha;D05;IRRIG;NIRRIG;0.71;False;;;;;;;;;;;;;;;;;;;;;;;;-0.2686462901951204;;0.709888088016453;;;;;;;;;;;;;;;;;;;0.6599171044786935;0.7627672204177471;-0.04670870082724876;;;;;;;;;;;;;;;;;;;;;;;;;;;;;;;;;;;;;;
3;RandomForest;728;B2_EMB48_NIRRIG_REPROD00000.asd;B2;EMB48;NIRRIG;D05M;manha;D05;NIRRIG;NIRRIG;0.82;True;;;;;;;;;;;;;;;;;;;;;;;;-0.4217967256803767;;0.7113771114245084;;;;;;;;;;;;;;;;;;;0.6615612045923235;0.7640796766448705;-0.19293921381816154;;;;;;;;;;;;;;;;;;;;;;;;;;;;;;;;;;;;;;
3;RandomForest;729;B2_EMB48_NIRRIG_REPROD00001.asd;B2;EMB48;NIRRIG;D05M;manha;D05;NIRRIG;NIRRIG;0.836;True;;;;;;;;;;;;;;;;;;;;;;;;-0.42640280435819644;;0.7146187968052137;;;;;;;;;;;;;;;;;;;0.6651080834146215;0.7667404667604345;-0.19752157394121644;;;;;;;;;;;;;;;;;;;;;;;;;;;;;;;;;;;;;;
3;RandomForest;730;B2_EMB48_NIRRIG_REPROD00002.asd;B2;EMB48;NIRRIG;D05M;manha;D05;NIRRIG;NIRRIG;0.806;True;;;;;;;;;;;;;;;;;;;;;;;;-0.42750304077529916;;0.713456695927276;;;;;;;;;;;;;;;;;;;0.6641549168614901;0.7655455092341864;-0.19840679379500709;;;;;;;;;;;;;;;;;;;;;;;;;;;;;;;;;;;;;;
3;RandomForest;731;B2_EMB48_NIRRIG_REPROD00003.asd;B2;EMB48;NIRRIG;D05M;manha;D05;NIRRIG;NIRRIG;0.822;True;;;;;;;;;;;;;;;;;;;;;;;;-0.42720281297862445;;0.7119896013481466;;;;;;;;;;;;;;;;;;;0.6631682230711008;0.7638449423879085;-0.19779478245645055;;;;;;;;;;;;;;;;;;;;;;;;;;;;;;;;;;;;;;
3;RandomForest;732;B2_EMB48_NIRRIG_REPROD00004.asd;B2;EMB48;NIRRIG;D05M;manha;D05;NIRRIG;NIRRIG;0.998;True;;;;;;;;;;;;;;;;;;;;;;;;-0.10657475738562698;;0.6792018771165298;;;;;;;;;;;;;;;;;;;0.6187706327539062;0.743953630738615;0.10748729863916548;;;;;;;;;;;;;;;;;;;;;;;;;;;;;;;;;;;;;;
3;RandomForest;733;B2_EMB48_NIRRIG_REPROD00005.asd;B2;EMB48;NIRRIG;D05M;manha;D05;NIRRIG;NIRRIG;0.998;True;;;;;;;;;;;;;;;;;;;;;;;;-0.1060202200050495;;0.6788155187591495;;;;;;;;;;;;;;;;;;;0.618678500424167;0.7434056127847248;0.1081012170772504;;;;;;;;;;;;;;;;;;;;;;;;;;;;;;;;;;;;;;
3;RandomForest;734;B2_EMB48_NIRRIG_REPROD00006.asd;B2;EMB48;NIRRIG;D05M;manha;D05;NIRRIG;NIRRIG;0.998;True;;;;;;;;;;;;;;;;;;;;;;;;-0.10740806714332513;;0.6791628052992004;;;;;;;;;;;;;;;;;;;0.6192581757673971;0.7434901744134693;0.10664758045869352;;;;;;;;;;;;;;;;;;;;;;;;;;;;;;;;;;;;;;
3;RandomForest;735;B2_EMB48_NIRRIG_REPROD00007.asd;B2;EMB48;NIRRIG;D05M;manha;D05;NIRRIG;NIRRIG;0.998;True;;;;;;;;;;;;;;;;;;;;;;;;-0.11112423886382643;;0.6804463557611903;;;;;;;;;;;;;;;;;;;0.6208090076665375;0.7442086190084315;0.10322441186427482;;;;;;;;;;;;;;;;;;;;;;;;;;;;;;;;;;;;;;
4;PLS-DA;704;B1_EMB48_IRRIG_REPROD00000.asd;B1;EMB48;IRRIG;D05M;manha;D05;IRRIG;IRRIG;0.30120425821845137;True;;;;;;;;;;;;;;;;;;;;;;;;-0.34001885574139623;;0.7388343031658469;;;;;;;;;;;;;;;;;;;0.6809597182854256;0.7988490974127186;-0.12153322704991841;;;;;;;;;;;;;;;;;;;;;;;;;;;;;;;;;;;;;;
4;PLS-DA;705;B1_EMB48_IRRIG_REPROD00001.asd;B1;EMB48;IRRIG;D05M;manha;D05;IRRIG;IRRIG;0.2898602118250226;True;;;;;;;;;;;;;;;;;;;;;;;;-0.3372757540871877;;0.7404307723438162;;;;;;;;;;;;;;;;;;;0.6825864948921808;0.800100673418818;-0.11848758349237058;;;;;;;;;;;;;;;;;;;;;;;;;;;;;;;;;;;;;;
4;PLS-DA;706;B1_EMB48_IRRIG_REPROD00002.asd;B1;EMB48;IRRIG;D05M;manha;D05;IRRIG;IRRIG;0.28502092741197116;True;;;;;;;;;;;;;;;;;;;;;;;;-0.33867323185885195;;0.7414888214633147;;;;;;;;;;;;;;;;;;;0.6841285360251803;0.8008313515037846;-0.11938015290092663;;;;;;;;;;;;;;;;;;;;;;;;;;;;;;;;;;;;;;
4;PLS-DA;707;B1_EMB48_IRRIG_REPROD00003.asd;B1;EMB48;IRRIG;D05M;manha;D05;IRRIG;IRRIG;0.29501701667940783;True;;;;;;;;;;;;;;;;;;;;;;;;-0.3359402534546941;;0.7398042297155086;;;;;;;;;;;;;;;;;;;0.6825858647771549;0.7991163852032779;-0.11556139922834965;;;;;;;;;;;;;;;;;;;;;;;;;;;;;;;;;;;;;;
4;PLS-DA;708;B1_EMB48_IRRIG_REPROD00004.asd;B1;EMB48;IRRIG;D05M;manha;D05;IRRIG;IRRIG;0.49319380511860006;True;;;;;;;;;;;;;;;;;;;;;;;;-0.31051158645898325;;0.7145310651719958;;;;;;;;;;;;;;;;;;;0.6591102107580636;0.7711537224982488;-0.08512147706522454;;;;;;;;;;;;;;;;;;;;;;;;;;;;;;;;;;;;;;
4;PLS-DA;709;B1_EMB48_IRRIG_REPROD00005.asd;B1;EMB48;IRRIG;D05M;manha;D05;IRRIG;IRRIG;0.4947593112781273;True;;;;;;;;;;;;;;;;;;;;;;;;-0.30046706473184664;;0.7131103464826835;;;;;;;;;;;;;;;;;;;0.6572248065431322;0.7702151265103309;-0.07519400412270219;;;;;;;;;;;;;;;;;;;;;;;;;;;;;;;;;;;;;;
4;PLS-DA;710;B1_EMB48_IRRIG_REPROD00006.asd;B1;EMB48;IRRIG;D05M;manha;D05;IRRIG;IRRIG;0.464915152341866;True;;;;;;;;;;;;;;;;;;;;;;;;-0.2987548218915686;;0.7161112653345437;;;;;;;;;;;;;;;;;;;0.6598932142971403;0.7737602597483428;-0.07418002638664521;;;;;;;;;;;;;;;;;;;;;;;;;;;;;;;;;;;;;;
4;PLS-DA;711;B1_EMB48_IRRIG_REPROD00007.asd;B1;EMB48;IRRIG;D05M;manha;D05;IRRIG;IRRIG;0.4787030369117262;True;;;;;;;;;;;;;;;;;;;;;;;;-0.29856421742001676;;0.7140450796964534;;;;;;;;;;;;;;;;;;;0.6576403482889244;0.7723177675982221;-0.07463307671662882;;;;;;;;;;;;;;;;;;;;;;;;;;;;;;;;;;;;;;
4;PLS-DA;712;B1_EMB48_NIRRIG_REPROD00000.asd;B1;EMB48;NIRRIG;D05M;manha;D05;NIRRIG;IRRIG;0.4874938443841569;False;;;;;;;;;;;;;;;;;;;;;;;;-0.02998751248090243;;0.6946376346802753;;;;;;;;;;;;;;;;;;;0.643053625434274;0.7475934557536231;0.1755334806764502;;;;;;;;;;;;;;;;;;;;;;;;;;;;;;;;;;;;;;
4;PLS-DA;713;B1_EMB48_NIRRIG_REPROD00001.asd;B1;EMB48;NIRRIG;D05M;manha;D05;NIRRIG;NIRRIG;0.5286033534580361;True;;;;;;;;;;;;;;;;;;;;;;;;-0.021273837152066603;;0.6886543781047872;;;;;;;;;;;;;;;;;;;0.6369900298598521;0.7421309273072747;0.18450251630394499;;;;;;;;;;;;;;;;;;;;;;;;;;;;;;;;;;;;;;
4;PLS-DA;714;B1_EMB48_NIRRIG_REPROD00002.asd;B1;EMB48;NIRRIG;D05M;manha;D05;NIRRIG;NIRRIG;0.532103606667568;True;;;;;;;;;;;;;;;;;;;;;;;;-0.019716433082702736;;0.6884048806662894;;;;;;;;;;;;;;;;;;;0.6368883637698585;0.7414620037980458;0.18616269744330036;;;;;;;;;;;;;;;;;;;;;;;;;;;;;;;;;;;;;;
4;PLS-DA;715;B1_EMB48_NIRRIG_REPROD00003.asd;B1;EMB48;NIRRIG;D05M;manha;D05;NIRRIG;NIRRIG;0.527196644369897;True;;;;;;;;;;;;;;;;;;;;;;;;-0.02419255326403363;;0.6895583989590055;;;;;;;;;;;;;;;;;;;0.6383887795977706;0.742394743924004;0.18155913272715687;;;;;;;;;;;;;;;;;;;;;;;;;;;;;;;;;;;;;;
4;PLS-DA;716;B1_EMB48_NIRRIG_REPROD00004.asd;B1;EMB48;NIRRIG;D05M;manha;D05;NIRRIG;IRRIG;0.3392555209639346;False;;;;;;;;;;;;;;;;;;;;;;;;-0.11467667786330982;;0.7140739956783232;;;;;;;;;;;;;;;;;;;0.6553229104846318;0.7744343776201278;0.09876974939470988;;;;;;;;;;;;;;;;;;;;;;;;;;;;;;;;;;;;;;
4;PLS-DA;717;B1_EMB48_NIRRIG_REPROD00005.asd;B1;EMB48;NIRRIG;D05M;manha;D05;NIRRIG;IRRIG;0.33679150080830905;False;;;;;;;;;;;;;;;;;;;;;;;;-0.11400983324817031;;0.7144000919557812;;;;;;;;;;;;;;;;;;;0.6559417504883127;0.7746892229110744;0.09968942690195215;;;;;;;;;;;;;;;;;;;;;;;;;;;;;;;;;;;;;;
4;PLS-DA;718;B1_EMB48_NIRRIG_REPROD00006.asd;B1;EMB48;NIRRIG;D05M;manha;D05;NIRRIG;IRRIG;0.3372113117887784;False;;;;;;;;;;;;;;;;;;;;;;;;-0.11028219799703284;;0.714231702844246;;;;;;;;;;;;;;;;;;;0.6559825321963982;0.7742291131552732;0.10361760684833811;;;;;;;;;;;;;;;;;;;;;;;;;;;;;;;;;;;;;;
4;PLS-DA;719;B1_EMB48_NIRRIG_REPROD00007.asd;B1;EMB48;NIRRIG;D05M;manha;D05;NIRRIG;IRRIG;0.3385908303249395;False;;;;;;;;;;;;;;;;;;;;;;;;-0.10600560779455433;;0.7137610383035363;;;;;;;;;;;;;;;;;;;0.6556214792894733;0.7736608097475755;0.10777694191686103;;;;;;;;;;;;;;;;;;;;;;;;;;;;;;;;;;;;;;
4;RandomForest;704;B1_EMB48_IRRIG_REPROD00000.asd;B1;EMB48;IRRIG;D05M;manha;D05;IRRIG;IRRIG;0.398;True;;;;;;;;;;;;;;;;;;;;;;;;-0.34001885574139623;;0.7388343031658469;;;;;;;;;;;;;;;;;;;0.6809597182854256;0.7988490974127186;-0.12153322704991841;;;;;;;;;;;;;;;;;;;;;;;;;;;;;;;;;;;;;;
4;RandomForest;705;B1_EMB48_IRRIG_REPROD00001.asd;B1;EMB48;IRRIG;D05M;manha;D05;IRRIG;IRRIG;0.39;True;;;;;;;;;;;;;;;;;;;;;;;;-0.3372757540871877;;0.7404307723438162;;;;;;;;;;;;;;;;;;;0.6825864948921808;0.800100673418818;-0.11848758349237058;;;;;;;;;;;;;;;;;;;;;;;;;;;;;;;;;;;;;;
4;RandomForest;706;B1_EMB48_IRRIG_REPROD00002.asd;B1;EMB48;IRRIG;D05M;manha;D05;IRRIG;IRRIG;0.39;True;;;;;;;;;;;;;;;;;;;;;;;;-0.33867323185885195;;0.7414888214633147;;;;;;;;;;;;;;;;;;;0.6841285360251803;0.8008313515037846;-0.11938015290092663;;;;;;;;;;;;;;;;;;;;;;;;;;;;;;;;;;;;;;
4;RandomForest;707;B1_EMB48_IRRIG_REPROD00003.asd;B1;EMB48;IRRIG;D05M;manha;D05;IRRIG;IRRIG;0.39;True;;;;;;;;;;;;;;;;;;;;;;;;-0.3359402534546941;;0.7398042297155086;;;;;;;;;;;;;;;;;;;0.6825858647771549;0.7991163852032779;-0.11556139922834965;;;;;;;;;;;;;;;;;;;;;;;;;;;;;;;;;;;;;;
4;RandomForest;708;B1_EMB48_IRRIG_REPROD00004.asd;B1;EMB48;IRRIG;D05M;manha;D05;IRRIG;IRRIG;0.156;True;;;;;;;;;;;;;;;;;;;;;;;;-0.31051158645898325;;0.7145310651719958;;;;;;;;;;;;;;;;;;;0.6591102107580636;0.7711537224982488;-0.08512147706522454;;;;;;;;;;;;;;;;;;;;;;;;;;;;;;;;;;;;;;
4;RandomForest;709;B1_EMB48_IRRIG_REPROD00005.asd;B1;EMB48;IRRIG;D05M;manha;D05;IRRIG;IRRIG;0.248;True;;;;;;;;;;;;;;;;;;;;;;;;-0.30046706473184664;;0.7131103464826835;;;;;;;;;;;;;;;;;;;0.6572248065431322;0.7702151265103309;-0.07519400412270219;;;;;;;;;;;;;;;;;;;;;;;;;;;;;;;;;;;;;;
4;RandomForest;710;B1_EMB48_IRRIG_REPROD00006.asd;B1;EMB48;IRRIG;D05M;manha;D05;IRRIG;IRRIG;0.114;True;;;;;;;;;;;;;;;;;;;;;;;;-0.2987548218915686;;0.7161112653345437;;;;;;;;;;;;;;;;;;;0.6598932142971403;0.7737602597483428;-0.07418002638664521;;;;;;;;;;;;;;;;;;;;;;;;;;;;;;;;;;;;;;
4;RandomForest;711;B1_EMB48_IRRIG_REPROD00007.asd;B1;EMB48;IRRIG;D05M;manha;D05;IRRIG;IRRIG;0.114;True;;;;;;;;;;;;;;;;;;;;;;;;-0.29856421742001676;;0.7140450796964534;;;;;;;;;;;;;;;;;;;0.6576403482889244;0.7723177675982221;-0.07463307671662882;;;;;;;;;;;;;;;;;;;;;;;;;;;;;;;;;;;;;;
4;RandomForest;712;B1_EMB48_NIRRIG_REPROD00000.asd;B1;EMB48;NIRRIG;D05M;manha;D05;NIRRIG;NIRRIG;0.98;True;;;;;;;;;;;;;;;;;;;;;;;;-0.02998751248090243;;0.6946376346802753;;;;;;;;;;;;;;;;;;;0.643053625434274;0.7475934557536231;0.1755334806764502;;;;;;;;;;;;;;;;;;;;;;;;;;;;;;;;;;;;;;
4;RandomForest;713;B1_EMB48_NIRRIG_REPROD00001.asd;B1;EMB48;NIRRIG;D05M;manha;D05;NIRRIG;NIRRIG;0.99;True;;;;;;;;;;;;;;;;;;;;;;;;-0.021273837152066603;;0.6886543781047872;;;;;;;;;;;;;;;;;;;0.6369900298598521;0.7421309273072747;0.18450251630394499;;;;;;;;;;;;;;;;;;;;;;;;;;;;;;;;;;;;;;
4;RandomForest;714;B1_EMB48_NIRRIG_REPROD00002.asd;B1;EMB48;NIRRIG;D05M;manha;D05;NIRRIG;NIRRIG;0.992;True;;;;;;;;;;;;;;;;;;;;;;;;-0.019716433082702736;;0.6884048806662894;;;;;;;;;;;;;;;;;;;0.6368883637698585;0.7414620037980458;0.18616269744330036;;;;;;;;;;;;;;;;;;;;;;;;;;;;;;;;;;;;;;
4;RandomForest;715;B1_EMB48_NIRRIG_REPROD00003.asd;B1;EMB48;NIRRIG;D05M;manha;D05;NIRRIG;NIRRIG;0.988;True;;;;;;;;;;;;;;;;;;;;;;;;-0.02419255326403363;;0.6895583989590055;;;;;;;;;;;;;;;;;;;0.6383887795977706;0.742394743924004;0.18155913272715687;;;;;;;;;;;;;;;;;;;;;;;;;;;;;;;;;;;;;;
4;RandomForest;716;B1_EMB48_NIRRIG_REPROD00004.asd;B1;EMB48;NIRRIG;D05M;manha;D05;NIRRIG;IRRIG;0.162;False;;;;;;;;;;;;;;;;;;;;;;;;-0.11467667786330982;;0.7140739956783232;;;;;;;;;;;;;;;;;;;0.6553229104846318;0.7744343776201278;0.09876974939470988;;;;;;;;;;;;;;;;;;;;;;;;;;;;;;;;;;;;;;
4;RandomForest;717;B1_EMB48_NIRRIG_REPROD00005.asd;B1;EMB48;NIRRIG;D05M;manha;D05;NIRRIG;IRRIG;0.162;False;;;;;;;;;;;;;;;;;;;;;;;;-0.11400983324817031;;0.7144000919557812;;;;;;;;;;;;;;;;;;;0.6559417504883127;0.7746892229110744;0.09968942690195215;;;;;;;;;;;;;;;;;;;;;;;;;;;;;;;;;;;;;;
4;RandomForest;718;B1_EMB48_NIRRIG_REPROD00006.asd;B1;EMB48;NIRRIG;D05M;manha;D05;NIRRIG;IRRIG;0.162;False;;;;;;;;;;;;;;;;;;;;;;;;-0.11028219799703284;;0.714231702844246;;;;;;;;;;;;;;;;;;;0.6559825321963982;0.7742291131552732;0.10361760684833811;;;;;;;;;;;;;;;;;;;;;;;;;;;;;;;;;;;;;;
4;RandomForest;719;B1_EMB48_NIRRIG_REPROD00007.asd;B1;EMB48;NIRRIG;D05M;manha;D05;NIRRIG;IRRIG;0.162;False;;;;;;;;;;;;;;;;;;;;;;;;-0.10600560779455433;;0.7137610383035363;;;;;;;;;;;;;;;;;;;0.6556214792894733;0.7736608097475755;0.10777694191686103;;;;;;;;;;;;;;;;;;;;;;;;;;;;;;;;;;;;;;
1;PLS-DA;816;B4_BR16_IRRIG_REPROD00000.asd;B4;BR16;IRRIG;D06M;manha;D06;IRRIG;IRRIG;0.39903436937508485;True;;;;;;;;;-1.5657155079746725;;;;;;;;;;;;;;;;;;;;;;;;;;;;;;;;;;;;;;;-1.5598047440155876;0.6544511819726921;0.6408932232248777;0.6591770121800244;;;;;;;;;;;;;;;;;;;;;;;;;;;;;;;;;;
1;PLS-DA;817;B4_BR16_IRRIG_REPROD00001.asd;B4;BR16;IRRIG;D06M;manha;D06;IRRIG;IRRIG;0.3941142168561401;True;;;;;;;;;-1.5692959500235517;;;;;;;;;;;;;;;;;;;;;;;;;;;;;;;;;;;;;;;-1.563664773532955;0.6552616976014266;0.6420072042569273;0.6599095866439938;;;;;;;;;;;;;;;;;;;;;;;;;;;;;;;;;;
1;PLS-DA;818;B4_BR16_IRRIG_REPROD00002.asd;B4;BR16;IRRIG;D06M;manha;D06;IRRIG;IRRIG;0.36967839183367135;True;;;;;;;;;-1.5749455950123064;;;;;;;;;;;;;;;;;;;;;;;;;;;;;;;;;;;;;;;-1.568745778319594;0.6426628427951003;0.6296540635945972;0.6475021152142137;;;;;;;;;;;;;;;;;;;;;;;;;;;;;;;;;;
1;PLS-DA;819;B4_BR16_IRRIG_REPROD00003.asd;B4;BR16;IRRIG;D06M;manha;D06;IRRIG;IRRIG;0.34787589586023054;True;;;;;;;;;-1.5822218587947938;;;;;;;;;;;;;;;;;;;;;;;;;;;;;;;;;;;;;;;-1.5760382121767218;0.6341871594484008;0.6214855610920547;0.6389368902018349;;;;;;;;;;;;;;;;;;;;;;;;;;;;;;;;;;
1;PLS-DA;820;B4_BR16_IRRIG_REPROD00004.asd;B4;BR16;IRRIG;D06M;manha;D06;IRRIG;IRRIG;0.4104350564042328;True;;;;;;;;;-1.5373272489151562;;;;;;;;;;;;;;;;;;;;;;;;;;;;;;;;;;;;;;;-1.5309708512546252;0.6262427846076066;0.6123400033460975;0.6313623725284624;;;;;;;;;;;;;;;;;;;;;;;;;;;;;;;;;;
1;PLS-DA;821;B4_BR16_IRRIG_REPROD00005.asd;B4;BR16;IRRIG;D06M;manha;D06;IRRIG;IRRIG;0.3980383849239846;True;;;;;;;;;-1.5431878938536032;;;;;;;;;;;;;;;;;;;;;;;;;;;;;;;;;;;;;;;-1.5375265075651583;0.6246098124433543;0.610780232821509;0.6297916665130533;;;;;;;;;;;;;;;;;;;;;;;;;;;;;;;;;;
1;PLS-DA;822;B4_BR16_IRRIG_REPROD00006.asd;B4;BR16;IRRIG;D06M;manha;D06;IRRIG;IRRIG;0.38737590923910153;True;;;;;;;;;-1.5497403235197225;;;;;;;;;;;;;;;;;;;;;;;;;;;;;;;;;;;;;;;-1.543680058215767;0.6241156766596553;0.6108881045195426;0.6295965858493034;;;;;;;;;;;;;;;;;;;;;;;;;;;;;;;;;;
1;PLS-DA;823;B4_BR16_IRRIG_REPROD00007.asd;B4;BR16;IRRIG;D06M;manha;D06;IRRIG;IRRIG;0.3822016723744599;True;;;;;;;;;-1.5541956723158352;;;;;;;;;;;;;;;;;;;;;;;;;;;;;;;;;;;;;;;-1.5483330005590592;0.6261376979348365;0.6126605528173042;0.6310908530224935;;;;;;;;;;;;;;;;;;;;;;;;;;;;;;;;;;
1;PLS-DA;824;B4_BR16_NIRRIG_REPROD00000.asd;B4;BR16;NIRRIG;D06M;manha;D06;NIRRIG;NIRRIG;0.6917683098590741;True;;;;;;;;;-1.3942117003333905;;;;;;;;;;;;;;;;;;;;;;;;;;;;;;;;;;;;;;;-1.3768087244766372;0.649429459307948;0.6413412565684183;0.6500585650874359;;;;;;;;;;;;;;;;;;;;;;;;;;;;;;;;;;
1;PLS-DA;825;B4_BR16_NIRRIG_REPROD00001.asd;B4;BR16;NIRRIG;D06M;manha;D06;NIRRIG;NIRRIG;0.6925905253288971;True;;;;;;;;;-1.3925729269672245;;;;;;;;;;;;;;;;;;;;;;;;;;;;;;;;;;;;;;;-1.3753165579545101;0.6481762066025765;0.640035727534293;0.6484430193358613;;;;;;;;;;;;;;;;;;;;;;;;;;;;;;;;;;
1;PLS-DA;826;B4_BR16_NIRRIG_REPROD00002.asd;B4;BR16;NIRRIG;D06M;manha;D06;NIRRIG;NIRRIG;0.6954328659568182;True;;;;;;;;;-1.390654435190658;;;;;;;;;;;;;;;;;;;;;;;;;;;;;;;;;;;;;;;-1.3724836424503994;0.6478141922849566;0.6393503912902972;0.647893299654981;;;;;;;;;;;;;;;;;;;;;;;;;;;;;;;;;;
1;PLS-DA;827;B4_BR16_NIRRIG_REPROD00003.asd;B4;BR16;NIRRIG;D06M;manha;D06;NIRRIG;NIRRIG;0.6980596447735281;True;;;;;;;;;-1.3887695009628727;;;;;;;;;;;;;;;;;;;;;;;;;;;;;;;;;;;;;;;-1.3709086284681364;0.6477357116562001;0.6395774988112802;0.6475172272693529;;;;;;;;;;;;;;;;;;;;;;;;;;;;;;;;;;
1;PLS-DA;828;B4_BR16_NIRRIG_REPROD00004.asd;B4;BR16;NIRRIG;D06M;manha;D06;NIRRIG;NIRRIG;0.5941312822659651;True;;;;;;;;;-1.4549298366515495;;;;;;;;;;;;;;;;;;;;;;;;;;;;;;;;;;;;;;;-1.4376944098546327;0.6490106738250345;0.6399636763355228;0.6494250093809552;;;;;;;;;;;;;;;;;;;;;;;;;;;;;;;;;;
1;PLS-DA;829;B4_BR16_NIRRIG_REPROD00005.asd;B4;BR16;NIRRIG;D06M;manha;D06;NIRRIG;NIRRIG;0.604214176041874;True;;;;;;;;;-1.4518350633867045;;;;;;;;;;;;;;;;;;;;;;;;;;;;;;;;;;;;;;;-1.4342786307586188;0.6526605728250616;0.64354477993853;0.6534578972741939;;;;;;;;;;;;;;;;;;;;;;;;;;;;;;;;;;
1;PLS-DA;830;B4_BR16_NIRRIG_REPROD00006.asd;B4;BR16;NIRRIG;D06M;manha;D06;NIRRIG;NIRRIG;0.6214265217927374;True;;;;;;;;;-1.448266386507871;;;;;;;;;;;;;;;;;;;;;;;;;;;;;;;;;;;;;;;-1.4308548630476026;0.6614476341244345;0.6527386374855425;0.6626007939872826;;;;;;;;;;;;;;;;;;;;;;;;;;;;;;;;;;
1;PLS-DA;831;B4_BR16_NIRRIG_REPROD00007.asd;B4;BR16;NIRRIG;D06M;manha;D06;NIRRIG;NIRRIG;0.6203375959530587;True;;;;;;;;;-1.4473540194763534;;;;;;;;;;;;;;;;;;;;;;;;;;;;;;;;;;;;;;;-1.429434438245712;0.6591955499724668;0.650261811879709;0.6603998322286498;;;;;;;;;;;;;;;;;;;;;;;;;;;;;;;;;;
1;RandomForest;816;B4_BR16_IRRIG_REPROD00000.asd;B4;BR16;IRRIG;D06M;manha;D06;IRRIG;IRRIG;0.262;True;;;;;;;;;-1.5657155079746725;;;;;;;;;;;;;;;;;;;;;;;;;;;;;;;;;;;;;;;-1.5598047440155876;0.6544511819726921;0.6408932232248777;0.6591770121800244;;;;;;;;;;;;;;;;;;;;;;;;;;;;;;;;;;
1;RandomForest;817;B4_BR16_IRRIG_REPROD00001.asd;B4;BR16;IRRIG;D06M;manha;D06;IRRIG;IRRIG;0.262;True;;;;;;;;;-1.5692959500235517;;;;;;;;;;;;;;;;;;;;;;;;;;;;;;;;;;;;;;;-1.563664773532955;0.6552616976014266;0.6420072042569273;0.6599095866439938;;;;;;;;;;;;;;;;;;;;;;;;;;;;;;;;;;
1;RandomForest;818;B4_BR16_IRRIG_REPROD00002.asd;B4;BR16;IRRIG;D06M;manha;D06;IRRIG;IRRIG;0.034;True;;;;;;;;;-1.5749455950123064;;;;;;;;;;;;;;;;;;;;;;;;;;;;;;;;;;;;;;;-1.568745778319594;0.6426628427951003;0.6296540635945972;0.6475021152142137;;;;;;;;;;;;;;;;;;;;;;;;;;;;;;;;;;
1;RandomForest;819;B4_BR16_IRRIG_REPROD00003.asd;B4;BR16;IRRIG;D06M;manha;D06;IRRIG;IRRIG;0.028;True;;;;;;;;;-1.5822218587947938;;;;;;;;;;;;;;;;;;;;;;;;;;;;;;;;;;;;;;;-1.5760382121767218;0.6341871594484008;0.6214855610920547;0.6389368902018349;;;;;;;;;;;;;;;;;;;;;;;;;;;;;;;;;;
1;RandomForest;820;B4_BR16_IRRIG_REPROD00004.asd;B4;BR16;IRRIG;D06M;manha;D06;IRRIG;IRRIG;0.0;True;;;;;;;;;-1.5373272489151562;;;;;;;;;;;;;;;;;;;;;;;;;;;;;;;;;;;;;;;-1.5309708512546252;0.6262427846076066;0.6123400033460975;0.6313623725284624;;;;;;;;;;;;;;;;;;;;;;;;;;;;;;;;;;
1;RandomForest;821;B4_BR16_IRRIG_REPROD00005.asd;B4;BR16;IRRIG;D06M;manha;D06;IRRIG;IRRIG;0.0;True;;;;;;;;;-1.5431878938536032;;;;;;;;;;;;;;;;;;;;;;;;;;;;;;;;;;;;;;;-1.5375265075651583;0.6246098124433543;0.610780232821509;0.6297916665130533;;;;;;;;;;;;;;;;;;;;;;;;;;;;;;;;;;
1;RandomForest;822;B4_BR16_IRRIG_REPROD00006.asd;B4;BR16;IRRIG;D06M;manha;D06;IRRIG;IRRIG;0.0;True;;;;;;;;;-1.5497403235197225;;;;;;;;;;;;;;;;;;;;;;;;;;;;;;;;;;;;;;;-1.543680058215767;0.6241156766596553;0.6108881045195426;0.6295965858493034;;;;;;;;;;;;;;;;;;;;;;;;;;;;;;;;;;
1;RandomForest;823;B4_BR16_IRRIG_REPROD00007.asd;B4;BR16;IRRIG;D06M;manha;D06;IRRIG;IRRIG;0.0;True;;;;;;;;;-1.5541956723158352;;;;;;;;;;;;;;;;;;;;;;;;;;;;;;;;;;;;;;;-1.5483330005590592;0.6261376979348365;0.6126605528173042;0.6310908530224935;;;;;;;;;;;;;;;;;;;;;;;;;;;;;;;;;;
1;RandomForest;824;B4_BR16_NIRRIG_REPROD00000.asd;B4;BR16;NIRRIG;D06M;manha;D06;NIRRIG;NIRRIG;0.974;True;;;;;;;;;-1.3942117003333905;;;;;;;;;;;;;;;;;;;;;;;;;;;;;;;;;;;;;;;-1.3768087244766372;0.649429459307948;0.6413412565684183;0.6500585650874359;;;;;;;;;;;;;;;;;;;;;;;;;;;;;;;;;;
1;RandomForest;825;B4_BR16_NIRRIG_REPROD00001.asd;B4;BR16;NIRRIG;D06M;manha;D06;NIRRIG;NIRRIG;0.966;True;;;;;;;;;-1.3925729269672245;;;;;;;;;;;;;;;;;;;;;;;;;;;;;;;;;;;;;;;-1.3753165579545101;0.6481762066025765;0.640035727534293;0.6484430193358613;;;;;;;;;;;;;;;;;;;;;;;;;;;;;;;;;;
1;RandomForest;826;B4_BR16_NIRRIG_REPROD00002.asd;B4;BR16;NIRRIG;D06M;manha;D06;NIRRIG;NIRRIG;0.966;True;;;;;;;;;-1.390654435190658;;;;;;;;;;;;;;;;;;;;;;;;;;;;;;;;;;;;;;;-1.3724836424503994;0.6478141922849566;0.6393503912902972;0.647893299654981;;;;;;;;;;;;;;;;;;;;;;;;;;;;;;;;;;
1;RandomForest;827;B4_BR16_NIRRIG_REPROD00003.asd;B4;BR16;NIRRIG;D06M;manha;D06;NIRRIG;NIRRIG;0.966;True;;;;;;;;;-1.3887695009628727;;;;;;;;;;;;;;;;;;;;;;;;;;;;;;;;;;;;;;;-1.3709086284681364;0.6477357116562001;0.6395774988112802;0.6475172272693529;;;;;;;;;;;;;;;;;;;;;;;;;;;;;;;;;;
1;RandomForest;828;B4_BR16_NIRRIG_REPROD00004.asd;B4;BR16;NIRRIG;D06M;manha;D06;NIRRIG;NIRRIG;0.974;True;;;;;;;;;-1.4549298366515495;;;;;;;;;;;;;;;;;;;;;;;;;;;;;;;;;;;;;;;-1.4376944098546327;0.6490106738250345;0.6399636763355228;0.6494250093809552;;;;;;;;;;;;;;;;;;;;;;;;;;;;;;;;;;
1;RandomForest;829;B4_BR16_NIRRIG_REPROD00005.asd;B4;BR16;NIRRIG;D06M;manha;D06;NIRRIG;NIRRIG;1.0;True;;;;;;;;;-1.4518350633867045;;;;;;;;;;;;;;;;;;;;;;;;;;;;;;;;;;;;;;;-1.4342786307586188;0.6526605728250616;0.64354477993853;0.6534578972741939;;;;;;;;;;;;;;;;;;;;;;;;;;;;;;;;;;
1;RandomForest;830;B4_BR16_NIRRIG_REPROD00006.asd;B4;BR16;NIRRIG;D06M;manha;D06;NIRRIG;NIRRIG;1.0;True;;;;;;;;;-1.448266386507871;;;;;;;;;;;;;;;;;;;;;;;;;;;;;;;;;;;;;;;-1.4308548630476026;0.6614476341244345;0.6527386374855425;0.6626007939872826;;;;;;;;;;;;;;;;;;;;;;;;;;;;;;;;;;
1;RandomForest;831;B4_BR16_NIRRIG_REPROD00007.asd;B4;BR16;NIRRIG;D06M;manha;D06;NIRRIG;NIRRIG;1.0;True;;;;;;;;;-1.4473540194763534;;;;;;;;;;;;;;;;;;;;;;;;;;;;;;;;;;;;;;;-1.429434438245712;0.6591955499724668;0.650261811879709;0.6603998322286498;;;;;;;;;;;;;;;;;;;;;;;;;;;;;;;;;;
2;PLS-DA;800;B3_BR16_IRRIG_REPROD00000.asd;B3;BR16;IRRIG;D06M;manha;D06;IRRIG;IRRIG;0.44803223302186357;True;;;;;;;;;-1.5220097407998958;;;;;;;;;;;;;;;;;;;;;;;;;;;;;;;;;;;;;;;-1.5166694250470139;0.6333503296434604;0.6202481429117699;0.6380912535297045;;;;;;;;;;;;;;;;;;;;;;;;;;;;;;;;;;
2;PLS-DA;801;B3_BR16_IRRIG_REPROD00001.asd;B3;BR16;IRRIG;D06M;manha;D06;IRRIG;IRRIG;0.43499545396534145;True;;;;;;;;;-1.5304989016919737;;;;;;;;;;;;;;;;;;;;;;;;;;;;;;;;;;;;;;;-1.525169644618186;0.6323407089492787;0.6196837760047262;0.6370734798210973;;;;;;;;;;;;;;;;;;;;;;;;;;;;;;;;;;
2;PLS-DA;802;B3_BR16_IRRIG_REPROD00002.asd;B3;BR16;IRRIG;D06M;manha;D06;IRRIG;IRRIG;0.4433752763068807;True;;;;;;;;;-1.5373575617011266;;;;;;;;;;;;;;;;;;;;;;;;;;;;;;;;;;;;;;;-1.5321111752035448;0.6419916621735351;0.628907034656539;0.6464370665094371;;;;;;;;;;;;;;;;;;;;;;;;;;;;;;;;;;
2;PLS-DA;803;B3_BR16_IRRIG_REPROD00003.asd;B3;BR16;IRRIG;D06M;manha;D06;IRRIG;IRRIG;0.43461003521935193;True;;;;;;;;;-1.5438413893164138;;;;;;;;;;;;;;;;;;;;;;;;;;;;;;;;;;;;;;;-1.5382046518272565;0.6418142239868239;0.6288424060636025;0.646217723964782;;;;;;;;;;;;;;;;;;;;;;;;;;;;;;;;;;
2;PLS-DA;804;B3_BR16_IRRIG_REPROD00004.asd;B3;BR16;IRRIG;D06M;manha;D06;IRRIG;IRRIG;0.4702782613318645;True;;;;;;;;;-1.5208002904634048;;;;;;;;;;;;;;;;;;;;;;;;;;;;;;;;;;;;;;;-1.5171034649406858;0.645062342637044;0.6308345711829028;0.6505649870959934;;;;;;;;;;;;;;;;;;;;;;;;;;;;;;;;;;
2;PLS-DA;805;B3_BR16_IRRIG_REPROD00005.asd;B3;BR16;IRRIG;D06M;manha;D06;IRRIG;IRRIG;0.45408719353095034;True;;;;;;;;;-1.5291047215001248;;;;;;;;;;;;;;;;;;;;;;;;;;;;;;;;;;;;;;;-1.5254718030955163;0.6423897940341509;0.6284442557848183;0.6479348438483616;;;;;;;;;;;;;;;;;;;;;;;;;;;;;;;;;;
2;PLS-DA;806;B3_BR16_IRRIG_REPROD00006.asd;B3;BR16;IRRIG;D06M;manha;D06;IRRIG;IRRIG;0.44506404323866655;True;;;;;;;;;-1.5358423249084328;;;;;;;;;;;;;;;;;;;;;;;;;;;;;;;;;;;;;;;-1.5322143516900615;0.64260369465855;0.6286214817265446;0.6475999036381059;;;;;;;;;;;;;;;;;;;;;;;;;;;;;;;;;;
2;PLS-DA;807;B3_BR16_IRRIG_REPROD00007.asd;B3;BR16;IRRIG;D06M;manha;D06;IRRIG;IRRIG;0.4413837933434271;True;;;;;;;;;-1.5424183168480676;;;;;;;;;;;;;;;;;;;;;;;;;;;;;;;;;;;;;;;-1.5386226262148024;0.6452930019484461;0.6312710083780176;0.6504364410843524;;;;;;;;;;;;;;;;;;;;;;;;;;;;;;;;;;
2;PLS-DA;808;B3_BR16_NIRRIG_REPROD00000.asd;B3;BR16;NIRRIG;D06M;manha;D06;NIRRIG;NIRRIG;0.5823244018338544;True;;;;;;;;;-1.467822662530976;;;;;;;;;;;;;;;;;;;;;;;;;;;;;;;;;;;;;;;-1.45402588240672;0.6617703794303379;0.6518454150080831;0.6632890693347362;;;;;;;;;;;;;;;;;;;;;;;;;;;;;;;;;;
2;PLS-DA;809;B3_BR16_NIRRIG_REPROD00001.asd;B3;BR16;NIRRIG;D06M;manha;D06;NIRRIG;NIRRIG;0.5823003686601631;True;;;;;;;;;-1.4680646115432412;;;;;;;;;;;;;;;;;;;;;;;;;;;;;;;;;;;;;;;-1.453971144801186;0.6614601005242002;0.6521327469162052;0.6634545027883513;;;;;;;;;;;;;;;;;;;;;;;;;;;;;;;;;;
2;PLS-DA;810;B3_BR16_NIRRIG_REPROD00002.asd;B3;BR16;NIRRIG;D06M;manha;D06;NIRRIG;NIRRIG;0.5684507218303737;True;;;;;;;;;-1.4694080627302752;;;;;;;;;;;;;;;;;;;;;;;;;;;;;;;;;;;;;;;-1.454657898264625;0.654815587292945;0.6454944213624194;0.6566530425601388;;;;;;;;;;;;;;;;;;;;;;;;;;;;;;;;;;
2;PLS-DA;811;B3_BR16_NIRRIG_REPROD00003.asd;B3;BR16;NIRRIG;D06M;manha;D06;NIRRIG;NIRRIG;0.5637951133020827;True;;;;;;;;;-1.4698192225273234;;;;;;;;;;;;;;;;;;;;;;;;;;;;;;;;;;;;;;;-1.4545862033442367;0.6524902725978379;0.6430821640039388;0.6543697578736378;;;;;;;;;;;;;;;;;;;;;;;;;;;;;;;;;;
2;PLS-DA;812;B3_BR16_NIRRIG_REPROD00004.asd;B3;BR16;NIRRIG;D06M;manha;D06;NIRRIG;NIRRIG;0.5810131154851833;True;;;;;;;;;-1.460995296894643;;;;;;;;;;;;;;;;;;;;;;;;;;;;;;;;;;;;;;;-1.4424318139770065;0.6536987457299873;0.6457640340478451;0.6551369328856504;;;;;;;;;;;;;;;;;;;;;;;;;;;;;;;;;;
2;PLS-DA;813;B3_BR16_NIRRIG_REPROD00005.asd;B3;BR16;NIRRIG;D06M;manha;D06;NIRRIG;NIRRIG;0.5727006638871717;True;;;;;;;;;-1.4651954587602865;;;;;;;;;;;;;;;;;;;;;;;;;;;;;;;;;;;;;;;-1.446894269799716;0.6522473328732268;0.6443067038948072;0.6541047575460105;;;;;;;;;;;;;;;;;;;;;;;;;;;;;;;;;;
2;PLS-DA;814;B3_BR16_NIRRIG_REPROD00006.asd;B3;BR16;NIRRIG;D06M;manha;D06;NIRRIG;NIRRIG;0.5768724662714835;True;;;;;;;;;-1.4622146054199432;;;;;;;;;;;;;;;;;;;;;;;;;;;;;;;;;;;;;;;-1.4437933804807817;0.6526624642250396;0.6441724420890006;0.6539871508013686;;;;;;;;;;;;;;;;;;;;;;;;;;;;;;;;;;
2;PLS-DA;815;B3_BR16_NIRRIG_REPROD00007.asd;B3;BR16;NIRRIG;D06M;manha;D06;NIRRIG;NIRRIG;0.5801701281957613;True;;;;;;;;;-1.4600571931525737;;;;;;;;;;;;;;;;;;;;;;;;;;;;;;;;;;;;;;;-1.4419234159620267;0.6528630062018452;0.6448307156100624;0.6538896621417465;;;;;;;;;;;;;;;;;;;;;;;;;;;;;;;;;;
2;RandomForest;800;B3_BR16_IRRIG_REPROD00000.asd;B3;BR16;IRRIG;D06M;manha;D06;IRRIG;IRRIG;0.018;True;;;;;;;;;-1.5220097407998958;;;;;;;;;;;;;;;;;;;;;;;;;;;;;;;;;;;;;;;-1.5166694250470139;0.6333503296434604;0.6202481429117699;0.6380912535297045;;;;;;;;;;;;;;;;;;;;;;;;;;;;;;;;;;
2;RandomForest;801;B3_BR16_IRRIG_REPROD00001.asd;B3;BR16;IRRIG;D06M;manha;D06;IRRIG;IRRIG;0.02;True;;;;;;;;;-1.5304989016919737;;;;;;;;;;;;;;;;;;;;;;;;;;;;;;;;;;;;;;;-1.525169644618186;0.6323407089492787;0.6196837760047262;0.6370734798210973;;;;;;;;;;;;;;;;;;;;;;;;;;;;;;;;;;
2;RandomForest;802;B3_BR16_IRRIG_REPROD00002.asd;B3;BR16;IRRIG;D06M;manha;D06;IRRIG;IRRIG;0.044;True;;;;;;;;;-1.5373575617011266;;;;;;;;;;;;;;;;;;;;;;;;;;;;;;;;;;;;;;;-1.5321111752035448;0.6419916621735351;0.628907034656539;0.6464370665094371;;;;;;;;;;;;;;;;;;;;;;;;;;;;;;;;;;
2;RandomForest;803;B3_BR16_IRRIG_REPROD00003.asd;B3;BR16;IRRIG;D06M;manha;D06;IRRIG;IRRIG;0.044;True;;;;;;;;;-1.5438413893164138;;;;;;;;;;;;;;;;;;;;;;;;;;;;;;;;;;;;;;;-1.5382046518272565;0.6418142239868239;0.6288424060636025;0.646217723964782;;;;;;;;;;;;;;;;;;;;;;;;;;;;;;;;;;
2;RandomForest;804;B3_BR16_IRRIG_REPROD00004.asd;B3;BR16;IRRIG;D06M;manha;D06;IRRIG;IRRIG;0.042;True;;;;;;;;;-1.5208002904634048;;;;;;;;;;;;;;;;;;;;;;;;;;;;;;;;;;;;;;;-1.5171034649406858;0.645062342637044;0.6308345711829028;0.6505649870959934;;;;;;;;;;;;;;;;;;;;;;;;;;;;;;;;;;
2;RandomForest;805;B3_BR16_IRRIG_REPROD00005.asd;B3;BR16;IRRIG;D06M;manha;D06;IRRIG;IRRIG;0.044;True;;;;;;;;;-1.5291047215001248;;;;;;;;;;;;;;;;;;;;;;;;;;;;;;;;;;;;;;;-1.5254718030955163;0.6423897940341509;0.6284442557848183;0.6479348438483616;;;;;;;;;;;;;;;;;;;;;;;;;;;;;;;;;;
2;RandomForest;806;B3_BR16_IRRIG_REPROD00006.asd;B3;BR16;IRRIG;D06M;manha;D06;IRRIG;IRRIG;0.044;True;;;;;;;;;-1.5358423249084328;;;;;;;;;;;;;;;;;;;;;;;;;;;;;;;;;;;;;;;-1.5322143516900615;0.64260369465855;0.6286214817265446;0.6475999036381059;;;;;;;;;;;;;;;;;;;;;;;;;;;;;;;;;;
2;RandomForest;807;B3_BR16_IRRIG_REPROD00007.asd;B3;BR16;IRRIG;D06M;manha;D06;IRRIG;IRRIG;0.044;True;;;;;;;;;-1.5424183168480676;;;;;;;;;;;;;;;;;;;;;;;;;;;;;;;;;;;;;;;-1.5386226262148024;0.6452930019484461;0.6312710083780176;0.6504364410843524;;;;;;;;;;;;;;;;;;;;;;;;;;;;;;;;;;
2;RandomForest;808;B3_BR16_NIRRIG_REPROD00000.asd;B3;BR16;NIRRIG;D06M;manha;D06;NIRRIG;NIRRIG;1.0;True;;;;;;;;;-1.467822662530976;;;;;;;;;;;;;;;;;;;;;;;;;;;;;;;;;;;;;;;-1.45402588240672;0.6617703794303379;0.6518454150080831;0.6632890693347362;;;;;;;;;;;;;;;;;;;;;;;;;;;;;;;;;;
2;RandomForest;809;B3_BR16_NIRRIG_REPROD00001.asd;B3;BR16;NIRRIG;D06M;manha;D06;NIRRIG;NIRRIG;1.0;True;;;;;;;;;-1.4680646115432412;;;;;;;;;;;;;;;;;;;;;;;;;;;;;;;;;;;;;;;-1.453971144801186;0.6614601005242002;0.6521327469162052;0.6634545027883513;;;;;;;;;;;;;;;;;;;;;;;;;;;;;;;;;;
2;RandomForest;810;B3_BR16_NIRRIG_REPROD00002.asd;B3;BR16;NIRRIG;D06M;manha;D06;NIRRIG;NIRRIG;0.986;True;;;;;;;;;-1.4694080627302752;;;;;;;;;;;;;;;;;;;;;;;;;;;;;;;;;;;;;;;-1.454657898264625;0.654815587292945;0.6454944213624194;0.6566530425601388;;;;;;;;;;;;;;;;;;;;;;;;;;;;;;;;;;
2;RandomForest;811;B3_BR16_NIRRIG_REPROD00003.asd;B3;BR16;NIRRIG;D06M;manha;D06;NIRRIG;NIRRIG;0.994;True;;;;;;;;;-1.4698192225273234;;;;;;;;;;;;;;;;;;;;;;;;;;;;;;;;;;;;;;;-1.4545862033442367;0.6524902725978379;0.6430821640039388;0.6543697578736378;;;;;;;;;;;;;;;;;;;;;;;;;;;;;;;;;;
2;RandomForest;812;B3_BR16_NIRRIG_REPROD00004.asd;B3;BR16;NIRRIG;D06M;manha;D06;NIRRIG;NIRRIG;0.988;True;;;;;;;;;-1.460995296894643;;;;;;;;;;;;;;;;;;;;;;;;;;;;;;;;;;;;;;;-1.4424318139770065;0.6536987457299873;0.6457640340478451;0.6551369328856504;;;;;;;;;;;;;;;;;;;;;;;;;;;;;;;;;;
2;RandomForest;813;B3_BR16_NIRRIG_REPROD00005.asd;B3;BR16;NIRRIG;D06M;manha;D06;NIRRIG;NIRRIG;0.996;True;;;;;;;;;-1.4651954587602865;;;;;;;;;;;;;;;;;;;;;;;;;;;;;;;;;;;;;;;-1.446894269799716;0.6522473328732268;0.6443067038948072;0.6541047575460105;;;;;;;;;;;;;;;;;;;;;;;;;;;;;;;;;;
2;RandomForest;814;B3_BR16_NIRRIG_REPROD00006.asd;B3;BR16;NIRRIG;D06M;manha;D06;NIRRIG;NIRRIG;0.996;True;;;;;;;;;-1.4622146054199432;;;;;;;;;;;;;;;;;;;;;;;;;;;;;;;;;;;;;;;-1.4437933804807817;0.6526624642250396;0.6441724420890006;0.6539871508013686;;;;;;;;;;;;;;;;;;;;;;;;;;;;;;;;;;
2;RandomForest;815;B3_BR16_NIRRIG_REPROD00007.asd;B3;BR16;NIRRIG;D06M;manha;D06;NIRRIG;NIRRIG;0.996;True;;;;;;;;;-1.4600571931525737;;;;;;;;;;;;;;;;;;;;;;;;;;;;;;;;;;;;;;;-1.4419234159620267;0.6528630062018452;0.6448307156100624;0.6538896621417465;;;;;;;;;;;;;;;;;;;;;;;;;;;;;;;;;;
3;PLS-DA;784;B2_BR16_IRRIG_REPROD00000.asd;B2;BR16;IRRIG;D06M;manha;D06;IRRIG;IRRIG;0.34642983860783644;True;;;;;;;;;-1.5660829993629815;;;;;;;;;;;;;;;;;;;;;;;;;;;;;;;;;;;;;;;-1.5642615270552982;0.6278330727373886;0.6162121182366963;0.6318950097505214;;;;;;;;;;;;;;;;;;;;;;;;;;;;;;;;;;
3;PLS-DA;785;B2_BR16_IRRIG_REPROD00001.asd;B2;BR16;IRRIG;D06M;manha;D06;IRRIG;IRRIG;0.3331958284902487;True;;;;;;;;;-1.5760634975808643;;;;;;;;;;;;;;;;;;;;;;;;;;;;;;;;;;;;;;;-1.574469271543042;0.6280212328513987;0.616436522262159;0.6324169600925309;;;;;;;;;;;;;;;;;;;;;;;;;;;;;;;;;;
3;PLS-DA;786;B2_BR16_IRRIG_REPROD00002.asd;B2;BR16;IRRIG;D06M;manha;D06;IRRIG;IRRIG;0.32353429004806233;True;;;;;;;;;-1.58578486407964;;;;;;;;;;;;;;;;;;;;;;;;;;;;;;;;;;;;;;;-1.5840201867563126;0.6297648550207199;0.6179868144397034;0.6337577855117701;;;;;;;;;;;;;;;;;;;;;;;;;;;;;;;;;;
3;PLS-DA;787;B2_BR16_IRRIG_REPROD00003.asd;B2;BR16;IRRIG;D06M;manha;D06;IRRIG;IRRIG;0.3080082419514576;True;;;;;;;;;-1.5902623776782716;;;;;;;;;;;;;;;;;;;;;;;;;;;;;;;;;;;;;;;-1.5880784623729094;0.6248225835133353;0.6134225803835499;0.6289730126621722;;;;;;;;;;;;;;;;;;;;;;;;;;;;;;;;;;
3;PLS-DA;788;B2_BR16_IRRIG_REPROD00004.asd;B2;BR16;IRRIG;D06M;manha;D06;IRRIG;IRRIG;0.2942176299048353;True;;;;;;;;;-1.5777863748443552;;;;;;;;;;;;;;;;;;;;;;;;;;;;;;;;;;;;;;;-1.576133151891092;0.6105159747913771;0.5983784660434127;0.6150318004521921;;;;;;;;;;;;;;;;;;;;;;;;;;;;;;;;;;
3;PLS-DA;789;B2_BR16_IRRIG_REPROD00005.asd;B2;BR16;IRRIG;D06M;manha;D06;IRRIG;IRRIG;0.3191225474442027;True;;;;;;;;;-1.5768287300558292;;;;;;;;;;;;;;;;;;;;;;;;;;;;;;;;;;;;;;;-1.5754920058472257;0.6223693163555127;0.60990958521034;0.6265661735218219;;;;;;;;;;;;;;;;;;;;;;;;;;;;;;;;;;
3;PLS-DA;790;B2_BR16_IRRIG_REPROD00006.asd;B2;BR16;IRRIG;D06M;manha;D06;IRRIG;IRRIG;0.3205694022206338;True;;;;;;;;;-1.5794964963539548;;;;;;;;;;;;;;;;;;;;;;;;;;;;;;;;;;;;;;;-1.5774932240600403;0.6243702867437477;0.6123322551293047;0.6285357584741885;;;;;;;;;;;;;;;;;;;;;;;;;;;;;;;;;;
3;PLS-DA;791;B2_BR16_IRRIG_REPROD00007.asd;B2;BR16;IRRIG;D06M;manha;D06;IRRIG;IRRIG;0.3167008308827539;True;;;;;;;;;-1.5834943448299148;;;;;;;;;;;;;;;;;;;;;;;;;;;;;;;;;;;;;;;-1.5820932744648508;0.6253608206222401;0.6129494788057069;0.6297153799235874;;;;;;;;;;;;;;;;;;;;;;;;;;;;;;;;;;
3;PLS-DA;792;B2_BR16_NIRRIG_REPROD00000.asd;B2;BR16;NIRRIG;D06M;manha;D06;NIRRIG;NIRRIG;0.6142593727508897;True;;;;;;;;;-1.4447476982006588;;;;;;;;;;;;;;;;;;;;;;;;;;;;;;;;;;;;;;;-1.4342537949454301;0.6628167695556317;0.6508116596201189;0.6654086407127835;;;;;;;;;;;;;;;;;;;;;;;;;;;;;;;;;;
3;PLS-DA;793;B2_BR16_NIRRIG_REPROD00001.asd;B2;BR16;NIRRIG;D06M;manha;D06;NIRRIG;NIRRIG;0.6103075070392195;True;;;;;;;;;-1.446321956641365;;;;;;;;;;;;;;;;;;;;;;;;;;;;;;;;;;;;;;;-1.4359790870224398;0.662085682000729;0.6504322784176269;0.6642220747699764;;;;;;;;;;;;;;;;;;;;;;;;;;;;;;;;;;
3;PLS-DA;794;B2_BR16_NIRRIG_REPROD00002.asd;B2;BR16;NIRRIG;D06M;manha;D06;NIRRIG;NIRRIG;0.6149364167979459;True;;;;;;;;;-1.4459343637309265;;;;;;;;;;;;;;;;;;;;;;;;;;;;;;;;;;;;;;;-1.4351536106024876;0.663621703564815;0.6519843003642689;0.6661975521449339;;;;;;;;;;;;;;;;;;;;;;;;;;;;;;;;;;
3;PLS-DA;795;B2_BR16_NIRRIG_REPROD00003.asd;B2;BR16;NIRRIG;D06M;manha;D06;NIRRIG;NIRRIG;0.6080533077414543;True;;;;;;;;;-1.4461862864985644;;;;;;;;;;;;;;;;;;;;;;;;;;;;;;;;;;;;;;;-1.4353342998178267;0.6606923188628656;0.6493143532047543;0.6630488146472349;;;;;;;;;;;;;;;;;;;;;;;;;;;;;;;;;;
3;PLS-DA;796;B2_BR16_NIRRIG_REPROD00004.asd;B2;BR16;NIRRIG;D06M;manha;D06;NIRRIG;NIRRIG;0.5451974055106033;True;;;;;;;;;-1.4442130873456533;;;;;;;;;;;;;;;;;;;;;;;;;;;;;;;;;;;;;;;-1.4295826080320373;0.6307959305462204;0.6213060080797599;0.6328424069938482;;;;;;;;;;;;;;;;;;;;;;;;;;;;;;;;;;
3;PLS-DA;797;B2_BR16_NIRRIG_REPROD00005.asd;B2;BR16;NIRRIG;D06M;manha;D06;NIRRIG;NIRRIG;0.5623848572734379;True;;;;;;;;;-1.442968441337956;;;;;;;;;;;;;;;;;;;;;;;;;;;;;;;;;;;;;;;-1.4280247544358475;0.6370914451263409;0.627342525765001;0.6397773747091832;;;;;;;;;;;;;;;;;;;;;;;;;;;;;;;;;;
3;PLS-DA;798;B2_BR16_NIRRIG_REPROD00006.asd;B2;BR16;NIRRIG;D06M;manha;D06;NIRRIG;NIRRIG;0.569572394372785;True;;;;;;;;;-1.4413118355380086;;;;;;;;;;;;;;;;;;;;;;;;;;;;;;;;;;;;;;;-1.42570722342322;0.6389241316873162;0.6292474835235129;0.6412459466187653;;;;;;;;;;;;;;;;;;;;;;;;;;;;;;;;;;
3;PLS-DA;799;B2_BR16_NIRRIG_REPROD00007.asd;B2;BR16;NIRRIG;D06M;manha;D06;NIRRIG;NIRRIG;0.5729275603106042;True;;;;;;;;;-1.4388725813425158;;;;;;;;;;;;;;;;;;;;;;;;;;;;;;;;;;;;;;;-1.423012128294379;0.6386923595196045;0.6289712243926799;0.6412198175568087;;;;;;;;;;;;;;;;;;;;;;;;;;;;;;;;;;
3;RandomForest;784;B2_BR16_IRRIG_REPROD00000.asd;B2;BR16;IRRIG;D06M;manha;D06;IRRIG;IRRIG;0.0;True;;;;;;;;;-1.5660829993629815;;;;;;;;;;;;;;;;;;;;;;;;;;;;;;;;;;;;;;;-1.5642615270552982;0.6278330727373886;0.6162121182366963;0.6318950097505214;;;;;;;;;;;;;;;;;;;;;;;;;;;;;;;;;;
3;RandomForest;785;B2_BR16_IRRIG_REPROD00001.asd;B2;BR16;IRRIG;D06M;manha;D06;IRRIG;IRRIG;0.0;True;;;;;;;;;-1.5760634975808643;;;;;;;;;;;;;;;;;;;;;;;;;;;;;;;;;;;;;;;-1.574469271543042;0.6280212328513987;0.616436522262159;0.6324169600925309;;;;;;;;;;;;;;;;;;;;;;;;;;;;;;;;;;
3;RandomForest;786;B2_BR16_IRRIG_REPROD00002.asd;B2;BR16;IRRIG;D06M;manha;D06;IRRIG;IRRIG;0.0;True;;;;;;;;;-1.58578486407964;;;;;;;;;;;;;;;;;;;;;;;;;;;;;;;;;;;;;;;-1.5840201867563126;0.6297648550207199;0.6179868144397034;0.6337577855117701;;;;;;;;;;;;;;;;;;;;;;;;;;;;;;;;;;
3;RandomForest;787;B2_BR16_IRRIG_REPROD00003.asd;B2;BR16;IRRIG;D06M;manha;D06;IRRIG;IRRIG;0.0;True;;;;;;;;;-1.5902623776782716;;;;;;;;;;;;;;;;;;;;;;;;;;;;;;;;;;;;;;;-1.5880784623729094;0.6248225835133353;0.6134225803835499;0.6289730126621722;;;;;;;;;;;;;;;;;;;;;;;;;;;;;;;;;;
3;RandomForest;788;B2_BR16_IRRIG_REPROD00004.asd;B2;BR16;IRRIG;D06M;manha;D06;IRRIG;IRRIG;0.0;True;;;;;;;;;-1.5777863748443552;;;;;;;;;;;;;;;;;;;;;;;;;;;;;;;;;;;;;;;-1.576133151891092;0.6105159747913771;0.5983784660434127;0.6150318004521921;;;;;;;;;;;;;;;;;;;;;;;;;;;;;;;;;;
3;RandomForest;789;B2_BR16_IRRIG_REPROD00005.asd;B2;BR16;IRRIG;D06M;manha;D06;IRRIG;IRRIG;0.0;True;;;;;;;;;-1.5768287300558292;;;;;;;;;;;;;;;;;;;;;;;;;;;;;;;;;;;;;;;-1.5754920058472257;0.6223693163555127;0.60990958521034;0.6265661735218219;;;;;;;;;;;;;;;;;;;;;;;;;;;;;;;;;;
3;RandomForest;790;B2_BR16_IRRIG_REPROD00006.asd;B2;BR16;IRRIG;D06M;manha;D06;IRRIG;IRRIG;0.0;True;;;;;;;;;-1.5794964963539548;;;;;;;;;;;;;;;;;;;;;;;;;;;;;;;;;;;;;;;-1.5774932240600403;0.6243702867437477;0.6123322551293047;0.6285357584741885;;;;;;;;;;;;;;;;;;;;;;;;;;;;;;;;;;
3;RandomForest;791;B2_BR16_IRRIG_REPROD00007.asd;B2;BR16;IRRIG;D06M;manha;D06;IRRIG;IRRIG;0.0;True;;;;;;;;;-1.5834943448299148;;;;;;;;;;;;;;;;;;;;;;;;;;;;;;;;;;;;;;;-1.5820932744648508;0.6253608206222401;0.6129494788057069;0.6297153799235874;;;;;;;;;;;;;;;;;;;;;;;;;;;;;;;;;;
3;RandomForest;792;B2_BR16_NIRRIG_REPROD00000.asd;B2;BR16;NIRRIG;D06M;manha;D06;NIRRIG;NIRRIG;1.0;True;;;;;;;;;-1.4447476982006588;;;;;;;;;;;;;;;;;;;;;;;;;;;;;;;;;;;;;;;-1.4342537949454301;0.6628167695556317;0.6508116596201189;0.6654086407127835;;;;;;;;;;;;;;;;;;;;;;;;;;;;;;;;;;
3;RandomForest;793;B2_BR16_NIRRIG_REPROD00001.asd;B2;BR16;NIRRIG;D06M;manha;D06;NIRRIG;NIRRIG;1.0;True;;;;;;;;;-1.446321956641365;;;;;;;;;;;;;;;;;;;;;;;;;;;;;;;;;;;;;;;-1.4359790870224398;0.662085682000729;0.6504322784176269;0.6642220747699764;;;;;;;;;;;;;;;;;;;;;;;;;;;;;;;;;;
3;RandomForest;794;B2_BR16_NIRRIG_REPROD00002.asd;B2;BR16;NIRRIG;D06M;manha;D06;NIRRIG;NIRRIG;1.0;True;;;;;;;;;-1.4459343637309265;;;;;;;;;;;;;;;;;;;;;;;;;;;;;;;;;;;;;;;-1.4351536106024876;0.663621703564815;0.6519843003642689;0.6661975521449339;;;;;;;;;;;;;;;;;;;;;;;;;;;;;;;;;;
3;RandomForest;795;B2_BR16_NIRRIG_REPROD00003.asd;B2;BR16;NIRRIG;D06M;manha;D06;NIRRIG;NIRRIG;1.0;True;;;;;;;;;-1.4461862864985644;;;;;;;;;;;;;;;;;;;;;;;;;;;;;;;;;;;;;;;-1.4353342998178267;0.6606923188628656;0.6493143532047543;0.6630488146472349;;;;;;;;;;;;;;;;;;;;;;;;;;;;;;;;;;
3;RandomForest;796;B2_BR16_NIRRIG_REPROD00004.asd;B2;BR16;NIRRIG;D06M;manha;D06;NIRRIG;NIRRIG;0.678;True;;;;;;;;;-1.4442130873456533;;;;;;;;;;;;;;;;;;;;;;;;;;;;;;;;;;;;;;;-1.4295826080320373;0.6307959305462204;0.6213060080797599;0.6328424069938482;;;;;;;;;;;;;;;;;;;;;;;;;;;;;;;;;;
3;RandomForest;797;B2_BR16_NIRRIG_REPROD00005.asd;B2;BR16;NIRRIG;D06M;manha;D06;NIRRIG;NIRRIG;0.678;True;;;;;;;;;-1.442968441337956;;;;;;;;;;;;;;;;;;;;;;;;;;;;;;;;;;;;;;;-1.4280247544358475;0.6370914451263409;0.627342525765001;0.6397773747091832;;;;;;;;;;;;;;;;;;;;;;;;;;;;;;;;;;
3;RandomForest;798;B2_BR16_NIRRIG_REPROD00006.asd;B2;BR16;NIRRIG;D06M;manha;D06;NIRRIG;NIRRIG;0.678;True;;;;;;;;;-1.4413118355380086;;;;;;;;;;;;;;;;;;;;;;;;;;;;;;;;;;;;;;;-1.42570722342322;0.6389241316873162;0.6292474835235129;0.6412459466187653;;;;;;;;;;;;;;;;;;;;;;;;;;;;;;;;;;
3;RandomForest;799;B2_BR16_NIRRIG_REPROD00007.asd;B2;BR16;NIRRIG;D06M;manha;D06;NIRRIG;NIRRIG;0.678;True;;;;;;;;;-1.4388725813425158;;;;;;;;;;;;;;;;;;;;;;;;;;;;;;;;;;;;;;;-1.423012128294379;0.6386923595196045;0.6289712243926799;0.6412198175568087;;;;;;;;;;;;;;;;;;;;;;;;;;;;;;;;;;
4;PLS-DA;768;B1_BR16_IRRIG_REPROD00000.asd;B1;BR16;IRRIG;D06M;manha;D06;IRRIG;IRRIG;0.38460173431283934;True;;;;;;;;;-1.548197348836801;;;;;;;;;;;;;;;;;;;;;;;;;;;;;;;;;;;;;;;-1.5483760542734848;0.6202867520974981;0.6069958159288302;0.6249571059635961;;;;;;;;;;;;;;;;;;;;;;;;;;;;;;;;;;
4;PLS-DA;769;B1_BR16_IRRIG_REPROD00001.asd;B1;BR16;IRRIG;D06M;manha;D06;IRRIG;IRRIG;0.37914047080879676;True;;;;;;;;;-1.5523198585944382;;;;;;;;;;;;;;;;;;;;;;;;;;;;;;;;;;;;;;;-1.5525909520866938;0.6207357296982692;0.6075835436217204;0.6247493115655011;;;;;;;;;;;;;;;;;;;;;;;;;;;;;;;;;;
4;PLS-DA;770;B1_BR16_IRRIG_REPROD00002.asd;B1;BR16;IRRIG;D06M;manha;D06;IRRIG;IRRIG;0.37553104167829876;True;;;;;;;;;-1.5560035857676426;;;;;;;;;;;;;;;;;;;;;;;;;;;;;;;;;;;;;;;-1.5560070567175657;0.6222889526381911;0.6088651482749051;0.6264391984561163;;;;;;;;;;;;;;;;;;;;;;;;;;;;;;;;;;
4;PLS-DA;771;B1_BR16_IRRIG_REPROD00003.asd;B1;BR16;IRRIG;D06M;manha;D06;IRRIG;IRRIG;0.36828791926948734;True;;;;;;;;;-1.5606837281736035;;;;;;;;;;;;;;;;;;;;;;;;;;;;;;;;;;;;;;;-1.5614513956582425;0.6220505750466298;0.6092411270129218;0.6263983596700945;;;;;;;;;;;;;;;;;;;;;;;;;;;;;;;;;;
4;PLS-DA;772;B1_BR16_IRRIG_REPROD00004.asd;B1;BR16;IRRIG;D06M;manha;D06;IRRIG;IRRIG;0.4460338754198749;True;;;;;;;;;-1.5066273529470142;;;;;;;;;;;;;;;;;;;;;;;;;;;;;;;;;;;;;;;-1.5060774917507669;0.6184982748394053;0.6043387141901798;0.6239107623446251;;;;;;;;;;;;;;;;;;;;;;;;;;;;;;;;;;
4;PLS-DA;773;B1_BR16_IRRIG_REPROD00005.asd;B1;BR16;IRRIG;D06M;manha;D06;IRRIG;IRRIG;0.4330157117152291;True;;;;;;;;;-1.5123043502512161;;;;;;;;;;;;;;;;;;;;;;;;;;;;;;;;;;;;;;;-1.5115915147738013;0.6151430004841838;0.6012895048393744;0.6205948340539343;;;;;;;;;;;;;;;;;;;;;;;;;;;;;;;;;;
4;PLS-DA;774;B1_BR16_IRRIG_REPROD00006.asd;B1;BR16;IRRIG;D06M;manha;D06;IRRIG;IRRIG;0.4194990932541843;True;;;;;;;;;-1.5180863110625744;;;;;;;;;;;;;;;;;;;;;;;;;;;;;;;;;;;;;;;-1.5173585349307153;0.6118171120189889;0.5979316070508127;0.6173504603423717;;;;;;;;;;;;;;;;;;;;;;;;;;;;;;;;;;
4;PLS-DA;775;B1_BR16_IRRIG_REPROD00007.asd;B1;BR16;IRRIG;D06M;manha;D06;IRRIG;IRRIG;0.4107747712336359;True;;;;;;;;;-1.5227111374504947;;;;;;;;;;;;;;;;;;;;;;;;;;;;;;;;;;;;;;;-1.5219044494569696;0.610507221537768;0.5966379739437873;0.6152780897027507;;;;;;;;;;;;;;;;;;;;;;;;;;;;;;;;;;
4;PLS-DA;776;B1_BR16_NIRRIG_REPROD00000.asd;B1;BR16;NIRRIG;D06M;manha;D06;NIRRIG;NIRRIG;0.6297855802771587;True;;;;;;;;;-1.439393006508125;;;;;;;;;;;;;;;;;;;;;;;;;;;;;;;;;;;;;;;-1.428748439749044;0.6674341338371739;0.6573202835958525;0.6689586858229549;;;;;;;;;;;;;;;;;;;;;;;;;;;;;;;;;;
4;PLS-DA;777;B1_BR16_NIRRIG_REPROD00001.asd;B1;BR16;NIRRIG;D06M;manha;D06;NIRRIG;NIRRIG;0.6338406145451951;True;;;;;;;;;-1.4371032556677166;;;;;;;;;;;;;;;;;;;;;;;;;;;;;;;;;;;;;;;-1.4256325422474423;0.6672342414102702;0.6574962782145285;0.6691245543369748;;;;;;;;;;;;;;;;;;;;;;;;;;;;;;;;;;
4;PLS-DA;778;B1_BR16_NIRRIG_REPROD00002.asd;B1;BR16;NIRRIG;D06M;manha;D06;NIRRIG;NIRRIG;0.6382636210934859;True;;;;;;;;;-1.4347139616876259;;;;;;;;;;;;;;;;;;;;;;;;;;;;;;;;;;;;;;;-1.4234518482056175;0.6681344578633623;0.6583044535010035;0.6700927643764742;;;;;;;;;;;;;;;;;;;;;;;;;;;;;;;;;;
4;PLS-DA;779;B1_BR16_NIRRIG_REPROD00003.asd;B1;BR16;NIRRIG;D06M;manha;D06;NIRRIG;NIRRIG;0.6410365527469705;True;;;;;;;;;-1.4332353681932177;;;;;;;;;;;;;;;;;;;;;;;;;;;;;;;;;;;;;;;-1.4218362961369353;0.6681964583699935;0.6588262866117024;0.6703500558442346;;;;;;;;;;;;;;;;;;;;;;;;;;;;;;;;;;
4;PLS-DA;780;B1_BR16_NIRRIG_REPROD00004.asd;B1;BR16;NIRRIG;D06M;manha;D06;NIRRIG;NIRRIG;0.6168054669324987;True;;;;;;;;;-1.4399053016015049;;;;;;;;;;;;;;;;;;;;;;;;;;;;;;;;;;;;;;;-1.4291674356653563;0.6595689510285605;0.6476381268888975;0.6635070119822908;;;;;;;;;;;;;;;;;;;;;;;;;;;;;;;;;;
4;PLS-DA;781;B1_BR16_NIRRIG_REPROD00005.asd;B1;BR16;NIRRIG;D06M;manha;D06;NIRRIG;NIRRIG;0.6209568831863438;True;;;;;;;;;-1.4388129817816089;;;;;;;;;;;;;;;;;;;;;;;;;;;;;;;;;;;;;;;-1.427640068125144;0.6611187849041925;0.6493996578720101;0.6652595062283408;;;;;;;;;;;;;;;;;;;;;;;;;;;;;;;;;;
4;PLS-DA;782;B1_BR16_NIRRIG_REPROD00006.asd;B1;BR16;NIRRIG;D06M;manha;D06;NIRRIG;NIRRIG;0.6235834332107344;True;;;;;;;;;-1.437543789208457;;;;;;;;;;;;;;;;;;;;;;;;;;;;;;;;;;;;;;;-1.426420922972426;0.6619316671048996;0.649898824156349;0.6658930863124645;;;;;;;;;;;;;;;;;;;;;;;;;;;;;;;;;;
4;PLS-DA;783;B1_BR16_NIRRIG_REPROD00007.asd;B1;BR16;NIRRIG;D06M;manha;D06;NIRRIG;NIRRIG;0.6275296956783741;True;;;;;;;;;-1.4363112458025813;;;;;;;;;;;;;;;;;;;;;;;;;;;;;;;;;;;;;;;-1.424919108598755;0.6631335045902588;0.6514370401567059;0.6668699962634693;;;;;;;;;;;;;;;;;;;;;;;;;;;;;;;;;;
4;RandomForest;768;B1_BR16_IRRIG_REPROD00000.asd;B1;BR16;IRRIG;D06M;manha;D06;IRRIG;IRRIG;0.0;True;;;;;;;;;-1.548197348836801;;;;;;;;;;;;;;;;;;;;;;;;;;;;;;;;;;;;;;;-1.5483760542734848;0.6202867520974981;0.6069958159288302;0.6249571059635961;;;;;;;;;;;;;;;;;;;;;;;;;;;;;;;;;;
4;RandomForest;769;B1_BR16_IRRIG_REPROD00001.asd;B1;BR16;IRRIG;D06M;manha;D06;IRRIG;IRRIG;0.0;True;;;;;;;;;-1.5523198585944382;;;;;;;;;;;;;;;;;;;;;;;;;;;;;;;;;;;;;;;-1.5525909520866938;0.6207357296982692;0.6075835436217204;0.6247493115655011;;;;;;;;;;;;;;;;;;;;;;;;;;;;;;;;;;
4;RandomForest;770;B1_BR16_IRRIG_REPROD00002.asd;B1;BR16;IRRIG;D06M;manha;D06;IRRIG;IRRIG;0.0;True;;;;;;;;;-1.5560035857676426;;;;;;;;;;;;;;;;;;;;;;;;;;;;;;;;;;;;;;;-1.5560070567175657;0.6222889526381911;0.6088651482749051;0.6264391984561163;;;;;;;;;;;;;;;;;;;;;;;;;;;;;;;;;;
4;RandomForest;771;B1_BR16_IRRIG_REPROD00003.asd;B1;BR16;IRRIG;D06M;manha;D06;IRRIG;IRRIG;0.0;True;;;;;;;;;-1.5606837281736035;;;;;;;;;;;;;;;;;;;;;;;;;;;;;;;;;;;;;;;-1.5614513956582425;0.6220505750466298;0.6092411270129218;0.6263983596700945;;;;;;;;;;;;;;;;;;;;;;;;;;;;;;;;;;
4;RandomForest;772;B1_BR16_IRRIG_REPROD00004.asd;B1;BR16;IRRIG;D06M;manha;D06;IRRIG;IRRIG;0.0;True;;;;;;;;;-1.5066273529470142;;;;;;;;;;;;;;;;;;;;;;;;;;;;;;;;;;;;;;;-1.5060774917507669;0.6184982748394053;0.6043387141901798;0.6239107623446251;;;;;;;;;;;;;;;;;;;;;;;;;;;;;;;;;;
4;RandomForest;773;B1_BR16_IRRIG_REPROD00005.asd;B1;BR16;IRRIG;D06M;manha;D06;IRRIG;IRRIG;0.0;True;;;;;;;;;-1.5123043502512161;;;;;;;;;;;;;;;;;;;;;;;;;;;;;;;;;;;;;;;-1.5115915147738013;0.6151430004841838;0.6012895048393744;0.6205948340539343;;;;;;;;;;;;;;;;;;;;;;;;;;;;;;;;;;
4;RandomForest;774;B1_BR16_IRRIG_REPROD00006.asd;B1;BR16;IRRIG;D06M;manha;D06;IRRIG;IRRIG;0.0;True;;;;;;;;;-1.5180863110625744;;;;;;;;;;;;;;;;;;;;;;;;;;;;;;;;;;;;;;;-1.5173585349307153;0.6118171120189889;0.5979316070508127;0.6173504603423717;;;;;;;;;;;;;;;;;;;;;;;;;;;;;;;;;;
4;RandomForest;775;B1_BR16_IRRIG_REPROD00007.asd;B1;BR16;IRRIG;D06M;manha;D06;IRRIG;IRRIG;0.0;True;;;;;;;;;-1.5227111374504947;;;;;;;;;;;;;;;;;;;;;;;;;;;;;;;;;;;;;;;-1.5219044494569696;0.610507221537768;0.5966379739437873;0.6152780897027507;;;;;;;;;;;;;;;;;;;;;;;;;;;;;;;;;;
4;RandomForest;776;B1_BR16_NIRRIG_REPROD00000.asd;B1;BR16;NIRRIG;D06M;manha;D06;NIRRIG;NIRRIG;1.0;True;;;;;;;;;-1.439393006508125;;;;;;;;;;;;;;;;;;;;;;;;;;;;;;;;;;;;;;;-1.428748439749044;0.6674341338371739;0.6573202835958525;0.6689586858229549;;;;;;;;;;;;;;;;;;;;;;;;;;;;;;;;;;
4;RandomForest;777;B1_BR16_NIRRIG_REPROD00001.asd;B1;BR16;NIRRIG;D06M;manha;D06;NIRRIG;NIRRIG;1.0;True;;;;;;;;;-1.4371032556677166;;;;;;;;;;;;;;;;;;;;;;;;;;;;;;;;;;;;;;;-1.4256325422474423;0.6672342414102702;0.6574962782145285;0.6691245543369748;;;;;;;;;;;;;;;;;;;;;;;;;;;;;;;;;;
4;RandomForest;778;B1_BR16_NIRRIG_REPROD00002.asd;B1;BR16;NIRRIG;D06M;manha;D06;NIRRIG;NIRRIG;1.0;True;;;;;;;;;-1.4347139616876259;;;;;;;;;;;;;;;;;;;;;;;;;;;;;;;;;;;;;;;-1.4234518482056175;0.6681344578633623;0.6583044535010035;0.6700927643764742;;;;;;;;;;;;;;;;;;;;;;;;;;;;;;;;;;
4;RandomForest;779;B1_BR16_NIRRIG_REPROD00003.asd;B1;BR16;NIRRIG;D06M;manha;D06;NIRRIG;NIRRIG;1.0;True;;;;;;;;;-1.4332353681932177;;;;;;;;;;;;;;;;;;;;;;;;;;;;;;;;;;;;;;;-1.4218362961369353;0.6681964583699935;0.6588262866117024;0.6703500558442346;;;;;;;;;;;;;;;;;;;;;;;;;;;;;;;;;;
4;RandomForest;780;B1_BR16_NIRRIG_REPROD00004.asd;B1;BR16;NIRRIG;D06M;manha;D06;NIRRIG;NIRRIG;1.0;True;;;;;;;;;-1.4399053016015049;;;;;;;;;;;;;;;;;;;;;;;;;;;;;;;;;;;;;;;-1.4291674356653563;0.6595689510285605;0.6476381268888975;0.6635070119822908;;;;;;;;;;;;;;;;;;;;;;;;;;;;;;;;;;
4;RandomForest;781;B1_BR16_NIRRIG_REPROD00005.asd;B1;BR16;NIRRIG;D06M;manha;D06;NIRRIG;NIRRIG;1.0;True;;;;;;;;;-1.4388129817816089;;;;;;;;;;;;;;;;;;;;;;;;;;;;;;;;;;;;;;;-1.427640068125144;0.6611187849041925;0.6493996578720101;0.6652595062283408;;;;;;;;;;;;;;;;;;;;;;;;;;;;;;;;;;
4;RandomForest;782;B1_BR16_NIRRIG_REPROD00006.asd;B1;BR16;NIRRIG;D06M;manha;D06;NIRRIG;NIRRIG;1.0;True;;;;;;;;;-1.437543789208457;;;;;;;;;;;;;;;;;;;;;;;;;;;;;;;;;;;;;;;-1.426420922972426;0.6619316671048996;0.649898824156349;0.6658930863124645;;;;;;;;;;;;;;;;;;;;;;;;;;;;;;;;;;
4;RandomForest;783;B1_BR16_NIRRIG_REPROD00007.asd;B1;BR16;NIRRIG;D06M;manha;D06;NIRRIG;NIRRIG;1.0;True;;;;;;;;;-1.4363112458025813;;;;;;;;;;;;;;;;;;;;;;;;;;;;;;;;;;;;;;;-1.424919108598755;0.6631335045902588;0.6514370401567059;0.6668699962634693;;;;;;;;;;;;;;;;;;;;;;;;;;;;;;;;;;
1;PLS-DA;880;B4_CD202_IRRIG_REPROD00000.asd;B4;CD202;IRRIG;D06M;manha;D06;IRRIG;IRRIG;0.4122170219319015;True;;;;;;;;;;;;;;;;;;;;;;;;;;;;;;;;;;;;;;;;;;;;;;;;;;;;-1.5212377874242553;-1.5133251806046768;-1.491421104626405;-1.5034316845120939;-1.4546136839106212;;;;;;;;;;;;;;;;;;;;;;;;;;;;;
1;PLS-DA;881;B4_CD202_IRRIG_REPROD00001.asd;B4;CD202;IRRIG;D06M;manha;D06;IRRIG;IRRIG;0.411631572861718;True;;;;;;;;;;;;;;;;;;;;;;;;;;;;;;;;;;;;;;;;;;;;;;;;;;;;-1.5250836955020188;-1.5164184578428228;-1.4939070238254055;-1.5066806046431158;-1.4570344121139562;;;;;;;;;;;;;;;;;;;;;;;;;;;;;
1;PLS-DA;882;B4_CD202_IRRIG_REPROD00002.asd;B4;CD202;IRRIG;D06M;manha;D06;IRRIG;IRRIG;0.408564313482451;True;;;;;;;;;;;;;;;;;;;;;;;;;;;;;;;;;;;;;;;;;;;;;;;;;;;;-1.5274073014611367;-1.5189027258309022;-1.4970856953184546;-1.5094577976385932;-1.4592535269876283;;;;;;;;;;;;;;;;;;;;;;;;;;;;;
1;PLS-DA;883;B4_CD202_IRRIG_REPROD00003.asd;B4;CD202;IRRIG;D06M;manha;D06;IRRIG;IRRIG;0.40527045794334743;True;;;;;;;;;;;;;;;;;;;;;;;;;;;;;;;;;;;;;;;;;;;;;;;;;;;;-1.5310801436254131;-1.5230538869453487;-1.5002001229769757;-1.5130237950831578;-1.4626035260288994;;;;;;;;;;;;;;;;;;;;;;;;;;;;;
1;PLS-DA;884;B4_CD202_IRRIG_REPROD00004.asd;B4;CD202;IRRIG;D06M;manha;D06;IRRIG;IRRIG;0.4780071852191753;True;;;;;;;;;;;;;;;;;;;;;;;;;;;;;;;;;;;;;;;;;;;;;;;;;;;;-1.4920806060630436;-1.4832440774476316;-1.4569662557753413;-1.4699948182652194;-1.41307775493593;;;;;;;;;;;;;;;;;;;;;;;;;;;;;
1;PLS-DA;885;B4_CD202_IRRIG_REPROD00005.asd;B4;CD202;IRRIG;D06M;manha;D06;IRRIG;IRRIG;0.46721202775385917;True;;;;;;;;;;;;;;;;;;;;;;;;;;;;;;;;;;;;;;;;;;;;;;;;;;;;-1.5038878722260844;-1.4943781243027905;-1.4678236823593798;-1.481123805447356;-1.423243577378877;;;;;;;;;;;;;;;;;;;;;;;;;;;;;
1;PLS-DA;886;B4_CD202_IRRIG_REPROD00006.asd;B4;CD202;IRRIG;D06M;manha;D06;IRRIG;IRRIG;0.46093505094087023;True;;;;;;;;;;;;;;;;;;;;;;;;;;;;;;;;;;;;;;;;;;;;;;;;;;;;-1.5104378484737633;-1.5009651040211405;-1.4741640892726753;-1.4878177483602455;-1.4291266895619672;;;;;;;;;;;;;;;;;;;;;;;;;;;;;
1;PLS-DA;887;B4_CD202_IRRIG_REPROD00007.asd;B4;CD202;IRRIG;D06M;manha;D06;IRRIG;IRRIG;0.4553461120572055;True;;;;;;;;;;;;;;;;;;;;;;;;;;;;;;;;;;;;;;;;;;;;;;;;;;;;-1.5166664809397064;-1.5070302644466445;-1.4797964360942752;-1.4944158482347853;-1.4349162111227878;;;;;;;;;;;;;;;;;;;;;;;;;;;;;
1;PLS-DA;888;B4_CD202_NIRRIG_REPROD00000.asd;B4;CD202;NIRRIG;D06M;manha;D06;NIRRIG;NIRRIG;0.6167256278754707;True;;;;;;;;;;;;;;;;;;;;;;;;;;;;;;;;;;;;;;;;;;;;;;;;;;;;-1.4476718971026894;-1.43066858364193;-1.396630219775478;-1.4278378428786735;-1.3424694612720387;;;;;;;;;;;;;;;;;;;;;;;;;;;;;
1;PLS-DA;889;B4_CD202_NIRRIG_REPROD00001.asd;B4;CD202;NIRRIG;D06M;manha;D06;NIRRIG;NIRRIG;0.6201698228620321;True;;;;;;;;;;;;;;;;;;;;;;;;;;;;;;;;;;;;;;;;;;;;;;;;;;;;-1.4465805324841936;-1.429451555666697;-1.395041307529743;-1.427814214051266;-1.3412932283970043;;;;;;;;;;;;;;;;;;;;;;;;;;;;;
1;PLS-DA;890;B4_CD202_NIRRIG_REPROD00002.asd;B4;CD202;NIRRIG;D06M;manha;D06;NIRRIG;NIRRIG;0.6257503437170737;True;;;;;;;;;;;;;;;;;;;;;;;;;;;;;;;;;;;;;;;;;;;;;;;;;;;;-1.4447122570457083;-1.427577701259292;-1.3925867102292622;-1.4262289027326216;-1.3383669939317278;;;;;;;;;;;;;;;;;;;;;;;;;;;;;
1;PLS-DA;891;B4_CD202_NIRRIG_REPROD00003.asd;B4;CD202;NIRRIG;D06M;manha;D06;NIRRIG;NIRRIG;0.627679491628055;True;;;;;;;;;;;;;;;;;;;;;;;;;;;;;;;;;;;;;;;;;;;;;;;;;;;;-1.4453891102817198;-1.427969333731792;-1.3926562432218685;-1.4262297826519759;-1.3377337840479089;;;;;;;;;;;;;;;;;;;;;;;;;;;;;
1;PLS-DA;892;B4_CD202_NIRRIG_REPROD00004.asd;B4;CD202;NIRRIG;D06M;manha;D06;NIRRIG;NIRRIG;0.630235121557983;True;;;;;;;;;;;;;;;;;;;;;;;;;;;;;;;;;;;;;;;;;;;;;;;;;;;;-1.4725026317693282;-1.4531669597876142;-1.4128390747669053;-1.4503753017120218;-1.3509435808039518;;;;;;;;;;;;;;;;;;;;;;;;;;;;;
1;PLS-DA;893;B4_CD202_NIRRIG_REPROD00005.asd;B4;CD202;NIRRIG;D06M;manha;D06;NIRRIG;NIRRIG;0.6346385907397029;True;;;;;;;;;;;;;;;;;;;;;;;;;;;;;;;;;;;;;;;;;;;;;;;;;;;;-1.4720579470319648;-1.452406676151155;-1.4117932336630679;-1.4500383033355488;-1.349102694298352;;;;;;;;;;;;;;;;;;;;;;;;;;;;;
1;PLS-DA;894;B4_CD202_NIRRIG_REPROD00006.asd;B4;CD202;NIRRIG;D06M;manha;D06;NIRRIG;NIRRIG;0.6398248951117602;True;;;;;;;;;;;;;;;;;;;;;;;;;;;;;;;;;;;;;;;;;;;;;;;;;;;;-1.4705465091975776;-1.450825427780521;-1.4095221951175907;-1.4484039391896246;-1.3463411846497102;;;;;;;;;;;;;;;;;;;;;;;;;;;;;
1;PLS-DA;895;B4_CD202_NIRRIG_REPROD00007.asd;B4;CD202;NIRRIG;D06M;manha;D06;NIRRIG;NIRRIG;0.6439103720507583;True;;;;;;;;;;;;;;;;;;;;;;;;;;;;;;;;;;;;;;;;;;;;;;;;;;;;-1.4702659463499281;-1.449753730164061;-1.4082457599343265;-1.448275922212053;-1.3449581357759575;;;;;;;;;;;;;;;;;;;;;;;;;;;;;
1;RandomForest;880;B4_CD202_IRRIG_REPROD00000.asd;B4;CD202;IRRIG;D06M;manha;D06;IRRIG;IRRIG;0.0;True;;;;;;;;;;;;;;;;;;;;;;;;;;;;;;;;;;;;;;;;;;;;;;;;;;;;-1.5212377874242553;-1.5133251806046768;-1.491421104626405;-1.5034316845120939;-1.4546136839106212;;;;;;;;;;;;;;;;;;;;;;;;;;;;;
1;RandomForest;881;B4_CD202_IRRIG_REPROD00001.asd;B4;CD202;IRRIG;D06M;manha;D06;IRRIG;IRRIG;0.0;True;;;;;;;;;;;;;;;;;;;;;;;;;;;;;;;;;;;;;;;;;;;;;;;;;;;;-1.5250836955020188;-1.5164184578428228;-1.4939070238254055;-1.5066806046431158;-1.4570344121139562;;;;;;;;;;;;;;;;;;;;;;;;;;;;;
1;RandomForest;882;B4_CD202_IRRIG_REPROD00002.asd;B4;CD202;IRRIG;D06M;manha;D06;IRRIG;IRRIG;0.0;True;;;;;;;;;;;;;;;;;;;;;;;;;;;;;;;;;;;;;;;;;;;;;;;;;;;;-1.5274073014611367;-1.5189027258309022;-1.4970856953184546;-1.5094577976385932;-1.4592535269876283;;;;;;;;;;;;;;;;;;;;;;;;;;;;;
1;RandomForest;883;B4_CD202_IRRIG_REPROD00003.asd;B4;CD202;IRRIG;D06M;manha;D06;IRRIG;IRRIG;0.0;True;;;;;;;;;;;;;;;;;;;;;;;;;;;;;;;;;;;;;;;;;;;;;;;;;;;;-1.5310801436254131;-1.5230538869453487;-1.5002001229769757;-1.5130237950831578;-1.4626035260288994;;;;;;;;;;;;;;;;;;;;;;;;;;;;;
1;RandomForest;884;B4_CD202_IRRIG_REPROD00004.asd;B4;CD202;IRRIG;D06M;manha;D06;IRRIG;NIRRIG;0.998;False;;;;;;;;;;;;;;;;;;;;;;;;;;;;;;;;;;;;;;;;;;;;;;;;;;;;-1.4920806060630436;-1.4832440774476316;-1.4569662557753413;-1.4699948182652194;-1.41307775493593;;;;;;;;;;;;;;;;;;;;;;;;;;;;;
1;RandomForest;885;B4_CD202_IRRIG_REPROD00005.asd;B4;CD202;IRRIG;D06M;manha;D06;IRRIG;NIRRIG;0.784;False;;;;;;;;;;;;;;;;;;;;;;;;;;;;;;;;;;;;;;;;;;;;;;;;;;;;-1.5038878722260844;-1.4943781243027905;-1.4678236823593798;-1.481123805447356;-1.423243577378877;;;;;;;;;;;;;;;;;;;;;;;;;;;;;
1;RandomForest;886;B4_CD202_IRRIG_REPROD00006.asd;B4;CD202;IRRIG;D06M;manha;D06;IRRIG;IRRIG;0.424;True;;;;;;;;;;;;;;;;;;;;;;;;;;;;;;;;;;;;;;;;;;;;;;;;;;;;-1.5104378484737633;-1.5009651040211405;-1.4741640892726753;-1.4878177483602455;-1.4291266895619672;;;;;;;;;;;;;;;;;;;;;;;;;;;;;
1;RandomForest;887;B4_CD202_IRRIG_REPROD00007.asd;B4;CD202;IRRIG;D06M;manha;D06;IRRIG;IRRIG;0.002;True;;;;;;;;;;;;;;;;;;;;;;;;;;;;;;;;;;;;;;;;;;;;;;;;;;;;-1.5166664809397064;-1.5070302644466445;-1.4797964360942752;-1.4944158482347853;-1.4349162111227878;;;;;;;;;;;;;;;;;;;;;;;;;;;;;
1;RandomForest;888;B4_CD202_NIRRIG_REPROD00000.asd;B4;CD202;NIRRIG;D06M;manha;D06;NIRRIG;NIRRIG;1.0;True;;;;;;;;;;;;;;;;;;;;;;;;;;;;;;;;;;;;;;;;;;;;;;;;;;;;-1.4476718971026894;-1.43066858364193;-1.396630219775478;-1.4278378428786735;-1.3424694612720387;;;;;;;;;;;;;;;;;;;;;;;;;;;;;
1;RandomForest;889;B4_CD202_NIRRIG_REPROD00001.asd;B4;CD202;NIRRIG;D06M;manha;D06;NIRRIG;NIRRIG;1.0;True;;;;;;;;;;;;;;;;;;;;;;;;;;;;;;;;;;;;;;;;;;;;;;;;;;;;-1.4465805324841936;-1.429451555666697;-1.395041307529743;-1.427814214051266;-1.3412932283970043;;;;;;;;;;;;;;;;;;;;;;;;;;;;;
1;RandomForest;890;B4_CD202_NIRRIG_REPROD00002.asd;B4;CD202;NIRRIG;D06M;manha;D06;NIRRIG;NIRRIG;1.0;True;;;;;;;;;;;;;;;;;;;;;;;;;;;;;;;;;;;;;;;;;;;;;;;;;;;;-1.4447122570457083;-1.427577701259292;-1.3925867102292622;-1.4262289027326216;-1.3383669939317278;;;;;;;;;;;;;;;;;;;;;;;;;;;;;
1;RandomForest;891;B4_CD202_NIRRIG_REPROD00003.asd;B4;CD202;NIRRIG;D06M;manha;D06;NIRRIG;NIRRIG;1.0;True;;;;;;;;;;;;;;;;;;;;;;;;;;;;;;;;;;;;;;;;;;;;;;;;;;;;-1.4453891102817198;-1.427969333731792;-1.3926562432218685;-1.4262297826519759;-1.3377337840479089;;;;;;;;;;;;;;;;;;;;;;;;;;;;;
1;RandomForest;892;B4_CD202_NIRRIG_REPROD00004.asd;B4;CD202;NIRRIG;D06M;manha;D06;NIRRIG;NIRRIG;1.0;True;;;;;;;;;;;;;;;;;;;;;;;;;;;;;;;;;;;;;;;;;;;;;;;;;;;;-1.4725026317693282;-1.4531669597876142;-1.4128390747669053;-1.4503753017120218;-1.3509435808039518;;;;;;;;;;;;;;;;;;;;;;;;;;;;;
1;RandomForest;893;B4_CD202_NIRRIG_REPROD00005.asd;B4;CD202;NIRRIG;D06M;manha;D06;NIRRIG;NIRRIG;1.0;True;;;;;;;;;;;;;;;;;;;;;;;;;;;;;;;;;;;;;;;;;;;;;;;;;;;;-1.4720579470319648;-1.452406676151155;-1.4117932336630679;-1.4500383033355488;-1.349102694298352;;;;;;;;;;;;;;;;;;;;;;;;;;;;;
1;RandomForest;894;B4_CD202_NIRRIG_REPROD00006.asd;B4;CD202;NIRRIG;D06M;manha;D06;NIRRIG;NIRRIG;1.0;True;;;;;;;;;;;;;;;;;;;;;;;;;;;;;;;;;;;;;;;;;;;;;;;;;;;;-1.4705465091975776;-1.450825427780521;-1.4095221951175907;-1.4484039391896246;-1.3463411846497102;;;;;;;;;;;;;;;;;;;;;;;;;;;;;
1;RandomForest;895;B4_CD202_NIRRIG_REPROD00007.asd;B4;CD202;NIRRIG;D06M;manha;D06;NIRRIG;NIRRIG;1.0;True;;;;;;;;;;;;;;;;;;;;;;;;;;;;;;;;;;;;;;;;;;;;;;;;;;;;-1.4702659463499281;-1.449753730164061;-1.4082457599343265;-1.448275922212053;-1.3449581357759575;;;;;;;;;;;;;;;;;;;;;;;;;;;;;
2;PLS-DA;864;B3_CD202_IRRIG_REPROD00000.asd;B3;CD202;IRRIG;D06M;manha;D06;IRRIG;IRRIG;0.3608571115038429;True;;;;;;;;;;;;;;;;;;;;;;;;;;;;;;;;;;;;;;;;;;;;;;;;;;;;-1.604485553513308;-1.594101580769963;-1.566013418566228;-1.5811953988751122;-1.5188324967549143;;;;;;;;;;;;;;;;;;;;;;;;;;;;;
2;PLS-DA;865;B3_CD202_IRRIG_REPROD00001.asd;B3;CD202;IRRIG;D06M;manha;D06;IRRIG;IRRIG;0.3582685840819486;True;;;;;;;;;;;;;;;;;;;;;;;;;;;;;;;;;;;;;;;;;;;;;;;;;;;;-1.6089747103734025;-1.5987284038099583;-1.5700769730976374;-1.5855354247835778;-1.5229043625236052;;;;;;;;;;;;;;;;;;;;;;;;;;;;;
2;PLS-DA;866;B3_CD202_IRRIG_REPROD00002.asd;B3;CD202;IRRIG;D06M;manha;D06;IRRIG;IRRIG;0.35314845772868;True;;;;;;;;;;;;;;;;;;;;;;;;;;;;;;;;;;;;;;;;;;;;;;;;;;;;-1.6161720311108914;-1.6055482393383345;-1.5772306862801118;-1.5926323570581067;-1.5294573769883049;;;;;;;;;;;;;;;;;;;;;;;;;;;;;
2;PLS-DA;867;B3_CD202_IRRIG_REPROD00003.asd;B3;CD202;IRRIG;D06M;manha;D06;IRRIG;IRRIG;0.3516135606331133;True;;;;;;;;;;;;;;;;;;;;;;;;;;;;;;;;;;;;;;;;;;;;;;;;;;;;-1.62185506709857;-1.6116222105119449;-1.5822454107988482;-1.5980513190907728;-1.534119958208703;;;;;;;;;;;;;;;;;;;;;;;;;;;;;
2;PLS-DA;868;B3_CD202_IRRIG_REPROD00004.asd;B3;CD202;IRRIG;D06M;manha;D06;IRRIG;IRRIG;0.47197663873681045;True;;;;;;;;;;;;;;;;;;;;;;;;;;;;;;;;;;;;;;;;;;;;;;;;;;;;-1.5478048425463415;-1.5355833318968757;-1.5021748311401781;-1.521750890007423;-1.4481822730514988;;;;;;;;;;;;;;;;;;;;;;;;;;;;;
2;PLS-DA;869;B3_CD202_IRRIG_REPROD00005.asd;B3;CD202;IRRIG;D06M;manha;D06;IRRIG;IRRIG;0.4677279629301441;True;;;;;;;;;;;;;;;;;;;;;;;;;;;;;;;;;;;;;;;;;;;;;;;;;;;;-1.5559433688786888;-1.5433971572229932;-1.5100526861515824;-1.529758139208585;-1.4551031539240995;;;;;;;;;;;;;;;;;;;;;;;;;;;;;
2;PLS-DA;870;B3_CD202_IRRIG_REPROD00006.asd;B3;CD202;IRRIG;D06M;manha;D06;IRRIG;IRRIG;0.4614581228939917;True;;;;;;;;;;;;;;;;;;;;;;;;;;;;;;;;;;;;;;;;;;;;;;;;;;;;-1.5639044376072628;-1.55187829030014;-1.5179515303795854;-1.5375144391641886;-1.462442167006354;;;;;;;;;;;;;;;;;;;;;;;;;;;;;
2;PLS-DA;871;B3_CD202_IRRIG_REPROD00007.asd;B3;CD202;IRRIG;D06M;manha;D06;IRRIG;IRRIG;0.4544434950936281;True;;;;;;;;;;;;;;;;;;;;;;;;;;;;;;;;;;;;;;;;;;;;;;;;;;;;-1.5716173615292648;-1.559348370349947;-1.5253370110841014;-1.544054623984297;-1.4694084198092858;;;;;;;;;;;;;;;;;;;;;;;;;;;;;
2;PLS-DA;872;B3_CD202_NIRRIG_REPROD00000.asd;B3;CD202;NIRRIG;D06M;manha;D06;NIRRIG;NIRRIG;0.6092418632202828;True;;;;;;;;;;;;;;;;;;;;;;;;;;;;;;;;;;;;;;;;;;;;;;;;;;;;-1.4682288427279495;-1.4507018031342838;-1.4148802202629478;-1.4505081711143317;-1.3598398661121547;;;;;;;;;;;;;;;;;;;;;;;;;;;;;
2;PLS-DA;873;B3_CD202_NIRRIG_REPROD00001.asd;B3;CD202;NIRRIG;D06M;manha;D06;NIRRIG;NIRRIG;0.6146525223637034;True;;;;;;;;;;;;;;;;;;;;;;;;;;;;;;;;;;;;;;;;;;;;;;;;;;;;-1.4701584927181899;-1.452171366069553;-1.4158932397112622;-1.4525818345280783;-1.359996120858767;;;;;;;;;;;;;;;;;;;;;;;;;;;;;
2;PLS-DA;874;B3_CD202_NIRRIG_REPROD00002.asd;B3;CD202;NIRRIG;D06M;manha;D06;NIRRIG;NIRRIG;0.6227034044607586;True;;;;;;;;;;;;;;;;;;;;;;;;;;;;;;;;;;;;;;;;;;;;;;;;;;;;-1.4709475673223897;-1.4523422044005674;-1.415254149565906;-1.4531692683672661;-1.358597275232187;;;;;;;;;;;;;;;;;;;;;;;;;;;;;
2;PLS-DA;875;B3_CD202_NIRRIG_REPROD00003.asd;B3;CD202;NIRRIG;D06M;manha;D06;NIRRIG;NIRRIG;0.6263023082680109;True;;;;;;;;;;;;;;;;;;;;;;;;;;;;;;;;;;;;;;;;;;;;;;;;;;;;-1.4708619045840279;-1.4526397811311984;-1.4150862205649481;-1.453151526657199;-1.3575478884573247;;;;;;;;;;;;;;;;;;;;;;;;;;;;;
2;PLS-DA;876;B3_CD202_NIRRIG_REPROD00004.asd;B3;CD202;NIRRIG;D06M;manha;D06;NIRRIG;NIRRIG;0.6920002386399845;True;;;;;;;;;;;;;;;;;;;;;;;;;;;;;;;;;;;;;;;;;;;;;;;;;;;;-1.459154520662025;-1.4379443737330544;-1.3951992511318272;-1.4386022790782031;-1.3304812743892305;;;;;;;;;;;;;;;;;;;;;;;;;;;;;
2;PLS-DA;877;B3_CD202_NIRRIG_REPROD00005.asd;B3;CD202;NIRRIG;D06M;manha;D06;NIRRIG;NIRRIG;0.6984470534147147;True;;;;;;;;;;;;;;;;;;;;;;;;;;;;;;;;;;;;;;;;;;;;;;;;;;;;-1.4584911585829354;-1.436507392402294;-1.393534527179564;-1.4373265898693428;-1.3279279321445563;;;;;;;;;;;;;;;;;;;;;;;;;;;;;
2;PLS-DA;878;B3_CD202_NIRRIG_REPROD00006.asd;B3;CD202;NIRRIG;D06M;manha;D06;NIRRIG;NIRRIG;0.7082360594127957;True;;;;;;;;;;;;;;;;;;;;;;;;;;;;;;;;;;;;;;;;;;;;;;;;;;;;-1.4537754068156212;-1.4318963284227963;-1.388003306892691;-1.4329756460483787;-1.3218380348478873;;;;;;;;;;;;;;;;;;;;;;;;;;;;;
2;PLS-DA;879;B3_CD202_NIRRIG_REPROD00007.asd;B3;CD202;NIRRIG;D06M;manha;D06;NIRRIG;NIRRIG;0.7153594597449651;True;;;;;;;;;;;;;;;;;;;;;;;;;;;;;;;;;;;;;;;;;;;;;;;;;;;;-1.4498650294749351;-1.4271606051447763;-1.3831005848404092;-1.427492085601703;-1.316243727359258;;;;;;;;;;;;;;;;;;;;;;;;;;;;;
2;RandomForest;864;B3_CD202_IRRIG_REPROD00000.asd;B3;CD202;IRRIG;D06M;manha;D06;IRRIG;IRRIG;0.0;True;;;;;;;;;;;;;;;;;;;;;;;;;;;;;;;;;;;;;;;;;;;;;;;;;;;;-1.604485553513308;-1.594101580769963;-1.566013418566228;-1.5811953988751122;-1.5188324967549143;;;;;;;;;;;;;;;;;;;;;;;;;;;;;
2;RandomForest;865;B3_CD202_IRRIG_REPROD00001.asd;B3;CD202;IRRIG;D06M;manha;D06;IRRIG;IRRIG;0.0;True;;;;;;;;;;;;;;;;;;;;;;;;;;;;;;;;;;;;;;;;;;;;;;;;;;;;-1.6089747103734025;-1.5987284038099583;-1.5700769730976374;-1.5855354247835778;-1.5229043625236052;;;;;;;;;;;;;;;;;;;;;;;;;;;;;
2;RandomForest;866;B3_CD202_IRRIG_REPROD00002.asd;B3;CD202;IRRIG;D06M;manha;D06;IRRIG;IRRIG;0.0;True;;;;;;;;;;;;;;;;;;;;;;;;;;;;;;;;;;;;;;;;;;;;;;;;;;;;-1.6161720311108914;-1.6055482393383345;-1.5772306862801118;-1.5926323570581067;-1.5294573769883049;;;;;;;;;;;;;;;;;;;;;;;;;;;;;
2;RandomForest;867;B3_CD202_IRRIG_REPROD00003.asd;B3;CD202;IRRIG;D06M;manha;D06;IRRIG;IRRIG;0.0;True;;;;;;;;;;;;;;;;;;;;;;;;;;;;;;;;;;;;;;;;;;;;;;;;;;;;-1.62185506709857;-1.6116222105119449;-1.5822454107988482;-1.5980513190907728;-1.534119958208703;;;;;;;;;;;;;;;;;;;;;;;;;;;;;
2;RandomForest;868;B3_CD202_IRRIG_REPROD00004.asd;B3;CD202;IRRIG;D06M;manha;D06;IRRIG;IRRIG;0.0;True;;;;;;;;;;;;;;;;;;;;;;;;;;;;;;;;;;;;;;;;;;;;;;;;;;;;-1.5478048425463415;-1.5355833318968757;-1.5021748311401781;-1.521750890007423;-1.4481822730514988;;;;;;;;;;;;;;;;;;;;;;;;;;;;;
2;RandomForest;869;B3_CD202_IRRIG_REPROD00005.asd;B3;CD202;IRRIG;D06M;manha;D06;IRRIG;IRRIG;0.0;True;;;;;;;;;;;;;;;;;;;;;;;;;;;;;;;;;;;;;;;;;;;;;;;;;;;;-1.5559433688786888;-1.5433971572229932;-1.5100526861515824;-1.529758139208585;-1.4551031539240995;;;;;;;;;;;;;;;;;;;;;;;;;;;;;
2;RandomForest;870;B3_CD202_IRRIG_REPROD00006.asd;B3;CD202;IRRIG;D06M;manha;D06;IRRIG;IRRIG;0.0;True;;;;;;;;;;;;;;;;;;;;;;;;;;;;;;;;;;;;;;;;;;;;;;;;;;;;-1.5639044376072628;-1.55187829030014;-1.5179515303795854;-1.5375144391641886;-1.462442167006354;;;;;;;;;;;;;;;;;;;;;;;;;;;;;
2;RandomForest;871;B3_CD202_IRRIG_REPROD00007.asd;B3;CD202;IRRIG;D06M;manha;D06;IRRIG;IRRIG;0.0;True;;;;;;;;;;;;;;;;;;;;;;;;;;;;;;;;;;;;;;;;;;;;;;;;;;;;-1.5716173615292648;-1.559348370349947;-1.5253370110841014;-1.544054623984297;-1.4694084198092858;;;;;;;;;;;;;;;;;;;;;;;;;;;;;
2;RandomForest;872;B3_CD202_NIRRIG_REPROD00000.asd;B3;CD202;NIRRIG;D06M;manha;D06;NIRRIG;NIRRIG;1.0;True;;;;;;;;;;;;;;;;;;;;;;;;;;;;;;;;;;;;;;;;;;;;;;;;;;;;-1.4682288427279495;-1.4507018031342838;-1.4148802202629478;-1.4505081711143317;-1.3598398661121547;;;;;;;;;;;;;;;;;;;;;;;;;;;;;
2;RandomForest;873;B3_CD202_NIRRIG_REPROD00001.asd;B3;CD202;NIRRIG;D06M;manha;D06;NIRRIG;NIRRIG;1.0;True;;;;;;;;;;;;;;;;;;;;;;;;;;;;;;;;;;;;;;;;;;;;;;;;;;;;-1.4701584927181899;-1.452171366069553;-1.4158932397112622;-1.4525818345280783;-1.359996120858767;;;;;;;;;;;;;;;;;;;;;;;;;;;;;
2;RandomForest;874;B3_CD202_NIRRIG_REPROD00002.asd;B3;CD202;NIRRIG;D06M;manha;D06;NIRRIG;NIRRIG;1.0;True;;;;;;;;;;;;;;;;;;;;;;;;;;;;;;;;;;;;;;;;;;;;;;;;;;;;-1.4709475673223897;-1.4523422044005674;-1.415254149565906;-1.4531692683672661;-1.358597275232187;;;;;;;;;;;;;;;;;;;;;;;;;;;;;
2;RandomForest;875;B3_CD202_NIRRIG_REPROD00003.asd;B3;CD202;NIRRIG;D06M;manha;D06;NIRRIG;NIRRIG;1.0;True;;;;;;;;;;;;;;;;;;;;;;;;;;;;;;;;;;;;;;;;;;;;;;;;;;;;-1.4708619045840279;-1.4526397811311984;-1.4150862205649481;-1.453151526657199;-1.3575478884573247;;;;;;;;;;;;;;;;;;;;;;;;;;;;;
2;RandomForest;876;B3_CD202_NIRRIG_REPROD00004.asd;B3;CD202;NIRRIG;D06M;manha;D06;NIRRIG;NIRRIG;1.0;True;;;;;;;;;;;;;;;;;;;;;;;;;;;;;;;;;;;;;;;;;;;;;;;;;;;;-1.459154520662025;-1.4379443737330544;-1.3951992511318272;-1.4386022790782031;-1.3304812743892305;;;;;;;;;;;;;;;;;;;;;;;;;;;;;
2;RandomForest;877;B3_CD202_NIRRIG_REPROD00005.asd;B3;CD202;NIRRIG;D06M;manha;D06;NIRRIG;NIRRIG;1.0;True;;;;;;;;;;;;;;;;;;;;;;;;;;;;;;;;;;;;;;;;;;;;;;;;;;;;-1.4584911585829354;-1.436507392402294;-1.393534527179564;-1.4373265898693428;-1.3279279321445563;;;;;;;;;;;;;;;;;;;;;;;;;;;;;
2;RandomForest;878;B3_CD202_NIRRIG_REPROD00006.asd;B3;CD202;NIRRIG;D06M;manha;D06;NIRRIG;NIRRIG;1.0;True;;;;;;;;;;;;;;;;;;;;;;;;;;;;;;;;;;;;;;;;;;;;;;;;;;;;-1.4537754068156212;-1.4318963284227963;-1.388003306892691;-1.4329756460483787;-1.3218380348478873;;;;;;;;;;;;;;;;;;;;;;;;;;;;;
2;RandomForest;879;B3_CD202_NIRRIG_REPROD00007.asd;B3;CD202;NIRRIG;D06M;manha;D06;NIRRIG;NIRRIG;1.0;True;;;;;;;;;;;;;;;;;;;;;;;;;;;;;;;;;;;;;;;;;;;;;;;;;;;;-1.4498650294749351;-1.4271606051447763;-1.3831005848404092;-1.427492085601703;-1.316243727359258;;;;;;;;;;;;;;;;;;;;;;;;;;;;;
3;PLS-DA;848;B2_CD202_IRRIG_REPROD00000.asd;B2;CD202;IRRIG;D06M;manha;D06;IRRIG;IRRIG;0.37277919472480275;True;;;;;;;;;;;;;;;;;;;;;;;;;;;;;;;;;;;;;;;;;;;;;;;;;;;;-1.5783038531426987;-1.5676546460152123;-1.5398028406249653;-1.555305830939993;-1.4924865932424514;;;;;;;;;;;;;;;;;;;;;;;;;;;;;
3;PLS-DA;849;B2_CD202_IRRIG_REPROD00001.asd;B2;CD202;IRRIG;D06M;manha;D06;IRRIG;IRRIG;0.36842178283250226;True;;;;;;;;;;;;;;;;;;;;;;;;;;;;;;;;;;;;;;;;;;;;;;;;;;;;-1.5852796597341976;-1.5748437565798732;-1.5458908031005847;-1.5621318199779364;-1.498292280046453;;;;;;;;;;;;;;;;;;;;;;;;;;;;;
3;PLS-DA;850;B2_CD202_IRRIG_REPROD00002.asd;B2;CD202;IRRIG;D06M;manha;D06;IRRIG;IRRIG;0.3596297488642303;True;;;;;;;;;;;;;;;;;;;;;;;;;;;;;;;;;;;;;;;;;;;;;;;;;;;;-1.5921340183017028;-1.5815645289356646;-1.5528159492020106;-1.568651896831052;-1.5052833915778883;;;;;;;;;;;;;;;;;;;;;;;;;;;;;
3;PLS-DA;851;B2_CD202_IRRIG_REPROD00003.asd;B2;CD202;IRRIG;D06M;manha;D06;IRRIG;IRRIG;0.35456311649987815;True;;;;;;;;;;;;;;;;;;;;;;;;;;;;;;;;;;;;;;;;;;;;;;;;;;;;-1.5984001707885391;-1.5880764727472045;-1.5592017482463683;-1.575256551972927;-1.5107790913875332;;;;;;;;;;;;;;;;;;;;;;;;;;;;;
3;PLS-DA;852;B2_CD202_IRRIG_REPROD00004.asd;B2;CD202;IRRIG;D06M;manha;D06;IRRIG;IRRIG;0.3506797316153368;True;;;;;;;;;;;;;;;;;;;;;;;;;;;;;;;;;;;;;;;;;;;;;;;;;;;;-1.6069755490601458;-1.596360423892887;-1.5659293950129176;-1.579774043453815;-1.5155960043932077;;;;;;;;;;;;;;;;;;;;;;;;;;;;;
3;PLS-DA;853;B2_CD202_IRRIG_REPROD00005.asd;B2;CD202;IRRIG;D06M;manha;D06;IRRIG;IRRIG;0.3473883701204822;True;;;;;;;;;;;;;;;;;;;;;;;;;;;;;;;;;;;;;;;;;;;;;;;;;;;;-1.6118143740641886;-1.6012677316120392;-1.5706755564358454;-1.5852657935041132;-1.5199123411557385;;;;;;;;;;;;;;;;;;;;;;;;;;;;;
3;PLS-DA;854;B2_CD202_IRRIG_REPROD00006.asd;B2;CD202;IRRIG;D06M;manha;D06;IRRIG;IRRIG;0.3439177992994302;True;;;;;;;;;;;;;;;;;;;;;;;;;;;;;;;;;;;;;;;;;;;;;;;;;;;;-1.6152932125151651;-1.6051986382673848;-1.5742251282706246;-1.5880359839886986;-1.522755856801833;;;;;;;;;;;;;;;;;;;;;;;;;;;;;
3;PLS-DA;855;B2_CD202_IRRIG_REPROD00007.asd;B2;CD202;IRRIG;D06M;manha;D06;IRRIG;IRRIG;0.3387811031371882;True;;;;;;;;;;;;;;;;;;;;;;;;;;;;;;;;;;;;;;;;;;;;;;;;;;;;-1.621080948581146;-1.61049220287232;-1.579651560311174;-1.5930710944408264;-1.527738235540915;;;;;;;;;;;;;;;;;;;;;;;;;;;;;
3;PLS-DA;856;B2_CD202_NIRRIG_REPROD00000.asd;B2;CD202;NIRRIG;D06M;manha;D06;NIRRIG;NIRRIG;0.6144187545673622;True;;;;;;;;;;;;;;;;;;;;;;;;;;;;;;;;;;;;;;;;;;;;;;;;;;;;-1.4645291887385874;-1.4470951689028286;-1.4082411515352586;-1.4412369258657498;-1.3478897067139957;;;;;;;;;;;;;;;;;;;;;;;;;;;;;
3;PLS-DA;857;B2_CD202_NIRRIG_REPROD00001.asd;B2;CD202;NIRRIG;D06M;manha;D06;NIRRIG;NIRRIG;0.6190320476148814;True;;;;;;;;;;;;;;;;;;;;;;;;;;;;;;;;;;;;;;;;;;;;;;;;;;;;-1.4636766993152028;-1.4461195586108326;-1.406775867129012;-1.440321575408355;-1.3458609290113297;;;;;;;;;;;;;;;;;;;;;;;;;;;;;
3;PLS-DA;858;B2_CD202_NIRRIG_REPROD00002.asd;B2;CD202;NIRRIG;D06M;manha;D06;NIRRIG;NIRRIG;0.6211576244651443;True;;;;;;;;;;;;;;;;;;;;;;;;;;;;;;;;;;;;;;;;;;;;;;;;;;;;-1.463056980627407;-1.444793428385513;-1.405858339332159;-1.4392057548936597;-1.3445617409436732;;;;;;;;;;;;;;;;;;;;;;;;;;;;;
3;PLS-DA;859;B2_CD202_NIRRIG_REPROD00003.asd;B2;CD202;NIRRIG;D06M;manha;D06;NIRRIG;NIRRIG;0.6254433910902748;True;;;;;;;;;;;;;;;;;;;;;;;;;;;;;;;;;;;;;;;;;;;;;;;;;;;;-1.462524622560218;-1.444530303902981;-1.4046738267566188;-1.438049960075889;-1.3425245479941597;;;;;;;;;;;;;;;;;;;;;;;;;;;;;
3;PLS-DA;860;B2_CD202_NIRRIG_REPROD00004.asd;B2;CD202;NIRRIG;D06M;manha;D06;NIRRIG;NIRRIG;0.5743446529777816;True;;;;;;;;;;;;;;;;;;;;;;;;;;;;;;;;;;;;;;;;;;;;;;;;;;;;-1.4934795880281;-1.4760488741416886;-1.4383087376156252;-1.4721022340773953;-1.3793962313550454;;;;;;;;;;;;;;;;;;;;;;;;;;;;;
3;PLS-DA;861;B2_CD202_NIRRIG_REPROD00005.asd;B2;CD202;NIRRIG;D06M;manha;D06;NIRRIG;NIRRIG;0.5791199111657864;True;;;;;;;;;;;;;;;;;;;;;;;;;;;;;;;;;;;;;;;;;;;;;;;;;;;;-1.4939648047629184;-1.476215612835421;-1.4378166921298974;-1.4711953549340333;-1.3775133145403382;;;;;;;;;;;;;;;;;;;;;;;;;;;;;
3;PLS-DA;862;B2_CD202_NIRRIG_REPROD00006.asd;B2;CD202;NIRRIG;D06M;manha;D06;NIRRIG;NIRRIG;0.5857191541672309;True;;;;;;;;;;;;;;;;;;;;;;;;;;;;;;;;;;;;;;;;;;;;;;;;;;;;-1.4909249354349206;-1.4727146409600782;-1.4343790962786602;-1.4678103440809847;-1.3733481586334597;;;;;;;;;;;;;;;;;;;;;;;;;;;;;
3;PLS-DA;863;B2_CD202_NIRRIG_REPROD00007.asd;B2;CD202;NIRRIG;D06M;manha;D06;NIRRIG;NIRRIG;0.5917884077721339;True;;;;;;;;;;;;;;;;;;;;;;;;;;;;;;;;;;;;;;;;;;;;;;;;;;;;-1.4898178634793824;-1.4715637267015316;-1.432304694825835;-1.4670690972010576;-1.3710804145339084;;;;;;;;;;;;;;;;;;;;;;;;;;;;;
3;RandomForest;848;B2_CD202_IRRIG_REPROD00000.asd;B2;CD202;IRRIG;D06M;manha;D06;IRRIG;IRRIG;0.0;True;;;;;;;;;;;;;;;;;;;;;;;;;;;;;;;;;;;;;;;;;;;;;;;;;;;;-1.5783038531426987;-1.5676546460152123;-1.5398028406249653;-1.555305830939993;-1.4924865932424514;;;;;;;;;;;;;;;;;;;;;;;;;;;;;
3;RandomForest;849;B2_CD202_IRRIG_REPROD00001.asd;B2;CD202;IRRIG;D06M;manha;D06;IRRIG;IRRIG;0.0;True;;;;;;;;;;;;;;;;;;;;;;;;;;;;;;;;;;;;;;;;;;;;;;;;;;;;-1.5852796597341976;-1.5748437565798732;-1.5458908031005847;-1.5621318199779364;-1.498292280046453;;;;;;;;;;;;;;;;;;;;;;;;;;;;;
3;RandomForest;850;B2_CD202_IRRIG_REPROD00002.asd;B2;CD202;IRRIG;D06M;manha;D06;IRRIG;IRRIG;0.0;True;;;;;;;;;;;;;;;;;;;;;;;;;;;;;;;;;;;;;;;;;;;;;;;;;;;;-1.5921340183017028;-1.5815645289356646;-1.5528159492020106;-1.568651896831052;-1.5052833915778883;;;;;;;;;;;;;;;;;;;;;;;;;;;;;
3;RandomForest;851;B2_CD202_IRRIG_REPROD00003.asd;B2;CD202;IRRIG;D06M;manha;D06;IRRIG;IRRIG;0.0;True;;;;;;;;;;;;;;;;;;;;;;;;;;;;;;;;;;;;;;;;;;;;;;;;;;;;-1.5984001707885391;-1.5880764727472045;-1.5592017482463683;-1.575256551972927;-1.5107790913875332;;;;;;;;;;;;;;;;;;;;;;;;;;;;;
3;RandomForest;852;B2_CD202_IRRIG_REPROD00004.asd;B2;CD202;IRRIG;D06M;manha;D06;IRRIG;IRRIG;0.0;True;;;;;;;;;;;;;;;;;;;;;;;;;;;;;;;;;;;;;;;;;;;;;;;;;;;;-1.6069755490601458;-1.596360423892887;-1.5659293950129176;-1.579774043453815;-1.5155960043932077;;;;;;;;;;;;;;;;;;;;;;;;;;;;;
3;RandomForest;853;B2_CD202_IRRIG_REPROD00005.asd;B2;CD202;IRRIG;D06M;manha;D06;IRRIG;IRRIG;0.0;True;;;;;;;;;;;;;;;;;;;;;;;;;;;;;;;;;;;;;;;;;;;;;;;;;;;;-1.6118143740641886;-1.6012677316120392;-1.5706755564358454;-1.5852657935041132;-1.5199123411557385;;;;;;;;;;;;;;;;;;;;;;;;;;;;;
3;RandomForest;854;B2_CD202_IRRIG_REPROD00006.asd;B2;CD202;IRRIG;D06M;manha;D06;IRRIG;IRRIG;0.0;True;;;;;;;;;;;;;;;;;;;;;;;;;;;;;;;;;;;;;;;;;;;;;;;;;;;;-1.6152932125151651;-1.6051986382673848;-1.5742251282706246;-1.5880359839886986;-1.522755856801833;;;;;;;;;;;;;;;;;;;;;;;;;;;;;
3;RandomForest;855;B2_CD202_IRRIG_REPROD00007.asd;B2;CD202;IRRIG;D06M;manha;D06;IRRIG;IRRIG;0.0;True;;;;;;;;;;;;;;;;;;;;;;;;;;;;;;;;;;;;;;;;;;;;;;;;;;;;-1.621080948581146;-1.61049220287232;-1.579651560311174;-1.5930710944408264;-1.527738235540915;;;;;;;;;;;;;;;;;;;;;;;;;;;;;
3;RandomForest;856;B2_CD202_NIRRIG_REPROD00000.asd;B2;CD202;NIRRIG;D06M;manha;D06;NIRRIG;NIRRIG;1.0;True;;;;;;;;;;;;;;;;;;;;;;;;;;;;;;;;;;;;;;;;;;;;;;;;;;;;-1.4645291887385874;-1.4470951689028286;-1.4082411515352586;-1.4412369258657498;-1.3478897067139957;;;;;;;;;;;;;;;;;;;;;;;;;;;;;
3;RandomForest;857;B2_CD202_NIRRIG_REPROD00001.asd;B2;CD202;NIRRIG;D06M;manha;D06;NIRRIG;NIRRIG;1.0;True;;;;;;;;;;;;;;;;;;;;;;;;;;;;;;;;;;;;;;;;;;;;;;;;;;;;-1.4636766993152028;-1.4461195586108326;-1.406775867129012;-1.440321575408355;-1.3458609290113297;;;;;;;;;;;;;;;;;;;;;;;;;;;;;
3;RandomForest;858;B2_CD202_NIRRIG_REPROD00002.asd;B2;CD202;NIRRIG;D06M;manha;D06;NIRRIG;NIRRIG;1.0;True;;;;;;;;;;;;;;;;;;;;;;;;;;;;;;;;;;;;;;;;;;;;;;;;;;;;-1.463056980627407;-1.444793428385513;-1.405858339332159;-1.4392057548936597;-1.3445617409436732;;;;;;;;;;;;;;;;;;;;;;;;;;;;;
3;RandomForest;859;B2_CD202_NIRRIG_REPROD00003.asd;B2;CD202;NIRRIG;D06M;manha;D06;NIRRIG;NIRRIG;1.0;True;;;;;;;;;;;;;;;;;;;;;;;;;;;;;;;;;;;;;;;;;;;;;;;;;;;;-1.462524622560218;-1.444530303902981;-1.4046738267566188;-1.438049960075889;-1.3425245479941597;;;;;;;;;;;;;;;;;;;;;;;;;;;;;
3;RandomForest;860;B2_CD202_NIRRIG_REPROD00004.asd;B2;CD202;NIRRIG;D06M;manha;D06;NIRRIG;NIRRIG;0.972;True;;;;;;;;;;;;;;;;;;;;;;;;;;;;;;;;;;;;;;;;;;;;;;;;;;;;-1.4934795880281;-1.4760488741416886;-1.4383087376156252;-1.4721022340773953;-1.3793962313550454;;;;;;;;;;;;;;;;;;;;;;;;;;;;;
3;RandomForest;861;B2_CD202_NIRRIG_REPROD00005.asd;B2;CD202;NIRRIG;D06M;manha;D06;NIRRIG;NIRRIG;0.972;True;;;;;;;;;;;;;;;;;;;;;;;;;;;;;;;;;;;;;;;;;;;;;;;;;;;;-1.4939648047629184;-1.476215612835421;-1.4378166921298974;-1.4711953549340333;-1.3775133145403382;;;;;;;;;;;;;;;;;;;;;;;;;;;;;
3;RandomForest;862;B2_CD202_NIRRIG_REPROD00006.asd;B2;CD202;NIRRIG;D06M;manha;D06;NIRRIG;NIRRIG;0.996;True;;;;;;;;;;;;;;;;;;;;;;;;;;;;;;;;;;;;;;;;;;;;;;;;;;;;-1.4909249354349206;-1.4727146409600782;-1.4343790962786602;-1.4678103440809847;-1.3733481586334597;;;;;;;;;;;;;;;;;;;;;;;;;;;;;
3;RandomForest;863;B2_CD202_NIRRIG_REPROD00007.asd;B2;CD202;NIRRIG;D06M;manha;D06;NIRRIG;NIRRIG;0.996;True;;;;;;;;;;;;;;;;;;;;;;;;;;;;;;;;;;;;;;;;;;;;;;;;;;;;-1.4898178634793824;-1.4715637267015316;-1.432304694825835;-1.4670690972010576;-1.3710804145339084;;;;;;;;;;;;;;;;;;;;;;;;;;;;;
4;PLS-DA;832;B1_CD202_IRRIG_REPROD00000.asd;B1;CD202;IRRIG;D06M;manha;D06;IRRIG;IRRIG;0.37383219464621975;True;;;;;;;;;;;;;;;;;;;;;;;;;;;;;;;;;;;;;;;;;;;;;;;;;;;;-1.5292765711561476;-1.5228941898830894;-1.4981525974910108;-1.5037288376050126;-1.4552648438443319;;;;;;;;;;;;;;;;;;;;;;;;;;;;;
4;PLS-DA;833;B1_CD202_IRRIG_REPROD00001.asd;B1;CD202;IRRIG;D06M;manha;D06;IRRIG;IRRIG;0.37358312705419083;True;;;;;;;;;;;;;;;;;;;;;;;;;;;;;;;;;;;;;;;;;;;;;;;;;;;;-1.5333993378146409;-1.5261680046512247;-1.5012285969408605;-1.5071661992538277;-1.4583112662122688;;;;;;;;;;;;;;;;;;;;;;;;;;;;;
4;PLS-DA;834;B1_CD202_IRRIG_REPROD00002.asd;B1;CD202;IRRIG;D06M;manha;D06;IRRIG;IRRIG;0.37228077643013746;True;;;;;;;;;;;;;;;;;;;;;;;;;;;;;;;;;;;;;;;;;;;;;;;;;;;;-1.534489332800377;-1.5276910215451736;-1.5024407493638587;-1.5086041081949162;-1.4596752670545807;;;;;;;;;;;;;;;;;;;;;;;;;;;;;
4;PLS-DA;835;B1_CD202_IRRIG_REPROD00003.asd;B1;CD202;IRRIG;D06M;manha;D06;IRRIG;IRRIG;0.36988140345894777;True;;;;;;;;;;;;;;;;;;;;;;;;;;;;;;;;;;;;;;;;;;;;;;;;;;;;-1.5380813046083954;-1.5310712526514287;-1.5057737058149694;-1.5117031504249152;-1.4628634124919628;;;;;;;;;;;;;;;;;;;;;;;;;;;;;
4;PLS-DA;836;B1_CD202_IRRIG_REPROD00004.asd;B1;CD202;IRRIG;D06M;manha;D06;IRRIG;IRRIG;0.35634231837026453;True;;;;;;;;;;;;;;;;;;;;;;;;;;;;;;;;;;;;;;;;;;;;;;;;;;;;-1.5283652857016563;-1.5215498348361078;-1.499760082868986;-1.5071656904742872;-1.4614606100400047;;;;;;;;;;;;;;;;;;;;;;;;;;;;;
4;PLS-DA;837;B1_CD202_IRRIG_REPROD00005.asd;B1;CD202;IRRIG;D06M;manha;D06;IRRIG;IRRIG;0.35458213400945343;True;;;;;;;;;;;;;;;;;;;;;;;;;;;;;;;;;;;;;;;;;;;;;;;;;;;;-1.5313183650067197;-1.5249690399981775;-1.5022721713024592;-1.5096611760345946;-1.4641588733914177;;;;;;;;;;;;;;;;;;;;;;;;;;;;;
4;PLS-DA;838;B1_CD202_IRRIG_REPROD00006.asd;B1;CD202;IRRIG;D06M;manha;D06;IRRIG;IRRIG;0.3489631584822775;True;;;;;;;;;;;;;;;;;;;;;;;;;;;;;;;;;;;;;;;;;;;;;;;;;;;;-1.538753795415438;-1.5319844168863548;-1.5098857041865483;-1.5168940192364626;-1.4711111652394395;;;;;;;;;;;;;;;;;;;;;;;;;;;;;
4;PLS-DA;839;B1_CD202_IRRIG_REPROD00007.asd;B1;CD202;IRRIG;D06M;manha;D06;IRRIG;IRRIG;0.34384877710232636;True;;;;;;;;;;;;;;;;;;;;;;;;;;;;;;;;;;;;;;;;;;;;;;;;;;;;-1.545441161611404;-1.5390021901936994;-1.5166465411328105;-1.523870841446768;-1.477739704270821;;;;;;;;;;;;;;;;;;;;;;;;;;;;;
4;PLS-DA;840;B1_CD202_NIRRIG_REPROD00000.asd;B1;CD202;NIRRIG;D06M;manha;D06;NIRRIG;NIRRIG;0.5579634639544815;True;;;;;;;;;;;;;;;;;;;;;;;;;;;;;;;;;;;;;;;;;;;;;;;;;;;;-1.4966920862040778;-1.4800329279758182;-1.4427112546795888;-1.4731241283158434;-1.3845557388481535;;;;;;;;;;;;;;;;;;;;;;;;;;;;;
4;PLS-DA;841;B1_CD202_NIRRIG_REPROD00001.asd;B1;CD202;NIRRIG;D06M;manha;D06;NIRRIG;NIRRIG;0.5574948596563348;True;;;;;;;;;;;;;;;;;;;;;;;;;;;;;;;;;;;;;;;;;;;;;;;;;;;;-1.494019908188513;-1.4774971473968077;-1.4403549664439743;-1.4706636296862303;-1.382786522580373;;;;;;;;;;;;;;;;;;;;;;;;;;;;;
4;PLS-DA;842;B1_CD202_NIRRIG_REPROD00002.asd;B1;CD202;NIRRIG;D06M;manha;D06;NIRRIG;NIRRIG;0.5644018942977617;True;;;;;;;;;;;;;;;;;;;;;;;;;;;;;;;;;;;;;;;;;;;;;;;;;;;;-1.4937766164833441;-1.4762544803705795;-1.4389120857381525;-1.4699819542013381;-1.3806680284874473;;;;;;;;;;;;;;;;;;;;;;;;;;;;;
4;PLS-DA;843;B1_CD202_NIRRIG_REPROD00003.asd;B1;CD202;NIRRIG;D06M;manha;D06;NIRRIG;NIRRIG;0.5666914962039662;True;;;;;;;;;;;;;;;;;;;;;;;;;;;;;;;;;;;;;;;;;;;;;;;;;;;;-1.4929921354772562;-1.4757567152386444;-1.4383580488005536;-1.4695158188425865;-1.3794767822168983;;;;;;;;;;;;;;;;;;;;;;;;;;;;;
4;PLS-DA;844;B1_CD202_NIRRIG_REPROD00004.asd;B1;CD202;NIRRIG;D06M;manha;D06;NIRRIG;NIRRIG;0.5334332221930455;True;;;;;;;;;;;;;;;;;;;;;;;;;;;;;;;;;;;;;;;;;;;;;;;;;;;;-1.4617992229604662;-1.4476507817625672;-1.4167442289379695;-1.4436748507100328;-1.3664528383153864;;;;;;;;;;;;;;;;;;;;;;;;;;;;;
4;PLS-DA;845;B1_CD202_NIRRIG_REPROD00005.asd;B1;CD202;NIRRIG;D06M;manha;D06;NIRRIG;NIRRIG;0.538935956560006;True;;;;;;;;;;;;;;;;;;;;;;;;;;;;;;;;;;;;;;;;;;;;;;;;;;;;-1.4596710525043528;-1.445342230801686;-1.413540872348091;-1.4412858760311644;-1.363566990654577;;;;;;;;;;;;;;;;;;;;;;;;;;;;;
4;PLS-DA;846;B1_CD202_NIRRIG_REPROD00006.asd;B1;CD202;NIRRIG;D06M;manha;D06;NIRRIG;NIRRIG;0.5430783954621828;True;;;;;;;;;;;;;;;;;;;;;;;;;;;;;;;;;;;;;;;;;;;;;;;;;;;;-1.4586241227291274;-1.4437952404321133;-1.4119087324388886;-1.4400512610691578;-1.3616557608459645;;;;;;;;;;;;;;;;;;;;;;;;;;;;;
4;PLS-DA;847;B1_CD202_NIRRIG_REPROD00007.asd;B1;CD202;NIRRIG;D06M;manha;D06;NIRRIG;NIRRIG;0.54886293225168;True;;;;;;;;;;;;;;;;;;;;;;;;;;;;;;;;;;;;;;;;;;;;;;;;;;;;-1.457945543668522;-1.442273874266311;-1.4104992688020466;-1.439179489910665;-1.3595213326081061;;;;;;;;;;;;;;;;;;;;;;;;;;;;;
4;RandomForest;832;B1_CD202_IRRIG_REPROD00000.asd;B1;CD202;IRRIG;D06M;manha;D06;IRRIG;IRRIG;0.0;True;;;;;;;;;;;;;;;;;;;;;;;;;;;;;;;;;;;;;;;;;;;;;;;;;;;;-1.5292765711561476;-1.5228941898830894;-1.4981525974910108;-1.5037288376050126;-1.4552648438443319;;;;;;;;;;;;;;;;;;;;;;;;;;;;;
4;RandomForest;833;B1_CD202_IRRIG_REPROD00001.asd;B1;CD202;IRRIG;D06M;manha;D06;IRRIG;IRRIG;0.0;True;;;;;;;;;;;;;;;;;;;;;;;;;;;;;;;;;;;;;;;;;;;;;;;;;;;;-1.5333993378146409;-1.5261680046512247;-1.5012285969408605;-1.5071661992538277;-1.4583112662122688;;;;;;;;;;;;;;;;;;;;;;;;;;;;;
4;RandomForest;834;B1_CD202_IRRIG_REPROD00002.asd;B1;CD202;IRRIG;D06M;manha;D06;IRRIG;IRRIG;0.0;True;;;;;;;;;;;;;;;;;;;;;;;;;;;;;;;;;;;;;;;;;;;;;;;;;;;;-1.534489332800377;-1.5276910215451736;-1.5024407493638587;-1.5086041081949162;-1.4596752670545807;;;;;;;;;;;;;;;;;;;;;;;;;;;;;
4;RandomForest;835;B1_CD202_IRRIG_REPROD00003.asd;B1;CD202;IRRIG;D06M;manha;D06;IRRIG;IRRIG;0.0;True;;;;;;;;;;;;;;;;;;;;;;;;;;;;;;;;;;;;;;;;;;;;;;;;;;;;-1.5380813046083954;-1.5310712526514287;-1.5057737058149694;-1.5117031504249152;-1.4628634124919628;;;;;;;;;;;;;;;;;;;;;;;;;;;;;
4;RandomForest;836;B1_CD202_IRRIG_REPROD00004.asd;B1;CD202;IRRIG;D06M;manha;D06;IRRIG;IRRIG;0.0;True;;;;;;;;;;;;;;;;;;;;;;;;;;;;;;;;;;;;;;;;;;;;;;;;;;;;-1.5283652857016563;-1.5215498348361078;-1.499760082868986;-1.5071656904742872;-1.4614606100400047;;;;;;;;;;;;;;;;;;;;;;;;;;;;;
4;RandomForest;837;B1_CD202_IRRIG_REPROD00005.asd;B1;CD202;IRRIG;D06M;manha;D06;IRRIG;IRRIG;0.0;True;;;;;;;;;;;;;;;;;;;;;;;;;;;;;;;;;;;;;;;;;;;;;;;;;;;;-1.5313183650067197;-1.5249690399981775;-1.5022721713024592;-1.5096611760345946;-1.4641588733914177;;;;;;;;;;;;;;;;;;;;;;;;;;;;;
4;RandomForest;838;B1_CD202_IRRIG_REPROD00006.asd;B1;CD202;IRRIG;D06M;manha;D06;IRRIG;IRRIG;0.0;True;;;;;;;;;;;;;;;;;;;;;;;;;;;;;;;;;;;;;;;;;;;;;;;;;;;;-1.538753795415438;-1.5319844168863548;-1.5098857041865483;-1.5168940192364626;-1.4711111652394395;;;;;;;;;;;;;;;;;;;;;;;;;;;;;
4;RandomForest;839;B1_CD202_IRRIG_REPROD00007.asd;B1;CD202;IRRIG;D06M;manha;D06;IRRIG;IRRIG;0.0;True;;;;;;;;;;;;;;;;;;;;;;;;;;;;;;;;;;;;;;;;;;;;;;;;;;;;-1.545441161611404;-1.5390021901936994;-1.5166465411328105;-1.523870841446768;-1.477739704270821;;;;;;;;;;;;;;;;;;;;;;;;;;;;;
4;RandomForest;840;B1_CD202_NIRRIG_REPROD00000.asd;B1;CD202;NIRRIG;D06M;manha;D06;NIRRIG;NIRRIG;0.788;True;;;;;;;;;;;;;;;;;;;;;;;;;;;;;;;;;;;;;;;;;;;;;;;;;;;;-1.4966920862040778;-1.4800329279758182;-1.4427112546795888;-1.4731241283158434;-1.3845557388481535;;;;;;;;;;;;;;;;;;;;;;;;;;;;;
4;RandomForest;841;B1_CD202_NIRRIG_REPROD00001.asd;B1;CD202;NIRRIG;D06M;manha;D06;NIRRIG;NIRRIG;0.946;True;;;;;;;;;;;;;;;;;;;;;;;;;;;;;;;;;;;;;;;;;;;;;;;;;;;;-1.494019908188513;-1.4774971473968077;-1.4403549664439743;-1.4706636296862303;-1.382786522580373;;;;;;;;;;;;;;;;;;;;;;;;;;;;;
4;RandomForest;842;B1_CD202_NIRRIG_REPROD00002.asd;B1;CD202;NIRRIG;D06M;manha;D06;NIRRIG;NIRRIG;0.948;True;;;;;;;;;;;;;;;;;;;;;;;;;;;;;;;;;;;;;;;;;;;;;;;;;;;;-1.4937766164833441;-1.4762544803705795;-1.4389120857381525;-1.4699819542013381;-1.3806680284874473;;;;;;;;;;;;;;;;;;;;;;;;;;;;;
4;RandomForest;843;B1_CD202_NIRRIG_REPROD00003.asd;B1;CD202;NIRRIG;D06M;manha;D06;NIRRIG;NIRRIG;0.948;True;;;;;;;;;;;;;;;;;;;;;;;;;;;;;;;;;;;;;;;;;;;;;;;;;;;;-1.4929921354772562;-1.4757567152386444;-1.4383580488005536;-1.4695158188425865;-1.3794767822168983;;;;;;;;;;;;;;;;;;;;;;;;;;;;;
4;RandomForest;844;B1_CD202_NIRRIG_REPROD00004.asd;B1;CD202;NIRRIG;D06M;manha;D06;NIRRIG;NIRRIG;1.0;True;;;;;;;;;;;;;;;;;;;;;;;;;;;;;;;;;;;;;;;;;;;;;;;;;;;;-1.4617992229604662;-1.4476507817625672;-1.4167442289379695;-1.4436748507100328;-1.3664528383153864;;;;;;;;;;;;;;;;;;;;;;;;;;;;;
4;RandomForest;845;B1_CD202_NIRRIG_REPROD00005.asd;B1;CD202;NIRRIG;D06M;manha;D06;NIRRIG;NIRRIG;1.0;True;;;;;;;;;;;;;;;;;;;;;;;;;;;;;;;;;;;;;;;;;;;;;;;;;;;;-1.4596710525043528;-1.445342230801686;-1.413540872348091;-1.4412858760311644;-1.363566990654577;;;;;;;;;;;;;;;;;;;;;;;;;;;;;
4;RandomForest;846;B1_CD202_NIRRIG_REPROD00006.asd;B1;CD202;NIRRIG;D06M;manha;D06;NIRRIG;NIRRIG;1.0;True;;;;;;;;;;;;;;;;;;;;;;;;;;;;;;;;;;;;;;;;;;;;;;;;;;;;-1.4586241227291274;-1.4437952404321133;-1.4119087324388886;-1.4400512610691578;-1.3616557608459645;;;;;;;;;;;;;;;;;;;;;;;;;;;;;
4;RandomForest;847;B1_CD202_NIRRIG_REPROD00007.asd;B1;CD202;NIRRIG;D06M;manha;D06;NIRRIG;NIRRIG;1.0;True;;;;;;;;;;;;;;;;;;;;;;;;;;;;;;;;;;;;;;;;;;;;;;;;;;;;-1.457945543668522;-1.442273874266311;-1.4104992688020466;-1.439179489910665;-1.3595213326081061;;;;;;;;;;;;;;;;;;;;;;;;;;;;;
1;PLS-DA;944;B4_EMB48_IRRIG_REPROD00000.asd;B4;EMB48;IRRIG;D06M;manha;D06;IRRIG;NIRRIG;0.5833510505669236;False;;;;;;;;;;;;;;;;;;;-1.4973564679400384;;;;;;;;;;;;;;;;;;;;;;;;;;;;;;;;;;;;;;1.2227441862073685;1.0509613445183543;-1.465243415339035;-1.4927767239637602;;;;;;;;;;;;;;;;;;;;;;;;;
1;PLS-DA;945;B4_EMB48_IRRIG_REPROD00001.asd;B4;EMB48;IRRIG;D06M;manha;D06;IRRIG;NIRRIG;0.5641153208688409;False;;;;;;;;;;;;;;;;;;;-1.508080295430535;;;;;;;;;;;;;;;;;;;;;;;;;;;;;;;;;;;;;;1.2303953728754364;1.0593709042780504;-1.4759196653369684;-1.504286560467359;;;;;;;;;;;;;;;;;;;;;;;;;
1;PLS-DA;946;B4_EMB48_IRRIG_REPROD00002.asd;B4;EMB48;IRRIG;D06M;manha;D06;IRRIG;NIRRIG;0.554998205030827;False;;;;;;;;;;;;;;;;;;;-1.5133037252100758;;;;;;;;;;;;;;;;;;;;;;;;;;;;;;;;;;;;;;1.2328867101224812;1.0623471575043375;-1.4807251539992485;-1.509731871429263;;;;;;;;;;;;;;;;;;;;;;;;;
1;PLS-DA;947;B4_EMB48_IRRIG_REPROD00003.asd;B4;EMB48;IRRIG;D06M;manha;D06;IRRIG;NIRRIG;0.5442689834916641;False;;;;;;;;;;;;;;;;;;;-1.5192683633953035;;;;;;;;;;;;;;;;;;;;;;;;;;;;;;;;;;;;;;1.235525296078059;1.0653421149906697;-1.4866842895143946;-1.5159162305520253;;;;;;;;;;;;;;;;;;;;;;;;;
1;PLS-DA;948;B4_EMB48_IRRIG_REPROD00004.asd;B4;EMB48;IRRIG;D06M;manha;D06;IRRIG;NIRRIG;0.5703689932192583;False;;;;;;;;;;;;;;;;;;;-1.5027948744438981;;;;;;;;;;;;;;;;;;;;;;;;;;;;;;;;;;;;;;1.195805561710133;1.0151793185832292;-1.473038804964728;-1.4991735568396587;;;;;;;;;;;;;;;;;;;;;;;;;
1;PLS-DA;949;B4_EMB48_IRRIG_REPROD00005.asd;B4;EMB48;IRRIG;D06M;manha;D06;IRRIG;NIRRIG;0.5507109876739171;False;;;;;;;;;;;;;;;;;;;-1.5138452585099569;;;;;;;;;;;;;;;;;;;;;;;;;;;;;;;;;;;;;;1.2031939380002938;1.0233621780714506;-1.4839131139980477;-1.510643876328479;;;;;;;;;;;;;;;;;;;;;;;;;
1;PLS-DA;950;B4_EMB48_IRRIG_REPROD00006.asd;B4;EMB48;IRRIG;D06M;manha;D06;IRRIG;NIRRIG;0.5294595244428278;False;;;;;;;;;;;;;;;;;;;-1.526078175877257;;;;;;;;;;;;;;;;;;;;;;;;;;;;;;;;;;;;;;1.2082993929587131;1.0289204721193084;-1.4951007871983777;-1.5228463959208254;;;;;;;;;;;;;;;;;;;;;;;;;
1;PLS-DA;951;B4_EMB48_IRRIG_REPROD00007.asd;B4;EMB48;IRRIG;D06M;manha;D06;IRRIG;NIRRIG;0.5132219984805149;False;;;;;;;;;;;;;;;;;;;-1.5355121561769722;;;;;;;;;;;;;;;;;;;;;;;;;;;;;;;;;;;;;;1.212361287541026;1.0330251523504423;-1.5038719257995619;-1.5316828504114457;;;;;;;;;;;;;;;;;;;;;;;;;
1;PLS-DA;952;B4_EMB48_NIRRIG_REPROD00000.asd;B4;EMB48;NIRRIG;D06M;manha;D06;NIRRIG;NIRRIG;0.6547444035170045;True;;;;;;;;;;;;;;;;;;;-1.4573374021650365;;;;;;;;;;;;;;;;;;;;;;;;;;;;;;;;;;;;;;1.1703433705723012;1.0289066528867192;-1.4171256105100296;-1.4613678283469416;;;;;;;;;;;;;;;;;;;;;;;;;
1;PLS-DA;953;B4_EMB48_NIRRIG_REPROD00001.asd;B4;EMB48;NIRRIG;D06M;manha;D06;NIRRIG;NIRRIG;0.6600587473547089;True;;;;;;;;;;;;;;;;;;;-1.4544273011483542;;;;;;;;;;;;;;;;;;;;;;;;;;;;;;;;;;;;;;1.1645258658901256;1.0247715483764033;-1.4129562389345427;-1.458918281008901;;;;;;;;;;;;;;;;;;;;;;;;;
1;PLS-DA;954;B4_EMB48_NIRRIG_REPROD00002.asd;B4;EMB48;NIRRIG;D06M;manha;D06;NIRRIG;NIRRIG;0.658721399016724;True;;;;;;;;;;;;;;;;;;;-1.4555769661250295;;;;;;;;;;;;;;;;;;;;;;;;;;;;;;;;;;;;;;1.1631413778021655;1.0248188478673392;-1.4138898844735603;-1.459657076866948;;;;;;;;;;;;;;;;;;;;;;;;;
1;PLS-DA;955;B4_EMB48_NIRRIG_REPROD00003.asd;B4;EMB48;NIRRIG;D06M;manha;D06;NIRRIG;NIRRIG;0.6582167025610787;True;;;;;;;;;;;;;;;;;;;-1.4561518856985192;;;;;;;;;;;;;;;;;;;;;;;;;;;;;;;;;;;;;;1.1648254964637592;1.028624906961131;-1.4139425087986133;-1.460483137740699;;;;;;;;;;;;;;;;;;;;;;;;;
1;PLS-DA;956;B4_EMB48_NIRRIG_REPROD00004.asd;B4;EMB48;NIRRIG;D06M;manha;D06;NIRRIG;NIRRIG;0.7249074046293377;True;;;;;;;;;;;;;;;;;;;-1.4103507990312472;;;;;;;;;;;;;;;;;;;;;;;;;;;;;;;;;;;;;;1.1429522411036028;0.9788330106156723;-1.3648485716321588;-1.4174538413379563;;;;;;;;;;;;;;;;;;;;;;;;;
1;PLS-DA;957;B4_EMB48_NIRRIG_REPROD00005.asd;B4;EMB48;NIRRIG;D06M;manha;D06;NIRRIG;NIRRIG;0.7272703628664421;True;;;;;;;;;;;;;;;;;;;-1.4088286914099002;;;;;;;;;;;;;;;;;;;;;;;;;;;;;;;;;;;;;;1.134231961065045;0.9718869895740921;-1.363264667467375;-1.4159803640788382;;;;;;;;;;;;;;;;;;;;;;;;;
1;PLS-DA;958;B4_EMB48_NIRRIG_REPROD00006.asd;B4;EMB48;NIRRIG;D06M;manha;D06;NIRRIG;NIRRIG;0.732846943567126;True;;;;;;;;;;;;;;;;;;;-1.4051423190593673;;;;;;;;;;;;;;;;;;;;;;;;;;;;;;;;;;;;;;1.1325227884881317;0.9716881838792057;-1.358980095490372;-1.4125257872808716;;;;;;;;;;;;;;;;;;;;;;;;;
1;PLS-DA;959;B4_EMB48_NIRRIG_REPROD00007.asd;B4;EMB48;NIRRIG;D06M;manha;D06;NIRRIG;NIRRIG;0.7395572870032658;True;;;;;;;;;;;;;;;;;;;-1.401000065851692;;;;;;;;;;;;;;;;;;;;;;;;;;;;;;;;;;;;;;1.13554159117272;0.9767662368575173;-1.3544959353948325;-1.407379398972486;;;;;;;;;;;;;;;;;;;;;;;;;
1;RandomForest;944;B4_EMB48_IRRIG_REPROD00000.asd;B4;EMB48;IRRIG;D06M;manha;D06;IRRIG;NIRRIG;0.65;False;;;;;;;;;;;;;;;;;;;-1.4973564679400384;;;;;;;;;;;;;;;;;;;;;;;;;;;;;;;;;;;;;;1.2227441862073685;1.0509613445183543;-1.465243415339035;-1.4927767239637602;;;;;;;;;;;;;;;;;;;;;;;;;
1;RandomForest;945;B4_EMB48_IRRIG_REPROD00001.asd;B4;EMB48;IRRIG;D06M;manha;D06;IRRIG;NIRRIG;0.65;False;;;;;;;;;;;;;;;;;;;-1.508080295430535;;;;;;;;;;;;;;;;;;;;;;;;;;;;;;;;;;;;;;1.2303953728754364;1.0593709042780504;-1.4759196653369684;-1.504286560467359;;;;;;;;;;;;;;;;;;;;;;;;;
1;RandomForest;946;B4_EMB48_IRRIG_REPROD00002.asd;B4;EMB48;IRRIG;D06M;manha;D06;IRRIG;NIRRIG;0.65;False;;;;;;;;;;;;;;;;;;;-1.5133037252100758;;;;;;;;;;;;;;;;;;;;;;;;;;;;;;;;;;;;;;1.2328867101224812;1.0623471575043375;-1.4807251539992485;-1.509731871429263;;;;;;;;;;;;;;;;;;;;;;;;;
1;RandomForest;947;B4_EMB48_IRRIG_REPROD00003.asd;B4;EMB48;IRRIG;D06M;manha;D06;IRRIG;NIRRIG;0.65;False;;;;;;;;;;;;;;;;;;;-1.5192683633953035;;;;;;;;;;;;;;;;;;;;;;;;;;;;;;;;;;;;;;1.235525296078059;1.0653421149906697;-1.4866842895143946;-1.5159162305520253;;;;;;;;;;;;;;;;;;;;;;;;;
1;RandomForest;948;B4_EMB48_IRRIG_REPROD00004.asd;B4;EMB48;IRRIG;D06M;manha;D06;IRRIG;NIRRIG;0.782;False;;;;;;;;;;;;;;;;;;;-1.5027948744438981;;;;;;;;;;;;;;;;;;;;;;;;;;;;;;;;;;;;;;1.195805561710133;1.0151793185832292;-1.473038804964728;-1.4991735568396587;;;;;;;;;;;;;;;;;;;;;;;;;
1;RandomForest;949;B4_EMB48_IRRIG_REPROD00005.asd;B4;EMB48;IRRIG;D06M;manha;D06;IRRIG;NIRRIG;0.782;False;;;;;;;;;;;;;;;;;;;-1.5138452585099569;;;;;;;;;;;;;;;;;;;;;;;;;;;;;;;;;;;;;;1.2031939380002938;1.0233621780714506;-1.4839131139980477;-1.510643876328479;;;;;;;;;;;;;;;;;;;;;;;;;
1;RandomForest;950;B4_EMB48_IRRIG_REPROD00006.asd;B4;EMB48;IRRIG;D06M;manha;D06;IRRIG;NIRRIG;0.78;False;;;;;;;;;;;;;;;;;;;-1.526078175877257;;;;;;;;;;;;;;;;;;;;;;;;;;;;;;;;;;;;;;1.2082993929587131;1.0289204721193084;-1.4951007871983777;-1.5228463959208254;;;;;;;;;;;;;;;;;;;;;;;;;
1;RandomForest;951;B4_EMB48_IRRIG_REPROD00007.asd;B4;EMB48;IRRIG;D06M;manha;D06;IRRIG;NIRRIG;0.502;False;;;;;;;;;;;;;;;;;;;-1.5355121561769722;;;;;;;;;;;;;;;;;;;;;;;;;;;;;;;;;;;;;;1.212361287541026;1.0330251523504423;-1.5038719257995619;-1.5316828504114457;;;;;;;;;;;;;;;;;;;;;;;;;
1;RandomForest;952;B4_EMB48_NIRRIG_REPROD00000.asd;B4;EMB48;NIRRIG;D06M;manha;D06;NIRRIG;NIRRIG;1.0;True;;;;;;;;;;;;;;;;;;;-1.4573374021650365;;;;;;;;;;;;;;;;;;;;;;;;;;;;;;;;;;;;;;1.1703433705723012;1.0289066528867192;-1.4171256105100296;-1.4613678283469416;;;;;;;;;;;;;;;;;;;;;;;;;
1;RandomForest;953;B4_EMB48_NIRRIG_REPROD00001.asd;B4;EMB48;NIRRIG;D06M;manha;D06;NIRRIG;NIRRIG;1.0;True;;;;;;;;;;;;;;;;;;;-1.4544273011483542;;;;;;;;;;;;;;;;;;;;;;;;;;;;;;;;;;;;;;1.1645258658901256;1.0247715483764033;-1.4129562389345427;-1.458918281008901;;;;;;;;;;;;;;;;;;;;;;;;;
1;RandomForest;954;B4_EMB48_NIRRIG_REPROD00002.asd;B4;EMB48;NIRRIG;D06M;manha;D06;NIRRIG;NIRRIG;1.0;True;;;;;;;;;;;;;;;;;;;-1.4555769661250295;;;;;;;;;;;;;;;;;;;;;;;;;;;;;;;;;;;;;;1.1631413778021655;1.0248188478673392;-1.4138898844735603;-1.459657076866948;;;;;;;;;;;;;;;;;;;;;;;;;
1;RandomForest;955;B4_EMB48_NIRRIG_REPROD00003.asd;B4;EMB48;NIRRIG;D06M;manha;D06;NIRRIG;NIRRIG;1.0;True;;;;;;;;;;;;;;;;;;;-1.4561518856985192;;;;;;;;;;;;;;;;;;;;;;;;;;;;;;;;;;;;;;1.1648254964637592;1.028624906961131;-1.4139425087986133;-1.460483137740699;;;;;;;;;;;;;;;;;;;;;;;;;
1;RandomForest;956;B4_EMB48_NIRRIG_REPROD00004.asd;B4;EMB48;NIRRIG;D06M;manha;D06;NIRRIG;NIRRIG;1.0;True;;;;;;;;;;;;;;;;;;;-1.4103507990312472;;;;;;;;;;;;;;;;;;;;;;;;;;;;;;;;;;;;;;1.1429522411036028;0.9788330106156723;-1.3648485716321588;-1.4174538413379563;;;;;;;;;;;;;;;;;;;;;;;;;
1;RandomForest;957;B4_EMB48_NIRRIG_REPROD00005.asd;B4;EMB48;NIRRIG;D06M;manha;D06;NIRRIG;NIRRIG;1.0;True;;;;;;;;;;;;;;;;;;;-1.4088286914099002;;;;;;;;;;;;;;;;;;;;;;;;;;;;;;;;;;;;;;1.134231961065045;0.9718869895740921;-1.363264667467375;-1.4159803640788382;;;;;;;;;;;;;;;;;;;;;;;;;
1;RandomForest;958;B4_EMB48_NIRRIG_REPROD00006.asd;B4;EMB48;NIRRIG;D06M;manha;D06;NIRRIG;NIRRIG;1.0;True;;;;;;;;;;;;;;;;;;;-1.4051423190593673;;;;;;;;;;;;;;;;;;;;;;;;;;;;;;;;;;;;;;1.1325227884881317;0.9716881838792057;-1.358980095490372;-1.4125257872808716;;;;;;;;;;;;;;;;;;;;;;;;;
1;RandomForest;959;B4_EMB48_NIRRIG_REPROD00007.asd;B4;EMB48;NIRRIG;D06M;manha;D06;NIRRIG;NIRRIG;1.0;True;;;;;;;;;;;;;;;;;;;-1.401000065851692;;;;;;;;;;;;;;;;;;;;;;;;;;;;;;;;;;;;;;1.13554159117272;0.9767662368575173;-1.3544959353948325;-1.407379398972486;;;;;;;;;;;;;;;;;;;;;;;;;
2;PLS-DA;928;B3_EMB48_IRRIG_REPROD00000.asd;B3;EMB48;IRRIG;D06M;manha;D06;IRRIG;IRRIG;0.393506556729669;True;;;;;;;;;;;;;;;;;;;-1.609778937401699;;;;;;;;;;;;;;;;;;;;;;;;;;;;;;;;;;;;;;1.2245322171782886;1.0423836842362362;-1.5780131039846568;-1.6059765029806308;;;;;;;;;;;;;;;;;;;;;;;;;
2;PLS-DA;929;B3_EMB48_IRRIG_REPROD00001.asd;B3;EMB48;IRRIG;D06M;manha;D06;IRRIG;IRRIG;0.38207711898012636;True;;;;;;;;;;;;;;;;;;;-1.6162596955969601;;;;;;;;;;;;;;;;;;;;;;;;;;;;;;;;;;;;;;1.2291231723229648;1.0475369938712162;-1.58382178659761;-1.6120272831287499;;;;;;;;;;;;;;;;;;;;;;;;;
2;PLS-DA;930;B3_EMB48_IRRIG_REPROD00002.asd;B3;EMB48;IRRIG;D06M;manha;D06;IRRIG;IRRIG;0.36958665938529;True;;;;;;;;;;;;;;;;;;;-1.6206922670059036;;;;;;;;;;;;;;;;;;;;;;;;;;;;;;;;;;;;;;1.234654878347509;1.0535951721134245;-1.5881180662526224;-1.6170014515030688;;;;;;;;;;;;;;;;;;;;;;;;;
2;PLS-DA;931;B3_EMB48_IRRIG_REPROD00003.asd;B3;EMB48;IRRIG;D06M;manha;D06;IRRIG;IRRIG;0.3612835889282452;True;;;;;;;;;;;;;;;;;;;-1.6251049683152496;;;;;;;;;;;;;;;;;;;;;;;;;;;;;;;;;;;;;;1.2381523788292892;1.0573380961238497;-1.5922229168033808;-1.6212874581590406;;;;;;;;;;;;;;;;;;;;;;;;;
2;PLS-DA;932;B3_EMB48_IRRIG_REPROD00004.asd;B3;EMB48;IRRIG;D06M;manha;D06;IRRIG;IRRIG;0.3866503568668011;True;;;;;;;;;;;;;;;;;;;-1.6176271013951806;;;;;;;;;;;;;;;;;;;;;;;;;;;;;;;;;;;;;;1.224086033716184;1.0557452413835224;-1.5874408951652876;-1.6157012866981386;;;;;;;;;;;;;;;;;;;;;;;;;
2;PLS-DA;933;B3_EMB48_IRRIG_REPROD00005.asd;B3;EMB48;IRRIG;D06M;manha;D06;IRRIG;IRRIG;0.37616551234016427;True;;;;;;;;;;;;;;;;;;;-1.6255941859483332;;;;;;;;;;;;;;;;;;;;;;;;;;;;;;;;;;;;;;1.2279295408238067;1.0600897394579563;-1.5950098246081943;-1.6231867487251361;;;;;;;;;;;;;;;;;;;;;;;;;
2;PLS-DA;934;B3_EMB48_IRRIG_REPROD00006.asd;B3;EMB48;IRRIG;D06M;manha;D06;IRRIG;IRRIG;0.36240408904749644;True;;;;;;;;;;;;;;;;;;;-1.6328019501302342;;;;;;;;;;;;;;;;;;;;;;;;;;;;;;;;;;;;;;1.2337573225762777;1.0663730351409972;-1.6012695928387326;-1.6298271043375783;;;;;;;;;;;;;;;;;;;;;;;;;
2;PLS-DA;935;B3_EMB48_IRRIG_REPROD00007.asd;B3;EMB48;IRRIG;D06M;manha;D06;IRRIG;IRRIG;0.3541536660977232;True;;;;;;;;;;;;;;;;;;;-1.6403418814303559;;;;;;;;;;;;;;;;;;;;;;;;;;;;;;;;;;;;;;1.2366039272337166;1.0693088693742299;-1.6092139423377545;-1.6380166185975105;;;;;;;;;;;;;;;;;;;;;;;;;
2;PLS-DA;936;B3_EMB48_NIRRIG_REPROD00000.asd;B3;EMB48;NIRRIG;D06M;manha;D06;NIRRIG;NIRRIG;0.6529777083179219;True;;;;;;;;;;;;;;;;;;;-1.4877285588299776;;;;;;;;;;;;;;;;;;;;;;;;;;;;;;;;;;;;;;1.1110848051356599;0.979429619470694;-1.4451994281387368;-1.4897818321429697;;;;;;;;;;;;;;;;;;;;;;;;;
2;PLS-DA;937;B3_EMB48_NIRRIG_REPROD00001.asd;B3;EMB48;NIRRIG;D06M;manha;D06;NIRRIG;NIRRIG;0.6648823910755582;True;;;;;;;;;;;;;;;;;;;-1.4828869513587606;;;;;;;;;;;;;;;;;;;;;;;;;;;;;;;;;;;;;;1.1056671475131383;0.9744157553878646;-1.4387651065350522;-1.4844167705951896;;;;;;;;;;;;;;;;;;;;;;;;;
2;PLS-DA;938;B3_EMB48_NIRRIG_REPROD00002.asd;B3;EMB48;NIRRIG;D06M;manha;D06;NIRRIG;NIRRIG;0.6693744757914138;True;;;;;;;;;;;;;;;;;;;-1.4808775453623404;;;;;;;;;;;;;;;;;;;;;;;;;;;;;;;;;;;;;;1.1035179493069616;0.9725860285861426;-1.4367549478981247;-1.4831945610758146;;;;;;;;;;;;;;;;;;;;;;;;;
2;PLS-DA;939;B3_EMB48_NIRRIG_REPROD00003.asd;B3;EMB48;NIRRIG;D06M;manha;D06;NIRRIG;NIRRIG;0.6815620101281951;True;;;;;;;;;;;;;;;;;;;-1.4769290317520778;;;;;;;;;;;;;;;;;;;;;;;;;;;;;;;;;;;;;;1.097470375223886;0.966688329524717;-1.4328965802194993;-1.4797331190845724;;;;;;;;;;;;;;;;;;;;;;;;;
2;PLS-DA;940;B3_EMB48_NIRRIG_REPROD00004.asd;B3;EMB48;NIRRIG;D06M;manha;D06;NIRRIG;NIRRIG;0.5939755909490589;True;;;;;;;;;;;;;;;;;;;-1.4891746497229534;;;;;;;;;;;;;;;;;;;;;;;;;;;;;;;;;;;;;;1.145347689663664;0.9870803703003626;-1.4510142767983178;-1.4908683583482798;;;;;;;;;;;;;;;;;;;;;;;;;
2;PLS-DA;941;B3_EMB48_NIRRIG_REPROD00005.asd;B3;EMB48;NIRRIG;D06M;manha;D06;NIRRIG;NIRRIG;0.6035262295421576;True;;;;;;;;;;;;;;;;;;;-1.4876759948561298;;;;;;;;;;;;;;;;;;;;;;;;;;;;;;;;;;;;;;1.1407608011823018;0.9830366879495221;-1.4490451465757348;-1.489264608398613;;;;;;;;;;;;;;;;;;;;;;;;;
2;PLS-DA;942;B3_EMB48_NIRRIG_REPROD00006.asd;B3;EMB48;NIRRIG;D06M;manha;D06;NIRRIG;NIRRIG;0.605852404190671;True;;;;;;;;;;;;;;;;;;;-1.4873109255948833;;;;;;;;;;;;;;;;;;;;;;;;;;;;;;;;;;;;;;1.1395437490196414;0.9827764567055011;-1.4479663708767734;-1.4893088824977894;;;;;;;;;;;;;;;;;;;;;;;;;
2;PLS-DA;943;B3_EMB48_NIRRIG_REPROD00007.asd;B3;EMB48;NIRRIG;D06M;manha;D06;NIRRIG;NIRRIG;0.6165618669708232;True;;;;;;;;;;;;;;;;;;;-1.4853125029721814;;;;;;;;;;;;;;;;;;;;;;;;;;;;;;;;;;;;;;1.1343298466131366;0.9785851763292097;-1.445590633735877;-1.4868952695029662;;;;;;;;;;;;;;;;;;;;;;;;;
2;RandomForest;928;B3_EMB48_IRRIG_REPROD00000.asd;B3;EMB48;IRRIG;D06M;manha;D06;IRRIG;IRRIG;0.0;True;;;;;;;;;;;;;;;;;;;-1.609778937401699;;;;;;;;;;;;;;;;;;;;;;;;;;;;;;;;;;;;;;1.2245322171782886;1.0423836842362362;-1.5780131039846568;-1.6059765029806308;;;;;;;;;;;;;;;;;;;;;;;;;
2;RandomForest;929;B3_EMB48_IRRIG_REPROD00001.asd;B3;EMB48;IRRIG;D06M;manha;D06;IRRIG;IRRIG;0.0;True;;;;;;;;;;;;;;;;;;;-1.6162596955969601;;;;;;;;;;;;;;;;;;;;;;;;;;;;;;;;;;;;;;1.2291231723229648;1.0475369938712162;-1.58382178659761;-1.6120272831287499;;;;;;;;;;;;;;;;;;;;;;;;;
2;RandomForest;930;B3_EMB48_IRRIG_REPROD00002.asd;B3;EMB48;IRRIG;D06M;manha;D06;IRRIG;IRRIG;0.0;True;;;;;;;;;;;;;;;;;;;-1.6206922670059036;;;;;;;;;;;;;;;;;;;;;;;;;;;;;;;;;;;;;;1.234654878347509;1.0535951721134245;-1.5881180662526224;-1.6170014515030688;;;;;;;;;;;;;;;;;;;;;;;;;
2;RandomForest;931;B3_EMB48_IRRIG_REPROD00003.asd;B3;EMB48;IRRIG;D06M;manha;D06;IRRIG;IRRIG;0.0;True;;;;;;;;;;;;;;;;;;;-1.6251049683152496;;;;;;;;;;;;;;;;;;;;;;;;;;;;;;;;;;;;;;1.2381523788292892;1.0573380961238497;-1.5922229168033808;-1.6212874581590406;;;;;;;;;;;;;;;;;;;;;;;;;
2;RandomForest;932;B3_EMB48_IRRIG_REPROD00004.asd;B3;EMB48;IRRIG;D06M;manha;D06;IRRIG;IRRIG;0.0;True;;;;;;;;;;;;;;;;;;;-1.6176271013951806;;;;;;;;;;;;;;;;;;;;;;;;;;;;;;;;;;;;;;1.224086033716184;1.0557452413835224;-1.5874408951652876;-1.6157012866981386;;;;;;;;;;;;;;;;;;;;;;;;;
2;RandomForest;933;B3_EMB48_IRRIG_REPROD00005.asd;B3;EMB48;IRRIG;D06M;manha;D06;IRRIG;IRRIG;0.0;True;;;;;;;;;;;;;;;;;;;-1.6255941859483332;;;;;;;;;;;;;;;;;;;;;;;;;;;;;;;;;;;;;;1.2279295408238067;1.0600897394579563;-1.5950098246081943;-1.6231867487251361;;;;;;;;;;;;;;;;;;;;;;;;;
2;RandomForest;934;B3_EMB48_IRRIG_REPROD00006.asd;B3;EMB48;IRRIG;D06M;manha;D06;IRRIG;IRRIG;0.0;True;;;;;;;;;;;;;;;;;;;-1.6328019501302342;;;;;;;;;;;;;;;;;;;;;;;;;;;;;;;;;;;;;;1.2337573225762777;1.0663730351409972;-1.6012695928387326;-1.6298271043375783;;;;;;;;;;;;;;;;;;;;;;;;;
2;RandomForest;935;B3_EMB48_IRRIG_REPROD00007.asd;B3;EMB48;IRRIG;D06M;manha;D06;IRRIG;IRRIG;0.0;True;;;;;;;;;;;;;;;;;;;-1.6403418814303559;;;;;;;;;;;;;;;;;;;;;;;;;;;;;;;;;;;;;;1.2366039272337166;1.0693088693742299;-1.6092139423377545;-1.6380166185975105;;;;;;;;;;;;;;;;;;;;;;;;;
2;RandomForest;936;B3_EMB48_NIRRIG_REPROD00000.asd;B3;EMB48;NIRRIG;D06M;manha;D06;NIRRIG;NIRRIG;0.984;True;;;;;;;;;;;;;;;;;;;-1.4877285588299776;;;;;;;;;;;;;;;;;;;;;;;;;;;;;;;;;;;;;;1.1110848051356599;0.979429619470694;-1.4451994281387368;-1.4897818321429697;;;;;;;;;;;;;;;;;;;;;;;;;
2;RandomForest;937;B3_EMB48_NIRRIG_REPROD00001.asd;B3;EMB48;NIRRIG;D06M;manha;D06;NIRRIG;NIRRIG;1.0;True;;;;;;;;;;;;;;;;;;;-1.4828869513587606;;;;;;;;;;;;;;;;;;;;;;;;;;;;;;;;;;;;;;1.1056671475131383;0.9744157553878646;-1.4387651065350522;-1.4844167705951896;;;;;;;;;;;;;;;;;;;;;;;;;
2;RandomForest;938;B3_EMB48_NIRRIG_REPROD00002.asd;B3;EMB48;NIRRIG;D06M;manha;D06;NIRRIG;NIRRIG;1.0;True;;;;;;;;;;;;;;;;;;;-1.4808775453623404;;;;;;;;;;;;;;;;;;;;;;;;;;;;;;;;;;;;;;1.1035179493069616;0.9725860285861426;-1.4367549478981247;-1.4831945610758146;;;;;;;;;;;;;;;;;;;;;;;;;
2;RandomForest;939;B3_EMB48_NIRRIG_REPROD00003.asd;B3;EMB48;NIRRIG;D06M;manha;D06;NIRRIG;NIRRIG;1.0;True;;;;;;;;;;;;;;;;;;;-1.4769290317520778;;;;;;;;;;;;;;;;;;;;;;;;;;;;;;;;;;;;;;1.097470375223886;0.966688329524717;-1.4328965802194993;-1.4797331190845724;;;;;;;;;;;;;;;;;;;;;;;;;
2;RandomForest;940;B3_EMB48_NIRRIG_REPROD00004.asd;B3;EMB48;NIRRIG;D06M;manha;D06;NIRRIG;NIRRIG;0.984;True;;;;;;;;;;;;;;;;;;;-1.4891746497229534;;;;;;;;;;;;;;;;;;;;;;;;;;;;;;;;;;;;;;1.145347689663664;0.9870803703003626;-1.4510142767983178;-1.4908683583482798;;;;;;;;;;;;;;;;;;;;;;;;;
2;RandomForest;941;B3_EMB48_NIRRIG_REPROD00005.asd;B3;EMB48;NIRRIG;D06M;manha;D06;NIRRIG;NIRRIG;0.984;True;;;;;;;;;;;;;;;;;;;-1.4876759948561298;;;;;;;;;;;;;;;;;;;;;;;;;;;;;;;;;;;;;;1.1407608011823018;0.9830366879495221;-1.4490451465757348;-1.489264608398613;;;;;;;;;;;;;;;;;;;;;;;;;
2;RandomForest;942;B3_EMB48_NIRRIG_REPROD00006.asd;B3;EMB48;NIRRIG;D06M;manha;D06;NIRRIG;NIRRIG;0.986;True;;;;;;;;;;;;;;;;;;;-1.4873109255948833;;;;;;;;;;;;;;;;;;;;;;;;;;;;;;;;;;;;;;1.1395437490196414;0.9827764567055011;-1.4479663708767734;-1.4893088824977894;;;;;;;;;;;;;;;;;;;;;;;;;
2;RandomForest;943;B3_EMB48_NIRRIG_REPROD00007.asd;B3;EMB48;NIRRIG;D06M;manha;D06;NIRRIG;NIRRIG;1.0;True;;;;;;;;;;;;;;;;;;;-1.4853125029721814;;;;;;;;;;;;;;;;;;;;;;;;;;;;;;;;;;;;;;1.1343298466131366;0.9785851763292097;-1.445590633735877;-1.4868952695029662;;;;;;;;;;;;;;;;;;;;;;;;;
3;PLS-DA;912;B2_EMB48_IRRIG_REPROD00000.asd;B2;EMB48;IRRIG;D06M;manha;D06;IRRIG;IRRIG;0.46379940853606066;True;;;;;;;;;;;;;;;;;;;-1.584490528110553;;;;;;;;;;;;;;;;;;;;;;;;;;;;;;;;;;;;;;1.1993640306500801;1.037372647097832;-1.5532419245720883;-1.5781323824475435;;;;;;;;;;;;;;;;;;;;;;;;;
3;PLS-DA;913;B2_EMB48_IRRIG_REPROD00001.asd;B2;EMB48;IRRIG;D06M;manha;D06;IRRIG;IRRIG;0.45314205117330725;True;;;;;;;;;;;;;;;;;;;-1.5900546736255714;;;;;;;;;;;;;;;;;;;;;;;;;;;;;;;;;;;;;;1.2034637243013595;1.0418464309812114;-1.5596757972239603;-1.5839071246141752;;;;;;;;;;;;;;;;;;;;;;;;;
3;PLS-DA;914;B2_EMB48_IRRIG_REPROD00002.asd;B2;EMB48;IRRIG;D06M;manha;D06;IRRIG;IRRIG;0.4466370952000517;True;;;;;;;;;;;;;;;;;;;-1.5942658179336426;;;;;;;;;;;;;;;;;;;;;;;;;;;;;;;;;;;;;;1.2059032460071053;1.044628206787255;-1.5635361828680627;-1.5877390505561655;;;;;;;;;;;;;;;;;;;;;;;;;
3;PLS-DA;915;B2_EMB48_IRRIG_REPROD00003.asd;B2;EMB48;IRRIG;D06M;manha;D06;IRRIG;IRRIG;0.44026989204355405;True;;;;;;;;;;;;;;;;;;;-1.5979721102341558;;;;;;;;;;;;;;;;;;;;;;;;;;;;;;;;;;;;;;1.2082705769676052;1.0473728572784842;-1.567678256368196;-1.591907406968068;;;;;;;;;;;;;;;;;;;;;;;;;
3;PLS-DA;916;B2_EMB48_IRRIG_REPROD00004.asd;B2;EMB48;IRRIG;D06M;manha;D06;IRRIG;IRRIG;0.4700820772692653;True;;;;;;;;;;;;;;;;;;;-1.5627711507696256;;;;;;;;;;;;;;;;;;;;;;;;;;;;;;;;;;;;;;1.1981944991080116;1.0407177580368576;-1.5283485180751455;-1.557363185355566;;;;;;;;;;;;;;;;;;;;;;;;;
3;PLS-DA;917;B2_EMB48_IRRIG_REPROD00005.asd;B2;EMB48;IRRIG;D06M;manha;D06;IRRIG;IRRIG;0.45521227846372814;True;;;;;;;;;;;;;;;;;;;-1.5691835426626164;;;;;;;;;;;;;;;;;;;;;;;;;;;;;;;;;;;;;;1.2041883184404985;1.047262609659209;-1.5346961301944324;-1.5631875511664493;;;;;;;;;;;;;;;;;;;;;;;;;
3;PLS-DA;918;B2_EMB48_IRRIG_REPROD00006.asd;B2;EMB48;IRRIG;D06M;manha;D06;IRRIG;IRRIG;0.44982434256544584;True;;;;;;;;;;;;;;;;;;;-1.575365255654576;;;;;;;;;;;;;;;;;;;;;;;;;;;;;;;;;;;;;;1.205981599585198;1.0489647354807403;-1.540130946933891;-1.5691889939163746;;;;;;;;;;;;;;;;;;;;;;;;;
3;PLS-DA;919;B2_EMB48_IRRIG_REPROD00007.asd;B2;EMB48;IRRIG;D06M;manha;D06;IRRIG;IRRIG;0.4569853128248754;True;;;;;;;;;;;;;;;;;;;-1.5779588869364995;;;;;;;;;;;;;;;;;;;;;;;;;;;;;;;;;;;;;;1.202105562345017;1.045535013176477;-1.5427530311377189;-1.5718338174395896;;;;;;;;;;;;;;;;;;;;;;;;;
3;PLS-DA;920;B2_EMB48_NIRRIG_REPROD00000.asd;B2;EMB48;NIRRIG;D06M;manha;D06;NIRRIG;NIRRIG;0.6313974041968342;True;;;;;;;;;;;;;;;;;;;-1.4845026856529397;;;;;;;;;;;;;;;;;;;;;;;;;;;;;;;;;;;;;;1.1384146651850549;0.9583724037643941;-1.4488705126509478;-1.4846500577272934;;;;;;;;;;;;;;;;;;;;;;;;;
3;PLS-DA;921;B2_EMB48_NIRRIG_REPROD00001.asd;B2;EMB48;NIRRIG;D06M;manha;D06;NIRRIG;NIRRIG;0.6368907685255315;True;;;;;;;;;;;;;;;;;;;-1.4827517514565367;;;;;;;;;;;;;;;;;;;;;;;;;;;;;;;;;;;;;;1.1359131433600063;0.9559113048662592;-1.4463570431956898;-1.483078531053878;;;;;;;;;;;;;;;;;;;;;;;;;
3;PLS-DA;922;B2_EMB48_NIRRIG_REPROD00002.asd;B2;EMB48;NIRRIG;D06M;manha;D06;NIRRIG;NIRRIG;0.649385547189944;True;;;;;;;;;;;;;;;;;;;-1.481234599014681;;;;;;;;;;;;;;;;;;;;;;;;;;;;;;;;;;;;;;1.1296481437737713;0.9499038963387026;-1.444740183666506;-1.482380363183038;;;;;;;;;;;;;;;;;;;;;;;;;
3;PLS-DA;923;B2_EMB48_NIRRIG_REPROD00003.asd;B2;EMB48;NIRRIG;D06M;manha;D06;NIRRIG;NIRRIG;0.6586337797976947;True;;;;;;;;;;;;;;;;;;;-1.4773355677480402;;;;;;;;;;;;;;;;;;;;;;;;;;;;;;;;;;;;;;1.1252650288416302;0.9462290452468748;-1.4395894918286891;-1.4782592182258087;;;;;;;;;;;;;;;;;;;;;;;;;
3;PLS-DA;924;B2_EMB48_NIRRIG_REPROD00004.asd;B2;EMB48;NIRRIG;D06M;manha;D06;NIRRIG;NIRRIG;0.650185094039558;True;;;;;;;;;;;;;;;;;;;-1.4607436977709767;;;;;;;;;;;;;;;;;;;;;;;;;;;;;;;;;;;;;;1.1269967722594783;0.9638659662263207;-1.4244978297538775;-1.4625916381142667;;;;;;;;;;;;;;;;;;;;;;;;;
3;PLS-DA;925;B2_EMB48_NIRRIG_REPROD00005.asd;B2;EMB48;NIRRIG;D06M;manha;D06;NIRRIG;NIRRIG;0.6485992889891147;True;;;;;;;;;;;;;;;;;;;-1.4609242912301974;;;;;;;;;;;;;;;;;;;;;;;;;;;;;;;;;;;;;;1.1277217145455511;0.9648847840699919;-1.4243052185325171;-1.4629681407992075;;;;;;;;;;;;;;;;;;;;;;;;;
3;PLS-DA;926;B2_EMB48_NIRRIG_REPROD00006.asd;B2;EMB48;NIRRIG;D06M;manha;D06;NIRRIG;NIRRIG;0.6527137506949746;True;;;;;;;;;;;;;;;;;;;-1.4610060023240563;;;;;;;;;;;;;;;;;;;;;;;;;;;;;;;;;;;;;;1.1255240329103704;0.9631151751370335;-1.423397644360725;-1.4632469140364779;;;;;;;;;;;;;;;;;;;;;;;;;
3;PLS-DA;927;B2_EMB48_NIRRIG_REPROD00007.asd;B2;EMB48;NIRRIG;D06M;manha;D06;NIRRIG;NIRRIG;0.6563580493787564;True;;;;;;;;;;;;;;;;;;;-1.4601404655837;;;;;;;;;;;;;;;;;;;;;;;;;;;;;;;;;;;;;;1.1235135333550763;0.9618847112204052;-1.4226196190002445;-1.4623208000347279;;;;;;;;;;;;;;;;;;;;;;;;;
3;RandomForest;912;B2_EMB48_IRRIG_REPROD00000.asd;B2;EMB48;IRRIG;D06M;manha;D06;IRRIG;IRRIG;0.012;True;;;;;;;;;;;;;;;;;;;-1.584490528110553;;;;;;;;;;;;;;;;;;;;;;;;;;;;;;;;;;;;;;1.1993640306500801;1.037372647097832;-1.5532419245720883;-1.5781323824475435;;;;;;;;;;;;;;;;;;;;;;;;;
3;RandomForest;913;B2_EMB48_IRRIG_REPROD00001.asd;B2;EMB48;IRRIG;D06M;manha;D06;IRRIG;IRRIG;0.0;True;;;;;;;;;;;;;;;;;;;-1.5900546736255714;;;;;;;;;;;;;;;;;;;;;;;;;;;;;;;;;;;;;;1.2034637243013595;1.0418464309812114;-1.5596757972239603;-1.5839071246141752;;;;;;;;;;;;;;;;;;;;;;;;;
3;RandomForest;914;B2_EMB48_IRRIG_REPROD00002.asd;B2;EMB48;IRRIG;D06M;manha;D06;IRRIG;IRRIG;0.0;True;;;;;;;;;;;;;;;;;;;-1.5942658179336426;;;;;;;;;;;;;;;;;;;;;;;;;;;;;;;;;;;;;;1.2059032460071053;1.044628206787255;-1.5635361828680627;-1.5877390505561655;;;;;;;;;;;;;;;;;;;;;;;;;
3;RandomForest;915;B2_EMB48_IRRIG_REPROD00003.asd;B2;EMB48;IRRIG;D06M;manha;D06;IRRIG;IRRIG;0.0;True;;;;;;;;;;;;;;;;;;;-1.5979721102341558;;;;;;;;;;;;;;;;;;;;;;;;;;;;;;;;;;;;;;1.2082705769676052;1.0473728572784842;-1.567678256368196;-1.591907406968068;;;;;;;;;;;;;;;;;;;;;;;;;
3;RandomForest;916;B2_EMB48_IRRIG_REPROD00004.asd;B2;EMB48;IRRIG;D06M;manha;D06;IRRIG;IRRIG;0.006;True;;;;;;;;;;;;;;;;;;;-1.5627711507696256;;;;;;;;;;;;;;;;;;;;;;;;;;;;;;;;;;;;;;1.1981944991080116;1.0407177580368576;-1.5283485180751455;-1.557363185355566;;;;;;;;;;;;;;;;;;;;;;;;;
3;RandomForest;917;B2_EMB48_IRRIG_REPROD00005.asd;B2;EMB48;IRRIG;D06M;manha;D06;IRRIG;IRRIG;0.0;True;;;;;;;;;;;;;;;;;;;-1.5691835426626164;;;;;;;;;;;;;;;;;;;;;;;;;;;;;;;;;;;;;;1.2041883184404985;1.047262609659209;-1.5346961301944324;-1.5631875511664493;;;;;;;;;;;;;;;;;;;;;;;;;
3;RandomForest;918;B2_EMB48_IRRIG_REPROD00006.asd;B2;EMB48;IRRIG;D06M;manha;D06;IRRIG;IRRIG;0.0;True;;;;;;;;;;;;;;;;;;;-1.575365255654576;;;;;;;;;;;;;;;;;;;;;;;;;;;;;;;;;;;;;;1.205981599585198;1.0489647354807403;-1.540130946933891;-1.5691889939163746;;;;;;;;;;;;;;;;;;;;;;;;;
3;RandomForest;919;B2_EMB48_IRRIG_REPROD00007.asd;B2;EMB48;IRRIG;D06M;manha;D06;IRRIG;IRRIG;0.0;True;;;;;;;;;;;;;;;;;;;-1.5779588869364995;;;;;;;;;;;;;;;;;;;;;;;;;;;;;;;;;;;;;;1.202105562345017;1.045535013176477;-1.5427530311377189;-1.5718338174395896;;;;;;;;;;;;;;;;;;;;;;;;;
3;RandomForest;920;B2_EMB48_NIRRIG_REPROD00000.asd;B2;EMB48;NIRRIG;D06M;manha;D06;NIRRIG;NIRRIG;1.0;True;;;;;;;;;;;;;;;;;;;-1.4845026856529397;;;;;;;;;;;;;;;;;;;;;;;;;;;;;;;;;;;;;;1.1384146651850549;0.9583724037643941;-1.4488705126509478;-1.4846500577272934;;;;;;;;;;;;;;;;;;;;;;;;;
3;RandomForest;921;B2_EMB48_NIRRIG_REPROD00001.asd;B2;EMB48;NIRRIG;D06M;manha;D06;NIRRIG;NIRRIG;1.0;True;;;;;;;;;;;;;;;;;;;-1.4827517514565367;;;;;;;;;;;;;;;;;;;;;;;;;;;;;;;;;;;;;;1.1359131433600063;0.9559113048662592;-1.4463570431956898;-1.483078531053878;;;;;;;;;;;;;;;;;;;;;;;;;
3;RandomForest;922;B2_EMB48_NIRRIG_REPROD00002.asd;B2;EMB48;NIRRIG;D06M;manha;D06;NIRRIG;NIRRIG;1.0;True;;;;;;;;;;;;;;;;;;;-1.481234599014681;;;;;;;;;;;;;;;;;;;;;;;;;;;;;;;;;;;;;;1.1296481437737713;0.9499038963387026;-1.444740183666506;-1.482380363183038;;;;;;;;;;;;;;;;;;;;;;;;;
3;RandomForest;923;B2_EMB48_NIRRIG_REPROD00003.asd;B2;EMB48;NIRRIG;D06M;manha;D06;NIRRIG;NIRRIG;1.0;True;;;;;;;;;;;;;;;;;;;-1.4773355677480402;;;;;;;;;;;;;;;;;;;;;;;;;;;;;;;;;;;;;;1.1252650288416302;0.9462290452468748;-1.4395894918286891;-1.4782592182258087;;;;;;;;;;;;;;;;;;;;;;;;;
3;RandomForest;924;B2_EMB48_NIRRIG_REPROD00004.asd;B2;EMB48;NIRRIG;D06M;manha;D06;NIRRIG;NIRRIG;1.0;True;;;;;;;;;;;;;;;;;;;-1.4607436977709767;;;;;;;;;;;;;;;;;;;;;;;;;;;;;;;;;;;;;;1.1269967722594783;0.9638659662263207;-1.4244978297538775;-1.4625916381142667;;;;;;;;;;;;;;;;;;;;;;;;;
3;RandomForest;925;B2_EMB48_NIRRIG_REPROD00005.asd;B2;EMB48;NIRRIG;D06M;manha;D06;NIRRIG;NIRRIG;1.0;True;;;;;;;;;;;;;;;;;;;-1.4609242912301974;;;;;;;;;;;;;;;;;;;;;;;;;;;;;;;;;;;;;;1.1277217145455511;0.9648847840699919;-1.4243052185325171;-1.4629681407992075;;;;;;;;;;;;;;;;;;;;;;;;;
3;RandomForest;926;B2_EMB48_NIRRIG_REPROD00006.asd;B2;EMB48;NIRRIG;D06M;manha;D06;NIRRIG;NIRRIG;1.0;True;;;;;;;;;;;;;;;;;;;-1.4610060023240563;;;;;;;;;;;;;;;;;;;;;;;;;;;;;;;;;;;;;;1.1255240329103704;0.9631151751370335;-1.423397644360725;-1.4632469140364779;;;;;;;;;;;;;;;;;;;;;;;;;
3;RandomForest;927;B2_EMB48_NIRRIG_REPROD00007.asd;B2;EMB48;NIRRIG;D06M;manha;D06;NIRRIG;NIRRIG;1.0;True;;;;;;;;;;;;;;;;;;;-1.4601404655837;;;;;;;;;;;;;;;;;;;;;;;;;;;;;;;;;;;;;;1.1235135333550763;0.9618847112204052;-1.4226196190002445;-1.4623208000347279;;;;;;;;;;;;;;;;;;;;;;;;;
4;PLS-DA;896;B1_EMB48_IRRIG_REPROD00000.asd;B1;EMB48;IRRIG;D06M;manha;D06;IRRIG;IRRIG;0.3063203605041639;True;;;;;;;;;;;;;;;;;;;-1.6133740325909491;;;;;;;;;;;;;;;;;;;;;;;;;;;;;;;;;;;;;;1.2609224205563825;1.0725622613113848;-1.588913415333861;-1.6092351608826456;;;;;;;;;;;;;;;;;;;;;;;;;
4;PLS-DA;897;B1_EMB48_IRRIG_REPROD00001.asd;B1;EMB48;IRRIG;D06M;manha;D06;IRRIG;IRRIG;0.3128857665468982;True;;;;;;;;;;;;;;;;;;;-1.6130009597372514;;;;;;;;;;;;;;;;;;;;;;;;;;;;;;;;;;;;;;1.2573960160179227;1.0689821963781285;-1.5882677684873572;-1.6094665514706863;;;;;;;;;;;;;;;;;;;;;;;;;
4;PLS-DA;898;B1_EMB48_IRRIG_REPROD00002.asd;B1;EMB48;IRRIG;D06M;manha;D06;IRRIG;IRRIG;0.3148640027728428;True;;;;;;;;;;;;;;;;;;;-1.6118455313825637;;;;;;;;;;;;;;;;;;;;;;;;;;;;;;;;;;;;;;1.2563374616874745;1.0685814665149775;-1.587161272747892;-1.6072383577028742;;;;;;;;;;;;;;;;;;;;;;;;;
4;PLS-DA;899;B1_EMB48_IRRIG_REPROD00003.asd;B1;EMB48;IRRIG;D06M;manha;D06;IRRIG;IRRIG;0.31413822827641885;True;;;;;;;;;;;;;;;;;;;-1.6118004158868617;;;;;;;;;;;;;;;;;;;;;;;;;;;;;;;;;;;;;;1.257033821567789;1.0688926293667302;-1.5859647126183065;-1.6072189077394838;;;;;;;;;;;;;;;;;;;;;;;;;
4;PLS-DA;900;B1_EMB48_IRRIG_REPROD00004.asd;B1;EMB48;IRRIG;D06M;manha;D06;IRRIG;IRRIG;0.320596174533049;True;;;;;;;;;;;;;;;;;;;-1.6200843611791638;;;;;;;;;;;;;;;;;;;;;;;;;;;;;;;;;;;;;;1.2507528215046935;1.0647977861190783;-1.5941036979194685;-1.6121194034073714;;;;;;;;;;;;;;;;;;;;;;;;;
4;PLS-DA;901;B1_EMB48_IRRIG_REPROD00005.asd;B1;EMB48;IRRIG;D06M;manha;D06;IRRIG;IRRIG;0.3217904962058738;True;;;;;;;;;;;;;;;;;;;-1.6201418837857784;;;;;;;;;;;;;;;;;;;;;;;;;;;;;;;;;;;;;;1.2499012528405604;1.0643724936790202;-1.5941000218025685;-1.6121341456521954;;;;;;;;;;;;;;;;;;;;;;;;;
4;PLS-DA;902;B1_EMB48_IRRIG_REPROD00006.asd;B1;EMB48;IRRIG;D06M;manha;D06;IRRIG;IRRIG;0.3161767976425367;True;;;;;;;;;;;;;;;;;;;-1.6216051691811655;;;;;;;;;;;;;;;;;;;;;;;;;;;;;;;;;;;;;;1.2523138687728652;1.06732709524607;-1.5957537617815245;-1.6139697414582734;;;;;;;;;;;;;;;;;;;;;;;;;
4;PLS-DA;903;B1_EMB48_IRRIG_REPROD00007.asd;B1;EMB48;IRRIG;D06M;manha;D06;IRRIG;IRRIG;0.31853100134561907;True;;;;;;;;;;;;;;;;;;;-1.623839005393756;;;;;;;;;;;;;;;;;;;;;;;;;;;;;;;;;;;;;;1.2504984697547852;1.0657154801562518;-1.5972608662897756;-1.6158346465088904;;;;;;;;;;;;;;;;;;;;;;;;;
4;PLS-DA;904;B1_EMB48_NIRRIG_REPROD00000.asd;B1;EMB48;NIRRIG;D06M;manha;D06;NIRRIG;IRRIG;0.4778286710490439;False;;;;;;;;;;;;;;;;;;;-1.5041372166999045;;;;;;;;;;;;;;;;;;;;;;;;;;;;;;;;;;;;;;1.1794647883557186;1.037914465579707;-1.4702246970010975;-1.503575135413333;;;;;;;;;;;;;;;;;;;;;;;;;
4;PLS-DA;905;B1_EMB48_NIRRIG_REPROD00001.asd;B1;EMB48;NIRRIG;D06M;manha;D06;NIRRIG;IRRIG;0.4851596896187187;False;;;;;;;;;;;;;;;;;;;-1.5085758051927856;;;;;;;;;;;;;;;;;;;;;;;;;;;;;;;;;;;;;;1.175080222437605;1.033301014109802;-1.4748462874487165;-1.5072942814008612;;;;;;;;;;;;;;;;;;;;;;;;;
4;PLS-DA;906;B1_EMB48_NIRRIG_REPROD00002.asd;B1;EMB48;NIRRIG;D06M;manha;D06;NIRRIG;NIRRIG;0.5103591283665889;True;;;;;;;;;;;;;;;;;;;-1.5020123080485503;;;;;;;;;;;;;;;;;;;;;;;;;;;;;;;;;;;;;;1.1642619918862833;1.0238534816312235;-1.4651413477391297;-1.5026490493139832;;;;;;;;;;;;;;;;;;;;;;;;;
4;PLS-DA;907;B1_EMB48_NIRRIG_REPROD00003.asd;B1;EMB48;NIRRIG;D06M;manha;D06;NIRRIG;NIRRIG;0.5185205349850012;True;;;;;;;;;;;;;;;;;;;-1.5032952140393445;;;;;;;;;;;;;;;;;;;;;;;;;;;;;;;;;;;;;;1.1597298668172096;1.020117886827899;-1.4658060317799309;-1.5048372985059335;;;;;;;;;;;;;;;;;;;;;;;;;
4;PLS-DA;908;B1_EMB48_NIRRIG_REPROD00004.asd;B1;EMB48;NIRRIG;D06M;manha;D06;NIRRIG;NIRRIG;0.5278702479650312;True;;;;;;;;;;;;;;;;;;;-1.4744297399804525;;;;;;;;;;;;;;;;;;;;;;;;;;;;;;;;;;;;;;1.1629798434815364;1.0222815267719194;-1.4345994299818778;-1.4739545158914527;;;;;;;;;;;;;;;;;;;;;;;;;
4;PLS-DA;909;B1_EMB48_NIRRIG_REPROD00005.asd;B1;EMB48;NIRRIG;D06M;manha;D06;NIRRIG;NIRRIG;0.530814805175829;True;;;;;;;;;;;;;;;;;;;-1.4724565194262944;;;;;;;;;;;;;;;;;;;;;;;;;;;;;;;;;;;;;;1.161815042731805;1.02173941869903;-1.4320752005911834;-1.4719212085333488;;;;;;;;;;;;;;;;;;;;;;;;;
4;PLS-DA;910;B1_EMB48_NIRRIG_REPROD00006.asd;B1;EMB48;NIRRIG;D06M;manha;D06;NIRRIG;NIRRIG;0.532111120864967;True;;;;;;;;;;;;;;;;;;;-1.4713116629312686;;;;;;;;;;;;;;;;;;;;;;;;;;;;;;;;;;;;;;1.1613902958032862;1.0216080702622028;-1.4303802673529413;-1.4707033912675653;;;;;;;;;;;;;;;;;;;;;;;;;
4;PLS-DA;911;B1_EMB48_NIRRIG_REPROD00007.asd;B1;EMB48;NIRRIG;D06M;manha;D06;NIRRIG;NIRRIG;0.5322949066668953;True;;;;;;;;;;;;;;;;;;;-1.4713217661414795;;;;;;;;;;;;;;;;;;;;;;;;;;;;;;;;;;;;;;1.161057041272742;1.021766462657014;-1.430212890234318;-1.471214684837499;;;;;;;;;;;;;;;;;;;;;;;;;
4;RandomForest;896;B1_EMB48_IRRIG_REPROD00000.asd;B1;EMB48;IRRIG;D06M;manha;D06;IRRIG;IRRIG;0.0;True;;;;;;;;;;;;;;;;;;;-1.6133740325909491;;;;;;;;;;;;;;;;;;;;;;;;;;;;;;;;;;;;;;1.2609224205563825;1.0725622613113848;-1.588913415333861;-1.6092351608826456;;;;;;;;;;;;;;;;;;;;;;;;;
4;RandomForest;897;B1_EMB48_IRRIG_REPROD00001.asd;B1;EMB48;IRRIG;D06M;manha;D06;IRRIG;IRRIG;0.0;True;;;;;;;;;;;;;;;;;;;-1.6130009597372514;;;;;;;;;;;;;;;;;;;;;;;;;;;;;;;;;;;;;;1.2573960160179227;1.0689821963781285;-1.5882677684873572;-1.6094665514706863;;;;;;;;;;;;;;;;;;;;;;;;;
4;RandomForest;898;B1_EMB48_IRRIG_REPROD00002.asd;B1;EMB48;IRRIG;D06M;manha;D06;IRRIG;IRRIG;0.0;True;;;;;;;;;;;;;;;;;;;-1.6118455313825637;;;;;;;;;;;;;;;;;;;;;;;;;;;;;;;;;;;;;;1.2563374616874745;1.0685814665149775;-1.587161272747892;-1.6072383577028742;;;;;;;;;;;;;;;;;;;;;;;;;
4;RandomForest;899;B1_EMB48_IRRIG_REPROD00003.asd;B1;EMB48;IRRIG;D06M;manha;D06;IRRIG;IRRIG;0.0;True;;;;;;;;;;;;;;;;;;;-1.6118004158868617;;;;;;;;;;;;;;;;;;;;;;;;;;;;;;;;;;;;;;1.257033821567789;1.0688926293667302;-1.5859647126183065;-1.6072189077394838;;;;;;;;;;;;;;;;;;;;;;;;;
4;RandomForest;900;B1_EMB48_IRRIG_REPROD00004.asd;B1;EMB48;IRRIG;D06M;manha;D06;IRRIG;IRRIG;0.0;True;;;;;;;;;;;;;;;;;;;-1.6200843611791638;;;;;;;;;;;;;;;;;;;;;;;;;;;;;;;;;;;;;;1.2507528215046935;1.0647977861190783;-1.5941036979194685;-1.6121194034073714;;;;;;;;;;;;;;;;;;;;;;;;;
4;RandomForest;901;B1_EMB48_IRRIG_REPROD00005.asd;B1;EMB48;IRRIG;D06M;manha;D06;IRRIG;IRRIG;0.0;True;;;;;;;;;;;;;;;;;;;-1.6201418837857784;;;;;;;;;;;;;;;;;;;;;;;;;;;;;;;;;;;;;;1.2499012528405604;1.0643724936790202;-1.5941000218025685;-1.6121341456521954;;;;;;;;;;;;;;;;;;;;;;;;;
4;RandomForest;902;B1_EMB48_IRRIG_REPROD00006.asd;B1;EMB48;IRRIG;D06M;manha;D06;IRRIG;IRRIG;0.0;True;;;;;;;;;;;;;;;;;;;-1.6216051691811655;;;;;;;;;;;;;;;;;;;;;;;;;;;;;;;;;;;;;;1.2523138687728652;1.06732709524607;-1.5957537617815245;-1.6139697414582734;;;;;;;;;;;;;;;;;;;;;;;;;
4;RandomForest;903;B1_EMB48_IRRIG_REPROD00007.asd;B1;EMB48;IRRIG;D06M;manha;D06;IRRIG;IRRIG;0.0;True;;;;;;;;;;;;;;;;;;;-1.623839005393756;;;;;;;;;;;;;;;;;;;;;;;;;;;;;;;;;;;;;;1.2504984697547852;1.0657154801562518;-1.5972608662897756;-1.6158346465088904;;;;;;;;;;;;;;;;;;;;;;;;;
4;RandomForest;904;B1_EMB48_NIRRIG_REPROD00000.asd;B1;EMB48;NIRRIG;D06M;manha;D06;NIRRIG;IRRIG;0.242;False;;;;;;;;;;;;;;;;;;;-1.5041372166999045;;;;;;;;;;;;;;;;;;;;;;;;;;;;;;;;;;;;;;1.1794647883557186;1.037914465579707;-1.4702246970010975;-1.503575135413333;;;;;;;;;;;;;;;;;;;;;;;;;
4;RandomForest;905;B1_EMB48_NIRRIG_REPROD00001.asd;B1;EMB48;NIRRIG;D06M;manha;D06;NIRRIG;IRRIG;0.242;False;;;;;;;;;;;;;;;;;;;-1.5085758051927856;;;;;;;;;;;;;;;;;;;;;;;;;;;;;;;;;;;;;;1.175080222437605;1.033301014109802;-1.4748462874487165;-1.5072942814008612;;;;;;;;;;;;;;;;;;;;;;;;;
4;RandomForest;906;B1_EMB48_NIRRIG_REPROD00002.asd;B1;EMB48;NIRRIG;D06M;manha;D06;NIRRIG;IRRIG;0.29;False;;;;;;;;;;;;;;;;;;;-1.5020123080485503;;;;;;;;;;;;;;;;;;;;;;;;;;;;;;;;;;;;;;1.1642619918862833;1.0238534816312235;-1.4651413477391297;-1.5026490493139832;;;;;;;;;;;;;;;;;;;;;;;;;
4;RandomForest;907;B1_EMB48_NIRRIG_REPROD00003.asd;B1;EMB48;NIRRIG;D06M;manha;D06;NIRRIG;IRRIG;0.284;False;;;;;;;;;;;;;;;;;;;-1.5032952140393445;;;;;;;;;;;;;;;;;;;;;;;;;;;;;;;;;;;;;;1.1597298668172096;1.020117886827899;-1.4658060317799309;-1.5048372985059335;;;;;;;;;;;;;;;;;;;;;;;;;
4;RandomForest;908;B1_EMB48_NIRRIG_REPROD00004.asd;B1;EMB48;NIRRIG;D06M;manha;D06;NIRRIG;NIRRIG;0.998;True;;;;;;;;;;;;;;;;;;;-1.4744297399804525;;;;;;;;;;;;;;;;;;;;;;;;;;;;;;;;;;;;;;1.1629798434815364;1.0222815267719194;-1.4345994299818778;-1.4739545158914527;;;;;;;;;;;;;;;;;;;;;;;;;
4;RandomForest;909;B1_EMB48_NIRRIG_REPROD00005.asd;B1;EMB48;NIRRIG;D06M;manha;D06;NIRRIG;NIRRIG;0.998;True;;;;;;;;;;;;;;;;;;;-1.4724565194262944;;;;;;;;;;;;;;;;;;;;;;;;;;;;;;;;;;;;;;1.161815042731805;1.02173941869903;-1.4320752005911834;-1.4719212085333488;;;;;;;;;;;;;;;;;;;;;;;;;
4;RandomForest;910;B1_EMB48_NIRRIG_REPROD00006.asd;B1;EMB48;NIRRIG;D06M;manha;D06;NIRRIG;NIRRIG;0.998;True;;;;;;;;;;;;;;;;;;;-1.4713116629312686;;;;;;;;;;;;;;;;;;;;;;;;;;;;;;;;;;;;;;1.1613902958032862;1.0216080702622028;-1.4303802673529413;-1.4707033912675653;;;;;;;;;;;;;;;;;;;;;;;;;
4;RandomForest;911;B1_EMB48_NIRRIG_REPROD00007.asd;B1;EMB48;NIRRIG;D06M;manha;D06;NIRRIG;NIRRIG;0.998;True;;;;;;;;;;;;;;;;;;;-1.4713217661414795;;;;;;;;;;;;;;;;;;;;;;;;;;;;;;;;;;;;;;1.161057041272742;1.021766462657014;-1.430212890234318;-1.471214684837499;;;;;;;;;;;;;;;;;;;;;;;;;
1;PLS-DA;1008;B4_BR16_IRR_REP_RECUP00000.asd;B4;BR16;IRRIG;D09M;manha;D09;IRRIG;IRRIG;0.3789397034117286;True;;;;;;;;;;;;;;;;;;;;;;;;;;;;;;;;;-1.4629105174815498;;;;;;;;;;;;;;;;;;;;;;;;;;;-1.55024834297064;-1.5409858939793473;-1.555755335837042;-1.5085990855604712;;;;;;;;;;;;;;;;;;;;;;
1;PLS-DA;1009;B4_BR16_IRR_REP_RECUP00001.asd;B4;BR16;IRRIG;D09M;manha;D09;IRRIG;IRRIG;0.3754295172447461;True;;;;;;;;;;;;;;;;;;;;;;;;;;;;;;;;;-1.4659786354339348;;;;;;;;;;;;;;;;;;;;;;;;;;;-1.5535883816802967;-1.5446675911260124;-1.558467192145634;-1.5119181194189413;;;;;;;;;;;;;;;;;;;;;;
1;PLS-DA;1010;B4_BR16_IRR_REP_RECUP00002.asd;B4;BR16;IRRIG;D09M;manha;D09;IRRIG;IRRIG;0.3743603325712604;True;;;;;;;;;;;;;;;;;;;;;;;;;;;;;;;;;-1.4680836765808931;;;;;;;;;;;;;;;;;;;;;;;;;;;-1.5558174174195518;-1.5463574122064534;-1.5617948037450862;-1.514472328828854;;;;;;;;;;;;;;;;;;;;;;
1;PLS-DA;1011;B4_BR16_IRR_REP_RECUP00003.asd;B4;BR16;IRRIG;D09M;manha;D09;IRRIG;IRRIG;0.3690358858524627;True;;;;;;;;;;;;;;;;;;;;;;;;;;;;;;;;;-1.472876062788965;;;;;;;;;;;;;;;;;;;;;;;;;;;-1.5608994955745716;-1.5519557706911344;-1.5664048305206484;-1.5195602715821426;;;;;;;;;;;;;;;;;;;;;;
1;PLS-DA;1012;B4_BR16_IRR_REP_RECUP00004.asd;B4;BR16;IRRIG;D09M;manha;D09;IRRIG;IRRIG;0.3817302317642268;True;;;;;;;;;;;;;;;;;;;;;;;;;;;;;;;;;-1.4382478788666406;;;;;;;;;;;;;;;;;;;;;;;;;;;-1.5178562553166857;-1.5069138371191382;-1.519818458603006;-1.4779256127084;;;;;;;;;;;;;;;;;;;;;;
1;PLS-DA;1013;B4_BR16_IRR_REP_RECUP00005.asd;B4;BR16;IRRIG;D09M;manha;D09;IRRIG;IRRIG;0.3805473567223898;True;;;;;;;;;;;;;;;;;;;;;;;;;;;;;;;;;-1.4415048232004584;;;;;;;;;;;;;;;;;;;;;;;;;;;-1.5219318516723885;-1.5113250271818064;-1.5247458527338134;-1.482033301330895;;;;;;;;;;;;;;;;;;;;;;
1;PLS-DA;1014;B4_BR16_IRR_REP_RECUP00006.asd;B4;BR16;IRRIG;D09M;manha;D09;IRRIG;IRRIG;0.37794514852404054;True;;;;;;;;;;;;;;;;;;;;;;;;;;;;;;;;;-1.4465292996158092;;;;;;;;;;;;;;;;;;;;;;;;;;;-1.5285726937755606;-1.517722669984863;-1.5307033728213122;-1.4888808592957261;;;;;;;;;;;;;;;;;;;;;;
1;PLS-DA;1015;B4_BR16_IRR_REP_RECUP00007.asd;B4;BR16;IRRIG;D09M;manha;D09;IRRIG;IRRIG;0.37066202334669157;True;;;;;;;;;;;;;;;;;;;;;;;;;;;;;;;;;-1.4540944065419765;;;;;;;;;;;;;;;;;;;;;;;;;;;-1.5358441871356847;-1.5256260088076892;-1.539288906681286;-1.4959171941618832;;;;;;;;;;;;;;;;;;;;;;
1;PLS-DA;1016;B4_BR16_NIRR_REP_RECUP00000.asd;B4;BR16;NIRRIG;D09M;manha;D09;NIRRIG;NIRRIG;0.5646567089589577;True;;;;;;;;;;;;;;;;;;;;;;;;;;;;;;;;;-1.3423866070460042;;;;;;;;;;;;;;;;;;;;;;;;;;;-1.4408613387279574;-1.424147565878418;-1.4413891487989858;-1.3890409484806732;;;;;;;;;;;;;;;;;;;;;;
1;PLS-DA;1017;B4_BR16_NIRR_REP_RECUP00001.asd;B4;BR16;NIRRIG;D09M;manha;D09;NIRRIG;NIRRIG;0.5697975121625494;True;;;;;;;;;;;;;;;;;;;;;;;;;;;;;;;;;-1.343063585178182;;;;;;;;;;;;;;;;;;;;;;;;;;;-1.442689254342559;-1.425240896151716;-1.44339104919496;-1.389970639753407;;;;;;;;;;;;;;;;;;;;;;
1;PLS-DA;1018;B4_BR16_NIRR_REP_RECUP00002.asd;B4;BR16;NIRRIG;D09M;manha;D09;NIRRIG;NIRRIG;0.574589782619053;True;;;;;;;;;;;;;;;;;;;;;;;;;;;;;;;;;-1.3414750312063315;;;;;;;;;;;;;;;;;;;;;;;;;;;-1.442390148855751;-1.425356998520835;-1.443462711712579;-1.3895969606669316;;;;;;;;;;;;;;;;;;;;;;
1;PLS-DA;1019;B4_BR16_NIRR_REP_RECUP00003.asd;B4;BR16;NIRRIG;D09M;manha;D09;NIRRIG;NIRRIG;0.5857455967346786;True;;;;;;;;;;;;;;;;;;;;;;;;;;;;;;;;;-1.3388275841788222;;;;;;;;;;;;;;;;;;;;;;;;;;;-1.4414853644627892;-1.422961874827914;-1.441344061757522;-1.3871043555744458;;;;;;;;;;;;;;;;;;;;;;
1;PLS-DA;1020;B4_BR16_NIRR_REP_RECUP00004.asd;B4;BR16;NIRRIG;D09M;manha;D09;NIRRIG;NIRRIG;0.58081708585166;True;;;;;;;;;;;;;;;;;;;;;;;;;;;;;;;;;-1.3345172986581446;;;;;;;;;;;;;;;;;;;;;;;;;;;-1.4355786963594421;-1.4193200443122027;-1.4372604688176784;-1.3833485344354641;;;;;;;;;;;;;;;;;;;;;;
1;PLS-DA;1021;B4_BR16_NIRR_REP_RECUP00005.asd;B4;BR16;NIRRIG;D09M;manha;D09;NIRRIG;NIRRIG;0.5945451198784071;True;;;;;;;;;;;;;;;;;;;;;;;;;;;;;;;;;-1.331419269923091;;;;;;;;;;;;;;;;;;;;;;;;;;;-1.4348176171183484;-1.4171016281915292;-1.4355657835587115;-1.3807777478528458;;;;;;;;;;;;;;;;;;;;;;
1;PLS-DA;1022;B4_BR16_NIRR_REP_RECUP00006.asd;B4;BR16;NIRRIG;D09M;manha;D09;NIRRIG;NIRRIG;0.6058948538391948;True;;;;;;;;;;;;;;;;;;;;;;;;;;;;;;;;;-1.3291951950076706;;;;;;;;;;;;;;;;;;;;;;;;;;;-1.434669716205626;-1.4163516553666602;-1.435073048477505;-1.3789914754205408;;;;;;;;;;;;;;;;;;;;;;
1;PLS-DA;1023;B4_BR16_NIRR_REP_RECUP00007.asd;B4;BR16;NIRRIG;D09M;manha;D09;NIRRIG;NIRRIG;0.613826844424333;True;;;;;;;;;;;;;;;;;;;;;;;;;;;;;;;;;-1.3267173818778055;;;;;;;;;;;;;;;;;;;;;;;;;;;-1.4336832756636873;-1.4149528650711767;-1.434563155581479;-1.3775540897365857;;;;;;;;;;;;;;;;;;;;;;
1;RandomForest;1008;B4_BR16_IRR_REP_RECUP00000.asd;B4;BR16;IRRIG;D09M;manha;D09;IRRIG;IRRIG;0.0;True;;;;;;;;;;;;;;;;;;;;;;;;;;;;;;;;;-1.4629105174815498;;;;;;;;;;;;;;;;;;;;;;;;;;;-1.55024834297064;-1.5409858939793473;-1.555755335837042;-1.5085990855604712;;;;;;;;;;;;;;;;;;;;;;
1;RandomForest;1009;B4_BR16_IRR_REP_RECUP00001.asd;B4;BR16;IRRIG;D09M;manha;D09;IRRIG;IRRIG;0.0;True;;;;;;;;;;;;;;;;;;;;;;;;;;;;;;;;;-1.4659786354339348;;;;;;;;;;;;;;;;;;;;;;;;;;;-1.5535883816802967;-1.5446675911260124;-1.558467192145634;-1.5119181194189413;;;;;;;;;;;;;;;;;;;;;;
1;RandomForest;1010;B4_BR16_IRR_REP_RECUP00002.asd;B4;BR16;IRRIG;D09M;manha;D09;IRRIG;IRRIG;0.0;True;;;;;;;;;;;;;;;;;;;;;;;;;;;;;;;;;-1.4680836765808931;;;;;;;;;;;;;;;;;;;;;;;;;;;-1.5558174174195518;-1.5463574122064534;-1.5617948037450862;-1.514472328828854;;;;;;;;;;;;;;;;;;;;;;
1;RandomForest;1011;B4_BR16_IRR_REP_RECUP00003.asd;B4;BR16;IRRIG;D09M;manha;D09;IRRIG;IRRIG;0.0;True;;;;;;;;;;;;;;;;;;;;;;;;;;;;;;;;;-1.472876062788965;;;;;;;;;;;;;;;;;;;;;;;;;;;-1.5608994955745716;-1.5519557706911344;-1.5664048305206484;-1.5195602715821426;;;;;;;;;;;;;;;;;;;;;;
1;RandomForest;1012;B4_BR16_IRR_REP_RECUP00004.asd;B4;BR16;IRRIG;D09M;manha;D09;IRRIG;IRRIG;0.0;True;;;;;;;;;;;;;;;;;;;;;;;;;;;;;;;;;-1.4382478788666406;;;;;;;;;;;;;;;;;;;;;;;;;;;-1.5178562553166857;-1.5069138371191382;-1.519818458603006;-1.4779256127084;;;;;;;;;;;;;;;;;;;;;;
1;RandomForest;1013;B4_BR16_IRR_REP_RECUP00005.asd;B4;BR16;IRRIG;D09M;manha;D09;IRRIG;IRRIG;0.0;True;;;;;;;;;;;;;;;;;;;;;;;;;;;;;;;;;-1.4415048232004584;;;;;;;;;;;;;;;;;;;;;;;;;;;-1.5219318516723885;-1.5113250271818064;-1.5247458527338134;-1.482033301330895;;;;;;;;;;;;;;;;;;;;;;
1;RandomForest;1014;B4_BR16_IRR_REP_RECUP00006.asd;B4;BR16;IRRIG;D09M;manha;D09;IRRIG;IRRIG;0.0;True;;;;;;;;;;;;;;;;;;;;;;;;;;;;;;;;;-1.4465292996158092;;;;;;;;;;;;;;;;;;;;;;;;;;;-1.5285726937755606;-1.517722669984863;-1.5307033728213122;-1.4888808592957261;;;;;;;;;;;;;;;;;;;;;;
1;RandomForest;1015;B4_BR16_IRR_REP_RECUP00007.asd;B4;BR16;IRRIG;D09M;manha;D09;IRRIG;IRRIG;0.0;True;;;;;;;;;;;;;;;;;;;;;;;;;;;;;;;;;-1.4540944065419765;;;;;;;;;;;;;;;;;;;;;;;;;;;-1.5358441871356847;-1.5256260088076892;-1.539288906681286;-1.4959171941618832;;;;;;;;;;;;;;;;;;;;;;
1;RandomForest;1016;B4_BR16_NIRR_REP_RECUP00000.asd;B4;BR16;NIRRIG;D09M;manha;D09;NIRRIG;NIRRIG;0.982;True;;;;;;;;;;;;;;;;;;;;;;;;;;;;;;;;;-1.3423866070460042;;;;;;;;;;;;;;;;;;;;;;;;;;;-1.4408613387279574;-1.424147565878418;-1.4413891487989858;-1.3890409484806732;;;;;;;;;;;;;;;;;;;;;;
1;RandomForest;1017;B4_BR16_NIRR_REP_RECUP00001.asd;B4;BR16;NIRRIG;D09M;manha;D09;NIRRIG;NIRRIG;0.988;True;;;;;;;;;;;;;;;;;;;;;;;;;;;;;;;;;-1.343063585178182;;;;;;;;;;;;;;;;;;;;;;;;;;;-1.442689254342559;-1.425240896151716;-1.44339104919496;-1.389970639753407;;;;;;;;;;;;;;;;;;;;;;
1;RandomForest;1018;B4_BR16_NIRR_REP_RECUP00002.asd;B4;BR16;NIRRIG;D09M;manha;D09;NIRRIG;NIRRIG;0.992;True;;;;;;;;;;;;;;;;;;;;;;;;;;;;;;;;;-1.3414750312063315;;;;;;;;;;;;;;;;;;;;;;;;;;;-1.442390148855751;-1.425356998520835;-1.443462711712579;-1.3895969606669316;;;;;;;;;;;;;;;;;;;;;;
1;RandomForest;1019;B4_BR16_NIRR_REP_RECUP00003.asd;B4;BR16;NIRRIG;D09M;manha;D09;NIRRIG;NIRRIG;0.992;True;;;;;;;;;;;;;;;;;;;;;;;;;;;;;;;;;-1.3388275841788222;;;;;;;;;;;;;;;;;;;;;;;;;;;-1.4414853644627892;-1.422961874827914;-1.441344061757522;-1.3871043555744458;;;;;;;;;;;;;;;;;;;;;;
1;RandomForest;1020;B4_BR16_NIRR_REP_RECUP00004.asd;B4;BR16;NIRRIG;D09M;manha;D09;NIRRIG;NIRRIG;0.996;True;;;;;;;;;;;;;;;;;;;;;;;;;;;;;;;;;-1.3345172986581446;;;;;;;;;;;;;;;;;;;;;;;;;;;-1.4355786963594421;-1.4193200443122027;-1.4372604688176784;-1.3833485344354641;;;;;;;;;;;;;;;;;;;;;;
1;RandomForest;1021;B4_BR16_NIRR_REP_RECUP00005.asd;B4;BR16;NIRRIG;D09M;manha;D09;NIRRIG;NIRRIG;0.978;True;;;;;;;;;;;;;;;;;;;;;;;;;;;;;;;;;-1.331419269923091;;;;;;;;;;;;;;;;;;;;;;;;;;;-1.4348176171183484;-1.4171016281915292;-1.4355657835587115;-1.3807777478528458;;;;;;;;;;;;;;;;;;;;;;
1;RandomForest;1022;B4_BR16_NIRR_REP_RECUP00006.asd;B4;BR16;NIRRIG;D09M;manha;D09;NIRRIG;NIRRIG;0.974;True;;;;;;;;;;;;;;;;;;;;;;;;;;;;;;;;;-1.3291951950076706;;;;;;;;;;;;;;;;;;;;;;;;;;;-1.434669716205626;-1.4163516553666602;-1.435073048477505;-1.3789914754205408;;;;;;;;;;;;;;;;;;;;;;
1;RandomForest;1023;B4_BR16_NIRR_REP_RECUP00007.asd;B4;BR16;NIRRIG;D09M;manha;D09;NIRRIG;NIRRIG;0.982;True;;;;;;;;;;;;;;;;;;;;;;;;;;;;;;;;;-1.3267173818778055;;;;;;;;;;;;;;;;;;;;;;;;;;;-1.4336832756636873;-1.4149528650711767;-1.434563155581479;-1.3775540897365857;;;;;;;;;;;;;;;;;;;;;;
2;PLS-DA;992;B3_BR16_IRR_REP_RECUP00000.asd;B3;BR16;IRRIG;D09M;manha;D09;IRRIG;IRRIG;0.34006207939244776;True;;;;;;;;;;;;;;;;;;;;;;;;;;;;;;;;;-1.4456554571648617;;;;;;;;;;;;;;;;;;;;;;;;;;;-1.5212238014114072;-1.5165374885339946;-1.52850616512191;-1.4884837851612913;;;;;;;;;;;;;;;;;;;;;;
2;PLS-DA;993;B3_BR16_IRR_REP_RECUP00001.asd;B3;BR16;IRRIG;D09M;manha;D09;IRRIG;IRRIG;0.3374721378594663;True;;;;;;;;;;;;;;;;;;;;;;;;;;;;;;;;;-1.4488607361987673;;;;;;;;;;;;;;;;;;;;;;;;;;;-1.52387201846931;-1.519433117054099;-1.5312894779848254;-1.4904543123178413;;;;;;;;;;;;;;;;;;;;;;
2;PLS-DA;994;B3_BR16_IRR_REP_RECUP00002.asd;B3;BR16;IRRIG;D09M;manha;D09;IRRIG;IRRIG;0.33592217104571787;True;;;;;;;;;;;;;;;;;;;;;;;;;;;;;;;;;-1.4528508503900126;;;;;;;;;;;;;;;;;;;;;;;;;;;-1.5284021415945206;-1.5233629022231687;-1.535742793825823;-1.4950368949227044;;;;;;;;;;;;;;;;;;;;;;
2;PLS-DA;995;B3_BR16_IRR_REP_RECUP00003.asd;B3;BR16;IRRIG;D09M;manha;D09;IRRIG;IRRIG;0.3434256098951394;True;;;;;;;;;;;;;;;;;;;;;;;;;;;;;;;;;-1.449407697420708;;;;;;;;;;;;;;;;;;;;;;;;;;;-1.5257171116327106;-1.5204830638067643;-1.5324543001089923;-1.4910448282851971;;;;;;;;;;;;;;;;;;;;;;
2;PLS-DA;996;B3_BR16_IRR_REP_RECUP00004.asd;B3;BR16;IRRIG;D09M;manha;D09;IRRIG;IRRIG;0.4476273694977051;True;;;;;;;;;;;;;;;;;;;;;;;;;;;;;;;;;-1.4034002419909264;;;;;;;;;;;;;;;;;;;;;;;;;;;-1.4935797242554547;-1.4865452980281932;-1.5009027281960818;-1.4523543897185567;;;;;;;;;;;;;;;;;;;;;;
2;PLS-DA;997;B3_BR16_IRR_REP_RECUP00005.asd;B3;BR16;IRRIG;D09M;manha;D09;IRRIG;IRRIG;0.4497361862777288;True;;;;;;;;;;;;;;;;;;;;;;;;;;;;;;;;;-1.4047696699899699;;;;;;;;;;;;;;;;;;;;;;;;;;;-1.4958806384556742;-1.4893514599303639;-1.5043306345794953;-1.4551921637688017;;;;;;;;;;;;;;;;;;;;;;
2;PLS-DA;998;B3_BR16_IRR_REP_RECUP00006.asd;B3;BR16;IRRIG;D09M;manha;D09;IRRIG;IRRIG;0.4473656499132312;True;;;;;;;;;;;;;;;;;;;;;;;;;;;;;;;;;-1.410721956083284;;;;;;;;;;;;;;;;;;;;;;;;;;;-1.5019461962117202;-1.494855707120588;-1.5100789941712145;-1.4601998087432573;;;;;;;;;;;;;;;;;;;;;;
2;PLS-DA;999;B3_BR16_IRR_REP_RECUP00007.asd;B3;BR16;IRRIG;D09M;manha;D09;IRRIG;IRRIG;0.46061316404517627;True;;;;;;;;;;;;;;;;;;;;;;;;;;;;;;;;;-1.4033696808265557;;;;;;;;;;;;;;;;;;;;;;;;;;;-1.4962486866715705;-1.4902668500797425;-1.504408243834758;-1.453909167554135;;;;;;;;;;;;;;;;;;;;;;
2;PLS-DA;1000;B3_BR16_NIRR_REP_RECUP00000.asd;B3;BR16;NIRRIG;D09M;manha;D09;NIRRIG;NIRRIG;0.5306334384807021;True;;;;;;;;;;;;;;;;;;;;;;;;;;;;;;;;;-1.336515675644077;;;;;;;;;;;;;;;;;;;;;;;;;;;-1.4288962628242914;-1.412724939336202;-1.4298507412780086;-1.3803310165170102;;;;;;;;;;;;;;;;;;;;;;
2;PLS-DA;1001;B3_BR16_NIRR_REP_RECUP00001.asd;B3;BR16;NIRRIG;D09M;manha;D09;NIRRIG;NIRRIG;0.5308911383871998;True;;;;;;;;;;;;;;;;;;;;;;;;;;;;;;;;;-1.3411995369071075;;;;;;;;;;;;;;;;;;;;;;;;;;;-1.4349848963046001;-1.4191392066003545;-1.4353807058048824;-1.3860655550375804;;;;;;;;;;;;;;;;;;;;;;
2;PLS-DA;1002;B3_BR16_NIRR_REP_RECUP00002.asd;B3;BR16;NIRRIG;D09M;manha;D09;NIRRIG;NIRRIG;0.5411722134766688;True;;;;;;;;;;;;;;;;;;;;;;;;;;;;;;;;;-1.339332856946942;;;;;;;;;;;;;;;;;;;;;;;;;;;-1.4346673702984296;-1.4183198760562659;-1.4353702565676443;-1.384834228061052;;;;;;;;;;;;;;;;;;;;;;
2;PLS-DA;1003;B3_BR16_NIRR_REP_RECUP00003.asd;B3;BR16;NIRRIG;D09M;manha;D09;NIRRIG;NIRRIG;0.5517539451185199;True;;;;;;;;;;;;;;;;;;;;;;;;;;;;;;;;;-1.3357671207644237;;;;;;;;;;;;;;;;;;;;;;;;;;;-1.4327170255536255;-1.4165987838250074;-1.4332897795420962;-1.382050298848334;;;;;;;;;;;;;;;;;;;;;;
2;PLS-DA;1004;B3_BR16_NIRR_REP_RECUP00004.asd;B3;BR16;NIRRIG;D09M;manha;D09;NIRRIG;IRRIG;0.490108089219969;False;;;;;;;;;;;;;;;;;;;;;;;;;;;;;;;;;-1.3616598856985602;;;;;;;;;;;;;;;;;;;;;;;;;;;-1.4514717362390643;-1.4375603051115209;-1.4528178270618142;-1.4058555438894362;;;;;;;;;;;;;;;;;;;;;;
2;PLS-DA;1005;B3_BR16_NIRR_REP_RECUP00005.asd;B3;BR16;NIRRIG;D09M;manha;D09;NIRRIG;IRRIG;0.495675626605442;False;;;;;;;;;;;;;;;;;;;;;;;;;;;;;;;;;-1.3618939214895251;;;;;;;;;;;;;;;;;;;;;;;;;;;-1.45263566188125;-1.4380522019271902;-1.4537805094762035;-1.4060823639455438;;;;;;;;;;;;;;;;;;;;;;
2;PLS-DA;1006;B3_BR16_NIRR_REP_RECUP00006.asd;B3;BR16;NIRRIG;D09M;manha;D09;NIRRIG;NIRRIG;0.5013543265642446;True;;;;;;;;;;;;;;;;;;;;;;;;;;;;;;;;;-1.3615507472745936;;;;;;;;;;;;;;;;;;;;;;;;;;;-1.4533363116667264;-1.438379374322722;-1.4542327106039081;-1.4060429956961575;;;;;;;;;;;;;;;;;;;;;;
2;PLS-DA;1007;B3_BR16_NIRR_REP_RECUP00007.asd;B3;BR16;NIRRIG;D09M;manha;D09;NIRRIG;NIRRIG;0.5063390878267461;True;;;;;;;;;;;;;;;;;;;;;;;;;;;;;;;;;-1.3624265590295412;;;;;;;;;;;;;;;;;;;;;;;;;;;-1.4553815342391627;-1.4397292116859366;-1.4564213241250636;-1.407675316727645;;;;;;;;;;;;;;;;;;;;;;
2;RandomForest;992;B3_BR16_IRR_REP_RECUP00000.asd;B3;BR16;IRRIG;D09M;manha;D09;IRRIG;IRRIG;0.0;True;;;;;;;;;;;;;;;;;;;;;;;;;;;;;;;;;-1.4456554571648617;;;;;;;;;;;;;;;;;;;;;;;;;;;-1.5212238014114072;-1.5165374885339946;-1.52850616512191;-1.4884837851612913;;;;;;;;;;;;;;;;;;;;;;
2;RandomForest;993;B3_BR16_IRR_REP_RECUP00001.asd;B3;BR16;IRRIG;D09M;manha;D09;IRRIG;IRRIG;0.0;True;;;;;;;;;;;;;;;;;;;;;;;;;;;;;;;;;-1.4488607361987673;;;;;;;;;;;;;;;;;;;;;;;;;;;-1.52387201846931;-1.519433117054099;-1.5312894779848254;-1.4904543123178413;;;;;;;;;;;;;;;;;;;;;;
2;RandomForest;994;B3_BR16_IRR_REP_RECUP00002.asd;B3;BR16;IRRIG;D09M;manha;D09;IRRIG;IRRIG;0.0;True;;;;;;;;;;;;;;;;;;;;;;;;;;;;;;;;;-1.4528508503900126;;;;;;;;;;;;;;;;;;;;;;;;;;;-1.5284021415945206;-1.5233629022231687;-1.535742793825823;-1.4950368949227044;;;;;;;;;;;;;;;;;;;;;;
2;RandomForest;995;B3_BR16_IRR_REP_RECUP00003.asd;B3;BR16;IRRIG;D09M;manha;D09;IRRIG;IRRIG;0.0;True;;;;;;;;;;;;;;;;;;;;;;;;;;;;;;;;;-1.449407697420708;;;;;;;;;;;;;;;;;;;;;;;;;;;-1.5257171116327106;-1.5204830638067643;-1.5324543001089923;-1.4910448282851971;;;;;;;;;;;;;;;;;;;;;;
2;RandomForest;996;B3_BR16_IRR_REP_RECUP00004.asd;B3;BR16;IRRIG;D09M;manha;D09;IRRIG;IRRIG;0.002;True;;;;;;;;;;;;;;;;;;;;;;;;;;;;;;;;;-1.4034002419909264;;;;;;;;;;;;;;;;;;;;;;;;;;;-1.4935797242554547;-1.4865452980281932;-1.5009027281960818;-1.4523543897185567;;;;;;;;;;;;;;;;;;;;;;
2;RandomForest;997;B3_BR16_IRR_REP_RECUP00005.asd;B3;BR16;IRRIG;D09M;manha;D09;IRRIG;IRRIG;0.002;True;;;;;;;;;;;;;;;;;;;;;;;;;;;;;;;;;-1.4047696699899699;;;;;;;;;;;;;;;;;;;;;;;;;;;-1.4958806384556742;-1.4893514599303639;-1.5043306345794953;-1.4551921637688017;;;;;;;;;;;;;;;;;;;;;;
2;RandomForest;998;B3_BR16_IRR_REP_RECUP00006.asd;B3;BR16;IRRIG;D09M;manha;D09;IRRIG;IRRIG;0.0;True;;;;;;;;;;;;;;;;;;;;;;;;;;;;;;;;;-1.410721956083284;;;;;;;;;;;;;;;;;;;;;;;;;;;-1.5019461962117202;-1.494855707120588;-1.5100789941712145;-1.4601998087432573;;;;;;;;;;;;;;;;;;;;;;
2;RandomForest;999;B3_BR16_IRR_REP_RECUP00007.asd;B3;BR16;IRRIG;D09M;manha;D09;IRRIG;IRRIG;0.002;True;;;;;;;;;;;;;;;;;;;;;;;;;;;;;;;;;-1.4033696808265557;;;;;;;;;;;;;;;;;;;;;;;;;;;-1.4962486866715705;-1.4902668500797425;-1.504408243834758;-1.453909167554135;;;;;;;;;;;;;;;;;;;;;;
2;RandomForest;1000;B3_BR16_NIRR_REP_RECUP00000.asd;B3;BR16;NIRRIG;D09M;manha;D09;NIRRIG;NIRRIG;0.928;True;;;;;;;;;;;;;;;;;;;;;;;;;;;;;;;;;-1.336515675644077;;;;;;;;;;;;;;;;;;;;;;;;;;;-1.4288962628242914;-1.412724939336202;-1.4298507412780086;-1.3803310165170102;;;;;;;;;;;;;;;;;;;;;;
2;RandomForest;1001;B3_BR16_NIRR_REP_RECUP00001.asd;B3;BR16;NIRRIG;D09M;manha;D09;NIRRIG;NIRRIG;0.966;True;;;;;;;;;;;;;;;;;;;;;;;;;;;;;;;;;-1.3411995369071075;;;;;;;;;;;;;;;;;;;;;;;;;;;-1.4349848963046001;-1.4191392066003545;-1.4353807058048824;-1.3860655550375804;;;;;;;;;;;;;;;;;;;;;;
2;RandomForest;1002;B3_BR16_NIRR_REP_RECUP00002.asd;B3;BR16;NIRRIG;D09M;manha;D09;NIRRIG;NIRRIG;0.97;True;;;;;;;;;;;;;;;;;;;;;;;;;;;;;;;;;-1.339332856946942;;;;;;;;;;;;;;;;;;;;;;;;;;;-1.4346673702984296;-1.4183198760562659;-1.4353702565676443;-1.384834228061052;;;;;;;;;;;;;;;;;;;;;;
2;RandomForest;1003;B3_BR16_NIRR_REP_RECUP00003.asd;B3;BR16;NIRRIG;D09M;manha;D09;NIRRIG;NIRRIG;0.996;True;;;;;;;;;;;;;;;;;;;;;;;;;;;;;;;;;-1.3357671207644237;;;;;;;;;;;;;;;;;;;;;;;;;;;-1.4327170255536255;-1.4165987838250074;-1.4332897795420962;-1.382050298848334;;;;;;;;;;;;;;;;;;;;;;
2;RandomForest;1004;B3_BR16_NIRR_REP_RECUP00004.asd;B3;BR16;NIRRIG;D09M;manha;D09;NIRRIG;NIRRIG;0.782;True;;;;;;;;;;;;;;;;;;;;;;;;;;;;;;;;;-1.3616598856985602;;;;;;;;;;;;;;;;;;;;;;;;;;;-1.4514717362390643;-1.4375603051115209;-1.4528178270618142;-1.4058555438894362;;;;;;;;;;;;;;;;;;;;;;
2;RandomForest;1005;B3_BR16_NIRR_REP_RECUP00005.asd;B3;BR16;NIRRIG;D09M;manha;D09;NIRRIG;NIRRIG;0.766;True;;;;;;;;;;;;;;;;;;;;;;;;;;;;;;;;;-1.3618939214895251;;;;;;;;;;;;;;;;;;;;;;;;;;;-1.45263566188125;-1.4380522019271902;-1.4537805094762035;-1.4060823639455438;;;;;;;;;;;;;;;;;;;;;;
2;RandomForest;1006;B3_BR16_NIRR_REP_RECUP00006.asd;B3;BR16;NIRRIG;D09M;manha;D09;NIRRIG;NIRRIG;0.766;True;;;;;;;;;;;;;;;;;;;;;;;;;;;;;;;;;-1.3615507472745936;;;;;;;;;;;;;;;;;;;;;;;;;;;-1.4533363116667264;-1.438379374322722;-1.4542327106039081;-1.4060429956961575;;;;;;;;;;;;;;;;;;;;;;
2;RandomForest;1007;B3_BR16_NIRR_REP_RECUP00007.asd;B3;BR16;NIRRIG;D09M;manha;D09;NIRRIG;NIRRIG;0.754;True;;;;;;;;;;;;;;;;;;;;;;;;;;;;;;;;;-1.3624265590295412;;;;;;;;;;;;;;;;;;;;;;;;;;;-1.4553815342391627;-1.4397292116859366;-1.4564213241250636;-1.407675316727645;;;;;;;;;;;;;;;;;;;;;;
3;PLS-DA;976;B2_BR16_IRR_REP_RECUP00000.asd;B2;BR16;IRRIG;D09M;manha;D09;IRRIG;IRRIG;0.4023847671096765;True;;;;;;;;;;;;;;;;;;;;;;;;;;;;;;;;;-1.450068317508272;;;;;;;;;;;;;;;;;;;;;;;;;;;-1.538392394135011;-1.5298299996575369;-1.544516306028008;-1.4967816683967108;;;;;;;;;;;;;;;;;;;;;;
3;PLS-DA;977;B2_BR16_IRR_REP_RECUP00001.asd;B2;BR16;IRRIG;D09M;manha;D09;IRRIG;IRRIG;0.400349283414386;True;;;;;;;;;;;;;;;;;;;;;;;;;;;;;;;;;-1.4537123177564713;;;;;;;;;;;;;;;;;;;;;;;;;;;-1.5427238620250245;-1.5345463403136617;-1.5496053309288338;-1.501156281682141;;;;;;;;;;;;;;;;;;;;;;
3;PLS-DA;978;B2_BR16_IRR_REP_RECUP00002.asd;B2;BR16;IRRIG;D09M;manha;D09;IRRIG;IRRIG;0.40814704396617163;True;;;;;;;;;;;;;;;;;;;;;;;;;;;;;;;;;-1.453056941331444;;;;;;;;;;;;;;;;;;;;;;;;;;;-1.5441247467896289;-1.5352715085634647;-1.5506725890404522;-1.5015769226123108;;;;;;;;;;;;;;;;;;;;;;
3;PLS-DA;979;B2_BR16_IRR_REP_RECUP00003.asd;B2;BR16;IRRIG;D09M;manha;D09;IRRIG;IRRIG;0.3977971675523895;True;;;;;;;;;;;;;;;;;;;;;;;;;;;;;;;;;-1.4635655423578229;;;;;;;;;;;;;;;;;;;;;;;;;;;-1.5550468801473227;-1.546433049724603;-1.560969446409185;-1.5119707648909235;;;;;;;;;;;;;;;;;;;;;;
3;PLS-DA;980;B2_BR16_IRR_REP_RECUP00004.asd;B2;BR16;IRRIG;D09M;manha;D09;IRRIG;NIRRIG;0.5189141681511492;False;;;;;;;;;;;;;;;;;;;;;;;;;;;;;;;;;-1.3661924889709487;;;;;;;;;;;;;;;;;;;;;;;;;;;-1.460050368709742;-1.4495409833034367;-1.4654487433786973;-1.4150771167247596;;;;;;;;;;;;;;;;;;;;;;
3;PLS-DA;981;B2_BR16_IRR_REP_RECUP00005.asd;B2;BR16;IRRIG;D09M;manha;D09;IRRIG;NIRRIG;0.5174033050379535;False;;;;;;;;;;;;;;;;;;;;;;;;;;;;;;;;;-1.3687967365915577;;;;;;;;;;;;;;;;;;;;;;;;;;;-1.4628110837765163;-1.4520631720785855;-1.4679755776062198;-1.4173502394905029;;;;;;;;;;;;;;;;;;;;;;
3;PLS-DA;982;B2_BR16_IRR_REP_RECUP00006.asd;B2;BR16;IRRIG;D09M;manha;D09;IRRIG;NIRRIG;0.5106210843685517;False;;;;;;;;;;;;;;;;;;;;;;;;;;;;;;;;;-1.3721425451543119;;;;;;;;;;;;;;;;;;;;;;;;;;;-1.466099002937804;-1.4560858445916098;-1.4715174154221948;-1.4216689533043554;;;;;;;;;;;;;;;;;;;;;;
3;PLS-DA;983;B2_BR16_IRR_REP_RECUP00007.asd;B2;BR16;IRRIG;D09M;manha;D09;IRRIG;NIRRIG;0.5158635576909727;False;;;;;;;;;;;;;;;;;;;;;;;;;;;;;;;;;-1.3704257098395924;;;;;;;;;;;;;;;;;;;;;;;;;;;-1.4647895851944508;-1.4546228840593445;-1.4705024104834312;-1.4195884006754838;;;;;;;;;;;;;;;;;;;;;;
3;PLS-DA;984;B2_BR16_NIRR_REP_RECUP00000.asd;B2;BR16;NIRRIG;D09M;manha;D09;NIRRIG;NIRRIG;0.592886079371456;True;;;;;;;;;;;;;;;;;;;;;;;;;;;;;;;;;-1.340439414011281;;;;;;;;;;;;;;;;;;;;;;;;;;;-1.4448820338703956;-1.4282434626388834;-1.4462424278178265;-1.3914559499444905;;;;;;;;;;;;;;;;;;;;;;
3;PLS-DA;985;B2_BR16_NIRR_REP_RECUP00001.asd;B2;BR16;NIRRIG;D09M;manha;D09;NIRRIG;NIRRIG;0.5990148205431435;True;;;;;;;;;;;;;;;;;;;;;;;;;;;;;;;;;-1.3380351859248683;;;;;;;;;;;;;;;;;;;;;;;;;;;-1.442880123654854;-1.4255726478779853;-1.444592536066848;-1.3887614639296166;;;;;;;;;;;;;;;;;;;;;;
3;PLS-DA;986;B2_BR16_NIRR_REP_RECUP00002.asd;B2;BR16;NIRRIG;D09M;manha;D09;NIRRIG;NIRRIG;0.6015192076496029;True;;;;;;;;;;;;;;;;;;;;;;;;;;;;;;;;;-1.339501336630802;;;;;;;;;;;;;;;;;;;;;;;;;;;-1.4451296317925457;-1.4277120073020269;-1.4465734308614109;-1.3898899656217685;;;;;;;;;;;;;;;;;;;;;;
3;PLS-DA;987;B2_BR16_NIRR_REP_RECUP00003.asd;B2;BR16;NIRRIG;D09M;manha;D09;NIRRIG;NIRRIG;0.6085638986522155;True;;;;;;;;;;;;;;;;;;;;;;;;;;;;;;;;;-1.3361856517120634;;;;;;;;;;;;;;;;;;;;;;;;;;;-1.4432451505258646;-1.4259350080014679;-1.4450414874554218;-1.388038939779977;;;;;;;;;;;;;;;;;;;;;;
3;PLS-DA;988;B2_BR16_NIRR_REP_RECUP00004.asd;B2;BR16;NIRRIG;D09M;manha;D09;NIRRIG;NIRRIG;0.5496060198611122;True;;;;;;;;;;;;;;;;;;;;;;;;;;;;;;;;;-1.3623176141450304;;;;;;;;;;;;;;;;;;;;;;;;;;;-1.4607191956663474;-1.443151920759264;-1.4599011920192633;-1.4086911752327471;;;;;;;;;;;;;;;;;;;;;;
3;PLS-DA;989;B2_BR16_NIRR_REP_RECUP00005.asd;B2;BR16;NIRRIG;D09M;manha;D09;NIRRIG;NIRRIG;0.5557009113759873;True;;;;;;;;;;;;;;;;;;;;;;;;;;;;;;;;;-1.3644754350214288;;;;;;;;;;;;;;;;;;;;;;;;;;;-1.4645118969022837;-1.445330289772073;-1.463083367268947;-1.410769450989829;;;;;;;;;;;;;;;;;;;;;;
3;PLS-DA;990;B2_BR16_NIRR_REP_RECUP00006.asd;B2;BR16;NIRRIG;D09M;manha;D09;NIRRIG;NIRRIG;0.5540039764473728;True;;;;;;;;;;;;;;;;;;;;;;;;;;;;;;;;;-1.3696607048336162;;;;;;;;;;;;;;;;;;;;;;;;;;;-1.4707008792167593;-1.451451670995425;-1.4694477677763442;-1.4162857600108774;;;;;;;;;;;;;;;;;;;;;;
3;PLS-DA;991;B2_BR16_NIRR_REP_RECUP00007.asd;B2;BR16;NIRRIG;D09M;manha;D09;NIRRIG;NIRRIG;0.5467682020778734;True;;;;;;;;;;;;;;;;;;;;;;;;;;;;;;;;;-1.3759034518601259;;;;;;;;;;;;;;;;;;;;;;;;;;;-1.4768638244093308;-1.4577865184839047;-1.4757540475467816;-1.4224470871426518;;;;;;;;;;;;;;;;;;;;;;
3;RandomForest;976;B2_BR16_IRR_REP_RECUP00000.asd;B2;BR16;IRRIG;D09M;manha;D09;IRRIG;IRRIG;0.0;True;;;;;;;;;;;;;;;;;;;;;;;;;;;;;;;;;-1.450068317508272;;;;;;;;;;;;;;;;;;;;;;;;;;;-1.538392394135011;-1.5298299996575369;-1.544516306028008;-1.4967816683967108;;;;;;;;;;;;;;;;;;;;;;
3;RandomForest;977;B2_BR16_IRR_REP_RECUP00001.asd;B2;BR16;IRRIG;D09M;manha;D09;IRRIG;IRRIG;0.0;True;;;;;;;;;;;;;;;;;;;;;;;;;;;;;;;;;-1.4537123177564713;;;;;;;;;;;;;;;;;;;;;;;;;;;-1.5427238620250245;-1.5345463403136617;-1.5496053309288338;-1.501156281682141;;;;;;;;;;;;;;;;;;;;;;
3;RandomForest;978;B2_BR16_IRR_REP_RECUP00002.asd;B2;BR16;IRRIG;D09M;manha;D09;IRRIG;IRRIG;0.0;True;;;;;;;;;;;;;;;;;;;;;;;;;;;;;;;;;-1.453056941331444;;;;;;;;;;;;;;;;;;;;;;;;;;;-1.5441247467896289;-1.5352715085634647;-1.5506725890404522;-1.5015769226123108;;;;;;;;;;;;;;;;;;;;;;
3;RandomForest;979;B2_BR16_IRR_REP_RECUP00003.asd;B2;BR16;IRRIG;D09M;manha;D09;IRRIG;IRRIG;0.0;True;;;;;;;;;;;;;;;;;;;;;;;;;;;;;;;;;-1.4635655423578229;;;;;;;;;;;;;;;;;;;;;;;;;;;-1.5550468801473227;-1.546433049724603;-1.560969446409185;-1.5119707648909235;;;;;;;;;;;;;;;;;;;;;;
3;RandomForest;980;B2_BR16_IRR_REP_RECUP00004.asd;B2;BR16;IRRIG;D09M;manha;D09;IRRIG;NIRRIG;0.978;False;;;;;;;;;;;;;;;;;;;;;;;;;;;;;;;;;-1.3661924889709487;;;;;;;;;;;;;;;;;;;;;;;;;;;-1.460050368709742;-1.4495409833034367;-1.4654487433786973;-1.4150771167247596;;;;;;;;;;;;;;;;;;;;;;
3;RandomForest;981;B2_BR16_IRR_REP_RECUP00005.asd;B2;BR16;IRRIG;D09M;manha;D09;IRRIG;NIRRIG;0.976;False;;;;;;;;;;;;;;;;;;;;;;;;;;;;;;;;;-1.3687967365915577;;;;;;;;;;;;;;;;;;;;;;;;;;;-1.4628110837765163;-1.4520631720785855;-1.4679755776062198;-1.4173502394905029;;;;;;;;;;;;;;;;;;;;;;
3;RandomForest;982;B2_BR16_IRR_REP_RECUP00006.asd;B2;BR16;IRRIG;D09M;manha;D09;IRRIG;NIRRIG;0.934;False;;;;;;;;;;;;;;;;;;;;;;;;;;;;;;;;;-1.3721425451543119;;;;;;;;;;;;;;;;;;;;;;;;;;;-1.466099002937804;-1.4560858445916098;-1.4715174154221948;-1.4216689533043554;;;;;;;;;;;;;;;;;;;;;;
3;RandomForest;983;B2_BR16_IRR_REP_RECUP00007.asd;B2;BR16;IRRIG;D09M;manha;D09;IRRIG;NIRRIG;0.976;False;;;;;;;;;;;;;;;;;;;;;;;;;;;;;;;;;-1.3704257098395924;;;;;;;;;;;;;;;;;;;;;;;;;;;-1.4647895851944508;-1.4546228840593445;-1.4705024104834312;-1.4195884006754838;;;;;;;;;;;;;;;;;;;;;;
3;RandomForest;984;B2_BR16_NIRR_REP_RECUP00000.asd;B2;BR16;NIRRIG;D09M;manha;D09;NIRRIG;NIRRIG;0.998;True;;;;;;;;;;;;;;;;;;;;;;;;;;;;;;;;;-1.340439414011281;;;;;;;;;;;;;;;;;;;;;;;;;;;-1.4448820338703956;-1.4282434626388834;-1.4462424278178265;-1.3914559499444905;;;;;;;;;;;;;;;;;;;;;;
3;RandomForest;985;B2_BR16_NIRR_REP_RECUP00001.asd;B2;BR16;NIRRIG;D09M;manha;D09;NIRRIG;NIRRIG;0.97;True;;;;;;;;;;;;;;;;;;;;;;;;;;;;;;;;;-1.3380351859248683;;;;;;;;;;;;;;;;;;;;;;;;;;;-1.442880123654854;-1.4255726478779853;-1.444592536066848;-1.3887614639296166;;;;;;;;;;;;;;;;;;;;;;
3;RandomForest;986;B2_BR16_NIRR_REP_RECUP00002.asd;B2;BR16;NIRRIG;D09M;manha;D09;NIRRIG;NIRRIG;0.996;True;;;;;;;;;;;;;;;;;;;;;;;;;;;;;;;;;-1.339501336630802;;;;;;;;;;;;;;;;;;;;;;;;;;;-1.4451296317925457;-1.4277120073020269;-1.4465734308614109;-1.3898899656217685;;;;;;;;;;;;;;;;;;;;;;
3;RandomForest;987;B2_BR16_NIRR_REP_RECUP00003.asd;B2;BR16;NIRRIG;D09M;manha;D09;NIRRIG;NIRRIG;0.968;True;;;;;;;;;;;;;;;;;;;;;;;;;;;;;;;;;-1.3361856517120634;;;;;;;;;;;;;;;;;;;;;;;;;;;-1.4432451505258646;-1.4259350080014679;-1.4450414874554218;-1.388038939779977;;;;;;;;;;;;;;;;;;;;;;
3;RandomForest;988;B2_BR16_NIRR_REP_RECUP00004.asd;B2;BR16;NIRRIG;D09M;manha;D09;NIRRIG;NIRRIG;0.978;True;;;;;;;;;;;;;;;;;;;;;;;;;;;;;;;;;-1.3623176141450304;;;;;;;;;;;;;;;;;;;;;;;;;;;-1.4607191956663474;-1.443151920759264;-1.4599011920192633;-1.4086911752327471;;;;;;;;;;;;;;;;;;;;;;
3;RandomForest;989;B2_BR16_NIRR_REP_RECUP00005.asd;B2;BR16;NIRRIG;D09M;manha;D09;NIRRIG;NIRRIG;0.976;True;;;;;;;;;;;;;;;;;;;;;;;;;;;;;;;;;-1.3644754350214288;;;;;;;;;;;;;;;;;;;;;;;;;;;-1.4645118969022837;-1.445330289772073;-1.463083367268947;-1.410769450989829;;;;;;;;;;;;;;;;;;;;;;
3;RandomForest;990;B2_BR16_NIRR_REP_RECUP00006.asd;B2;BR16;NIRRIG;D09M;manha;D09;NIRRIG;NIRRIG;0.782;True;;;;;;;;;;;;;;;;;;;;;;;;;;;;;;;;;-1.3696607048336162;;;;;;;;;;;;;;;;;;;;;;;;;;;-1.4707008792167593;-1.451451670995425;-1.4694477677763442;-1.4162857600108774;;;;;;;;;;;;;;;;;;;;;;
3;RandomForest;991;B2_BR16_NIRR_REP_RECUP00007.asd;B2;BR16;NIRRIG;D09M;manha;D09;NIRRIG;NIRRIG;0.574;True;;;;;;;;;;;;;;;;;;;;;;;;;;;;;;;;;-1.3759034518601259;;;;;;;;;;;;;;;;;;;;;;;;;;;-1.4768638244093308;-1.4577865184839047;-1.4757540475467816;-1.4224470871426518;;;;;;;;;;;;;;;;;;;;;;
4;PLS-DA;960;B1_BR16_IRR_REP_RECUP00000.asd;B1;BR16;IRRIG;D09M;manha;D09;IRRIG;IRRIG;0.2872941274691386;True;;;;;;;;;;;;;;;;;;;;;;;;;;;;;;;;;-1.4114272090330005;;;;;;;;;;;;;;;;;;;;;;;;;;;-1.4837908979275893;-1.4835257770688093;-1.4948202612488661;-1.455017604987318;;;;;;;;;;;;;;;;;;;;;;
4;PLS-DA;961;B1_BR16_IRR_REP_RECUP00001.asd;B1;BR16;IRRIG;D09M;manha;D09;IRRIG;IRRIG;0.28410003491097346;True;;;;;;;;;;;;;;;;;;;;;;;;;;;;;;;;;-1.4140768303369293;;;;;;;;;;;;;;;;;;;;;;;;;;;-1.4862930078246142;-1.486601926215733;-1.497034709082686;-1.4572295841531668;;;;;;;;;;;;;;;;;;;;;;
4;PLS-DA;962;B1_BR16_IRR_REP_RECUP00002.asd;B1;BR16;IRRIG;D09M;manha;D09;IRRIG;IRRIG;0.28884275120291514;True;;;;;;;;;;;;;;;;;;;;;;;;;;;;;;;;;-1.413310721540252;;;;;;;;;;;;;;;;;;;;;;;;;;;-1.4847104524114083;-1.4848260266055275;-1.4955269027067568;-1.4551016041745362;;;;;;;;;;;;;;;;;;;;;;
4;PLS-DA;963;B1_BR16_IRR_REP_RECUP00003.asd;B1;BR16;IRRIG;D09M;manha;D09;IRRIG;IRRIG;0.28699340793377354;True;;;;;;;;;;;;;;;;;;;;;;;;;;;;;;;;;-1.4069660963234962;;;;;;;;;;;;;;;;;;;;;;;;;;;-1.4788148741168572;-1.4791504411845031;-1.4903506890004508;-1.4498840078010369;;;;;;;;;;;;;;;;;;;;;;
4;PLS-DA;964;B1_BR16_IRR_REP_RECUP00004.asd;B1;BR16;IRRIG;D09M;manha;D09;IRRIG;IRRIG;0.38949436464092013;True;;;;;;;;;;;;;;;;;;;;;;;;;;;;;;;;;-1.3476240159398183;;;;;;;;;;;;;;;;;;;;;;;;;;;-1.4195746917496244;-1.415405922536737;-1.4270501335434778;-1.387416782892226;;;;;;;;;;;;;;;;;;;;;;
4;PLS-DA;965;B1_BR16_IRR_REP_RECUP00005.asd;B1;BR16;IRRIG;D09M;manha;D09;IRRIG;IRRIG;0.3826679262080541;True;;;;;;;;;;;;;;;;;;;;;;;;;;;;;;;;;-1.3486439204123417;;;;;;;;;;;;;;;;;;;;;;;;;;;-1.4208160190355696;-1.417232153197084;-1.4283013945616307;-1.38895926627942;;;;;;;;;;;;;;;;;;;;;;
4;PLS-DA;966;B1_BR16_IRR_REP_RECUP00006.asd;B1;BR16;IRRIG;D09M;manha;D09;IRRIG;IRRIG;0.3791722127873089;True;;;;;;;;;;;;;;;;;;;;;;;;;;;;;;;;;-1.3471887544932568;;;;;;;;;;;;;;;;;;;;;;;;;;;-1.4196033614379053;-1.41629682519861;-1.4275366812654338;-1.3880256374185265;;;;;;;;;;;;;;;;;;;;;;
4;PLS-DA;967;B1_BR16_IRR_REP_RECUP00007.asd;B1;BR16;IRRIG;D09M;manha;D09;IRRIG;IRRIG;0.38568241708157885;True;;;;;;;;;;;;;;;;;;;;;;;;;;;;;;;;;-1.348272099233135;;;;;;;;;;;;;;;;;;;;;;;;;;;-1.421560164340224;-1.4178156784414684;-1.429471183175059;-1.389170283672512;;;;;;;;;;;;;;;;;;;;;;
4;PLS-DA;968;B1_BR16_NIRR_REP_RECUP00000.asd;B1;BR16;NIRRIG;D09M;manha;D09;NIRRIG;NIRRIG;0.6264048908644805;True;;;;;;;;;;;;;;;;;;;;;;;;;;;;;;;;;-1.3178732514768885;;;;;;;;;;;;;;;;;;;;;;;;;;;-1.4195877791186062;-1.4033396565885896;-1.421021121290181;-1.3667694890491011;;;;;;;;;;;;;;;;;;;;;;
4;PLS-DA;969;B1_BR16_NIRR_REP_RECUP00001.asd;B1;BR16;NIRRIG;D09M;manha;D09;NIRRIG;NIRRIG;0.6242782479590724;True;;;;;;;;;;;;;;;;;;;;;;;;;;;;;;;;;-1.3242056893398564;;;;;;;;;;;;;;;;;;;;;;;;;;;-1.4263141883590404;-1.4097903060391306;-1.4283393659147947;-1.3730247973660876;;;;;;;;;;;;;;;;;;;;;;
4;PLS-DA;970;B1_BR16_NIRR_REP_RECUP00002.asd;B1;BR16;NIRRIG;D09M;manha;D09;NIRRIG;NIRRIG;0.6313548433686085;True;;;;;;;;;;;;;;;;;;;;;;;;;;;;;;;;;-1.3190900590039312;;;;;;;;;;;;;;;;;;;;;;;;;;;-1.4223388716545862;-1.405618904791581;-1.4240134230082655;-1.3688205101018855;;;;;;;;;;;;;;;;;;;;;;
4;PLS-DA;971;B1_BR16_NIRR_REP_RECUP00003.asd;B1;BR16;NIRRIG;D09M;manha;D09;NIRRIG;NIRRIG;0.6351567899585445;True;;;;;;;;;;;;;;;;;;;;;;;;;;;;;;;;;-1.3155528076842211;;;;;;;;;;;;;;;;;;;;;;;;;;;-1.419623603601578;-1.4030757450306677;-1.4216187665621318;-1.3655540512177107;;;;;;;;;;;;;;;;;;;;;;
4;PLS-DA;972;B1_BR16_NIRR_REP_RECUP00004.asd;B1;BR16;NIRRIG;D09M;manha;D09;NIRRIG;NIRRIG;0.6841985134003365;True;;;;;;;;;;;;;;;;;;;;;;;;;;;;;;;;;-1.29754718418199;;;;;;;;;;;;;;;;;;;;;;;;;;;-1.4164549233315624;-1.3987282266750036;-1.4200898057146123;-1.3556011918994006;;;;;;;;;;;;;;;;;;;;;;
4;PLS-DA;973;B1_BR16_NIRR_REP_RECUP00005.asd;B1;BR16;NIRRIG;D09M;manha;D09;NIRRIG;NIRRIG;0.6944016051448371;True;;;;;;;;;;;;;;;;;;;;;;;;;;;;;;;;;-1.2935343081937123;;;;;;;;;;;;;;;;;;;;;;;;;;;-1.4129821500521755;-1.3947451195047766;-1.4163654165965833;-1.351435031519077;;;;;;;;;;;;;;;;;;;;;;
4;PLS-DA;974;B1_BR16_NIRR_REP_RECUP00006.asd;B1;BR16;NIRRIG;D09M;manha;D09;NIRRIG;NIRRIG;0.7053741200687536;True;;;;;;;;;;;;;;;;;;;;;;;;;;;;;;;;;-1.2909488299673442;;;;;;;;;;;;;;;;;;;;;;;;;;;-1.410924599052092;-1.3921601231903953;-1.414564763540633;-1.3481272353592302;;;;;;;;;;;;;;;;;;;;;;
4;PLS-DA;975;B1_BR16_NIRR_REP_RECUP00007.asd;B1;BR16;NIRRIG;D09M;manha;D09;NIRRIG;NIRRIG;0.7002921140755364;True;;;;;;;;;;;;;;;;;;;;;;;;;;;;;;;;;-1.291933080976351;;;;;;;;;;;;;;;;;;;;;;;;;;;-1.4125920456714873;-1.3936187967658913;-1.4163092964288455;-1.3507736402344706;;;;;;;;;;;;;;;;;;;;;;
4;RandomForest;960;B1_BR16_IRR_REP_RECUP00000.asd;B1;BR16;IRRIG;D09M;manha;D09;IRRIG;IRRIG;0.134;True;;;;;;;;;;;;;;;;;;;;;;;;;;;;;;;;;-1.4114272090330005;;;;;;;;;;;;;;;;;;;;;;;;;;;-1.4837908979275893;-1.4835257770688093;-1.4948202612488661;-1.455017604987318;;;;;;;;;;;;;;;;;;;;;;
4;RandomForest;961;B1_BR16_IRR_REP_RECUP00001.asd;B1;BR16;IRRIG;D09M;manha;D09;IRRIG;IRRIG;0.054;True;;;;;;;;;;;;;;;;;;;;;;;;;;;;;;;;;-1.4140768303369293;;;;;;;;;;;;;;;;;;;;;;;;;;;-1.4862930078246142;-1.486601926215733;-1.497034709082686;-1.4572295841531668;;;;;;;;;;;;;;;;;;;;;;
4;RandomForest;962;B1_BR16_IRR_REP_RECUP00002.asd;B1;BR16;IRRIG;D09M;manha;D09;IRRIG;IRRIG;0.134;True;;;;;;;;;;;;;;;;;;;;;;;;;;;;;;;;;-1.413310721540252;;;;;;;;;;;;;;;;;;;;;;;;;;;-1.4847104524114083;-1.4848260266055275;-1.4955269027067568;-1.4551016041745362;;;;;;;;;;;;;;;;;;;;;;
4;RandomForest;963;B1_BR16_IRR_REP_RECUP00003.asd;B1;BR16;IRRIG;D09M;manha;D09;IRRIG;IRRIG;0.142;True;;;;;;;;;;;;;;;;;;;;;;;;;;;;;;;;;-1.4069660963234962;;;;;;;;;;;;;;;;;;;;;;;;;;;-1.4788148741168572;-1.4791504411845031;-1.4903506890004508;-1.4498840078010369;;;;;;;;;;;;;;;;;;;;;;
4;RandomForest;964;B1_BR16_IRR_REP_RECUP00004.asd;B1;BR16;IRRIG;D09M;manha;D09;IRRIG;NIRRIG;1.0;False;;;;;;;;;;;;;;;;;;;;;;;;;;;;;;;;;-1.3476240159398183;;;;;;;;;;;;;;;;;;;;;;;;;;;-1.4195746917496244;-1.415405922536737;-1.4270501335434778;-1.387416782892226;;;;;;;;;;;;;;;;;;;;;;
4;RandomForest;965;B1_BR16_IRR_REP_RECUP00005.asd;B1;BR16;IRRIG;D09M;manha;D09;IRRIG;NIRRIG;1.0;False;;;;;;;;;;;;;;;;;;;;;;;;;;;;;;;;;-1.3486439204123417;;;;;;;;;;;;;;;;;;;;;;;;;;;-1.4208160190355696;-1.417232153197084;-1.4283013945616307;-1.38895926627942;;;;;;;;;;;;;;;;;;;;;;
4;RandomForest;966;B1_BR16_IRR_REP_RECUP00006.asd;B1;BR16;IRRIG;D09M;manha;D09;IRRIG;NIRRIG;1.0;False;;;;;;;;;;;;;;;;;;;;;;;;;;;;;;;;;-1.3471887544932568;;;;;;;;;;;;;;;;;;;;;;;;;;;-1.4196033614379053;-1.41629682519861;-1.4275366812654338;-1.3880256374185265;;;;;;;;;;;;;;;;;;;;;;
4;RandomForest;967;B1_BR16_IRR_REP_RECUP00007.asd;B1;BR16;IRRIG;D09M;manha;D09;IRRIG;NIRRIG;1.0;False;;;;;;;;;;;;;;;;;;;;;;;;;;;;;;;;;-1.348272099233135;;;;;;;;;;;;;;;;;;;;;;;;;;;-1.421560164340224;-1.4178156784414684;-1.429471183175059;-1.389170283672512;;;;;;;;;;;;;;;;;;;;;;
4;RandomForest;968;B1_BR16_NIRR_REP_RECUP00000.asd;B1;BR16;NIRRIG;D09M;manha;D09;NIRRIG;NIRRIG;1.0;True;;;;;;;;;;;;;;;;;;;;;;;;;;;;;;;;;-1.3178732514768885;;;;;;;;;;;;;;;;;;;;;;;;;;;-1.4195877791186062;-1.4033396565885896;-1.421021121290181;-1.3667694890491011;;;;;;;;;;;;;;;;;;;;;;
4;RandomForest;969;B1_BR16_NIRR_REP_RECUP00001.asd;B1;BR16;NIRRIG;D09M;manha;D09;NIRRIG;NIRRIG;1.0;True;;;;;;;;;;;;;;;;;;;;;;;;;;;;;;;;;-1.3242056893398564;;;;;;;;;;;;;;;;;;;;;;;;;;;-1.4263141883590404;-1.4097903060391306;-1.4283393659147947;-1.3730247973660876;;;;;;;;;;;;;;;;;;;;;;
4;RandomForest;970;B1_BR16_NIRR_REP_RECUP00002.asd;B1;BR16;NIRRIG;D09M;manha;D09;NIRRIG;NIRRIG;1.0;True;;;;;;;;;;;;;;;;;;;;;;;;;;;;;;;;;-1.3190900590039312;;;;;;;;;;;;;;;;;;;;;;;;;;;-1.4223388716545862;-1.405618904791581;-1.4240134230082655;-1.3688205101018855;;;;;;;;;;;;;;;;;;;;;;
4;RandomForest;971;B1_BR16_NIRR_REP_RECUP00003.asd;B1;BR16;NIRRIG;D09M;manha;D09;NIRRIG;NIRRIG;1.0;True;;;;;;;;;;;;;;;;;;;;;;;;;;;;;;;;;-1.3155528076842211;;;;;;;;;;;;;;;;;;;;;;;;;;;-1.419623603601578;-1.4030757450306677;-1.4216187665621318;-1.3655540512177107;;;;;;;;;;;;;;;;;;;;;;
4;RandomForest;972;B1_BR16_NIRR_REP_RECUP00004.asd;B1;BR16;NIRRIG;D09M;manha;D09;NIRRIG;NIRRIG;1.0;True;;;;;;;;;;;;;;;;;;;;;;;;;;;;;;;;;-1.29754718418199;;;;;;;;;;;;;;;;;;;;;;;;;;;-1.4164549233315624;-1.3987282266750036;-1.4200898057146123;-1.3556011918994006;;;;;;;;;;;;;;;;;;;;;;
4;RandomForest;973;B1_BR16_NIRR_REP_RECUP00005.asd;B1;BR16;NIRRIG;D09M;manha;D09;NIRRIG;NIRRIG;1.0;True;;;;;;;;;;;;;;;;;;;;;;;;;;;;;;;;;-1.2935343081937123;;;;;;;;;;;;;;;;;;;;;;;;;;;-1.4129821500521755;-1.3947451195047766;-1.4163654165965833;-1.351435031519077;;;;;;;;;;;;;;;;;;;;;;
4;RandomForest;974;B1_BR16_NIRR_REP_RECUP00006.asd;B1;BR16;NIRRIG;D09M;manha;D09;NIRRIG;NIRRIG;1.0;True;;;;;;;;;;;;;;;;;;;;;;;;;;;;;;;;;-1.2909488299673442;;;;;;;;;;;;;;;;;;;;;;;;;;;-1.410924599052092;-1.3921601231903953;-1.414564763540633;-1.3481272353592302;;;;;;;;;;;;;;;;;;;;;;
4;RandomForest;975;B1_BR16_NIRR_REP_RECUP00007.asd;B1;BR16;NIRRIG;D09M;manha;D09;NIRRIG;NIRRIG;1.0;True;;;;;;;;;;;;;;;;;;;;;;;;;;;;;;;;;-1.291933080976351;;;;;;;;;;;;;;;;;;;;;;;;;;;-1.4125920456714873;-1.3936187967658913;-1.4163092964288455;-1.3507736402344706;;;;;;;;;;;;;;;;;;;;;;
1;PLS-DA;1024;B1_CD202_IRR_REP_RECUP00000.asd;B1;CD202;IRRIG;D09M;manha;D09;IRRIG;IRRIG;0.319027555159566;True;;;;;;;;;;;;;;;;;;;;;;;;;;;;;;;;;;;;;;;;;;;;;;;;;;;;;;;;;;;;;;;;0.3078770505217034;0.2466678936664264;-0.14755739639141122;-0.254392338383331;-0.34916577813687283;;;;;;;;;;;;;;;;;
1;PLS-DA;1025;B1_CD202_IRR_REP_RECUP00001.asd;B1;CD202;IRRIG;D09M;manha;D09;IRRIG;IRRIG;0.31805828527443086;True;;;;;;;;;;;;;;;;;;;;;;;;;;;;;;;;;;;;;;;;;;;;;;;;;;;;;;;;;;;;;;;;0.31023045767304597;0.24873877934593336;-0.1459179350490336;-0.2529524860652837;-0.34771873385946434;;;;;;;;;;;;;;;;;
1;PLS-DA;1026;B1_CD202_IRR_REP_RECUP00002.asd;B1;CD202;IRRIG;D09M;manha;D09;IRRIG;IRRIG;0.31995199525542534;True;;;;;;;;;;;;;;;;;;;;;;;;;;;;;;;;;;;;;;;;;;;;;;;;;;;;;;;;;;;;;;;;0.3100538678857548;0.2486909884225505;-0.1449926952220828;-0.2520107347867364;-0.3469564305129614;;;;;;;;;;;;;;;;;
1;PLS-DA;1027;B1_CD202_IRR_REP_RECUP00003.asd;B1;CD202;IRRIG;D09M;manha;D09;IRRIG;IRRIG;0.31821475064206767;True;;;;;;;;;;;;;;;;;;;;;;;;;;;;;;;;;;;;;;;;;;;;;;;;;;;;;;;;;;;;;;;;0.31144967750196123;0.24951576241741333;-0.14468266998881626;-0.25189691101413286;-0.34694933496838193;;;;;;;;;;;;;;;;;
1;PLS-DA;1028;B1_CD202_IRR_REP_RECUP00004.asd;B1;CD202;IRRIG;D09M;manha;D09;IRRIG;IRRIG;0.3220432714198463;True;;;;;;;;;;;;;;;;;;;;;;;;;;;;;;;;;;;;;;;;;;;;;;;;;;;;;;;;;;;;;;;;0.3690919756678752;0.30604917149862837;-0.09023099342969307;-0.1984140604889925;-0.29446054812196604;;;;;;;;;;;;;;;;;
1;PLS-DA;1029;B1_CD202_IRR_REP_RECUP00005.asd;B1;CD202;IRRIG;D09M;manha;D09;IRRIG;IRRIG;0.325623464598414;True;;;;;;;;;;;;;;;;;;;;;;;;;;;;;;;;;;;;;;;;;;;;;;;;;;;;;;;;;;;;;;;;0.3650704894959978;0.30171479941194596;-0.09202847148969247;-0.2002751632460896;-0.29639915992639493;;;;;;;;;;;;;;;;;
1;PLS-DA;1030;B1_CD202_IRR_REP_RECUP00006.asd;B1;CD202;IRRIG;D09M;manha;D09;IRRIG;IRRIG;0.33506832853265406;True;;;;;;;;;;;;;;;;;;;;;;;;;;;;;;;;;;;;;;;;;;;;;;;;;;;;;;;;;;;;;;;;0.3549907715838458;0.29235886343345757;-0.09583368436696243;-0.2043021745326426;-0.30045180825858364;;;;;;;;;;;;;;;;;
1;PLS-DA;1031;B1_CD202_IRR_REP_RECUP00007.asd;B1;CD202;IRRIG;D09M;manha;D09;IRRIG;IRRIG;0.33586481861668155;True;;;;;;;;;;;;;;;;;;;;;;;;;;;;;;;;;;;;;;;;;;;;;;;;;;;;;;;;;;;;;;;;0.3538444190655679;0.29053037463926196;-0.0964895819372169;-0.2049358757419476;-0.30176913288325835;;;;;;;;;;;;;;;;;
1;PLS-DA;1032;B1_CD202_IRR_REP_RECUP00008.asd;B1;CD202;IRRIG;D09M;manha;D09;IRRIG;IRRIG;0.34036704685818925;True;;;;;;;;;;;;;;;;;;;;;;;;;;;;;;;;;;;;;;;;;;;;;;;;;;;;;;;;;;;;;;;;0.3503849282270323;0.28714340769277663;-0.09741573165716506;-0.20561862819344368;-0.3025383137725887;;;;;;;;;;;;;;;;;
1;PLS-DA;1033;B1_CD202_IRR_REP_RECUP00009.asd;B1;CD202;IRRIG;D09M;manha;D09;IRRIG;IRRIG;0.3422954299699623;True;;;;;;;;;;;;;;;;;;;;;;;;;;;;;;;;;;;;;;;;;;;;;;;;;;;;;;;;;;;;;;;;0.3515537276995248;0.2892788665525699;-0.09503837034102411;-0.2033749476436978;-0.3000713163406372;;;;;;;;;;;;;;;;;
1;PLS-DA;1034;B1_CD202_IRR_REP_RECUP00010.asd;B1;CD202;IRRIG;D09M;manha;D09;IRRIG;IRRIG;0.3444505262970143;True;;;;;;;;;;;;;;;;;;;;;;;;;;;;;;;;;;;;;;;;;;;;;;;;;;;;;;;;;;;;;;;;0.35135889878177456;0.28800114600152893;-0.0944656757870048;-0.20280520188876341;-0.2995911285499925;;;;;;;;;;;;;;;;;
1;PLS-DA;1035;B1_CD202_IRR_REP_RECUP00011.asd;B1;CD202;IRRIG;D09M;manha;D09;IRRIG;IRRIG;0.3450060094153801;True;;;;;;;;;;;;;;;;;;;;;;;;;;;;;;;;;;;;;;;;;;;;;;;;;;;;;;;;;;;;;;;;0.35139215229648424;0.2888200953380766;-0.09392206268338994;-0.20228658063271407;-0.29890696551425544;;;;;;;;;;;;;;;;;
1;PLS-DA;1036;B1_CD202_NIRR_REP_RECUP00000.asd;B1;CD202;NIRRIG;D09M;manha;D09;NIRRIG;NIRRIG;0.619817226982237;True;;;;;;;;;;;;;;;;;;;;;;;;;;;;;;;;;;;;;;;;;;;;;;;;;;;;;;;;;;;;;;;;0.4151742457831977;0.35889841803593475;0.0909772922967477;-0.012214895389738223;-0.10851057381867228;;;;;;;;;;;;;;;;;
1;PLS-DA;1037;B1_CD202_NIRR_REP_RECUP00001.asd;B1;CD202;NIRRIG;D09M;manha;D09;NIRRIG;NIRRIG;0.6206289181278507;True;;;;;;;;;;;;;;;;;;;;;;;;;;;;;;;;;;;;;;;;;;;;;;;;;;;;;;;;;;;;;;;;0.4170624310610407;0.35965478194899153;0.09250765955463028;-0.010526957236009254;-0.10659887028987379;;;;;;;;;;;;;;;;;
1;PLS-DA;1038;B1_CD202_NIRR_REP_RECUP00002.asd;B1;CD202;NIRRIG;D09M;manha;D09;NIRRIG;NIRRIG;0.6237295656098831;True;;;;;;;;;;;;;;;;;;;;;;;;;;;;;;;;;;;;;;;;;;;;;;;;;;;;;;;;;;;;;;;;0.4183875549521639;0.36149196790258525;0.09486382320370189;-0.007427790538041257;-0.1033926668746845;;;;;;;;;;;;;;;;;
1;PLS-DA;1039;B1_CD202_NIRR_REP_RECUP00003.asd;B1;CD202;NIRRIG;D09M;manha;D09;NIRRIG;NIRRIG;0.6282807455530648;True;;;;;;;;;;;;;;;;;;;;;;;;;;;;;;;;;;;;;;;;;;;;;;;;;;;;;;;;;;;;;;;;0.4185169105550254;0.36173571101528207;0.09697258034186262;-0.005156395052343363;-0.10062637272903127;;;;;;;;;;;;;;;;;
1;PLS-DA;1040;B1_CD202_NIRR_REP_RECUP00004.asd;B1;CD202;NIRRIG;D09M;manha;D09;NIRRIG;NIRRIG;0.5688283760577086;True;;;;;;;;;;;;;;;;;;;;;;;;;;;;;;;;;;;;;;;;;;;;;;;;;;;;;;;;;;;;;;;;0.3841687013435779;0.3268595209933945;0.03625598051754695;-0.06448630497171892;-0.15845677979121614;;;;;;;;;;;;;;;;;
1;PLS-DA;1041;B1_CD202_NIRR_REP_RECUP00005.asd;B1;CD202;NIRRIG;D09M;manha;D09;NIRRIG;NIRRIG;0.5756082912305889;True;;;;;;;;;;;;;;;;;;;;;;;;;;;;;;;;;;;;;;;;;;;;;;;;;;;;;;;;;;;;;;;;0.3826901483339147;0.3257979750727271;0.038274020396409585;-0.06261304724380339;-0.15644066635052215;;;;;;;;;;;;;;;;;
1;PLS-DA;1042;B1_CD202_NIRR_REP_RECUP00006.asd;B1;CD202;NIRRIG;D09M;manha;D09;NIRRIG;NIRRIG;0.5775464783982022;True;;;;;;;;;;;;;;;;;;;;;;;;;;;;;;;;;;;;;;;;;;;;;;;;;;;;;;;;;;;;;;;;0.38521100906799266;0.32913047914088106;0.04149573289503883;-0.0589872235047673;-0.15291292066882495;;;;;;;;;;;;;;;;;
1;PLS-DA;1043;B1_CD202_NIRR_REP_RECUP00007.asd;B1;CD202;NIRRIG;D09M;manha;D09;NIRRIG;NIRRIG;0.5758369551005312;True;;;;;;;;;;;;;;;;;;;;;;;;;;;;;;;;;;;;;;;;;;;;;;;;;;;;;;;;;;;;;;;;0.3882897961334688;0.3299807081557488;0.042021155126847926;-0.05769841496456264;-0.15103517728495686;;;;;;;;;;;;;;;;;
1;RandomForest;1024;B1_CD202_IRR_REP_RECUP00000.asd;B1;CD202;IRRIG;D09M;manha;D09;IRRIG;IRRIG;0.0;True;;;;;;;;;;;;;;;;;;;;;;;;;;;;;;;;;;;;;;;;;;;;;;;;;;;;;;;;;;;;;;;;0.3078770505217034;0.2466678936664264;-0.14755739639141122;-0.254392338383331;-0.34916577813687283;;;;;;;;;;;;;;;;;
1;RandomForest;1025;B1_CD202_IRR_REP_RECUP00001.asd;B1;CD202;IRRIG;D09M;manha;D09;IRRIG;IRRIG;0.0;True;;;;;;;;;;;;;;;;;;;;;;;;;;;;;;;;;;;;;;;;;;;;;;;;;;;;;;;;;;;;;;;;0.31023045767304597;0.24873877934593336;-0.1459179350490336;-0.2529524860652837;-0.34771873385946434;;;;;;;;;;;;;;;;;
1;RandomForest;1026;B1_CD202_IRR_REP_RECUP00002.asd;B1;CD202;IRRIG;D09M;manha;D09;IRRIG;IRRIG;0.0;True;;;;;;;;;;;;;;;;;;;;;;;;;;;;;;;;;;;;;;;;;;;;;;;;;;;;;;;;;;;;;;;;0.3100538678857548;0.2486909884225505;-0.1449926952220828;-0.2520107347867364;-0.3469564305129614;;;;;;;;;;;;;;;;;
1;RandomForest;1027;B1_CD202_IRR_REP_RECUP00003.asd;B1;CD202;IRRIG;D09M;manha;D09;IRRIG;IRRIG;0.0;True;;;;;;;;;;;;;;;;;;;;;;;;;;;;;;;;;;;;;;;;;;;;;;;;;;;;;;;;;;;;;;;;0.31144967750196123;0.24951576241741333;-0.14468266998881626;-0.25189691101413286;-0.34694933496838193;;;;;;;;;;;;;;;;;
1;RandomForest;1028;B1_CD202_IRR_REP_RECUP00004.asd;B1;CD202;IRRIG;D09M;manha;D09;IRRIG;IRRIG;0.018;True;;;;;;;;;;;;;;;;;;;;;;;;;;;;;;;;;;;;;;;;;;;;;;;;;;;;;;;;;;;;;;;;0.3690919756678752;0.30604917149862837;-0.09023099342969307;-0.1984140604889925;-0.29446054812196604;;;;;;;;;;;;;;;;;
1;RandomForest;1029;B1_CD202_IRR_REP_RECUP00005.asd;B1;CD202;IRRIG;D09M;manha;D09;IRRIG;IRRIG;0.0;True;;;;;;;;;;;;;;;;;;;;;;;;;;;;;;;;;;;;;;;;;;;;;;;;;;;;;;;;;;;;;;;;0.3650704894959978;0.30171479941194596;-0.09202847148969247;-0.2002751632460896;-0.29639915992639493;;;;;;;;;;;;;;;;;
1;RandomForest;1030;B1_CD202_IRR_REP_RECUP00006.asd;B1;CD202;IRRIG;D09M;manha;D09;IRRIG;IRRIG;0.0;True;;;;;;;;;;;;;;;;;;;;;;;;;;;;;;;;;;;;;;;;;;;;;;;;;;;;;;;;;;;;;;;;0.3549907715838458;0.29235886343345757;-0.09583368436696243;-0.2043021745326426;-0.30045180825858364;;;;;;;;;;;;;;;;;
1;RandomForest;1031;B1_CD202_IRR_REP_RECUP00007.asd;B1;CD202;IRRIG;D09M;manha;D09;IRRIG;IRRIG;0.0;True;;;;;;;;;;;;;;;;;;;;;;;;;;;;;;;;;;;;;;;;;;;;;;;;;;;;;;;;;;;;;;;;0.3538444190655679;0.29053037463926196;-0.0964895819372169;-0.2049358757419476;-0.30176913288325835;;;;;;;;;;;;;;;;;
1;RandomForest;1032;B1_CD202_IRR_REP_RECUP00008.asd;B1;CD202;IRRIG;D09M;manha;D09;IRRIG;IRRIG;0.0;True;;;;;;;;;;;;;;;;;;;;;;;;;;;;;;;;;;;;;;;;;;;;;;;;;;;;;;;;;;;;;;;;0.3503849282270323;0.28714340769277663;-0.09741573165716506;-0.20561862819344368;-0.3025383137725887;;;;;;;;;;;;;;;;;
1;RandomForest;1033;B1_CD202_IRR_REP_RECUP00009.asd;B1;CD202;IRRIG;D09M;manha;D09;IRRIG;IRRIG;0.0;True;;;;;;;;;;;;;;;;;;;;;;;;;;;;;;;;;;;;;;;;;;;;;;;;;;;;;;;;;;;;;;;;0.3515537276995248;0.2892788665525699;-0.09503837034102411;-0.2033749476436978;-0.3000713163406372;;;;;;;;;;;;;;;;;
1;RandomForest;1034;B1_CD202_IRR_REP_RECUP00010.asd;B1;CD202;IRRIG;D09M;manha;D09;IRRIG;IRRIG;0.0;True;;;;;;;;;;;;;;;;;;;;;;;;;;;;;;;;;;;;;;;;;;;;;;;;;;;;;;;;;;;;;;;;0.35135889878177456;0.28800114600152893;-0.0944656757870048;-0.20280520188876341;-0.2995911285499925;;;;;;;;;;;;;;;;;
1;RandomForest;1035;B1_CD202_IRR_REP_RECUP00011.asd;B1;CD202;IRRIG;D09M;manha;D09;IRRIG;IRRIG;0.0;True;;;;;;;;;;;;;;;;;;;;;;;;;;;;;;;;;;;;;;;;;;;;;;;;;;;;;;;;;;;;;;;;0.35139215229648424;0.2888200953380766;-0.09392206268338994;-0.20228658063271407;-0.29890696551425544;;;;;;;;;;;;;;;;;
1;RandomForest;1036;B1_CD202_NIRR_REP_RECUP00000.asd;B1;CD202;NIRRIG;D09M;manha;D09;NIRRIG;NIRRIG;1.0;True;;;;;;;;;;;;;;;;;;;;;;;;;;;;;;;;;;;;;;;;;;;;;;;;;;;;;;;;;;;;;;;;0.4151742457831977;0.35889841803593475;0.0909772922967477;-0.012214895389738223;-0.10851057381867228;;;;;;;;;;;;;;;;;
1;RandomForest;1037;B1_CD202_NIRR_REP_RECUP00001.asd;B1;CD202;NIRRIG;D09M;manha;D09;NIRRIG;NIRRIG;1.0;True;;;;;;;;;;;;;;;;;;;;;;;;;;;;;;;;;;;;;;;;;;;;;;;;;;;;;;;;;;;;;;;;0.4170624310610407;0.35965478194899153;0.09250765955463028;-0.010526957236009254;-0.10659887028987379;;;;;;;;;;;;;;;;;
1;RandomForest;1038;B1_CD202_NIRR_REP_RECUP00002.asd;B1;CD202;NIRRIG;D09M;manha;D09;NIRRIG;NIRRIG;1.0;True;;;;;;;;;;;;;;;;;;;;;;;;;;;;;;;;;;;;;;;;;;;;;;;;;;;;;;;;;;;;;;;;0.4183875549521639;0.36149196790258525;0.09486382320370189;-0.007427790538041257;-0.1033926668746845;;;;;;;;;;;;;;;;;
1;RandomForest;1039;B1_CD202_NIRR_REP_RECUP00003.asd;B1;CD202;NIRRIG;D09M;manha;D09;NIRRIG;NIRRIG;1.0;True;;;;;;;;;;;;;;;;;;;;;;;;;;;;;;;;;;;;;;;;;;;;;;;;;;;;;;;;;;;;;;;;0.4185169105550254;0.36173571101528207;0.09697258034186262;-0.005156395052343363;-0.10062637272903127;;;;;;;;;;;;;;;;;
1;RandomForest;1040;B1_CD202_NIRR_REP_RECUP00004.asd;B1;CD202;NIRRIG;D09M;manha;D09;NIRRIG;NIRRIG;1.0;True;;;;;;;;;;;;;;;;;;;;;;;;;;;;;;;;;;;;;;;;;;;;;;;;;;;;;;;;;;;;;;;;0.3841687013435779;0.3268595209933945;0.03625598051754695;-0.06448630497171892;-0.15845677979121614;;;;;;;;;;;;;;;;;
1;RandomForest;1041;B1_CD202_NIRR_REP_RECUP00005.asd;B1;CD202;NIRRIG;D09M;manha;D09;NIRRIG;NIRRIG;1.0;True;;;;;;;;;;;;;;;;;;;;;;;;;;;;;;;;;;;;;;;;;;;;;;;;;;;;;;;;;;;;;;;;0.3826901483339147;0.3257979750727271;0.038274020396409585;-0.06261304724380339;-0.15644066635052215;;;;;;;;;;;;;;;;;
1;RandomForest;1042;B1_CD202_NIRR_REP_RECUP00006.asd;B1;CD202;NIRRIG;D09M;manha;D09;NIRRIG;NIRRIG;1.0;True;;;;;;;;;;;;;;;;;;;;;;;;;;;;;;;;;;;;;;;;;;;;;;;;;;;;;;;;;;;;;;;;0.38521100906799266;0.32913047914088106;0.04149573289503883;-0.0589872235047673;-0.15291292066882495;;;;;;;;;;;;;;;;;
1;RandomForest;1043;B1_CD202_NIRR_REP_RECUP00007.asd;B1;CD202;NIRRIG;D09M;manha;D09;NIRRIG;NIRRIG;1.0;True;;;;;;;;;;;;;;;;;;;;;;;;;;;;;;;;;;;;;;;;;;;;;;;;;;;;;;;;;;;;;;;;0.3882897961334688;0.3299807081557488;0.042021155126847926;-0.05769841496456264;-0.15103517728495686;;;;;;;;;;;;;;;;;
2;PLS-DA;1076;B4_CD202_IRR_REP_RECUP00000.asd;B4;CD202;IRRIG;D09M;manha;D09;IRRIG;IRRIG;0.42692379176956036;True;;;;;;;;;;;;;;;;;;;;;;;;;;;;;;;;;;;;;;;;;;;;;;;;;;;;;;;;;;;;;;;;0.3592452484507708;0.29921338320793806;-0.05671639314208095;-0.1651816151329574;-0.2628830200160419;;;;;;;;;;;;;;;;;
2;PLS-DA;1077;B4_CD202_IRR_REP_RECUP00001.asd;B4;CD202;IRRIG;D09M;manha;D09;IRRIG;IRRIG;0.42745895203342077;True;;;;;;;;;;;;;;;;;;;;;;;;;;;;;;;;;;;;;;;;;;;;;;;;;;;;;;;;;;;;;;;;0.3575493982328475;0.2968027662226303;-0.05860351764874559;-0.16722949303681717;-0.26462653230610844;;;;;;;;;;;;;;;;;
2;PLS-DA;1078;B4_CD202_IRR_REP_RECUP00002.asd;B4;CD202;IRRIG;D09M;manha;D09;IRRIG;IRRIG;0.43134088031811674;True;;;;;;;;;;;;;;;;;;;;;;;;;;;;;;;;;;;;;;;;;;;;;;;;;;;;;;;;;;;;;;;;0.3540643150964029;0.294514555073282;-0.060267717191894776;-0.16882816511018925;-0.26648884751282204;;;;;;;;;;;;;;;;;
2;PLS-DA;1079;B4_CD202_IRR_REP_RECUP00003.asd;B4;CD202;IRRIG;D09M;manha;D09;IRRIG;IRRIG;0.434396061510887;True;;;;;;;;;;;;;;;;;;;;;;;;;;;;;;;;;;;;;;;;;;;;;;;;;;;;;;;;;;;;;;;;0.3517749082397695;0.29152863672789436;-0.061479667524884124;-0.1704681857893375;-0.26789302868769177;;;;;;;;;;;;;;;;;
2;PLS-DA;1080;B4_CD202_IRR_REP_RECUP00004.asd;B4;CD202;IRRIG;D09M;manha;D09;IRRIG;IRRIG;0.4416544805822039;True;;;;;;;;;;;;;;;;;;;;;;;;;;;;;;;;;;;;;;;;;;;;;;;;;;;;;;;;;;;;;;;;0.3292259069459357;0.27084681352328077;-0.08595582028919002;-0.1917186828883387;-0.28585937449129417;;;;;;;;;;;;;;;;;
2;PLS-DA;1081;B4_CD202_IRR_REP_RECUP00005.asd;B4;CD202;IRRIG;D09M;manha;D09;IRRIG;IRRIG;0.43816071953478003;True;;;;;;;;;;;;;;;;;;;;;;;;;;;;;;;;;;;;;;;;;;;;;;;;;;;;;;;;;;;;;;;;0.32853118714746155;0.2695232172178957;-0.08813621768191489;-0.194088067773493;-0.2888664168601458;;;;;;;;;;;;;;;;;
2;PLS-DA;1082;B4_CD202_IRR_REP_RECUP00006.asd;B4;CD202;IRRIG;D09M;manha;D09;IRRIG;IRRIG;0.43215586528374644;True;;;;;;;;;;;;;;;;;;;;;;;;;;;;;;;;;;;;;;;;;;;;;;;;;;;;;;;;;;;;;;;;0.33097906290104373;0.27255548308582733;-0.08789772848733404;-0.19378621321250858;-0.2886469052348338;;;;;;;;;;;;;;;;;
2;PLS-DA;1083;B4_CD202_IRR_REP_RECUP00007.asd;B4;CD202;IRRIG;D09M;manha;D09;IRRIG;IRRIG;0.4241430873820499;True;;;;;;;;;;;;;;;;;;;;;;;;;;;;;;;;;;;;;;;;;;;;;;;;;;;;;;;;;;;;;;;;0.3327490716631204;0.2734991302824775;-0.0896477064088991;-0.19580233142610565;-0.29056086745634957;;;;;;;;;;;;;;;;;
2;PLS-DA;1084;B4_CD202_NIRR_REP_RECUP00000.asd;B4;CD202;NIRRIG;D09M;manha;D09;NIRRIG;NIRRIG;0.6668562666614005;True;;;;;;;;;;;;;;;;;;;;;;;;;;;;;;;;;;;;;;;;;;;;;;;;;;;;;;;;;;;;;;;;0.32941631683375255;0.2685523522021552;0.016831131201359668;-0.09034218657755576;-0.18814212155753815;;;;;;;;;;;;;;;;;
2;PLS-DA;1085;B4_CD202_NIRR_REP_RECUP00001.asd;B4;CD202;NIRRIG;D09M;manha;D09;NIRRIG;NIRRIG;0.6541552878230372;True;;;;;;;;;;;;;;;;;;;;;;;;;;;;;;;;;;;;;;;;;;;;;;;;;;;;;;;;;;;;;;;;0.33885133913833104;0.27886135888993435;0.02124818782427373;-0.08571566849100201;-0.18346091493664488;;;;;;;;;;;;;;;;;
2;PLS-DA;1086;B4_CD202_NIRR_REP_RECUP00002.asd;B4;CD202;NIRRIG;D09M;manha;D09;NIRRIG;NIRRIG;0.6667893311570865;True;;;;;;;;;;;;;;;;;;;;;;;;;;;;;;;;;;;;;;;;;;;;;;;;;;;;;;;;;;;;;;;;0.3368642560612682;0.27795702845541304;0.0251139925979222;-0.08134696074950999;-0.17878391372003288;;;;;;;;;;;;;;;;;
2;PLS-DA;1087;B4_CD202_NIRR_REP_RECUP00003.asd;B4;CD202;NIRRIG;D09M;manha;D09;NIRRIG;NIRRIG;0.675260560160613;True;;;;;;;;;;;;;;;;;;;;;;;;;;;;;;;;;;;;;;;;;;;;;;;;;;;;;;;;;;;;;;;;0.33633440214249116;0.27616209878546677;0.02789325484468042;-0.07817080285891922;-0.1753257247080209;;;;;;;;;;;;;;;;;
2;PLS-DA;1088;B4_CD202_NIRR_REP_RECUP00004.asd;B4;CD202;NIRRIG;D09M;manha;D09;NIRRIG;NIRRIG;0.6593887276665391;True;;;;;;;;;;;;;;;;;;;;;;;;;;;;;;;;;;;;;;;;;;;;;;;;;;;;;;;;;;;;;;;;0.39310463947087204;0.3377812332731069;0.08089475022241881;-0.02112437185198044;-0.11548492196085117;;;;;;;;;;;;;;;;;
2;PLS-DA;1089;B4_CD202_NIRR_REP_RECUP00005.asd;B4;CD202;NIRRIG;D09M;manha;D09;NIRRIG;NIRRIG;0.6769906404598769;True;;;;;;;;;;;;;;;;;;;;;;;;;;;;;;;;;;;;;;;;;;;;;;;;;;;;;;;;;;;;;;;;0.3871532439446189;0.33335852911677216;0.08274935469873662;-0.018594333362139857;-0.11215710945992781;;;;;;;;;;;;;;;;;
2;PLS-DA;1090;B4_CD202_NIRR_REP_RECUP00006.asd;B4;CD202;NIRRIG;D09M;manha;D09;NIRRIG;NIRRIG;0.6912056566956172;True;;;;;;;;;;;;;;;;;;;;;;;;;;;;;;;;;;;;;;;;;;;;;;;;;;;;;;;;;;;;;;;;0.37847936630393;0.3239544415030741;0.07862819065907177;-0.021278778933155912;-0.11358864889339665;;;;;;;;;;;;;;;;;
2;PLS-DA;1091;B4_CD202_NIRR_REP_RECUP00007.asd;B4;CD202;NIRRIG;D09M;manha;D09;NIRRIG;NIRRIG;0.6928980582252857;True;;;;;;;;;;;;;;;;;;;;;;;;;;;;;;;;;;;;;;;;;;;;;;;;;;;;;;;;;;;;;;;;0.3794209854305134;0.3246492909876924;0.08007684356350604;-0.019409292845412415;-0.11148272678596494;;;;;;;;;;;;;;;;;
2;RandomForest;1076;B4_CD202_IRR_REP_RECUP00000.asd;B4;CD202;IRRIG;D09M;manha;D09;IRRIG;IRRIG;0.004;True;;;;;;;;;;;;;;;;;;;;;;;;;;;;;;;;;;;;;;;;;;;;;;;;;;;;;;;;;;;;;;;;0.3592452484507708;0.29921338320793806;-0.05671639314208095;-0.1651816151329574;-0.2628830200160419;;;;;;;;;;;;;;;;;
2;RandomForest;1077;B4_CD202_IRR_REP_RECUP00001.asd;B4;CD202;IRRIG;D09M;manha;D09;IRRIG;IRRIG;0.004;True;;;;;;;;;;;;;;;;;;;;;;;;;;;;;;;;;;;;;;;;;;;;;;;;;;;;;;;;;;;;;;;;0.3575493982328475;0.2968027662226303;-0.05860351764874559;-0.16722949303681717;-0.26462653230610844;;;;;;;;;;;;;;;;;
2;RandomForest;1078;B4_CD202_IRR_REP_RECUP00002.asd;B4;CD202;IRRIG;D09M;manha;D09;IRRIG;IRRIG;0.0;True;;;;;;;;;;;;;;;;;;;;;;;;;;;;;;;;;;;;;;;;;;;;;;;;;;;;;;;;;;;;;;;;0.3540643150964029;0.294514555073282;-0.060267717191894776;-0.16882816511018925;-0.26648884751282204;;;;;;;;;;;;;;;;;
2;RandomForest;1079;B4_CD202_IRR_REP_RECUP00003.asd;B4;CD202;IRRIG;D09M;manha;D09;IRRIG;IRRIG;0.0;True;;;;;;;;;;;;;;;;;;;;;;;;;;;;;;;;;;;;;;;;;;;;;;;;;;;;;;;;;;;;;;;;0.3517749082397695;0.29152863672789436;-0.061479667524884124;-0.1704681857893375;-0.26789302868769177;;;;;;;;;;;;;;;;;
2;RandomForest;1080;B4_CD202_IRR_REP_RECUP00004.asd;B4;CD202;IRRIG;D09M;manha;D09;IRRIG;IRRIG;0.0;True;;;;;;;;;;;;;;;;;;;;;;;;;;;;;;;;;;;;;;;;;;;;;;;;;;;;;;;;;;;;;;;;0.3292259069459357;0.27084681352328077;-0.08595582028919002;-0.1917186828883387;-0.28585937449129417;;;;;;;;;;;;;;;;;
2;RandomForest;1081;B4_CD202_IRR_REP_RECUP00005.asd;B4;CD202;IRRIG;D09M;manha;D09;IRRIG;IRRIG;0.0;True;;;;;;;;;;;;;;;;;;;;;;;;;;;;;;;;;;;;;;;;;;;;;;;;;;;;;;;;;;;;;;;;0.32853118714746155;0.2695232172178957;-0.08813621768191489;-0.194088067773493;-0.2888664168601458;;;;;;;;;;;;;;;;;
2;RandomForest;1082;B4_CD202_IRR_REP_RECUP00006.asd;B4;CD202;IRRIG;D09M;manha;D09;IRRIG;IRRIG;0.0;True;;;;;;;;;;;;;;;;;;;;;;;;;;;;;;;;;;;;;;;;;;;;;;;;;;;;;;;;;;;;;;;;0.33097906290104373;0.27255548308582733;-0.08789772848733404;-0.19378621321250858;-0.2886469052348338;;;;;;;;;;;;;;;;;
2;RandomForest;1083;B4_CD202_IRR_REP_RECUP00007.asd;B4;CD202;IRRIG;D09M;manha;D09;IRRIG;IRRIG;0.0;True;;;;;;;;;;;;;;;;;;;;;;;;;;;;;;;;;;;;;;;;;;;;;;;;;;;;;;;;;;;;;;;;0.3327490716631204;0.2734991302824775;-0.0896477064088991;-0.19580233142610565;-0.29056086745634957;;;;;;;;;;;;;;;;;
2;RandomForest;1084;B4_CD202_NIRR_REP_RECUP00000.asd;B4;CD202;NIRRIG;D09M;manha;D09;NIRRIG;NIRRIG;0.906;True;;;;;;;;;;;;;;;;;;;;;;;;;;;;;;;;;;;;;;;;;;;;;;;;;;;;;;;;;;;;;;;;0.32941631683375255;0.2685523522021552;0.016831131201359668;-0.09034218657755576;-0.18814212155753815;;;;;;;;;;;;;;;;;
2;RandomForest;1085;B4_CD202_NIRR_REP_RECUP00001.asd;B4;CD202;NIRRIG;D09M;manha;D09;NIRRIG;NIRRIG;0.906;True;;;;;;;;;;;;;;;;;;;;;;;;;;;;;;;;;;;;;;;;;;;;;;;;;;;;;;;;;;;;;;;;0.33885133913833104;0.27886135888993435;0.02124818782427373;-0.08571566849100201;-0.18346091493664488;;;;;;;;;;;;;;;;;
2;RandomForest;1086;B4_CD202_NIRR_REP_RECUP00002.asd;B4;CD202;NIRRIG;D09M;manha;D09;NIRRIG;NIRRIG;0.906;True;;;;;;;;;;;;;;;;;;;;;;;;;;;;;;;;;;;;;;;;;;;;;;;;;;;;;;;;;;;;;;;;0.3368642560612682;0.27795702845541304;0.0251139925979222;-0.08134696074950999;-0.17878391372003288;;;;;;;;;;;;;;;;;
2;RandomForest;1087;B4_CD202_NIRR_REP_RECUP00003.asd;B4;CD202;NIRRIG;D09M;manha;D09;NIRRIG;NIRRIG;0.906;True;;;;;;;;;;;;;;;;;;;;;;;;;;;;;;;;;;;;;;;;;;;;;;;;;;;;;;;;;;;;;;;;0.33633440214249116;0.27616209878546677;0.02789325484468042;-0.07817080285891922;-0.1753257247080209;;;;;;;;;;;;;;;;;
2;RandomForest;1088;B4_CD202_NIRR_REP_RECUP00004.asd;B4;CD202;NIRRIG;D09M;manha;D09;NIRRIG;NIRRIG;1.0;True;;;;;;;;;;;;;;;;;;;;;;;;;;;;;;;;;;;;;;;;;;;;;;;;;;;;;;;;;;;;;;;;0.39310463947087204;0.3377812332731069;0.08089475022241881;-0.02112437185198044;-0.11548492196085117;;;;;;;;;;;;;;;;;
2;RandomForest;1089;B4_CD202_NIRR_REP_RECUP00005.asd;B4;CD202;NIRRIG;D09M;manha;D09;NIRRIG;NIRRIG;1.0;True;;;;;;;;;;;;;;;;;;;;;;;;;;;;;;;;;;;;;;;;;;;;;;;;;;;;;;;;;;;;;;;;0.3871532439446189;0.33335852911677216;0.08274935469873662;-0.018594333362139857;-0.11215710945992781;;;;;;;;;;;;;;;;;
2;RandomForest;1090;B4_CD202_NIRR_REP_RECUP00006.asd;B4;CD202;NIRRIG;D09M;manha;D09;NIRRIG;NIRRIG;1.0;True;;;;;;;;;;;;;;;;;;;;;;;;;;;;;;;;;;;;;;;;;;;;;;;;;;;;;;;;;;;;;;;;0.37847936630393;0.3239544415030741;0.07862819065907177;-0.021278778933155912;-0.11358864889339665;;;;;;;;;;;;;;;;;
2;RandomForest;1091;B4_CD202_NIRR_REP_RECUP00007.asd;B4;CD202;NIRRIG;D09M;manha;D09;NIRRIG;NIRRIG;1.0;True;;;;;;;;;;;;;;;;;;;;;;;;;;;;;;;;;;;;;;;;;;;;;;;;;;;;;;;;;;;;;;;;0.3794209854305134;0.3246492909876924;0.08007684356350604;-0.019409292845412415;-0.11148272678596494;;;;;;;;;;;;;;;;;
3;PLS-DA;1060;B3_CD202_IRR_REP_RECUP00000.asd;B3;CD202;IRRIG;D09M;manha;D09;IRRIG;IRRIG;0.34358149554590817;True;;;;;;;;;;;;;;;;;;;;;;;;;;;;;;;;;;;;;;;;;;;;;;;;;;;;;;;;;;;;;;;;0.33726874799506734;0.27580267236142797;-0.1195088007203519;-0.22546395648496903;-0.3194859953330827;;;;;;;;;;;;;;;;;
3;PLS-DA;1061;B3_CD202_IRR_REP_RECUP00001.asd;B3;CD202;IRRIG;D09M;manha;D09;IRRIG;IRRIG;0.35070367769428057;True;;;;;;;;;;;;;;;;;;;;;;;;;;;;;;;;;;;;;;;;;;;;;;;;;;;;;;;;;;;;;;;;0.3299263430460316;0.26849298672932514;-0.1214063747858016;-0.22743966252162856;-0.3217837011297037;;;;;;;;;;;;;;;;;
3;PLS-DA;1062;B3_CD202_IRR_REP_RECUP00002.asd;B3;CD202;IRRIG;D09M;manha;D09;IRRIG;IRRIG;0.35313062356557406;True;;;;;;;;;;;;;;;;;;;;;;;;;;;;;;;;;;;;;;;;;;;;;;;;;;;;;;;;;;;;;;;;0.3275392748992916;0.26666198360046206;-0.12200366737205763;-0.22782896523955282;-0.32214435999558894;;;;;;;;;;;;;;;;;
3;PLS-DA;1063;B3_CD202_IRR_REP_RECUP00003.asd;B3;CD202;IRRIG;D09M;manha;D09;IRRIG;IRRIG;0.3538710659197028;True;;;;;;;;;;;;;;;;;;;;;;;;;;;;;;;;;;;;;;;;;;;;;;;;;;;;;;;;;;;;;;;;0.3220819951562236;0.26080101616459805;-0.12623076356331808;-0.2320056243743784;-0.326375136634606;;;;;;;;;;;;;;;;;
3;PLS-DA;1064;B3_CD202_IRR_REP_RECUP00004.asd;B3;CD202;IRRIG;D09M;manha;D09;IRRIG;IRRIG;0.3917679890779705;True;;;;;;;;;;;;;;;;;;;;;;;;;;;;;;;;;;;;;;;;;;;;;;;;;;;;;;;;;;;;;;;;0.35187493562909017;0.28790475294123297;-0.08046223192159963;-0.18736692041032355;-0.2837201368808233;;;;;;;;;;;;;;;;;
3;PLS-DA;1065;B3_CD202_IRR_REP_RECUP00005.asd;B3;CD202;IRRIG;D09M;manha;D09;IRRIG;IRRIG;0.40323973281758263;True;;;;;;;;;;;;;;;;;;;;;;;;;;;;;;;;;;;;;;;;;;;;;;;;;;;;;;;;;;;;;;;;0.32652924867985955;0.2632232775979316;-0.09533751342935134;-0.2020782746510781;-0.2979982125595263;;;;;;;;;;;;;;;;;
3;PLS-DA;1066;B3_CD202_IRR_REP_RECUP00006.asd;B3;CD202;IRRIG;D09M;manha;D09;IRRIG;IRRIG;0.40635450162594244;True;;;;;;;;;;;;;;;;;;;;;;;;;;;;;;;;;;;;;;;;;;;;;;;;;;;;;;;;;;;;;;;;0.3228654077337966;0.2592734892122759;-0.09645606456400005;-0.20357159194613852;-0.29979510099475515;;;;;;;;;;;;;;;;;
3;PLS-DA;1067;B3_CD202_IRR_REP_RECUP00007.asd;B3;CD202;IRRIG;D09M;manha;D09;IRRIG;IRRIG;0.40539078164430464;True;;;;;;;;;;;;;;;;;;;;;;;;;;;;;;;;;;;;;;;;;;;;;;;;;;;;;;;;;;;;;;;;0.3232141814193753;0.2591302008733202;-0.09703284319934097;-0.20393601651389978;-0.29995123546993147;;;;;;;;;;;;;;;;;
3;PLS-DA;1068;B3_CD202_NIRR_REP_RECUP00000.asd;B3;CD202;NIRRIG;D09M;manha;D09;NIRRIG;NIRRIG;0.5716974264017312;True;;;;;;;;;;;;;;;;;;;;;;;;;;;;;;;;;;;;;;;;;;;;;;;;;;;;;;;;;;;;;;;;0.3560186130760195;0.2985323405176629;0.009682592957220529;-0.08837013638670688;-0.17888329136544504;;;;;;;;;;;;;;;;;
3;PLS-DA;1069;B3_CD202_NIRR_REP_RECUP00001.asd;B3;CD202;NIRRIG;D09M;manha;D09;NIRRIG;NIRRIG;0.574689497016427;True;;;;;;;;;;;;;;;;;;;;;;;;;;;;;;;;;;;;;;;;;;;;;;;;;;;;;;;;;;;;;;;;0.36592828296937036;0.3090989680562429;0.020046832538769054;-0.07878867529383363;-0.1690635317053597;;;;;;;;;;;;;;;;;
3;PLS-DA;1070;B3_CD202_NIRR_REP_RECUP00002.asd;B3;CD202;NIRRIG;D09M;manha;D09;NIRRIG;NIRRIG;0.5788696788387556;True;;;;;;;;;;;;;;;;;;;;;;;;;;;;;;;;;;;;;;;;;;;;;;;;;;;;;;;;;;;;;;;;0.36671578508863795;0.3124102869322224;0.023364850101476053;-0.07490747165338596;-0.16550668253344902;;;;;;;;;;;;;;;;;
3;PLS-DA;1071;B3_CD202_NIRR_REP_RECUP00003.asd;B3;CD202;NIRRIG;D09M;manha;D09;NIRRIG;NIRRIG;0.5811394610138858;True;;;;;;;;;;;;;;;;;;;;;;;;;;;;;;;;;;;;;;;;;;;;;;;;;;;;;;;;;;;;;;;;0.37032020633621593;0.3139704675138642;0.0264047413936325;-0.07120853315815875;-0.1616041521164546;;;;;;;;;;;;;;;;;
3;PLS-DA;1072;B3_CD202_NIRR_REP_RECUP00004.asd;B3;CD202;NIRRIG;D09M;manha;D09;NIRRIG;NIRRIG;0.6351386819469622;True;;;;;;;;;;;;;;;;;;;;;;;;;;;;;;;;;;;;;;;;;;;;;;;;;;;;;;;;;;;;;;;;0.4292248860986961;0.3785414134664462;0.10187572986916582;0.008203194191166061;-0.07904960519383637;;;;;;;;;;;;;;;;;
3;PLS-DA;1073;B3_CD202_NIRR_REP_RECUP00005.asd;B3;CD202;NIRRIG;D09M;manha;D09;NIRRIG;NIRRIG;0.6308970709107898;True;;;;;;;;;;;;;;;;;;;;;;;;;;;;;;;;;;;;;;;;;;;;;;;;;;;;;;;;;;;;;;;;0.42359233247462524;0.3731431849969979;0.09465260319746033;0.0010751428731312275;-0.08537334457378046;;;;;;;;;;;;;;;;;
3;PLS-DA;1074;B3_CD202_NIRR_REP_RECUP00006.asd;B3;CD202;NIRRIG;D09M;manha;D09;NIRRIG;NIRRIG;0.6355592753753433;True;;;;;;;;;;;;;;;;;;;;;;;;;;;;;;;;;;;;;;;;;;;;;;;;;;;;;;;;;;;;;;;;0.42434718628172813;0.37380399423946814;0.09736195758419058;0.004383263411590471;-0.08194636974463249;;;;;;;;;;;;;;;;;
3;PLS-DA;1075;B3_CD202_NIRR_REP_RECUP00007.asd;B3;CD202;NIRRIG;D09M;manha;D09;NIRRIG;NIRRIG;0.6347921820204494;True;;;;;;;;;;;;;;;;;;;;;;;;;;;;;;;;;;;;;;;;;;;;;;;;;;;;;;;;;;;;;;;;0.42486830830841443;0.37406569260245703;0.09703000746898748;0.004312455913754845;-0.08174160913790479;;;;;;;;;;;;;;;;;
3;RandomForest;1060;B3_CD202_IRR_REP_RECUP00000.asd;B3;CD202;IRRIG;D09M;manha;D09;IRRIG;IRRIG;0.0;True;;;;;;;;;;;;;;;;;;;;;;;;;;;;;;;;;;;;;;;;;;;;;;;;;;;;;;;;;;;;;;;;0.33726874799506734;0.27580267236142797;-0.1195088007203519;-0.22546395648496903;-0.3194859953330827;;;;;;;;;;;;;;;;;
3;RandomForest;1061;B3_CD202_IRR_REP_RECUP00001.asd;B3;CD202;IRRIG;D09M;manha;D09;IRRIG;IRRIG;0.0;True;;;;;;;;;;;;;;;;;;;;;;;;;;;;;;;;;;;;;;;;;;;;;;;;;;;;;;;;;;;;;;;;0.3299263430460316;0.26849298672932514;-0.1214063747858016;-0.22743966252162856;-0.3217837011297037;;;;;;;;;;;;;;;;;
3;RandomForest;1062;B3_CD202_IRR_REP_RECUP00002.asd;B3;CD202;IRRIG;D09M;manha;D09;IRRIG;IRRIG;0.0;True;;;;;;;;;;;;;;;;;;;;;;;;;;;;;;;;;;;;;;;;;;;;;;;;;;;;;;;;;;;;;;;;0.3275392748992916;0.26666198360046206;-0.12200366737205763;-0.22782896523955282;-0.32214435999558894;;;;;;;;;;;;;;;;;
3;RandomForest;1063;B3_CD202_IRR_REP_RECUP00003.asd;B3;CD202;IRRIG;D09M;manha;D09;IRRIG;IRRIG;0.0;True;;;;;;;;;;;;;;;;;;;;;;;;;;;;;;;;;;;;;;;;;;;;;;;;;;;;;;;;;;;;;;;;0.3220819951562236;0.26080101616459805;-0.12623076356331808;-0.2320056243743784;-0.326375136634606;;;;;;;;;;;;;;;;;
3;RandomForest;1064;B3_CD202_IRR_REP_RECUP00004.asd;B3;CD202;IRRIG;D09M;manha;D09;IRRIG;IRRIG;0.0;True;;;;;;;;;;;;;;;;;;;;;;;;;;;;;;;;;;;;;;;;;;;;;;;;;;;;;;;;;;;;;;;;0.35187493562909017;0.28790475294123297;-0.08046223192159963;-0.18736692041032355;-0.2837201368808233;;;;;;;;;;;;;;;;;
3;RandomForest;1065;B3_CD202_IRR_REP_RECUP00005.asd;B3;CD202;IRRIG;D09M;manha;D09;IRRIG;IRRIG;0.0;True;;;;;;;;;;;;;;;;;;;;;;;;;;;;;;;;;;;;;;;;;;;;;;;;;;;;;;;;;;;;;;;;0.32652924867985955;0.2632232775979316;-0.09533751342935134;-0.2020782746510781;-0.2979982125595263;;;;;;;;;;;;;;;;;
3;RandomForest;1066;B3_CD202_IRR_REP_RECUP00006.asd;B3;CD202;IRRIG;D09M;manha;D09;IRRIG;IRRIG;0.0;True;;;;;;;;;;;;;;;;;;;;;;;;;;;;;;;;;;;;;;;;;;;;;;;;;;;;;;;;;;;;;;;;0.3228654077337966;0.2592734892122759;-0.09645606456400005;-0.20357159194613852;-0.29979510099475515;;;;;;;;;;;;;;;;;
3;RandomForest;1067;B3_CD202_IRR_REP_RECUP00007.asd;B3;CD202;IRRIG;D09M;manha;D09;IRRIG;IRRIG;0.0;True;;;;;;;;;;;;;;;;;;;;;;;;;;;;;;;;;;;;;;;;;;;;;;;;;;;;;;;;;;;;;;;;0.3232141814193753;0.2591302008733202;-0.09703284319934097;-0.20393601651389978;-0.29995123546993147;;;;;;;;;;;;;;;;;
3;RandomForest;1068;B3_CD202_NIRR_REP_RECUP00000.asd;B3;CD202;NIRRIG;D09M;manha;D09;NIRRIG;NIRRIG;0.984;True;;;;;;;;;;;;;;;;;;;;;;;;;;;;;;;;;;;;;;;;;;;;;;;;;;;;;;;;;;;;;;;;0.3560186130760195;0.2985323405176629;0.009682592957220529;-0.08837013638670688;-0.17888329136544504;;;;;;;;;;;;;;;;;
3;RandomForest;1069;B3_CD202_NIRR_REP_RECUP00001.asd;B3;CD202;NIRRIG;D09M;manha;D09;NIRRIG;NIRRIG;0.984;True;;;;;;;;;;;;;;;;;;;;;;;;;;;;;;;;;;;;;;;;;;;;;;;;;;;;;;;;;;;;;;;;0.36592828296937036;0.3090989680562429;0.020046832538769054;-0.07878867529383363;-0.1690635317053597;;;;;;;;;;;;;;;;;
3;RandomForest;1070;B3_CD202_NIRR_REP_RECUP00002.asd;B3;CD202;NIRRIG;D09M;manha;D09;NIRRIG;NIRRIG;0.984;True;;;;;;;;;;;;;;;;;;;;;;;;;;;;;;;;;;;;;;;;;;;;;;;;;;;;;;;;;;;;;;;;0.36671578508863795;0.3124102869322224;0.023364850101476053;-0.07490747165338596;-0.16550668253344902;;;;;;;;;;;;;;;;;
3;RandomForest;1071;B3_CD202_NIRR_REP_RECUP00003.asd;B3;CD202;NIRRIG;D09M;manha;D09;NIRRIG;NIRRIG;0.984;True;;;;;;;;;;;;;;;;;;;;;;;;;;;;;;;;;;;;;;;;;;;;;;;;;;;;;;;;;;;;;;;;0.37032020633621593;0.3139704675138642;0.0264047413936325;-0.07120853315815875;-0.1616041521164546;;;;;;;;;;;;;;;;;
3;RandomForest;1072;B3_CD202_NIRR_REP_RECUP00004.asd;B3;CD202;NIRRIG;D09M;manha;D09;NIRRIG;NIRRIG;1.0;True;;;;;;;;;;;;;;;;;;;;;;;;;;;;;;;;;;;;;;;;;;;;;;;;;;;;;;;;;;;;;;;;0.4292248860986961;0.3785414134664462;0.10187572986916582;0.008203194191166061;-0.07904960519383637;;;;;;;;;;;;;;;;;
3;RandomForest;1073;B3_CD202_NIRR_REP_RECUP00005.asd;B3;CD202;NIRRIG;D09M;manha;D09;NIRRIG;NIRRIG;1.0;True;;;;;;;;;;;;;;;;;;;;;;;;;;;;;;;;;;;;;;;;;;;;;;;;;;;;;;;;;;;;;;;;0.42359233247462524;0.3731431849969979;0.09465260319746033;0.0010751428731312275;-0.08537334457378046;;;;;;;;;;;;;;;;;
3;RandomForest;1074;B3_CD202_NIRR_REP_RECUP00006.asd;B3;CD202;NIRRIG;D09M;manha;D09;NIRRIG;NIRRIG;1.0;True;;;;;;;;;;;;;;;;;;;;;;;;;;;;;;;;;;;;;;;;;;;;;;;;;;;;;;;;;;;;;;;;0.42434718628172813;0.37380399423946814;0.09736195758419058;0.004383263411590471;-0.08194636974463249;;;;;;;;;;;;;;;;;
3;RandomForest;1075;B3_CD202_NIRR_REP_RECUP00007.asd;B3;CD202;NIRRIG;D09M;manha;D09;NIRRIG;NIRRIG;1.0;True;;;;;;;;;;;;;;;;;;;;;;;;;;;;;;;;;;;;;;;;;;;;;;;;;;;;;;;;;;;;;;;;0.42486830830841443;0.37406569260245703;0.09703000746898748;0.004312455913754845;-0.08174160913790479;;;;;;;;;;;;;;;;;
4;PLS-DA;1044;B2_CD202_IRR_REP_RECUP00000.asd;B2;CD202;IRRIG;D09M;manha;D09;IRRIG;IRRIG;0.4078920389592774;True;;;;;;;;;;;;;;;;;;;;;;;;;;;;;;;;;;;;;;;;;;;;;;;;;;;;;;;;;;;;;;;;0.3502950630303217;0.28353879631229634;-0.07611496260021068;-0.1855988295531641;-0.2845580602949219;;;;;;;;;;;;;;;;;
4;PLS-DA;1045;B2_CD202_IRR_REP_RECUP00001.asd;B2;CD202;IRRIG;D09M;manha;D09;IRRIG;IRRIG;0.4037709392318181;True;;;;;;;;;;;;;;;;;;;;;;;;;;;;;;;;;;;;;;;;;;;;;;;;;;;;;;;;;;;;;;;;0.35496747573290977;0.2884179398488801;-0.07398269705561528;-0.18398469216950541;-0.28301474216506606;;;;;;;;;;;;;;;;;
4;PLS-DA;1046;B2_CD202_IRR_REP_RECUP00002.asd;B2;CD202;IRRIG;D09M;manha;D09;IRRIG;IRRIG;0.38897084791868053;True;;;;;;;;;;;;;;;;;;;;;;;;;;;;;;;;;;;;;;;;;;;;;;;;;;;;;;;;;;;;;;;;0.35841252477061186;0.2922827808227639;-0.07912607417358071;-0.18905450475183852;-0.28794946650231135;;;;;;;;;;;;;;;;;
4;PLS-DA;1047;B2_CD202_IRR_REP_RECUP00003.asd;B2;CD202;IRRIG;D09M;manha;D09;IRRIG;IRRIG;0.3876055855408621;True;;;;;;;;;;;;;;;;;;;;;;;;;;;;;;;;;;;;;;;;;;;;;;;;;;;;;;;;;;;;;;;;0.3594873138414729;0.2924416351591858;-0.07914607505678734;-0.1891889018518623;-0.2883447814744085;;;;;;;;;;;;;;;;;
4;PLS-DA;1048;B2_CD202_IRR_REP_RECUP00004.asd;B2;CD202;IRRIG;D09M;manha;D09;IRRIG;IRRIG;0.45176790674255923;True;;;;;;;;;;;;;;;;;;;;;;;;;;;;;;;;;;;;;;;;;;;;;;;;;;;;;;;;;;;;;;;;0.3665203162195238;0.305492272982704;-0.0407370055104233;-0.14603601235896113;-0.2416761207251816;;;;;;;;;;;;;;;;;
4;PLS-DA;1049;B2_CD202_IRR_REP_RECUP00005.asd;B2;CD202;IRRIG;D09M;manha;D09;IRRIG;IRRIG;0.44578424791210447;True;;;;;;;;;;;;;;;;;;;;;;;;;;;;;;;;;;;;;;;;;;;;;;;;;;;;;;;;;;;;;;;;0.3649176133263351;0.30397126132890706;-0.04543502410737888;-0.15044699705040568;-0.2460202631276685;;;;;;;;;;;;;;;;;
4;PLS-DA;1050;B2_CD202_IRR_REP_RECUP00006.asd;B2;CD202;IRRIG;D09M;manha;D09;IRRIG;IRRIG;0.44093806723235096;True;;;;;;;;;;;;;;;;;;;;;;;;;;;;;;;;;;;;;;;;;;;;;;;;;;;;;;;;;;;;;;;;0.36667871634191246;0.3048889580493415;-0.04669234309905594;-0.15192912351810484;-0.24747200506353373;;;;;;;;;;;;;;;;;
4;PLS-DA;1051;B2_CD202_IRR_REP_RECUP00007.asd;B2;CD202;IRRIG;D09M;manha;D09;IRRIG;IRRIG;0.43672871022940285;True;;;;;;;;;;;;;;;;;;;;;;;;;;;;;;;;;;;;;;;;;;;;;;;;;;;;;;;;;;;;;;;;0.36431053962913507;0.3031696914600304;-0.05079709646462825;-0.15595855555626886;-0.2513237836816216;;;;;;;;;;;;;;;;;
4;PLS-DA;1052;B2_CD202_NIRR_REP_RECUP00000.asd;B2;CD202;NIRRIG;D09M;manha;D09;NIRRIG;NIRRIG;0.5859510680309862;True;;;;;;;;;;;;;;;;;;;;;;;;;;;;;;;;;;;;;;;;;;;;;;;;;;;;;;;;;;;;;;;;0.4121186905674934;0.35969184738382737;0.06407117741634952;-0.032598082044988784;-0.12248418736525533;;;;;;;;;;;;;;;;;
4;PLS-DA;1053;B2_CD202_NIRR_REP_RECUP00001.asd;B2;CD202;NIRRIG;D09M;manha;D09;NIRRIG;NIRRIG;0.6160036745841934;True;;;;;;;;;;;;;;;;;;;;;;;;;;;;;;;;;;;;;;;;;;;;;;;;;;;;;;;;;;;;;;;;0.41041601473281475;0.35789210846136527;0.0787582139483526;-0.017388939569726876;-0.10751017552116346;;;;;;;;;;;;;;;;;
4;PLS-DA;1054;B2_CD202_NIRR_REP_RECUP00002.asd;B2;CD202;NIRRIG;D09M;manha;D09;NIRRIG;NIRRIG;0.6228900870308316;True;;;;;;;;;;;;;;;;;;;;;;;;;;;;;;;;;;;;;;;;;;;;;;;;;;;;;;;;;;;;;;;;0.41213218132409324;0.359012465400296;0.08360192068972314;-0.012346025666712671;-0.10221652434961528;;;;;;;;;;;;;;;;;
4;PLS-DA;1055;B2_CD202_NIRR_REP_RECUP00003.asd;B2;CD202;NIRRIG;D09M;manha;D09;NIRRIG;NIRRIG;0.6290056414159958;True;;;;;;;;;;;;;;;;;;;;;;;;;;;;;;;;;;;;;;;;;;;;;;;;;;;;;;;;;;;;;;;;0.41051509679369086;0.3586513195286934;0.08538256480301734;-0.00966838396973371;-0.09908967254327113;;;;;;;;;;;;;;;;;
4;PLS-DA;1056;B2_CD202_NIRR_REP_RECUP00004.asd;B2;CD202;NIRRIG;D09M;manha;D09;NIRRIG;NIRRIG;0.5835042620245904;True;;;;;;;;;;;;;;;;;;;;;;;;;;;;;;;;;;;;;;;;;;;;;;;;;;;;;;;;;;;;;;;;0.3805192011740308;0.3296272399553257;0.03261990866193021;-0.05974215007351034;-0.14574044626933588;;;;;;;;;;;;;;;;;
4;PLS-DA;1057;B2_CD202_NIRR_REP_RECUP00005.asd;B2;CD202;NIRRIG;D09M;manha;D09;NIRRIG;NIRRIG;0.5837441658326717;True;;;;;;;;;;;;;;;;;;;;;;;;;;;;;;;;;;;;;;;;;;;;;;;;;;;;;;;;;;;;;;;;0.3818145570399937;0.3324705522513653;0.03415003019307508;-0.057947904817127256;-0.1437098582357351;;;;;;;;;;;;;;;;;
4;PLS-DA;1058;B2_CD202_NIRR_REP_RECUP00006.asd;B2;CD202;NIRRIG;D09M;manha;D09;NIRRIG;NIRRIG;0.5870126402749102;True;;;;;;;;;;;;;;;;;;;;;;;;;;;;;;;;;;;;;;;;;;;;;;;;;;;;;;;;;;;;;;;;0.38304815645282403;0.3354789193954094;0.037319640954163645;-0.05480255667044649;-0.1396668827877156;;;;;;;;;;;;;;;;;
4;PLS-DA;1059;B2_CD202_NIRR_REP_RECUP00007.asd;B2;CD202;NIRRIG;D09M;manha;D09;NIRRIG;NIRRIG;0.5887539982373856;True;;;;;;;;;;;;;;;;;;;;;;;;;;;;;;;;;;;;;;;;;;;;;;;;;;;;;;;;;;;;;;;;0.3847606059338013;0.33702100908092447;0.03922458968171557;-0.05219717651323379;-0.13719412116313373;;;;;;;;;;;;;;;;;
4;RandomForest;1044;B2_CD202_IRR_REP_RECUP00000.asd;B2;CD202;IRRIG;D09M;manha;D09;IRRIG;IRRIG;0.0;True;;;;;;;;;;;;;;;;;;;;;;;;;;;;;;;;;;;;;;;;;;;;;;;;;;;;;;;;;;;;;;;;0.3502950630303217;0.28353879631229634;-0.07611496260021068;-0.1855988295531641;-0.2845580602949219;;;;;;;;;;;;;;;;;
4;RandomForest;1045;B2_CD202_IRR_REP_RECUP00001.asd;B2;CD202;IRRIG;D09M;manha;D09;IRRIG;IRRIG;0.0;True;;;;;;;;;;;;;;;;;;;;;;;;;;;;;;;;;;;;;;;;;;;;;;;;;;;;;;;;;;;;;;;;0.35496747573290977;0.2884179398488801;-0.07398269705561528;-0.18398469216950541;-0.28301474216506606;;;;;;;;;;;;;;;;;
4;RandomForest;1046;B2_CD202_IRR_REP_RECUP00002.asd;B2;CD202;IRRIG;D09M;manha;D09;IRRIG;IRRIG;0.0;True;;;;;;;;;;;;;;;;;;;;;;;;;;;;;;;;;;;;;;;;;;;;;;;;;;;;;;;;;;;;;;;;0.35841252477061186;0.2922827808227639;-0.07912607417358071;-0.18905450475183852;-0.28794946650231135;;;;;;;;;;;;;;;;;
4;RandomForest;1047;B2_CD202_IRR_REP_RECUP00003.asd;B2;CD202;IRRIG;D09M;manha;D09;IRRIG;IRRIG;0.0;True;;;;;;;;;;;;;;;;;;;;;;;;;;;;;;;;;;;;;;;;;;;;;;;;;;;;;;;;;;;;;;;;0.3594873138414729;0.2924416351591858;-0.07914607505678734;-0.1891889018518623;-0.2883447814744085;;;;;;;;;;;;;;;;;
4;RandomForest;1048;B2_CD202_IRR_REP_RECUP00004.asd;B2;CD202;IRRIG;D09M;manha;D09;IRRIG;IRRIG;0.03;True;;;;;;;;;;;;;;;;;;;;;;;;;;;;;;;;;;;;;;;;;;;;;;;;;;;;;;;;;;;;;;;;0.3665203162195238;0.305492272982704;-0.0407370055104233;-0.14603601235896113;-0.2416761207251816;;;;;;;;;;;;;;;;;
4;RandomForest;1049;B2_CD202_IRR_REP_RECUP00005.asd;B2;CD202;IRRIG;D09M;manha;D09;IRRIG;IRRIG;0.008;True;;;;;;;;;;;;;;;;;;;;;;;;;;;;;;;;;;;;;;;;;;;;;;;;;;;;;;;;;;;;;;;;0.3649176133263351;0.30397126132890706;-0.04543502410737888;-0.15044699705040568;-0.2460202631276685;;;;;;;;;;;;;;;;;
4;RandomForest;1050;B2_CD202_IRR_REP_RECUP00006.asd;B2;CD202;IRRIG;D09M;manha;D09;IRRIG;IRRIG;0.018;True;;;;;;;;;;;;;;;;;;;;;;;;;;;;;;;;;;;;;;;;;;;;;;;;;;;;;;;;;;;;;;;;0.36667871634191246;0.3048889580493415;-0.04669234309905594;-0.15192912351810484;-0.24747200506353373;;;;;;;;;;;;;;;;;
4;RandomForest;1051;B2_CD202_IRR_REP_RECUP00007.asd;B2;CD202;IRRIG;D09M;manha;D09;IRRIG;IRRIG;0.008;True;;;;;;;;;;;;;;;;;;;;;;;;;;;;;;;;;;;;;;;;;;;;;;;;;;;;;;;;;;;;;;;;0.36431053962913507;0.3031696914600304;-0.05079709646462825;-0.15595855555626886;-0.2513237836816216;;;;;;;;;;;;;;;;;
4;RandomForest;1052;B2_CD202_NIRR_REP_RECUP00000.asd;B2;CD202;NIRRIG;D09M;manha;D09;NIRRIG;NIRRIG;1.0;True;;;;;;;;;;;;;;;;;;;;;;;;;;;;;;;;;;;;;;;;;;;;;;;;;;;;;;;;;;;;;;;;0.4121186905674934;0.35969184738382737;0.06407117741634952;-0.032598082044988784;-0.12248418736525533;;;;;;;;;;;;;;;;;
4;RandomForest;1053;B2_CD202_NIRR_REP_RECUP00001.asd;B2;CD202;NIRRIG;D09M;manha;D09;NIRRIG;NIRRIG;1.0;True;;;;;;;;;;;;;;;;;;;;;;;;;;;;;;;;;;;;;;;;;;;;;;;;;;;;;;;;;;;;;;;;0.41041601473281475;0.35789210846136527;0.0787582139483526;-0.017388939569726876;-0.10751017552116346;;;;;;;;;;;;;;;;;
4;RandomForest;1054;B2_CD202_NIRR_REP_RECUP00002.asd;B2;CD202;NIRRIG;D09M;manha;D09;NIRRIG;NIRRIG;1.0;True;;;;;;;;;;;;;;;;;;;;;;;;;;;;;;;;;;;;;;;;;;;;;;;;;;;;;;;;;;;;;;;;0.41213218132409324;0.359012465400296;0.08360192068972314;-0.012346025666712671;-0.10221652434961528;;;;;;;;;;;;;;;;;
4;RandomForest;1055;B2_CD202_NIRR_REP_RECUP00003.asd;B2;CD202;NIRRIG;D09M;manha;D09;NIRRIG;NIRRIG;1.0;True;;;;;;;;;;;;;;;;;;;;;;;;;;;;;;;;;;;;;;;;;;;;;;;;;;;;;;;;;;;;;;;;0.41051509679369086;0.3586513195286934;0.08538256480301734;-0.00966838396973371;-0.09908967254327113;;;;;;;;;;;;;;;;;
4;RandomForest;1056;B2_CD202_NIRR_REP_RECUP00004.asd;B2;CD202;NIRRIG;D09M;manha;D09;NIRRIG;NIRRIG;1.0;True;;;;;;;;;;;;;;;;;;;;;;;;;;;;;;;;;;;;;;;;;;;;;;;;;;;;;;;;;;;;;;;;0.3805192011740308;0.3296272399553257;0.03261990866193021;-0.05974215007351034;-0.14574044626933588;;;;;;;;;;;;;;;;;
4;RandomForest;1057;B2_CD202_NIRR_REP_RECUP00005.asd;B2;CD202;NIRRIG;D09M;manha;D09;NIRRIG;NIRRIG;1.0;True;;;;;;;;;;;;;;;;;;;;;;;;;;;;;;;;;;;;;;;;;;;;;;;;;;;;;;;;;;;;;;;;0.3818145570399937;0.3324705522513653;0.03415003019307508;-0.057947904817127256;-0.1437098582357351;;;;;;;;;;;;;;;;;
4;RandomForest;1058;B2_CD202_NIRR_REP_RECUP00006.asd;B2;CD202;NIRRIG;D09M;manha;D09;NIRRIG;NIRRIG;1.0;True;;;;;;;;;;;;;;;;;;;;;;;;;;;;;;;;;;;;;;;;;;;;;;;;;;;;;;;;;;;;;;;;0.38304815645282403;0.3354789193954094;0.037319640954163645;-0.05480255667044649;-0.1396668827877156;;;;;;;;;;;;;;;;;
4;RandomForest;1059;B2_CD202_NIRR_REP_RECUP00007.asd;B2;CD202;NIRRIG;D09M;manha;D09;NIRRIG;NIRRIG;1.0;True;;;;;;;;;;;;;;;;;;;;;;;;;;;;;;;;;;;;;;;;;;;;;;;;;;;;;;;;;;;;;;;;0.3847606059338013;0.33702100908092447;0.03922458968171557;-0.05219717651323379;-0.13719412116313373;;;;;;;;;;;;;;;;;
1;PLS-DA;1140;B4_EMB48_IRR_REP_RECUP00000.asd;B4;EMB48;IRRIG;D09M;manha;D09;IRRIG;IRRIG;0.3882156479181374;True;;;;;;;;;;;;;;;;;;;;;;;;;;;;;;;;;;;;;;;;;;;;;;;;;;;;;;;;;;;;;;;;;;;;;0.1759394202160304;-0.5425317243754545;0.4738035587290392;-0.9942747139454412;0.691091475892372;;;;;;;;;;;;
1;PLS-DA;1141;B4_EMB48_IRR_REP_RECUP00001.asd;B4;EMB48;IRRIG;D09M;manha;D09;IRRIG;IRRIG;0.41665431285236537;True;;;;;;;;;;;;;;;;;;;;;;;;;;;;;;;;;;;;;;;;;;;;;;;;;;;;;;;;;;;;;;;;;;;;;0.18989829032285993;-0.5311752109690885;0.4884228036044951;-0.9848876902261591;0.688685422437441;;;;;;;;;;;;
1;PLS-DA;1142;B4_EMB48_IRR_REP_RECUP00002.asd;B4;EMB48;IRRIG;D09M;manha;D09;IRRIG;IRRIG;0.4430276764248831;True;;;;;;;;;;;;;;;;;;;;;;;;;;;;;;;;;;;;;;;;;;;;;;;;;;;;;;;;;;;;;;;;;;;;;0.20521288919457112;-0.5190320420993669;0.5047064898263983;-0.9744172686519667;0.6842858085538502;;;;;;;;;;;;
1;PLS-DA;1143;B4_EMB48_IRR_REP_RECUP00003.asd;B4;EMB48;IRRIG;D09M;manha;D09;IRRIG;IRRIG;0.46681872783261286;True;;;;;;;;;;;;;;;;;;;;;;;;;;;;;;;;;;;;;;;;;;;;;;;;;;;;;;;;;;;;;;;;;;;;;0.22091463494815788;-0.5059628738308605;0.5214133840756162;-0.962839908522553;0.6790223340648996;;;;;;;;;;;;
1;PLS-DA;1144;B4_EMB48_IRR_REP_RECUP00004.asd;B4;EMB48;IRRIG;D09M;manha;D09;IRRIG;IRRIG;0.36435763730108706;True;;;;;;;;;;;;;;;;;;;;;;;;;;;;;;;;;;;;;;;;;;;;;;;;;;;;;;;;;;;;;;;;;;;;;0.18533864431012834;-0.543022407915584;0.49196793840841163;-0.9894115965816223;0.6728193641451813;;;;;;;;;;;;
1;PLS-DA;1145;B4_EMB48_IRR_REP_RECUP00005.asd;B4;EMB48;IRRIG;D09M;manha;D09;IRRIG;IRRIG;0.3782778083307864;True;;;;;;;;;;;;;;;;;;;;;;;;;;;;;;;;;;;;;;;;;;;;;;;;;;;;;;;;;;;;;;;;;;;;;0.19035685233101104;-0.5390677291193807;0.4973488493655267;-0.9860212610955523;0.6735285826697661;;;;;;;;;;;;
1;PLS-DA;1146;B4_EMB48_IRR_REP_RECUP00006.asd;B4;EMB48;IRRIG;D09M;manha;D09;IRRIG;IRRIG;0.39188508384910825;True;;;;;;;;;;;;;;;;;;;;;;;;;;;;;;;;;;;;;;;;;;;;;;;;;;;;;;;;;;;;;;;;;;;;;0.18662816379412034;-0.5437233691406574;0.4946060830055036;-0.9911271369494296;0.6800238024163554;;;;;;;;;;;;
1;PLS-DA;1147;B4_EMB48_IRR_REP_RECUP00007.asd;B4;EMB48;IRRIG;D09M;manha;D09;IRRIG;IRRIG;0.39175693137355244;True;;;;;;;;;;;;;;;;;;;;;;;;;;;;;;;;;;;;;;;;;;;;;;;;;;;;;;;;;;;;;;;;;;;;;0.18890462615235107;-0.5420364986174018;0.4967201374636173;-0.9892762699392709;0.6783128385539023;;;;;;;;;;;;
1;PLS-DA;1148;B4_EMB48_NIRR_REP_RECUP00000.asd;B4;EMB48;NIRRIG;D09M;manha;D09;NIRRIG;NIRRIG;0.5779536945488772;True;;;;;;;;;;;;;;;;;;;;;;;;;;;;;;;;;;;;;;;;;;;;;;;;;;;;;;;;;;;;;;;;;;;;;0.29066956486447565;-0.4039787602808976;0.5617549263616076;-0.8794052776793467;0.6794966797884178;;;;;;;;;;;;
1;PLS-DA;1149;B4_EMB48_NIRR_REP_RECUP00001.asd;B4;EMB48;NIRRIG;D09M;manha;D09;NIRRIG;NIRRIG;0.6063786948774587;True;;;;;;;;;;;;;;;;;;;;;;;;;;;;;;;;;;;;;;;;;;;;;;;;;;;;;;;;;;;;;;;;;;;;;0.3129565395130568;-0.3826650772940546;0.58112822863996;-0.8641854886178046;0.669266777439483;;;;;;;;;;;;
1;PLS-DA;1150;B4_EMB48_NIRR_REP_RECUP00002.asd;B4;EMB48;NIRRIG;D09M;manha;D09;NIRRIG;NIRRIG;0.6244627051546537;True;;;;;;;;;;;;;;;;;;;;;;;;;;;;;;;;;;;;;;;;;;;;;;;;;;;;;;;;;;;;;;;;;;;;;0.3213588488459699;-0.3743747303733743;0.5877973073231064;-0.8590014781099856;0.6678321162938932;;;;;;;;;;;;
1;PLS-DA;1151;B4_EMB48_NIRR_REP_RECUP00003.asd;B4;EMB48;NIRRIG;D09M;manha;D09;NIRRIG;NIRRIG;0.6314590770171638;True;;;;;;;;;;;;;;;;;;;;;;;;;;;;;;;;;;;;;;;;;;;;;;;;;;;;;;;;;;;;;;;;;;;;;0.3178428590536408;-0.3782139765695168;0.5829337569809911;-0.8640815106496968;0.6719588967414729;;;;;;;;;;;;
1;PLS-DA;1152;B4_EMB48_NIRR_REP_RECUP00004.asd;B4;EMB48;NIRRIG;D09M;manha;D09;NIRRIG;NIRRIG;0.6017081576233113;True;;;;;;;;;;;;;;;;;;;;;;;;;;;;;;;;;;;;;;;;;;;;;;;;;;;;;;;;;;;;;;;;;;;;;0.2818856597688706;-0.4276362442886781;0.5515530120441662;-0.923127537779301;0.6673066317447122;;;;;;;;;;;;
1;PLS-DA;1153;B4_EMB48_NIRR_REP_RECUP00005.asd;B4;EMB48;NIRRIG;D09M;manha;D09;NIRRIG;NIRRIG;0.6019111172953332;True;;;;;;;;;;;;;;;;;;;;;;;;;;;;;;;;;;;;;;;;;;;;;;;;;;;;;;;;;;;;;;;;;;;;;0.2826747515820123;-0.42740011603079325;0.5519484205649815;-0.9237277695354339;0.6658523491741841;;;;;;;;;;;;
1;PLS-DA;1154;B4_EMB48_NIRR_REP_RECUP00006.asd;B4;EMB48;NIRRIG;D09M;manha;D09;NIRRIG;NIRRIG;0.606360624742651;True;;;;;;;;;;;;;;;;;;;;;;;;;;;;;;;;;;;;;;;;;;;;;;;;;;;;;;;;;;;;;;;;;;;;;0.28686102808642633;-0.4239015966496854;0.5563117502748971;-0.9209845064098744;0.6635072545076403;;;;;;;;;;;;
1;PLS-DA;1155;B4_EMB48_NIRR_REP_RECUP00007.asd;B4;EMB48;NIRRIG;D09M;manha;D09;NIRRIG;NIRRIG;0.605606648502327;True;;;;;;;;;;;;;;;;;;;;;;;;;;;;;;;;;;;;;;;;;;;;;;;;;;;;;;;;;;;;;;;;;;;;;0.2798626725616242;-0.43128409100670884;0.5491802530551952;-0.9291304235920121;0.6671034045852213;;;;;;;;;;;;
1;RandomForest;1140;B4_EMB48_IRR_REP_RECUP00000.asd;B4;EMB48;IRRIG;D09M;manha;D09;IRRIG;IRRIG;0.042;True;;;;;;;;;;;;;;;;;;;;;;;;;;;;;;;;;;;;;;;;;;;;;;;;;;;;;;;;;;;;;;;;;;;;;0.1759394202160304;-0.5425317243754545;0.4738035587290392;-0.9942747139454412;0.691091475892372;;;;;;;;;;;;
1;RandomForest;1141;B4_EMB48_IRR_REP_RECUP00001.asd;B4;EMB48;IRRIG;D09M;manha;D09;IRRIG;IRRIG;0.056;True;;;;;;;;;;;;;;;;;;;;;;;;;;;;;;;;;;;;;;;;;;;;;;;;;;;;;;;;;;;;;;;;;;;;;0.18989829032285993;-0.5311752109690885;0.4884228036044951;-0.9848876902261591;0.688685422437441;;;;;;;;;;;;
1;RandomForest;1142;B4_EMB48_IRR_REP_RECUP00002.asd;B4;EMB48;IRRIG;D09M;manha;D09;IRRIG;IRRIG;0.018;True;;;;;;;;;;;;;;;;;;;;;;;;;;;;;;;;;;;;;;;;;;;;;;;;;;;;;;;;;;;;;;;;;;;;;0.20521288919457112;-0.5190320420993669;0.5047064898263983;-0.9744172686519667;0.6842858085538502;;;;;;;;;;;;
1;RandomForest;1143;B4_EMB48_IRR_REP_RECUP00003.asd;B4;EMB48;IRRIG;D09M;manha;D09;IRRIG;IRRIG;0.312;True;;;;;;;;;;;;;;;;;;;;;;;;;;;;;;;;;;;;;;;;;;;;;;;;;;;;;;;;;;;;;;;;;;;;;0.22091463494815788;-0.5059628738308605;0.5214133840756162;-0.962839908522553;0.6790223340648996;;;;;;;;;;;;
1;RandomForest;1144;B4_EMB48_IRR_REP_RECUP00004.asd;B4;EMB48;IRRIG;D09M;manha;D09;IRRIG;IRRIG;0.088;True;;;;;;;;;;;;;;;;;;;;;;;;;;;;;;;;;;;;;;;;;;;;;;;;;;;;;;;;;;;;;;;;;;;;;0.18533864431012834;-0.543022407915584;0.49196793840841163;-0.9894115965816223;0.6728193641451813;;;;;;;;;;;;
1;RandomForest;1145;B4_EMB48_IRR_REP_RECUP00005.asd;B4;EMB48;IRRIG;D09M;manha;D09;IRRIG;IRRIG;0.086;True;;;;;;;;;;;;;;;;;;;;;;;;;;;;;;;;;;;;;;;;;;;;;;;;;;;;;;;;;;;;;;;;;;;;;0.19035685233101104;-0.5390677291193807;0.4973488493655267;-0.9860212610955523;0.6735285826697661;;;;;;;;;;;;
1;RandomForest;1146;B4_EMB48_IRR_REP_RECUP00006.asd;B4;EMB48;IRRIG;D09M;manha;D09;IRRIG;IRRIG;0.018;True;;;;;;;;;;;;;;;;;;;;;;;;;;;;;;;;;;;;;;;;;;;;;;;;;;;;;;;;;;;;;;;;;;;;;0.18662816379412034;-0.5437233691406574;0.4946060830055036;-0.9911271369494296;0.6800238024163554;;;;;;;;;;;;
1;RandomForest;1147;B4_EMB48_IRR_REP_RECUP00007.asd;B4;EMB48;IRRIG;D09M;manha;D09;IRRIG;IRRIG;0.036;True;;;;;;;;;;;;;;;;;;;;;;;;;;;;;;;;;;;;;;;;;;;;;;;;;;;;;;;;;;;;;;;;;;;;;0.18890462615235107;-0.5420364986174018;0.4967201374636173;-0.9892762699392709;0.6783128385539023;;;;;;;;;;;;
1;RandomForest;1148;B4_EMB48_NIRR_REP_RECUP00000.asd;B4;EMB48;NIRRIG;D09M;manha;D09;NIRRIG;NIRRIG;0.53;True;;;;;;;;;;;;;;;;;;;;;;;;;;;;;;;;;;;;;;;;;;;;;;;;;;;;;;;;;;;;;;;;;;;;;0.29066956486447565;-0.4039787602808976;0.5617549263616076;-0.8794052776793467;0.6794966797884178;;;;;;;;;;;;
1;RandomForest;1149;B4_EMB48_NIRR_REP_RECUP00001.asd;B4;EMB48;NIRRIG;D09M;manha;D09;NIRRIG;NIRRIG;0.982;True;;;;;;;;;;;;;;;;;;;;;;;;;;;;;;;;;;;;;;;;;;;;;;;;;;;;;;;;;;;;;;;;;;;;;0.3129565395130568;-0.3826650772940546;0.58112822863996;-0.8641854886178046;0.669266777439483;;;;;;;;;;;;
1;RandomForest;1150;B4_EMB48_NIRR_REP_RECUP00002.asd;B4;EMB48;NIRRIG;D09M;manha;D09;NIRRIG;NIRRIG;0.984;True;;;;;;;;;;;;;;;;;;;;;;;;;;;;;;;;;;;;;;;;;;;;;;;;;;;;;;;;;;;;;;;;;;;;;0.3213588488459699;-0.3743747303733743;0.5877973073231064;-0.8590014781099856;0.6678321162938932;;;;;;;;;;;;
1;RandomForest;1151;B4_EMB48_NIRR_REP_RECUP00003.asd;B4;EMB48;NIRRIG;D09M;manha;D09;NIRRIG;NIRRIG;0.98;True;;;;;;;;;;;;;;;;;;;;;;;;;;;;;;;;;;;;;;;;;;;;;;;;;;;;;;;;;;;;;;;;;;;;;0.3178428590536408;-0.3782139765695168;0.5829337569809911;-0.8640815106496968;0.6719588967414729;;;;;;;;;;;;
1;RandomForest;1152;B4_EMB48_NIRR_REP_RECUP00004.asd;B4;EMB48;NIRRIG;D09M;manha;D09;NIRRIG;NIRRIG;0.724;True;;;;;;;;;;;;;;;;;;;;;;;;;;;;;;;;;;;;;;;;;;;;;;;;;;;;;;;;;;;;;;;;;;;;;0.2818856597688706;-0.4276362442886781;0.5515530120441662;-0.923127537779301;0.6673066317447122;;;;;;;;;;;;
1;RandomForest;1153;B4_EMB48_NIRR_REP_RECUP00005.asd;B4;EMB48;NIRRIG;D09M;manha;D09;NIRRIG;NIRRIG;0.728;True;;;;;;;;;;;;;;;;;;;;;;;;;;;;;;;;;;;;;;;;;;;;;;;;;;;;;;;;;;;;;;;;;;;;;0.2826747515820123;-0.42740011603079325;0.5519484205649815;-0.9237277695354339;0.6658523491741841;;;;;;;;;;;;
1;RandomForest;1154;B4_EMB48_NIRR_REP_RECUP00006.asd;B4;EMB48;NIRRIG;D09M;manha;D09;NIRRIG;NIRRIG;0.728;True;;;;;;;;;;;;;;;;;;;;;;;;;;;;;;;;;;;;;;;;;;;;;;;;;;;;;;;;;;;;;;;;;;;;;0.28686102808642633;-0.4239015966496854;0.5563117502748971;-0.9209845064098744;0.6635072545076403;;;;;;;;;;;;
1;RandomForest;1155;B4_EMB48_NIRR_REP_RECUP00007.asd;B4;EMB48;NIRRIG;D09M;manha;D09;NIRRIG;NIRRIG;0.716;True;;;;;;;;;;;;;;;;;;;;;;;;;;;;;;;;;;;;;;;;;;;;;;;;;;;;;;;;;;;;;;;;;;;;;0.2798626725616242;-0.43128409100670884;0.5491802530551952;-0.9291304235920121;0.6671034045852213;;;;;;;;;;;;
2;PLS-DA;1124;B3_EMB48_IRR_REP_RECUP00000.asd;B3;EMB48;IRRIG;D09M;manha;D09;IRRIG;IRRIG;0.3151467407114593;True;;;;;;;;;;;;;;;;;;;;;;;;;;;;;;;;;;;;;;;;;;;;;;;;;;;;;;;;;;;;;;;;;;;;;0.22292250620172926;-0.4889279101126515;0.5226858399131474;-0.9273451745109434;0.6641464167826756;;;;;;;;;;;;
2;PLS-DA;1125;B3_EMB48_IRR_REP_RECUP00001.asd;B3;EMB48;IRRIG;D09M;manha;D09;IRRIG;IRRIG;0.3414961169259434;True;;;;;;;;;;;;;;;;;;;;;;;;;;;;;;;;;;;;;;;;;;;;;;;;;;;;;;;;;;;;;;;;;;;;;0.23283104779379354;-0.48186524534801844;0.5335222235170545;-0.9223549407581043;0.6638977625467217;;;;;;;;;;;;
2;PLS-DA;1126;B3_EMB48_IRR_REP_RECUP00002.asd;B3;EMB48;IRRIG;D09M;manha;D09;IRRIG;IRRIG;0.35170673129177427;True;;;;;;;;;;;;;;;;;;;;;;;;;;;;;;;;;;;;;;;;;;;;;;;;;;;;;;;;;;;;;;;;;;;;;0.24079395113723773;-0.47536442821143227;0.5417064528023595;-0.9166271189929264;0.6614888734606015;;;;;;;;;;;;
2;PLS-DA;1127;B3_EMB48_IRR_REP_RECUP00003.asd;B3;EMB48;IRRIG;D09M;manha;D09;IRRIG;IRRIG;0.3464725649104759;True;;;;;;;;;;;;;;;;;;;;;;;;;;;;;;;;;;;;;;;;;;;;;;;;;;;;;;;;;;;;;;;;;;;;;0.2515692883466667;-0.4647391273689672;0.5518247503363846;-0.9057058014008619;0.6547189956392117;;;;;;;;;;;;
2;PLS-DA;1128;B3_EMB48_IRR_REP_RECUP00004.asd;B3;EMB48;IRRIG;D09M;manha;D09;IRRIG;IRRIG;0.3015526637255362;True;;;;;;;;;;;;;;;;;;;;;;;;;;;;;;;;;;;;;;;;;;;;;;;;;;;;;;;;;;;;;;;;;;;;;0.22842874339715818;-0.49200095476594413;0.5332378348982458;-0.9340217065495394;0.6473979950333294;;;;;;;;;;;;
2;PLS-DA;1129;B3_EMB48_IRR_REP_RECUP00005.asd;B3;EMB48;IRRIG;D09M;manha;D09;IRRIG;IRRIG;0.3170838404852453;True;;;;;;;;;;;;;;;;;;;;;;;;;;;;;;;;;;;;;;;;;;;;;;;;;;;;;;;;;;;;;;;;;;;;;0.23191136324433134;-0.4904841409166534;0.5370982387706759;-0.9329903423898078;0.649260646079996;;;;;;;;;;;;
2;PLS-DA;1130;B3_EMB48_IRR_REP_RECUP00006.asd;B3;EMB48;IRRIG;D09M;manha;D09;IRRIG;IRRIG;0.332295015171231;True;;;;;;;;;;;;;;;;;;;;;;;;;;;;;;;;;;;;;;;;;;;;;;;;;;;;;;;;;;;;;;;;;;;;;0.24276507309145348;-0.48006957362752917;0.5481962673777953;-0.9235408508610571;0.6475466497010197;;;;;;;;;;;;
2;PLS-DA;1131;B3_EMB48_IRR_REP_RECUP00007.asd;B3;EMB48;IRRIG;D09M;manha;D09;IRRIG;IRRIG;0.33951539729252855;True;;;;;;;;;;;;;;;;;;;;;;;;;;;;;;;;;;;;;;;;;;;;;;;;;;;;;;;;;;;;;;;;;;;;;0.24590677916681272;-0.47776804984968557;0.5512920641747251;-0.9215918110445265;0.6474677686031325;;;;;;;;;;;;
2;PLS-DA;1132;B3_EMB48_NIRR_REP_RECUP00000.asd;B3;EMB48;NIRRIG;D09M;manha;D09;NIRRIG;IRRIG;0.4470630234685354;False;;;;;;;;;;;;;;;;;;;;;;;;;;;;;;;;;;;;;;;;;;;;;;;;;;;;;;;;;;;;;;;;;;;;;0.3590289595797192;-0.34239264283166587;0.6338365620626772;-0.8092582550028756;0.6138245979531763;;;;;;;;;;;;
2;PLS-DA;1133;B3_EMB48_NIRR_REP_RECUP00001.asd;B3;EMB48;NIRRIG;D09M;manha;D09;NIRRIG;IRRIG;0.46875449133910396;False;;;;;;;;;;;;;;;;;;;;;;;;;;;;;;;;;;;;;;;;;;;;;;;;;;;;;;;;;;;;;;;;;;;;;0.3756775467805116;-0.3253924014126258;0.6483463151606059;-0.7942035341298396;0.6101037817299203;;;;;;;;;;;;
2;PLS-DA;1134;B3_EMB48_NIRR_REP_RECUP00002.asd;B3;EMB48;NIRRIG;D09M;manha;D09;NIRRIG;IRRIG;0.49981406092846803;False;;;;;;;;;;;;;;;;;;;;;;;;;;;;;;;;;;;;;;;;;;;;;;;;;;;;;;;;;;;;;;;;;;;;;0.38978451670024694;-0.3106848188968915;0.6610516642417069;-0.7826474972768174;0.6090932006804235;;;;;;;;;;;;
2;PLS-DA;1135;B3_EMB48_NIRR_REP_RECUP00003.asd;B3;EMB48;NIRRIG;D09M;manha;D09;NIRRIG;NIRRIG;0.5260777633361606;True;;;;;;;;;;;;;;;;;;;;;;;;;;;;;;;;;;;;;;;;;;;;;;;;;;;;;;;;;;;;;;;;;;;;;0.39841624830285816;-0.3007265620033878;0.6671799472309048;-0.7748218397211547;0.6110602568659206;;;;;;;;;;;;
2;PLS-DA;1136;B3_EMB48_NIRR_REP_RECUP00004.asd;B3;EMB48;NIRRIG;D09M;manha;D09;NIRRIG;NIRRIG;0.6163960517721662;True;;;;;;;;;;;;;;;;;;;;;;;;;;;;;;;;;;;;;;;;;;;;;;;;;;;;;;;;;;;;;;;;;;;;;0.2906688842954981;-0.43253457078919516;0.568441009288795;-0.9290465889420632;0.6525480356062173;;;;;;;;;;;;
2;PLS-DA;1137;B3_EMB48_NIRR_REP_RECUP00005.asd;B3;EMB48;NIRRIG;D09M;manha;D09;NIRRIG;NIRRIG;0.6324887320716608;True;;;;;;;;;;;;;;;;;;;;;;;;;;;;;;;;;;;;;;;;;;;;;;;;;;;;;;;;;;;;;;;;;;;;;0.29911257015109954;-0.42565618278311507;0.5761759758953403;-0.9243507323106358;0.6500778374863715;;;;;;;;;;;;
2;PLS-DA;1138;B3_EMB48_NIRR_REP_RECUP00006.asd;B3;EMB48;NIRRIG;D09M;manha;D09;NIRRIG;NIRRIG;0.6420531726990073;True;;;;;;;;;;;;;;;;;;;;;;;;;;;;;;;;;;;;;;;;;;;;;;;;;;;;;;;;;;;;;;;;;;;;;0.3045656781547077;-0.42113157656955724;0.5810451060804144;-0.9211691545860189;0.6483999279598597;;;;;;;;;;;;
2;PLS-DA;1139;B3_EMB48_NIRR_REP_RECUP00007.asd;B3;EMB48;NIRRIG;D09M;manha;D09;NIRRIG;NIRRIG;0.6535956816376336;True;;;;;;;;;;;;;;;;;;;;;;;;;;;;;;;;;;;;;;;;;;;;;;;;;;;;;;;;;;;;;;;;;;;;;0.30558817577606584;-0.4209995260456939;0.5817380689565044;-0.922628840829563;0.64933438528968;;;;;;;;;;;;
2;RandomForest;1124;B3_EMB48_IRR_REP_RECUP00000.asd;B3;EMB48;IRRIG;D09M;manha;D09;IRRIG;NIRRIG;0.602;False;;;;;;;;;;;;;;;;;;;;;;;;;;;;;;;;;;;;;;;;;;;;;;;;;;;;;;;;;;;;;;;;;;;;;0.22292250620172926;-0.4889279101126515;0.5226858399131474;-0.9273451745109434;0.6641464167826756;;;;;;;;;;;;
2;RandomForest;1125;B3_EMB48_IRR_REP_RECUP00001.asd;B3;EMB48;IRRIG;D09M;manha;D09;IRRIG;NIRRIG;0.966;False;;;;;;;;;;;;;;;;;;;;;;;;;;;;;;;;;;;;;;;;;;;;;;;;;;;;;;;;;;;;;;;;;;;;;0.23283104779379354;-0.48186524534801844;0.5335222235170545;-0.9223549407581043;0.6638977625467217;;;;;;;;;;;;
2;RandomForest;1126;B3_EMB48_IRR_REP_RECUP00002.asd;B3;EMB48;IRRIG;D09M;manha;D09;IRRIG;NIRRIG;0.954;False;;;;;;;;;;;;;;;;;;;;;;;;;;;;;;;;;;;;;;;;;;;;;;;;;;;;;;;;;;;;;;;;;;;;;0.24079395113723773;-0.47536442821143227;0.5417064528023595;-0.9166271189929264;0.6614888734606015;;;;;;;;;;;;
2;RandomForest;1127;B3_EMB48_IRR_REP_RECUP00003.asd;B3;EMB48;IRRIG;D09M;manha;D09;IRRIG;NIRRIG;0.888;False;;;;;;;;;;;;;;;;;;;;;;;;;;;;;;;;;;;;;;;;;;;;;;;;;;;;;;;;;;;;;;;;;;;;;0.2515692883466667;-0.4647391273689672;0.5518247503363846;-0.9057058014008619;0.6547189956392117;;;;;;;;;;;;
2;RandomForest;1128;B3_EMB48_IRR_REP_RECUP00004.asd;B3;EMB48;IRRIG;D09M;manha;D09;IRRIG;NIRRIG;0.95;False;;;;;;;;;;;;;;;;;;;;;;;;;;;;;;;;;;;;;;;;;;;;;;;;;;;;;;;;;;;;;;;;;;;;;0.22842874339715818;-0.49200095476594413;0.5332378348982458;-0.9340217065495394;0.6473979950333294;;;;;;;;;;;;
2;RandomForest;1129;B3_EMB48_IRR_REP_RECUP00005.asd;B3;EMB48;IRRIG;D09M;manha;D09;IRRIG;NIRRIG;0.94;False;;;;;;;;;;;;;;;;;;;;;;;;;;;;;;;;;;;;;;;;;;;;;;;;;;;;;;;;;;;;;;;;;;;;;0.23191136324433134;-0.4904841409166534;0.5370982387706759;-0.9329903423898078;0.649260646079996;;;;;;;;;;;;
2;RandomForest;1130;B3_EMB48_IRR_REP_RECUP00006.asd;B3;EMB48;IRRIG;D09M;manha;D09;IRRIG;NIRRIG;0.96;False;;;;;;;;;;;;;;;;;;;;;;;;;;;;;;;;;;;;;;;;;;;;;;;;;;;;;;;;;;;;;;;;;;;;;0.24276507309145348;-0.48006957362752917;0.5481962673777953;-0.9235408508610571;0.6475466497010197;;;;;;;;;;;;
2;RandomForest;1131;B3_EMB48_IRR_REP_RECUP00007.asd;B3;EMB48;IRRIG;D09M;manha;D09;IRRIG;NIRRIG;0.914;False;;;;;;;;;;;;;;;;;;;;;;;;;;;;;;;;;;;;;;;;;;;;;;;;;;;;;;;;;;;;;;;;;;;;;0.24590677916681272;-0.47776804984968557;0.5512920641747251;-0.9215918110445265;0.6474677686031325;;;;;;;;;;;;
2;RandomForest;1132;B3_EMB48_NIRR_REP_RECUP00000.asd;B3;EMB48;NIRRIG;D09M;manha;D09;NIRRIG;NIRRIG;1.0;True;;;;;;;;;;;;;;;;;;;;;;;;;;;;;;;;;;;;;;;;;;;;;;;;;;;;;;;;;;;;;;;;;;;;;0.3590289595797192;-0.34239264283166587;0.6338365620626772;-0.8092582550028756;0.6138245979531763;;;;;;;;;;;;
2;RandomForest;1133;B3_EMB48_NIRR_REP_RECUP00001.asd;B3;EMB48;NIRRIG;D09M;manha;D09;NIRRIG;NIRRIG;1.0;True;;;;;;;;;;;;;;;;;;;;;;;;;;;;;;;;;;;;;;;;;;;;;;;;;;;;;;;;;;;;;;;;;;;;;0.3756775467805116;-0.3253924014126258;0.6483463151606059;-0.7942035341298396;0.6101037817299203;;;;;;;;;;;;
2;RandomForest;1134;B3_EMB48_NIRR_REP_RECUP00002.asd;B3;EMB48;NIRRIG;D09M;manha;D09;NIRRIG;NIRRIG;1.0;True;;;;;;;;;;;;;;;;;;;;;;;;;;;;;;;;;;;;;;;;;;;;;;;;;;;;;;;;;;;;;;;;;;;;;0.38978451670024694;-0.3106848188968915;0.6610516642417069;-0.7826474972768174;0.6090932006804235;;;;;;;;;;;;
2;RandomForest;1135;B3_EMB48_NIRR_REP_RECUP00003.asd;B3;EMB48;NIRRIG;D09M;manha;D09;NIRRIG;NIRRIG;1.0;True;;;;;;;;;;;;;;;;;;;;;;;;;;;;;;;;;;;;;;;;;;;;;;;;;;;;;;;;;;;;;;;;;;;;;0.39841624830285816;-0.3007265620033878;0.6671799472309048;-0.7748218397211547;0.6110602568659206;;;;;;;;;;;;
2;RandomForest;1136;B3_EMB48_NIRR_REP_RECUP00004.asd;B3;EMB48;NIRRIG;D09M;manha;D09;NIRRIG;NIRRIG;0.928;True;;;;;;;;;;;;;;;;;;;;;;;;;;;;;;;;;;;;;;;;;;;;;;;;;;;;;;;;;;;;;;;;;;;;;0.2906688842954981;-0.43253457078919516;0.568441009288795;-0.9290465889420632;0.6525480356062173;;;;;;;;;;;;
2;RandomForest;1137;B3_EMB48_NIRR_REP_RECUP00005.asd;B3;EMB48;NIRRIG;D09M;manha;D09;NIRRIG;NIRRIG;0.998;True;;;;;;;;;;;;;;;;;;;;;;;;;;;;;;;;;;;;;;;;;;;;;;;;;;;;;;;;;;;;;;;;;;;;;0.29911257015109954;-0.42565618278311507;0.5761759758953403;-0.9243507323106358;0.6500778374863715;;;;;;;;;;;;
2;RandomForest;1138;B3_EMB48_NIRR_REP_RECUP00006.asd;B3;EMB48;NIRRIG;D09M;manha;D09;NIRRIG;NIRRIG;0.998;True;;;;;;;;;;;;;;;;;;;;;;;;;;;;;;;;;;;;;;;;;;;;;;;;;;;;;;;;;;;;;;;;;;;;;0.3045656781547077;-0.42113157656955724;0.5810451060804144;-0.9211691545860189;0.6483999279598597;;;;;;;;;;;;
2;RandomForest;1139;B3_EMB48_NIRR_REP_RECUP00007.asd;B3;EMB48;NIRRIG;D09M;manha;D09;NIRRIG;NIRRIG;0.998;True;;;;;;;;;;;;;;;;;;;;;;;;;;;;;;;;;;;;;;;;;;;;;;;;;;;;;;;;;;;;;;;;;;;;;0.30558817577606584;-0.4209995260456939;0.5817380689565044;-0.922628840829563;0.64933438528968;;;;;;;;;;;;
3;PLS-DA;1108;B2_EMB48_IRR_REP_RECUP00000.asd;B2;EMB48;IRRIG;D09M;manha;D09;IRRIG;IRRIG;0.4075112189986123;True;;;;;;;;;;;;;;;;;;;;;;;;;;;;;;;;;;;;;;;;;;;;;;;;;;;;;;;;;;;;;;;;;;;;;0.18984692498691272;-0.5182140690524061;0.4858097156234986;-0.9625528365349155;0.6861493241502328;;;;;;;;;;;;
3;PLS-DA;1109;B2_EMB48_IRR_REP_RECUP00001.asd;B2;EMB48;IRRIG;D09M;manha;D09;IRRIG;IRRIG;0.4253408364567663;True;;;;;;;;;;;;;;;;;;;;;;;;;;;;;;;;;;;;;;;;;;;;;;;;;;;;;;;;;;;;;;;;;;;;;0.19980043879700124;-0.5106698247076191;0.49621086649669827;-0.9562048158227222;0.6850156292870268;;;;;;;;;;;;
3;PLS-DA;1110;B2_EMB48_IRR_REP_RECUP00002.asd;B2;EMB48;IRRIG;D09M;manha;D09;IRRIG;IRRIG;0.4411247671755789;True;;;;;;;;;;;;;;;;;;;;;;;;;;;;;;;;;;;;;;;;;;;;;;;;;;;;;;;;;;;;;;;;;;;;;0.21156259367630414;-0.5007879569160125;0.5084229226364504;-0.9483028158580163;0.6818271408053667;;;;;;;;;;;;
3;PLS-DA;1111;B2_EMB48_IRR_REP_RECUP00003.asd;B2;EMB48;IRRIG;D09M;manha;D09;IRRIG;IRRIG;0.4429046176728691;True;;;;;;;;;;;;;;;;;;;;;;;;;;;;;;;;;;;;;;;;;;;;;;;;;;;;;;;;;;;;;;;;;;;;;0.21877786788476894;-0.49589950345292916;0.5160463242937225;-0.9444353118436634;0.6776164533365082;;;;;;;;;;;;
3;PLS-DA;1112;B2_EMB48_IRR_REP_RECUP00004.asd;B2;EMB48;IRRIG;D09M;manha;D09;IRRIG;IRRIG;0.34573045997102364;True;;;;;;;;;;;;;;;;;;;;;;;;;;;;;;;;;;;;;;;;;;;;;;;;;;;;;;;;;;;;;;;;;;;;;0.20251461571675833;-0.5319322659785286;0.507797537356057;-0.9915640512212006;0.6564056043415907;;;;;;;;;;;;
3;PLS-DA;1113;B2_EMB48_IRR_REP_RECUP00005.asd;B2;EMB48;IRRIG;D09M;manha;D09;IRRIG;IRRIG;0.35012358821784473;True;;;;;;;;;;;;;;;;;;;;;;;;;;;;;;;;;;;;;;;;;;;;;;;;;;;;;;;;;;;;;;;;;;;;;0.2038223709490024;-0.5320342297554427;0.5095945475518522;-0.9923695001254473;0.6569030303432444;;;;;;;;;;;;
3;PLS-DA;1114;B2_EMB48_IRR_REP_RECUP00006.asd;B2;EMB48;IRRIG;D09M;manha;D09;IRRIG;IRRIG;0.354018192436118;True;;;;;;;;;;;;;;;;;;;;;;;;;;;;;;;;;;;;;;;;;;;;;;;;;;;;;;;;;;;;;;;;;;;;;0.20489842373069644;-0.5321420520510395;0.5114382118821513;-0.9933029227141827;0.6572962506548851;;;;;;;;;;;;
3;PLS-DA;1115;B2_EMB48_IRR_REP_RECUP00007.asd;B2;EMB48;IRRIG;D09M;manha;D09;IRRIG;IRRIG;0.35683309413150155;True;;;;;;;;;;;;;;;;;;;;;;;;;;;;;;;;;;;;;;;;;;;;;;;;;;;;;;;;;;;;;;;;;;;;;0.20445717930045293;-0.5336674537583985;0.5107631807034121;-0.9954915130448228;0.6584907517461432;;;;;;;;;;;;
3;PLS-DA;1116;B2_EMB48_NIRR_REP_RECUP00000.asd;B2;EMB48;NIRRIG;D09M;manha;D09;NIRRIG;IRRIG;0.4350364924734837;False;;;;;;;;;;;;;;;;;;;;;;;;;;;;;;;;;;;;;;;;;;;;;;;;;;;;;;;;;;;;;;;;;;;;;0.23020556717465815;-0.501382425461562;0.5177897686673778;-0.9882982138573488;0.6630314122911207;;;;;;;;;;;;
3;PLS-DA;1117;B2_EMB48_NIRR_REP_RECUP00001.asd;B2;EMB48;NIRRIG;D09M;manha;D09;NIRRIG;IRRIG;0.43370081102084046;False;;;;;;;;;;;;;;;;;;;;;;;;;;;;;;;;;;;;;;;;;;;;;;;;;;;;;;;;;;;;;;;;;;;;;0.23044855529211625;-0.5013801795456314;0.5171427865518626;-0.9889381520171674;0.6624927059310849;;;;;;;;;;;;
3;PLS-DA;1118;B2_EMB48_NIRR_REP_RECUP00002.asd;B2;EMB48;NIRRIG;D09M;manha;D09;NIRRIG;IRRIG;0.4361031691235933;False;;;;;;;;;;;;;;;;;;;;;;;;;;;;;;;;;;;;;;;;;;;;;;;;;;;;;;;;;;;;;;;;;;;;;0.2253832573305563;-0.5070318012490331;0.5119472536318247;-0.9965045085260997;0.6661957073350144;;;;;;;;;;;;
3;PLS-DA;1119;B2_EMB48_NIRR_REP_RECUP00003.asd;B2;EMB48;NIRRIG;D09M;manha;D09;NIRRIG;IRRIG;0.4360675228726743;False;;;;;;;;;;;;;;;;;;;;;;;;;;;;;;;;;;;;;;;;;;;;;;;;;;;;;;;;;;;;;;;;;;;;;0.2267945552965516;-0.5064606131406346;0.5129206014344366;-0.9964248731582515;0.6653082499346029;;;;;;;;;;;;
3;PLS-DA;1120;B2_EMB48_NIRR_REP_RECUP00008.asd;B2;EMB48;NIRRIG;D09M;manha;D09;NIRRIG;NIRRIG;0.6502763208029743;True;;;;;;;;;;;;;;;;;;;;;;;;;;;;;;;;;;;;;;;;;;;;;;;;;;;;;;;;;;;;;;;;;;;;;0.37223107224579627;-0.3308293754833116;0.6380742918487674;-0.8238442359983211;0.6351531209612253;;;;;;;;;;;;
3;PLS-DA;1121;B2_EMB48_NIRR_REP_RECUP00009.asd;B2;EMB48;NIRRIG;D09M;manha;D09;NIRRIG;NIRRIG;0.6616699424516967;True;;;;;;;;;;;;;;;;;;;;;;;;;;;;;;;;;;;;;;;;;;;;;;;;;;;;;;;;;;;;;;;;;;;;;0.38145312339760057;-0.32229509257466576;0.6463354620504415;-0.8177942588327095;0.6325897261635285;;;;;;;;;;;;
3;PLS-DA;1122;B2_EMB48_NIRR_REP_RECUP00010.asd;B2;EMB48;NIRRIG;D09M;manha;D09;NIRRIG;NIRRIG;0.6661724478535276;True;;;;;;;;;;;;;;;;;;;;;;;;;;;;;;;;;;;;;;;;;;;;;;;;;;;;;;;;;;;;;;;;;;;;;0.37724236141194956;-0.32655675997501765;0.641314342200044;-0.8243048506809378;0.6364881877250074;;;;;;;;;;;;
3;PLS-DA;1123;B2_EMB48_NIRR_REP_RECUP00011.asd;B2;EMB48;NIRRIG;D09M;manha;D09;NIRRIG;NIRRIG;0.6737289919011611;True;;;;;;;;;;;;;;;;;;;;;;;;;;;;;;;;;;;;;;;;;;;;;;;;;;;;;;;;;;;;;;;;;;;;;0.3809176635706029;-0.3231846147794588;0.644306812114704;-0.8226221747366463;0.6364105338005592;;;;;;;;;;;;
3;RandomForest;1108;B2_EMB48_IRR_REP_RECUP00000.asd;B2;EMB48;IRRIG;D09M;manha;D09;IRRIG;IRRIG;0.048;True;;;;;;;;;;;;;;;;;;;;;;;;;;;;;;;;;;;;;;;;;;;;;;;;;;;;;;;;;;;;;;;;;;;;;0.18984692498691272;-0.5182140690524061;0.4858097156234986;-0.9625528365349155;0.6861493241502328;;;;;;;;;;;;
3;RandomForest;1109;B2_EMB48_IRR_REP_RECUP00001.asd;B2;EMB48;IRRIG;D09M;manha;D09;IRRIG;IRRIG;0.034;True;;;;;;;;;;;;;;;;;;;;;;;;;;;;;;;;;;;;;;;;;;;;;;;;;;;;;;;;;;;;;;;;;;;;;0.19980043879700124;-0.5106698247076191;0.49621086649669827;-0.9562048158227222;0.6850156292870268;;;;;;;;;;;;
3;RandomForest;1110;B2_EMB48_IRR_REP_RECUP00002.asd;B2;EMB48;IRRIG;D09M;manha;D09;IRRIG;IRRIG;0.072;True;;;;;;;;;;;;;;;;;;;;;;;;;;;;;;;;;;;;;;;;;;;;;;;;;;;;;;;;;;;;;;;;;;;;;0.21156259367630414;-0.5007879569160125;0.5084229226364504;-0.9483028158580163;0.6818271408053667;;;;;;;;;;;;
3;RandomForest;1111;B2_EMB48_IRR_REP_RECUP00003.asd;B2;EMB48;IRRIG;D09M;manha;D09;IRRIG;IRRIG;0.09;True;;;;;;;;;;;;;;;;;;;;;;;;;;;;;;;;;;;;;;;;;;;;;;;;;;;;;;;;;;;;;;;;;;;;;0.21877786788476894;-0.49589950345292916;0.5160463242937225;-0.9444353118436634;0.6776164533365082;;;;;;;;;;;;
3;RandomForest;1112;B2_EMB48_IRR_REP_RECUP00004.asd;B2;EMB48;IRRIG;D09M;manha;D09;IRRIG;IRRIG;0.002;True;;;;;;;;;;;;;;;;;;;;;;;;;;;;;;;;;;;;;;;;;;;;;;;;;;;;;;;;;;;;;;;;;;;;;0.20251461571675833;-0.5319322659785286;0.507797537356057;-0.9915640512212006;0.6564056043415907;;;;;;;;;;;;
3;RandomForest;1113;B2_EMB48_IRR_REP_RECUP00005.asd;B2;EMB48;IRRIG;D09M;manha;D09;IRRIG;IRRIG;0.006;True;;;;;;;;;;;;;;;;;;;;;;;;;;;;;;;;;;;;;;;;;;;;;;;;;;;;;;;;;;;;;;;;;;;;;0.2038223709490024;-0.5320342297554427;0.5095945475518522;-0.9923695001254473;0.6569030303432444;;;;;;;;;;;;
3;RandomForest;1114;B2_EMB48_IRR_REP_RECUP00006.asd;B2;EMB48;IRRIG;D09M;manha;D09;IRRIG;IRRIG;0.006;True;;;;;;;;;;;;;;;;;;;;;;;;;;;;;;;;;;;;;;;;;;;;;;;;;;;;;;;;;;;;;;;;;;;;;0.20489842373069644;-0.5321420520510395;0.5114382118821513;-0.9933029227141827;0.6572962506548851;;;;;;;;;;;;
3;RandomForest;1115;B2_EMB48_IRR_REP_RECUP00007.asd;B2;EMB48;IRRIG;D09M;manha;D09;IRRIG;IRRIG;0.006;True;;;;;;;;;;;;;;;;;;;;;;;;;;;;;;;;;;;;;;;;;;;;;;;;;;;;;;;;;;;;;;;;;;;;;0.20445717930045293;-0.5336674537583985;0.5107631807034121;-0.9954915130448228;0.6584907517461432;;;;;;;;;;;;
3;RandomForest;1116;B2_EMB48_NIRR_REP_RECUP00000.asd;B2;EMB48;NIRRIG;D09M;manha;D09;NIRRIG;IRRIG;0.02;False;;;;;;;;;;;;;;;;;;;;;;;;;;;;;;;;;;;;;;;;;;;;;;;;;;;;;;;;;;;;;;;;;;;;;0.23020556717465815;-0.501382425461562;0.5177897686673778;-0.9882982138573488;0.6630314122911207;;;;;;;;;;;;
3;RandomForest;1117;B2_EMB48_NIRR_REP_RECUP00001.asd;B2;EMB48;NIRRIG;D09M;manha;D09;NIRRIG;IRRIG;0.02;False;;;;;;;;;;;;;;;;;;;;;;;;;;;;;;;;;;;;;;;;;;;;;;;;;;;;;;;;;;;;;;;;;;;;;0.23044855529211625;-0.5013801795456314;0.5171427865518626;-0.9889381520171674;0.6624927059310849;;;;;;;;;;;;
3;RandomForest;1118;B2_EMB48_NIRR_REP_RECUP00002.asd;B2;EMB48;NIRRIG;D09M;manha;D09;NIRRIG;IRRIG;0.014;False;;;;;;;;;;;;;;;;;;;;;;;;;;;;;;;;;;;;;;;;;;;;;;;;;;;;;;;;;;;;;;;;;;;;;0.2253832573305563;-0.5070318012490331;0.5119472536318247;-0.9965045085260997;0.6661957073350144;;;;;;;;;;;;
3;RandomForest;1119;B2_EMB48_NIRR_REP_RECUP00003.asd;B2;EMB48;NIRRIG;D09M;manha;D09;NIRRIG;IRRIG;0.01;False;;;;;;;;;;;;;;;;;;;;;;;;;;;;;;;;;;;;;;;;;;;;;;;;;;;;;;;;;;;;;;;;;;;;;0.2267945552965516;-0.5064606131406346;0.5129206014344366;-0.9964248731582515;0.6653082499346029;;;;;;;;;;;;
3;RandomForest;1120;B2_EMB48_NIRR_REP_RECUP00008.asd;B2;EMB48;NIRRIG;D09M;manha;D09;NIRRIG;NIRRIG;1.0;True;;;;;;;;;;;;;;;;;;;;;;;;;;;;;;;;;;;;;;;;;;;;;;;;;;;;;;;;;;;;;;;;;;;;;0.37223107224579627;-0.3308293754833116;0.6380742918487674;-0.8238442359983211;0.6351531209612253;;;;;;;;;;;;
3;RandomForest;1121;B2_EMB48_NIRR_REP_RECUP00009.asd;B2;EMB48;NIRRIG;D09M;manha;D09;NIRRIG;NIRRIG;1.0;True;;;;;;;;;;;;;;;;;;;;;;;;;;;;;;;;;;;;;;;;;;;;;;;;;;;;;;;;;;;;;;;;;;;;;0.38145312339760057;-0.32229509257466576;0.6463354620504415;-0.8177942588327095;0.6325897261635285;;;;;;;;;;;;
3;RandomForest;1122;B2_EMB48_NIRR_REP_RECUP00010.asd;B2;EMB48;NIRRIG;D09M;manha;D09;NIRRIG;NIRRIG;1.0;True;;;;;;;;;;;;;;;;;;;;;;;;;;;;;;;;;;;;;;;;;;;;;;;;;;;;;;;;;;;;;;;;;;;;;0.37724236141194956;-0.32655675997501765;0.641314342200044;-0.8243048506809378;0.6364881877250074;;;;;;;;;;;;
3;RandomForest;1123;B2_EMB48_NIRR_REP_RECUP00011.asd;B2;EMB48;NIRRIG;D09M;manha;D09;NIRRIG;NIRRIG;1.0;True;;;;;;;;;;;;;;;;;;;;;;;;;;;;;;;;;;;;;;;;;;;;;;;;;;;;;;;;;;;;;;;;;;;;;0.3809176635706029;-0.3231846147794588;0.644306812114704;-0.8226221747366463;0.6364105338005592;;;;;;;;;;;;
4;PLS-DA;1092;B1_EMB48_IRR_REP_RECUP00000.asd;B1;EMB48;IRRIG;D09M;manha;D09;IRRIG;NIRRIG;0.5350944987092803;False;;;;;;;;;;;;;;;;;;;;;;;;;;;;;;;;;;;;;;;;;;;;;;;;;;;;;;;;;;;;;;;;;;;;;0.2510272297898239;-0.44549542108308654;0.5430154024171212;-0.8824627245416389;0.6822634812552731;;;;;;;;;;;;
4;PLS-DA;1093;B1_EMB48_IRR_REP_RECUP00001.asd;B1;EMB48;IRRIG;D09M;manha;D09;IRRIG;NIRRIG;0.5470714966994356;False;;;;;;;;;;;;;;;;;;;;;;;;;;;;;;;;;;;;;;;;;;;;;;;;;;;;;;;;;;;;;;;;;;;;;0.2599870826386749;-0.43772300610375464;0.5522640017630089;-0.8750507611764853;0.6801056042827964;;;;;;;;;;;;
4;PLS-DA;1094;B1_EMB48_IRR_REP_RECUP00002.asd;B1;EMB48;IRRIG;D09M;manha;D09;IRRIG;NIRRIG;0.5551984872782235;False;;;;;;;;;;;;;;;;;;;;;;;;;;;;;;;;;;;;;;;;;;;;;;;;;;;;;;;;;;;;;;;;;;;;;0.26369057049563055;-0.4339615076316121;0.556099190705794;-0.8715972285883318;0.6801187770602073;;;;;;;;;;;;
4;PLS-DA;1095;B1_EMB48_IRR_REP_RECUP00003.asd;B1;EMB48;IRRIG;D09M;manha;D09;IRRIG;NIRRIG;0.5631559643220306;False;;;;;;;;;;;;;;;;;;;;;;;;;;;;;;;;;;;;;;;;;;;;;;;;;;;;;;;;;;;;;;;;;;;;;0.2674239196579062;-0.4308404806202324;0.5590469899444304;-0.8683880003186388;0.6803502216833204;;;;;;;;;;;;
4;PLS-DA;1096;B1_EMB48_IRR_REP_RECUP00004.asd;B1;EMB48;IRRIG;D09M;manha;D09;IRRIG;IRRIG;0.35336891926507513;True;;;;;;;;;;;;;;;;;;;;;;;;;;;;;;;;;;;;;;;;;;;;;;;;;;;;;;;;;;;;;;;;;;;;;0.11819795166142291;-0.6276296649768932;0.4285106939259118;-1.0899198645275836;0.7076469321933838;;;;;;;;;;;;
4;PLS-DA;1097;B1_EMB48_IRR_REP_RECUP00005.asd;B1;EMB48;IRRIG;D09M;manha;D09;IRRIG;IRRIG;0.3583459279768331;True;;;;;;;;;;;;;;;;;;;;;;;;;;;;;;;;;;;;;;;;;;;;;;;;;;;;;;;;;;;;;;;;;;;;;0.12300887698883713;-0.6240188494499335;0.4338383843556834;-1.0875454093831907;0.7059247375871092;;;;;;;;;;;;
4;PLS-DA;1098;B1_EMB48_IRR_REP_RECUP00006.asd;B1;EMB48;IRRIG;D09M;manha;D09;IRRIG;IRRIG;0.36134714787627853;True;;;;;;;;;;;;;;;;;;;;;;;;;;;;;;;;;;;;;;;;;;;;;;;;;;;;;;;;;;;;;;;;;;;;;0.12342892131212935;-0.6238903337022417;0.43436428651630293;-1.0878890161808425;0.7065539762211207;;;;;;;;;;;;
4;PLS-DA;1099;B1_EMB48_IRR_REP_RECUP00007.asd;B1;EMB48;IRRIG;D09M;manha;D09;IRRIG;IRRIG;0.3621178459273358;True;;;;;;;;;;;;;;;;;;;;;;;;;;;;;;;;;;;;;;;;;;;;;;;;;;;;;;;;;;;;;;;;;;;;;0.12477961220323289;-0.6234043017785827;0.43544516225839847;-1.0872383725285761;0.7060825663445871;;;;;;;;;;;;
4;PLS-DA;1100;B1_EMB48_NIRR_REP_RECUP00000.asd;B1;EMB48;NIRRIG;D09M;manha;D09;NIRRIG;NIRRIG;0.544654630026378;True;;;;;;;;;;;;;;;;;;;;;;;;;;;;;;;;;;;;;;;;;;;;;;;;;;;;;;;;;;;;;;;;;;;;;0.23743712556539612;-0.4743854662712942;0.5213684588848703;-0.9417562725309064;0.6895869393648674;;;;;;;;;;;;
4;PLS-DA;1101;B1_EMB48_NIRR_REP_RECUP00001.asd;B1;EMB48;NIRRIG;D09M;manha;D09;NIRRIG;NIRRIG;0.5518194502647689;True;;;;;;;;;;;;;;;;;;;;;;;;;;;;;;;;;;;;;;;;;;;;;;;;;;;;;;;;;;;;;;;;;;;;;0.24507394347773992;-0.467919608819165;0.5286937190472052;-0.9370276612213259;0.686574952991843;;;;;;;;;;;;
4;PLS-DA;1102;B1_EMB48_NIRR_REP_RECUP00002.asd;B1;EMB48;NIRRIG;D09M;manha;D09;NIRRIG;NIRRIG;0.5583189718531473;True;;;;;;;;;;;;;;;;;;;;;;;;;;;;;;;;;;;;;;;;;;;;;;;;;;;;;;;;;;;;;;;;;;;;;0.26244878198900945;-0.45171864991975547;0.5459034826904865;-0.9222238983779053;0.6770657779355783;;;;;;;;;;;;
4;PLS-DA;1103;B1_EMB48_NIRR_REP_RECUP00003.asd;B1;EMB48;NIRRIG;D09M;manha;D09;NIRRIG;NIRRIG;0.5542120370449203;True;;;;;;;;;;;;;;;;;;;;;;;;;;;;;;;;;;;;;;;;;;;;;;;;;;;;;;;;;;;;;;;;;;;;;0.2638119610673307;-0.4506060595667896;0.5467420850109731;-0.9222334226882642;0.6747356896779638;;;;;;;;;;;;
4;PLS-DA;1104;B1_EMB48_NIRR_REP_RECUP00004.asd;B1;EMB48;NIRRIG;D09M;manha;D09;NIRRIG;NIRRIG;0.6461128554150137;True;;;;;;;;;;;;;;;;;;;;;;;;;;;;;;;;;;;;;;;;;;;;;;;;;;;;;;;;;;;;;;;;;;;;;0.36406160137346877;-0.33677069074546473;0.6271063998373559;-0.8322472226517941;0.634967409484852;;;;;;;;;;;;
4;PLS-DA;1105;B1_EMB48_NIRR_REP_RECUP00005.asd;B1;EMB48;NIRRIG;D09M;manha;D09;NIRRIG;NIRRIG;0.6529009143085099;True;;;;;;;;;;;;;;;;;;;;;;;;;;;;;;;;;;;;;;;;;;;;;;;;;;;;;;;;;;;;;;;;;;;;;0.36294093171508696;-0.33830620938517164;0.625459131346318;-0.8356087040538283;0.6376810294287959;;;;;;;;;;;;
4;PLS-DA;1106;B1_EMB48_NIRR_REP_RECUP00006.asd;B1;EMB48;NIRRIG;D09M;manha;D09;NIRRIG;NIRRIG;0.6646428088705988;True;;;;;;;;;;;;;;;;;;;;;;;;;;;;;;;;;;;;;;;;;;;;;;;;;;;;;;;;;;;;;;;;;;;;;0.35320295287206194;-0.3482181059623415;0.6147975195471447;-0.8469786062241044;0.6478604899314406;;;;;;;;;;;;
4;PLS-DA;1107;B1_EMB48_NIRR_REP_RECUP00007.asd;B1;EMB48;NIRRIG;D09M;manha;D09;NIRRIG;NIRRIG;0.6706358489418947;True;;;;;;;;;;;;;;;;;;;;;;;;;;;;;;;;;;;;;;;;;;;;;;;;;;;;;;;;;;;;;;;;;;;;;0.3318273707970784;-0.36872785993491597;0.5925538284485625;-0.868817443027105;0.6636240442076442;;;;;;;;;;;;
4;RandomForest;1092;B1_EMB48_IRR_REP_RECUP00000.asd;B1;EMB48;IRRIG;D09M;manha;D09;IRRIG;NIRRIG;0.504;False;;;;;;;;;;;;;;;;;;;;;;;;;;;;;;;;;;;;;;;;;;;;;;;;;;;;;;;;;;;;;;;;;;;;;0.2510272297898239;-0.44549542108308654;0.5430154024171212;-0.8824627245416389;0.6822634812552731;;;;;;;;;;;;
4;RandomForest;1093;B1_EMB48_IRR_REP_RECUP00001.asd;B1;EMB48;IRRIG;D09M;manha;D09;IRRIG;NIRRIG;0.644;False;;;;;;;;;;;;;;;;;;;;;;;;;;;;;;;;;;;;;;;;;;;;;;;;;;;;;;;;;;;;;;;;;;;;;0.2599870826386749;-0.43772300610375464;0.5522640017630089;-0.8750507611764853;0.6801056042827964;;;;;;;;;;;;
4;RandomForest;1094;B1_EMB48_IRR_REP_RECUP00002.asd;B1;EMB48;IRRIG;D09M;manha;D09;IRRIG;NIRRIG;0.75;False;;;;;;;;;;;;;;;;;;;;;;;;;;;;;;;;;;;;;;;;;;;;;;;;;;;;;;;;;;;;;;;;;;;;;0.26369057049563055;-0.4339615076316121;0.556099190705794;-0.8715972285883318;0.6801187770602073;;;;;;;;;;;;
4;RandomForest;1095;B1_EMB48_IRR_REP_RECUP00003.asd;B1;EMB48;IRRIG;D09M;manha;D09;IRRIG;NIRRIG;0.982;False;;;;;;;;;;;;;;;;;;;;;;;;;;;;;;;;;;;;;;;;;;;;;;;;;;;;;;;;;;;;;;;;;;;;;0.2674239196579062;-0.4308404806202324;0.5590469899444304;-0.8683880003186388;0.6803502216833204;;;;;;;;;;;;
4;RandomForest;1096;B1_EMB48_IRR_REP_RECUP00004.asd;B1;EMB48;IRRIG;D09M;manha;D09;IRRIG;IRRIG;0.264;True;;;;;;;;;;;;;;;;;;;;;;;;;;;;;;;;;;;;;;;;;;;;;;;;;;;;;;;;;;;;;;;;;;;;;0.11819795166142291;-0.6276296649768932;0.4285106939259118;-1.0899198645275836;0.7076469321933838;;;;;;;;;;;;
4;RandomForest;1097;B1_EMB48_IRR_REP_RECUP00005.asd;B1;EMB48;IRRIG;D09M;manha;D09;IRRIG;IRRIG;0.264;True;;;;;;;;;;;;;;;;;;;;;;;;;;;;;;;;;;;;;;;;;;;;;;;;;;;;;;;;;;;;;;;;;;;;;0.12300887698883713;-0.6240188494499335;0.4338383843556834;-1.0875454093831907;0.7059247375871092;;;;;;;;;;;;
4;RandomForest;1098;B1_EMB48_IRR_REP_RECUP00006.asd;B1;EMB48;IRRIG;D09M;manha;D09;IRRIG;IRRIG;0.264;True;;;;;;;;;;;;;;;;;;;;;;;;;;;;;;;;;;;;;;;;;;;;;;;;;;;;;;;;;;;;;;;;;;;;;0.12342892131212935;-0.6238903337022417;0.43436428651630293;-1.0878890161808425;0.7065539762211207;;;;;;;;;;;;
4;RandomForest;1099;B1_EMB48_IRR_REP_RECUP00007.asd;B1;EMB48;IRRIG;D09M;manha;D09;IRRIG;IRRIG;0.264;True;;;;;;;;;;;;;;;;;;;;;;;;;;;;;;;;;;;;;;;;;;;;;;;;;;;;;;;;;;;;;;;;;;;;;0.12477961220323289;-0.6234043017785827;0.43544516225839847;-1.0872383725285761;0.7060825663445871;;;;;;;;;;;;
4;RandomForest;1100;B1_EMB48_NIRR_REP_RECUP00000.asd;B1;EMB48;NIRRIG;D09M;manha;D09;NIRRIG;IRRIG;0.196;False;;;;;;;;;;;;;;;;;;;;;;;;;;;;;;;;;;;;;;;;;;;;;;;;;;;;;;;;;;;;;;;;;;;;;0.23743712556539612;-0.4743854662712942;0.5213684588848703;-0.9417562725309064;0.6895869393648674;;;;;;;;;;;;
4;RandomForest;1101;B1_EMB48_NIRR_REP_RECUP00001.asd;B1;EMB48;NIRRIG;D09M;manha;D09;NIRRIG;IRRIG;0.084;False;;;;;;;;;;;;;;;;;;;;;;;;;;;;;;;;;;;;;;;;;;;;;;;;;;;;;;;;;;;;;;;;;;;;;0.24507394347773992;-0.467919608819165;0.5286937190472052;-0.9370276612213259;0.686574952991843;;;;;;;;;;;;
4;RandomForest;1102;B1_EMB48_NIRR_REP_RECUP00002.asd;B1;EMB48;NIRRIG;D09M;manha;D09;NIRRIG;IRRIG;0.238;False;;;;;;;;;;;;;;;;;;;;;;;;;;;;;;;;;;;;;;;;;;;;;;;;;;;;;;;;;;;;;;;;;;;;;0.26244878198900945;-0.45171864991975547;0.5459034826904865;-0.9222238983779053;0.6770657779355783;;;;;;;;;;;;
4;RandomForest;1103;B1_EMB48_NIRR_REP_RECUP00003.asd;B1;EMB48;NIRRIG;D09M;manha;D09;NIRRIG;IRRIG;0.336;False;;;;;;;;;;;;;;;;;;;;;;;;;;;;;;;;;;;;;;;;;;;;;;;;;;;;;;;;;;;;;;;;;;;;;0.2638119610673307;-0.4506060595667896;0.5467420850109731;-0.9222334226882642;0.6747356896779638;;;;;;;;;;;;
4;RandomForest;1104;B1_EMB48_NIRR_REP_RECUP00004.asd;B1;EMB48;NIRRIG;D09M;manha;D09;NIRRIG;NIRRIG;1.0;True;;;;;;;;;;;;;;;;;;;;;;;;;;;;;;;;;;;;;;;;;;;;;;;;;;;;;;;;;;;;;;;;;;;;;0.36406160137346877;-0.33677069074546473;0.6271063998373559;-0.8322472226517941;0.634967409484852;;;;;;;;;;;;
4;RandomForest;1105;B1_EMB48_NIRR_REP_RECUP00005.asd;B1;EMB48;NIRRIG;D09M;manha;D09;NIRRIG;NIRRIG;1.0;True;;;;;;;;;;;;;;;;;;;;;;;;;;;;;;;;;;;;;;;;;;;;;;;;;;;;;;;;;;;;;;;;;;;;;0.36294093171508696;-0.33830620938517164;0.625459131346318;-0.8356087040538283;0.6376810294287959;;;;;;;;;;;;
4;RandomForest;1106;B1_EMB48_NIRR_REP_RECUP00006.asd;B1;EMB48;NIRRIG;D09M;manha;D09;NIRRIG;NIRRIG;1.0;True;;;;;;;;;;;;;;;;;;;;;;;;;;;;;;;;;;;;;;;;;;;;;;;;;;;;;;;;;;;;;;;;;;;;;0.35320295287206194;-0.3482181059623415;0.6147975195471447;-0.8469786062241044;0.6478604899314406;;;;;;;;;;;;
4;RandomForest;1107;B1_EMB48_NIRR_REP_RECUP00007.asd;B1;EMB48;NIRRIG;D09M;manha;D09;NIRRIG;NIRRIG;1.0;True;;;;;;;;;;;;;;;;;;;;;;;;;;;;;;;;;;;;;;;;;;;;;;;;;;;;;;;;;;;;;;;;;;;;;0.3318273707970784;-0.36872785993491597;0.5925538284485625;-0.868817443027105;0.6636240442076442;;;;;;;;;;;;
1;PLS-DA;1300;B4_BR16_IRR_REP_RECUP00000.asd;B4;BR16;IRRIG;D10M;manha;D10;IRRIG;NIRRIG;0.6404306051218023;False;;;;;;0.8100645472401193;;;;;;;;;;;;;;;;;;;;;;;;;;;;;;;;;;;;;;;;;;;;;;;;;;;;;;;;;;;;;;;;;;;;0.8336473377230419;-0.5990318001849806;0.287459096017726;0.6233968078356618;;;;;;;;
1;PLS-DA;1301;B4_BR16_IRR_REP_RECUP00001.asd;B4;BR16;IRRIG;D10M;manha;D10;IRRIG;NIRRIG;0.6270686698409901;False;;;;;;0.8122065092510775;;;;;;;;;;;;;;;;;;;;;;;;;;;;;;;;;;;;;;;;;;;;;;;;;;;;;;;;;;;;;;;;;;;;0.8354307083600108;-0.5921297369974752;0.29229569205064637;0.6280351469887813;;;;;;;;
1;PLS-DA;1302;B4_BR16_IRR_REP_RECUP00002.asd;B4;BR16;IRRIG;D10M;manha;D10;IRRIG;NIRRIG;0.6292513480465899;False;;;;;;0.8111007331961105;;;;;;;;;;;;;;;;;;;;;;;;;;;;;;;;;;;;;;;;;;;;;;;;;;;;;;;;;;;;;;;;;;;;0.8347133180240165;-0.5907069469304584;0.29012648059849955;0.6262942798219102;;;;;;;;
1;PLS-DA;1303;B4_BR16_IRR_REP_RECUP00003.asd;B4;BR16;IRRIG;D10M;manha;D10;IRRIG;NIRRIG;0.6189893632113213;False;;;;;;0.8124040053092343;;;;;;;;;;;;;;;;;;;;;;;;;;;;;;;;;;;;;;;;;;;;;;;;;;;;;;;;;;;;;;;;;;;;0.8359420152771024;-0.5849832344397304;0.29542029794277824;0.628947009998313;;;;;;;;
1;PLS-DA;1304;B4_BR16_IRR_REP_RECUP00004.asd;B4;BR16;IRRIG;D10M;manha;D10;IRRIG;IRRIG;0.49526365310774556;True;;;;;;0.8330698928730867;;;;;;;;;;;;;;;;;;;;;;;;;;;;;;;;;;;;;;;;;;;;;;;;;;;;;;;;;;;;;;;;;;;;0.8528357425388872;-0.5373125013821026;0.36253104607171815;0.6682477140732609;;;;;;;;
1;PLS-DA;1305;B4_BR16_IRR_REP_RECUP00005.asd;B4;BR16;IRRIG;D10M;manha;D10;IRRIG;NIRRIG;0.5014004437293993;False;;;;;;0.8312835855488482;;;;;;;;;;;;;;;;;;;;;;;;;;;;;;;;;;;;;;;;;;;;;;;;;;;;;;;;;;;;;;;;;;;;0.8510248561176555;-0.5400504260158038;0.3603257701335696;0.6668536387575622;;;;;;;;
1;PLS-DA;1306;B4_BR16_IRR_REP_RECUP00006.asd;B4;BR16;IRRIG;D10M;manha;D10;IRRIG;NIRRIG;0.5135637138566651;False;;;;;;0.8290860922264432;;;;;;;;;;;;;;;;;;;;;;;;;;;;;;;;;;;;;;;;;;;;;;;;;;;;;;;;;;;;;;;;;;;;0.8490613557049957;-0.5454666380100053;0.35411692938168826;0.6637821001696689;;;;;;;;
1;PLS-DA;1307;B4_BR16_IRR_REP_RECUP00007.asd;B4;BR16;IRRIG;D10M;manha;D10;IRRIG;NIRRIG;0.5184892040301348;False;;;;;;0.8290842748760827;;;;;;;;;;;;;;;;;;;;;;;;;;;;;;;;;;;;;;;;;;;;;;;;;;;;;;;;;;;;;;;;;;;;0.8490556605102888;-0.5496058845951145;0.3498607735243919;0.6641856755509445;;;;;;;;
1;PLS-DA;1308;B4_BR16_NIRR_REP_RECUP00000.asd;B4;BR16;NIRRIG;D10M;manha;D10;NIRRIG;NIRRIG;0.5896170898067901;True;;;;;;0.8230049894613385;;;;;;;;;;;;;;;;;;;;;;;;;;;;;;;;;;;;;;;;;;;;;;;;;;;;;;;;;;;;;;;;;;;;0.8458375278165271;-0.5761363642379607;0.3005497443189214;0.641264795672127;;;;;;;;
1;PLS-DA;1309;B4_BR16_NIRR_REP_RECUP00001.asd;B4;BR16;NIRRIG;D10M;manha;D10;NIRRIG;NIRRIG;0.5900335506994154;True;;;;;;0.8221989838776461;;;;;;;;;;;;;;;;;;;;;;;;;;;;;;;;;;;;;;;;;;;;;;;;;;;;;;;;;;;;;;;;;;;;0.8452935715596099;-0.5747848850525147;0.29904631824611877;0.6409221815449178;;;;;;;;
1;PLS-DA;1310;B4_BR16_NIRR_REP_RECUP00002.asd;B4;BR16;NIRRIG;D10M;manha;D10;NIRRIG;NIRRIG;0.5916868356315608;True;;;;;;0.8216124154280255;;;;;;;;;;;;;;;;;;;;;;;;;;;;;;;;;;;;;;;;;;;;;;;;;;;;;;;;;;;;;;;;;;;;0.8450253894729196;-0.5736627235477025;0.2960129336811998;0.6400116881863172;;;;;;;;
1;PLS-DA;1311;B4_BR16_NIRR_REP_RECUP00003.asd;B4;BR16;NIRRIG;D10M;manha;D10;NIRRIG;NIRRIG;0.5870770704709474;True;;;;;;0.822012570493468;;;;;;;;;;;;;;;;;;;;;;;;;;;;;;;;;;;;;;;;;;;;;;;;;;;;;;;;;;;;;;;;;;;;0.8450940151324449;-0.571041746192571;0.2973539449085113;0.6416700555018681;;;;;;;;
1;PLS-DA;1312;B4_BR16_NIRR_REP_RECUP00004.asd;B4;BR16;NIRRIG;D10M;manha;D10;NIRRIG;NIRRIG;0.5525113282187981;True;;;;;;0.8237449223944275;;;;;;;;;;;;;;;;;;;;;;;;;;;;;;;;;;;;;;;;;;;;;;;;;;;;;;;;;;;;;;;;;;;;0.8452420578912873;-0.5510638916843265;0.31564554319342075;0.6506879601200558;;;;;;;;
1;PLS-DA;1313;B4_BR16_NIRR_REP_RECUP00005.asd;B4;BR16;NIRRIG;D10M;manha;D10;NIRRIG;NIRRIG;0.5484565809038442;True;;;;;;0.82313073391297;;;;;;;;;;;;;;;;;;;;;;;;;;;;;;;;;;;;;;;;;;;;;;;;;;;;;;;;;;;;;;;;;;;;0.8445470035469331;-0.5474873243752206;0.3171632686514798;0.6515545685091917;;;;;;;;
1;PLS-DA;1314;B4_BR16_NIRR_REP_RECUP00006.asd;B4;BR16;NIRRIG;D10M;manha;D10;NIRRIG;NIRRIG;0.5413749547162254;True;;;;;;0.8236477251608112;;;;;;;;;;;;;;;;;;;;;;;;;;;;;;;;;;;;;;;;;;;;;;;;;;;;;;;;;;;;;;;;;;;;0.8450054577576762;-0.5421808694235231;0.3200527282822748;0.6525181210822549;;;;;;;;
1;PLS-DA;1315;B4_BR16_NIRR_REP_RECUP00007.asd;B4;BR16;NIRRIG;D10M;manha;D10;NIRRIG;NIRRIG;0.5394037220379077;True;;;;;;0.8231175028374129;;;;;;;;;;;;;;;;;;;;;;;;;;;;;;;;;;;;;;;;;;;;;;;;;;;;;;;;;;;;;;;;;;;;0.8444483540557844;-0.5400204241152703;0.32050096837888237;0.6528827904980369;;;;;;;;
1;RandomForest;1300;B4_BR16_IRR_REP_RECUP00000.asd;B4;BR16;IRRIG;D10M;manha;D10;IRRIG;NIRRIG;0.96;False;;;;;;0.8100645472401193;;;;;;;;;;;;;;;;;;;;;;;;;;;;;;;;;;;;;;;;;;;;;;;;;;;;;;;;;;;;;;;;;;;;0.8336473377230419;-0.5990318001849806;0.287459096017726;0.6233968078356618;;;;;;;;
1;RandomForest;1301;B4_BR16_IRR_REP_RECUP00001.asd;B4;BR16;IRRIG;D10M;manha;D10;IRRIG;NIRRIG;0.96;False;;;;;;0.8122065092510775;;;;;;;;;;;;;;;;;;;;;;;;;;;;;;;;;;;;;;;;;;;;;;;;;;;;;;;;;;;;;;;;;;;;0.8354307083600108;-0.5921297369974752;0.29229569205064637;0.6280351469887813;;;;;;;;
1;RandomForest;1302;B4_BR16_IRR_REP_RECUP00002.asd;B4;BR16;IRRIG;D10M;manha;D10;IRRIG;NIRRIG;0.96;False;;;;;;0.8111007331961105;;;;;;;;;;;;;;;;;;;;;;;;;;;;;;;;;;;;;;;;;;;;;;;;;;;;;;;;;;;;;;;;;;;;0.8347133180240165;-0.5907069469304584;0.29012648059849955;0.6262942798219102;;;;;;;;
1;RandomForest;1303;B4_BR16_IRR_REP_RECUP00003.asd;B4;BR16;IRRIG;D10M;manha;D10;IRRIG;NIRRIG;0.96;False;;;;;;0.8124040053092343;;;;;;;;;;;;;;;;;;;;;;;;;;;;;;;;;;;;;;;;;;;;;;;;;;;;;;;;;;;;;;;;;;;;0.8359420152771024;-0.5849832344397304;0.29542029794277824;0.628947009998313;;;;;;;;
1;RandomForest;1304;B4_BR16_IRR_REP_RECUP00004.asd;B4;BR16;IRRIG;D10M;manha;D10;IRRIG;NIRRIG;0.802;False;;;;;;0.8330698928730867;;;;;;;;;;;;;;;;;;;;;;;;;;;;;;;;;;;;;;;;;;;;;;;;;;;;;;;;;;;;;;;;;;;;0.8528357425388872;-0.5373125013821026;0.36253104607171815;0.6682477140732609;;;;;;;;
1;RandomForest;1305;B4_BR16_IRR_REP_RECUP00005.asd;B4;BR16;IRRIG;D10M;manha;D10;IRRIG;NIRRIG;0.794;False;;;;;;0.8312835855488482;;;;;;;;;;;;;;;;;;;;;;;;;;;;;;;;;;;;;;;;;;;;;;;;;;;;;;;;;;;;;;;;;;;;0.8510248561176555;-0.5400504260158038;0.3603257701335696;0.6668536387575622;;;;;;;;
1;RandomForest;1306;B4_BR16_IRR_REP_RECUP00006.asd;B4;BR16;IRRIG;D10M;manha;D10;IRRIG;NIRRIG;0.752;False;;;;;;0.8290860922264432;;;;;;;;;;;;;;;;;;;;;;;;;;;;;;;;;;;;;;;;;;;;;;;;;;;;;;;;;;;;;;;;;;;;0.8490613557049957;-0.5454666380100053;0.35411692938168826;0.6637821001696689;;;;;;;;
1;RandomForest;1307;B4_BR16_IRR_REP_RECUP00007.asd;B4;BR16;IRRIG;D10M;manha;D10;IRRIG;NIRRIG;0.826;False;;;;;;0.8290842748760827;;;;;;;;;;;;;;;;;;;;;;;;;;;;;;;;;;;;;;;;;;;;;;;;;;;;;;;;;;;;;;;;;;;;0.8490556605102888;-0.5496058845951145;0.3498607735243919;0.6641856755509445;;;;;;;;
1;RandomForest;1308;B4_BR16_NIRR_REP_RECUP00000.asd;B4;BR16;NIRRIG;D10M;manha;D10;NIRRIG;NIRRIG;0.616;True;;;;;;0.8230049894613385;;;;;;;;;;;;;;;;;;;;;;;;;;;;;;;;;;;;;;;;;;;;;;;;;;;;;;;;;;;;;;;;;;;;0.8458375278165271;-0.5761363642379607;0.3005497443189214;0.641264795672127;;;;;;;;
1;RandomForest;1309;B4_BR16_NIRR_REP_RECUP00001.asd;B4;BR16;NIRRIG;D10M;manha;D10;NIRRIG;NIRRIG;0.614;True;;;;;;0.8221989838776461;;;;;;;;;;;;;;;;;;;;;;;;;;;;;;;;;;;;;;;;;;;;;;;;;;;;;;;;;;;;;;;;;;;;0.8452935715596099;-0.5747848850525147;0.29904631824611877;0.6409221815449178;;;;;;;;
1;RandomForest;1310;B4_BR16_NIRR_REP_RECUP00002.asd;B4;BR16;NIRRIG;D10M;manha;D10;NIRRIG;NIRRIG;0.638;True;;;;;;0.8216124154280255;;;;;;;;;;;;;;;;;;;;;;;;;;;;;;;;;;;;;;;;;;;;;;;;;;;;;;;;;;;;;;;;;;;;0.8450253894729196;-0.5736627235477025;0.2960129336811998;0.6400116881863172;;;;;;;;
1;RandomForest;1311;B4_BR16_NIRR_REP_RECUP00003.asd;B4;BR16;NIRRIG;D10M;manha;D10;NIRRIG;NIRRIG;0.628;True;;;;;;0.822012570493468;;;;;;;;;;;;;;;;;;;;;;;;;;;;;;;;;;;;;;;;;;;;;;;;;;;;;;;;;;;;;;;;;;;;0.8450940151324449;-0.571041746192571;0.2973539449085113;0.6416700555018681;;;;;;;;
1;RandomForest;1312;B4_BR16_NIRR_REP_RECUP00004.asd;B4;BR16;NIRRIG;D10M;manha;D10;NIRRIG;NIRRIG;0.688;True;;;;;;0.8237449223944275;;;;;;;;;;;;;;;;;;;;;;;;;;;;;;;;;;;;;;;;;;;;;;;;;;;;;;;;;;;;;;;;;;;;0.8452420578912873;-0.5510638916843265;0.31564554319342075;0.6506879601200558;;;;;;;;
1;RandomForest;1313;B4_BR16_NIRR_REP_RECUP00005.asd;B4;BR16;NIRRIG;D10M;manha;D10;NIRRIG;NIRRIG;0.698;True;;;;;;0.82313073391297;;;;;;;;;;;;;;;;;;;;;;;;;;;;;;;;;;;;;;;;;;;;;;;;;;;;;;;;;;;;;;;;;;;;0.8445470035469331;-0.5474873243752206;0.3171632686514798;0.6515545685091917;;;;;;;;
1;RandomForest;1314;B4_BR16_NIRR_REP_RECUP00006.asd;B4;BR16;NIRRIG;D10M;manha;D10;NIRRIG;NIRRIG;0.69;True;;;;;;0.8236477251608112;;;;;;;;;;;;;;;;;;;;;;;;;;;;;;;;;;;;;;;;;;;;;;;;;;;;;;;;;;;;;;;;;;;;0.8450054577576762;-0.5421808694235231;0.3200527282822748;0.6525181210822549;;;;;;;;
1;RandomForest;1315;B4_BR16_NIRR_REP_RECUP00007.asd;B4;BR16;NIRRIG;D10M;manha;D10;NIRRIG;NIRRIG;0.7;True;;;;;;0.8231175028374129;;;;;;;;;;;;;;;;;;;;;;;;;;;;;;;;;;;;;;;;;;;;;;;;;;;;;;;;;;;;;;;;;;;;0.8444483540557844;-0.5400204241152703;0.32050096837888237;0.6528827904980369;;;;;;;;
2;PLS-DA;1252;B3_BR16_IRR_REP_RECUP00000.asd;B3;BR16;IRRIG;D10M;manha;D10;IRRIG;IRRIG;0.47507438556387893;True;;;;;;0.8557762299835089;;;;;;;;;;;;;;;;;;;;;;;;;;;;;;;;;;;;;;;;;;;;;;;;;;;;;;;;;;;;;;;;;;;;0.8747945258221649;-0.5205516515070777;0.34704295159999876;0.6968400701237702;;;;;;;;
2;PLS-DA;1253;B3_BR16_IRR_REP_RECUP00001.asd;B3;BR16;IRRIG;D10M;manha;D10;IRRIG;IRRIG;0.4759627305524367;True;;;;;;0.8567564048861637;;;;;;;;;;;;;;;;;;;;;;;;;;;;;;;;;;;;;;;;;;;;;;;;;;;;;;;;;;;;;;;;;;;;0.8759922483360492;-0.5218295651351824;0.34599535263296155;0.6981471478730461;;;;;;;;
2;PLS-DA;1254;B3_BR16_IRR_REP_RECUP00002.asd;B3;BR16;IRRIG;D10M;manha;D10;IRRIG;IRRIG;0.4722553074303138;True;;;;;;0.8549238815202068;;;;;;;;;;;;;;;;;;;;;;;;;;;;;;;;;;;;;;;;;;;;;;;;;;;;;;;;;;;;;;;;;;;;0.8742628807402759;-0.519001431558379;0.3501035709104982;0.6968790190864551;;;;;;;;
2;PLS-DA;1255;B3_BR16_IRR_REP_RECUP00003.asd;B3;BR16;IRRIG;D10M;manha;D10;IRRIG;IRRIG;0.4712465713466177;True;;;;;;0.8551404935536002;;;;;;;;;;;;;;;;;;;;;;;;;;;;;;;;;;;;;;;;;;;;;;;;;;;;;;;;;;;;;;;;;;;;0.8742102126078126;-0.5185229416046003;0.3507384314069832;0.6974922770887928;;;;;;;;
2;PLS-DA;1256;B3_BR16_IRR_REP_RECUP00004.asd;B3;BR16;IRRIG;D10M;manha;D10;IRRIG;IRRIG;0.46403968697641923;True;;;;;;0.8528222251803776;;;;;;;;;;;;;;;;;;;;;;;;;;;;;;;;;;;;;;;;;;;;;;;;;;;;;;;;;;;;;;;;;;;;0.8712933183302941;-0.49223952112002045;0.35226287531661216;0.6949940479893179;;;;;;;;
2;PLS-DA;1257;B3_BR16_IRR_REP_RECUP00005.asd;B3;BR16;IRRIG;D10M;manha;D10;IRRIG;IRRIG;0.4633846166240473;True;;;;;;0.8528508142818914;;;;;;;;;;;;;;;;;;;;;;;;;;;;;;;;;;;;;;;;;;;;;;;;;;;;;;;;;;;;;;;;;;;;0.871317739916755;-0.49210602364931116;0.35303317752336566;0.6951794055600422;;;;;;;;
2;PLS-DA;1258;B3_BR16_IRR_REP_RECUP00006.asd;B3;BR16;IRRIG;D10M;manha;D10;IRRIG;IRRIG;0.46378896068543596;True;;;;;;0.8527358741932357;;;;;;;;;;;;;;;;;;;;;;;;;;;;;;;;;;;;;;;;;;;;;;;;;;;;;;;;;;;;;;;;;;;;0.871391664794083;-0.4928810087667833;0.35281000518033756;0.6951238088686696;;;;;;;;
2;PLS-DA;1259;B3_BR16_IRR_REP_RECUP00007.asd;B3;BR16;IRRIG;D10M;manha;D10;IRRIG;IRRIG;0.4646588505673137;True;;;;;;0.8521996823403966;;;;;;;;;;;;;;;;;;;;;;;;;;;;;;;;;;;;;;;;;;;;;;;;;;;;;;;;;;;;;;;;;;;;0.8709049456892263;-0.49483871984260497;0.35199214305024706;0.6947635032131134;;;;;;;;
2;PLS-DA;1260;B3_BR16_NIRR_REP_RECUP00000.asd;B3;BR16;NIRRIG;D10M;manha;D10;NIRRIG;NIRRIG;0.5074107359336792;True;;;;;;0.8402262246120289;;;;;;;;;;;;;;;;;;;;;;;;;;;;;;;;;;;;;;;;;;;;;;;;;;;;;;;;;;;;;;;;;;;;0.861940555994905;-0.5379183879946438;0.31834750441244125;0.6709528637195883;;;;;;;;
2;PLS-DA;1261;B3_BR16_NIRR_REP_RECUP00001.asd;B3;BR16;NIRRIG;D10M;manha;D10;NIRRIG;NIRRIG;0.508601159273798;True;;;;;;0.8401701343113176;;;;;;;;;;;;;;;;;;;;;;;;;;;;;;;;;;;;;;;;;;;;;;;;;;;;;;;;;;;;;;;;;;;;0.8617661466781432;-0.5424421740030272;0.31757766275568927;0.6712299745522552;;;;;;;;
2;PLS-DA;1262;B3_BR16_NIRR_REP_RECUP00002.asd;B3;BR16;NIRRIG;D10M;manha;D10;NIRRIG;NIRRIG;0.5105624797851346;True;;;;;;0.8383174689776667;;;;;;;;;;;;;;;;;;;;;;;;;;;;;;;;;;;;;;;;;;;;;;;;;;;;;;;;;;;;;;;;;;;;0.8595891869039851;-0.5476359866758194;0.3152896594695513;0.6699939892329925;;;;;;;;
2;PLS-DA;1263;B3_BR16_NIRR_REP_RECUP00003.asd;B3;BR16;NIRRIG;D10M;manha;D10;NIRRIG;NIRRIG;0.5136248913251401;True;;;;;;0.836791854151902;;;;;;;;;;;;;;;;;;;;;;;;;;;;;;;;;;;;;;;;;;;;;;;;;;;;;;;;;;;;;;;;;;;;0.8580831830969693;-0.5515796230449146;0.31208583919940747;0.6683758894936451;;;;;;;;
2;PLS-DA;1264;B3_BR16_NIRR_REP_RECUP00004.asd;B3;BR16;NIRRIG;D10M;manha;D10;NIRRIG;NIRRIG;0.5171538179084625;True;;;;;;0.809070767813181;;;;;;;;;;;;;;;;;;;;;;;;;;;;;;;;;;;;;;;;;;;;;;;;;;;;;;;;;;;;;;;;;;;;0.8316373979246175;-0.5465556213435797;0.3170273134561456;0.6310173521628623;;;;;;;;
2;PLS-DA;1265;B3_BR16_NIRR_REP_RECUP00005.asd;B3;BR16;NIRRIG;D10M;manha;D10;NIRRIG;NIRRIG;0.5149304561390394;True;;;;;;0.8095264540456611;;;;;;;;;;;;;;;;;;;;;;;;;;;;;;;;;;;;;;;;;;;;;;;;;;;;;;;;;;;;;;;;;;;;0.8320744168550711;-0.5430492762287217;0.31871195243311196;0.6318918752516199;;;;;;;;
2;PLS-DA;1266;B3_BR16_NIRR_REP_RECUP00006.asd;B3;BR16;NIRRIG;D10M;manha;D10;NIRRIG;NIRRIG;0.5115933136280425;True;;;;;;0.8096813411488671;;;;;;;;;;;;;;;;;;;;;;;;;;;;;;;;;;;;;;;;;;;;;;;;;;;;;;;;;;;;;;;;;;;;0.8321176535624787;-0.5402212542865013;0.3213731365154444;0.6331976100619717;;;;;;;;
2;PLS-DA;1267;B3_BR16_NIRR_REP_RECUP00007.asd;B3;BR16;NIRRIG;D10M;manha;D10;NIRRIG;NIRRIG;0.5081585653815969;True;;;;;;0.8112133747204554;;;;;;;;;;;;;;;;;;;;;;;;;;;;;;;;;;;;;;;;;;;;;;;;;;;;;;;;;;;;;;;;;;;;0.8334185950974851;-0.5367495626173572;0.32459807321519774;0.6352396602006267;;;;;;;;
2;RandomForest;1252;B3_BR16_IRR_REP_RECUP00000.asd;B3;BR16;IRRIG;D10M;manha;D10;IRRIG;IRRIG;0.112;True;;;;;;0.8557762299835089;;;;;;;;;;;;;;;;;;;;;;;;;;;;;;;;;;;;;;;;;;;;;;;;;;;;;;;;;;;;;;;;;;;;0.8747945258221649;-0.5205516515070777;0.34704295159999876;0.6968400701237702;;;;;;;;
2;RandomForest;1253;B3_BR16_IRR_REP_RECUP00001.asd;B3;BR16;IRRIG;D10M;manha;D10;IRRIG;IRRIG;0.114;True;;;;;;0.8567564048861637;;;;;;;;;;;;;;;;;;;;;;;;;;;;;;;;;;;;;;;;;;;;;;;;;;;;;;;;;;;;;;;;;;;;0.8759922483360492;-0.5218295651351824;0.34599535263296155;0.6981471478730461;;;;;;;;
2;RandomForest;1254;B3_BR16_IRR_REP_RECUP00002.asd;B3;BR16;IRRIG;D10M;manha;D10;IRRIG;IRRIG;0.084;True;;;;;;0.8549238815202068;;;;;;;;;;;;;;;;;;;;;;;;;;;;;;;;;;;;;;;;;;;;;;;;;;;;;;;;;;;;;;;;;;;;0.8742628807402759;-0.519001431558379;0.3501035709104982;0.6968790190864551;;;;;;;;
2;RandomForest;1255;B3_BR16_IRR_REP_RECUP00003.asd;B3;BR16;IRRIG;D10M;manha;D10;IRRIG;IRRIG;0.084;True;;;;;;0.8551404935536002;;;;;;;;;;;;;;;;;;;;;;;;;;;;;;;;;;;;;;;;;;;;;;;;;;;;;;;;;;;;;;;;;;;;0.8742102126078126;-0.5185229416046003;0.3507384314069832;0.6974922770887928;;;;;;;;
2;RandomForest;1256;B3_BR16_IRR_REP_RECUP00004.asd;B3;BR16;IRRIG;D10M;manha;D10;IRRIG;IRRIG;0.098;True;;;;;;0.8528222251803776;;;;;;;;;;;;;;;;;;;;;;;;;;;;;;;;;;;;;;;;;;;;;;;;;;;;;;;;;;;;;;;;;;;;0.8712933183302941;-0.49223952112002045;0.35226287531661216;0.6949940479893179;;;;;;;;
2;RandomForest;1257;B3_BR16_IRR_REP_RECUP00005.asd;B3;BR16;IRRIG;D10M;manha;D10;IRRIG;IRRIG;0.084;True;;;;;;0.8528508142818914;;;;;;;;;;;;;;;;;;;;;;;;;;;;;;;;;;;;;;;;;;;;;;;;;;;;;;;;;;;;;;;;;;;;0.871317739916755;-0.49210602364931116;0.35303317752336566;0.6951794055600422;;;;;;;;
2;RandomForest;1258;B3_BR16_IRR_REP_RECUP00006.asd;B3;BR16;IRRIG;D10M;manha;D10;IRRIG;IRRIG;0.084;True;;;;;;0.8527358741932357;;;;;;;;;;;;;;;;;;;;;;;;;;;;;;;;;;;;;;;;;;;;;;;;;;;;;;;;;;;;;;;;;;;;0.871391664794083;-0.4928810087667833;0.35281000518033756;0.6951238088686696;;;;;;;;
2;RandomForest;1259;B3_BR16_IRR_REP_RECUP00007.asd;B3;BR16;IRRIG;D10M;manha;D10;IRRIG;IRRIG;0.098;True;;;;;;0.8521996823403966;;;;;;;;;;;;;;;;;;;;;;;;;;;;;;;;;;;;;;;;;;;;;;;;;;;;;;;;;;;;;;;;;;;;0.8709049456892263;-0.49483871984260497;0.35199214305024706;0.6947635032131134;;;;;;;;
2;RandomForest;1260;B3_BR16_NIRR_REP_RECUP00000.asd;B3;BR16;NIRRIG;D10M;manha;D10;NIRRIG;IRRIG;0.23;False;;;;;;0.8402262246120289;;;;;;;;;;;;;;;;;;;;;;;;;;;;;;;;;;;;;;;;;;;;;;;;;;;;;;;;;;;;;;;;;;;;0.861940555994905;-0.5379183879946438;0.31834750441244125;0.6709528637195883;;;;;;;;
2;RandomForest;1261;B3_BR16_NIRR_REP_RECUP00001.asd;B3;BR16;NIRRIG;D10M;manha;D10;NIRRIG;IRRIG;0.228;False;;;;;;0.8401701343113176;;;;;;;;;;;;;;;;;;;;;;;;;;;;;;;;;;;;;;;;;;;;;;;;;;;;;;;;;;;;;;;;;;;;0.8617661466781432;-0.5424421740030272;0.31757766275568927;0.6712299745522552;;;;;;;;
2;RandomForest;1262;B3_BR16_NIRR_REP_RECUP00002.asd;B3;BR16;NIRRIG;D10M;manha;D10;NIRRIG;IRRIG;0.232;False;;;;;;0.8383174689776667;;;;;;;;;;;;;;;;;;;;;;;;;;;;;;;;;;;;;;;;;;;;;;;;;;;;;;;;;;;;;;;;;;;;0.8595891869039851;-0.5476359866758194;0.3152896594695513;0.6699939892329925;;;;;;;;
2;RandomForest;1263;B3_BR16_NIRR_REP_RECUP00003.asd;B3;BR16;NIRRIG;D10M;manha;D10;NIRRIG;IRRIG;0.224;False;;;;;;0.836791854151902;;;;;;;;;;;;;;;;;;;;;;;;;;;;;;;;;;;;;;;;;;;;;;;;;;;;;;;;;;;;;;;;;;;;0.8580831830969693;-0.5515796230449146;0.31208583919940747;0.6683758894936451;;;;;;;;
2;RandomForest;1264;B3_BR16_NIRR_REP_RECUP00004.asd;B3;BR16;NIRRIG;D10M;manha;D10;NIRRIG;NIRRIG;0.756;True;;;;;;0.809070767813181;;;;;;;;;;;;;;;;;;;;;;;;;;;;;;;;;;;;;;;;;;;;;;;;;;;;;;;;;;;;;;;;;;;;0.8316373979246175;-0.5465556213435797;0.3170273134561456;0.6310173521628623;;;;;;;;
2;RandomForest;1265;B3_BR16_NIRR_REP_RECUP00005.asd;B3;BR16;NIRRIG;D10M;manha;D10;NIRRIG;NIRRIG;0.748;True;;;;;;0.8095264540456611;;;;;;;;;;;;;;;;;;;;;;;;;;;;;;;;;;;;;;;;;;;;;;;;;;;;;;;;;;;;;;;;;;;;0.8320744168550711;-0.5430492762287217;0.31871195243311196;0.6318918752516199;;;;;;;;
2;RandomForest;1266;B3_BR16_NIRR_REP_RECUP00006.asd;B3;BR16;NIRRIG;D10M;manha;D10;NIRRIG;NIRRIG;0.754;True;;;;;;0.8096813411488671;;;;;;;;;;;;;;;;;;;;;;;;;;;;;;;;;;;;;;;;;;;;;;;;;;;;;;;;;;;;;;;;;;;;0.8321176535624787;-0.5402212542865013;0.3213731365154444;0.6331976100619717;;;;;;;;
2;RandomForest;1267;B3_BR16_NIRR_REP_RECUP00007.asd;B3;BR16;NIRRIG;D10M;manha;D10;NIRRIG;NIRRIG;0.916;True;;;;;;0.8112133747204554;;;;;;;;;;;;;;;;;;;;;;;;;;;;;;;;;;;;;;;;;;;;;;;;;;;;;;;;;;;;;;;;;;;;0.8334185950974851;-0.5367495626173572;0.32459807321519774;0.6352396602006267;;;;;;;;
3;PLS-DA;1204;B2_BR16_IRR_REP_RECUP00000.asd;B2;BR16;IRRIG;D10M;manha;D10;IRRIG;NIRRIG;0.5421214738658422;False;;;;;;0.8039049294492409;;;;;;;;;;;;;;;;;;;;;;;;;;;;;;;;;;;;;;;;;;;;;;;;;;;;;;;;;;;;;;;;;;;;0.8225473973838802;-0.47850897600818815;0.35244726132251514;0.6543542971495651;;;;;;;;
3;PLS-DA;1205;B2_BR16_IRR_REP_RECUP00001.asd;B2;BR16;IRRIG;D10M;manha;D10;IRRIG;NIRRIG;0.5511024477977925;False;;;;;;0.8010722839357626;;;;;;;;;;;;;;;;;;;;;;;;;;;;;;;;;;;;;;;;;;;;;;;;;;;;;;;;;;;;;;;;;;;;0.8201735783481704;-0.4774178440087779;0.34958460605544317;0.6512539721370291;;;;;;;;
3;PLS-DA;1206;B2_BR16_IRR_REP_RECUP00002.asd;B2;BR16;IRRIG;D10M;manha;D10;IRRIG;NIRRIG;0.5535296906952191;False;;;;;;0.7996643365956857;;;;;;;;;;;;;;;;;;;;;;;;;;;;;;;;;;;;;;;;;;;;;;;;;;;;;;;;;;;;;;;;;;;;0.8189627326379008;-0.4732006904001894;0.3524615486861658;0.6496595669970499;;;;;;;;
3;PLS-DA;1207;B2_BR16_IRR_REP_RECUP00003.asd;B2;BR16;IRRIG;D10M;manha;D10;IRRIG;NIRRIG;0.5436124009601273;False;;;;;;0.8020349021346161;;;;;;;;;;;;;;;;;;;;;;;;;;;;;;;;;;;;;;;;;;;;;;;;;;;;;;;;;;;;;;;;;;;;0.8214058893915208;-0.46743571994401817;0.3561382487248552;0.6527797314826081;;;;;;;;
3;PLS-DA;1208;B2_BR16_IRR_REP_RECUP00004.asd;B2;BR16;IRRIG;D10M;manha;D10;IRRIG;IRRIG;0.43683898443614433;True;;;;;;0.839544336906459;;;;;;;;;;;;;;;;;;;;;;;;;;;;;;;;;;;;;;;;;;;;;;;;;;;;;;;;;;;;;;;;;;;;0.8584889800721939;-0.4948759030335924;0.3590219368990817;0.687515753184079;;;;;;;;
3;PLS-DA;1209;B2_BR16_IRR_REP_RECUP00005.asd;B2;BR16;IRRIG;D10M;manha;D10;IRRIG;IRRIG;0.4358902716848616;True;;;;;;0.840495470829364;;;;;;;;;;;;;;;;;;;;;;;;;;;;;;;;;;;;;;;;;;;;;;;;;;;;;;;;;;;;;;;;;;;;0.859249044303605;-0.49782345711431975;0.35621799759195294;0.688185783261673;;;;;;;;
3;PLS-DA;1210;B2_BR16_IRR_REP_RECUP00006.asd;B2;BR16;IRRIG;D10M;manha;D10;IRRIG;IRRIG;0.43243233463848785;True;;;;;;0.8413471025445712;;;;;;;;;;;;;;;;;;;;;;;;;;;;;;;;;;;;;;;;;;;;;;;;;;;;;;;;;;;;;;;;;;;;0.8599876242871223;-0.49821548415435524;0.3585655619969886;0.6894439988897116;;;;;;;;
3;PLS-DA;1211;B2_BR16_IRR_REP_RECUP00007.asd;B2;BR16;IRRIG;D10M;manha;D10;IRRIG;IRRIG;0.4270979651475714;True;;;;;;0.8426431025526446;;;;;;;;;;;;;;;;;;;;;;;;;;;;;;;;;;;;;;;;;;;;;;;;;;;;;;;;;;;;;;;;;;;;0.8614757699979978;-0.4969422653355061;0.3604720937564824;0.6913165096565786;;;;;;;;
3;PLS-DA;1212;B2_BR16_NIRR_REP_RECUP00000.asd;B2;BR16;NIRRIG;D10M;manha;D10;NIRRIG;NIRRIG;0.6339279151528061;True;;;;;;0.802560008684849;;;;;;;;;;;;;;;;;;;;;;;;;;;;;;;;;;;;;;;;;;;;;;;;;;;;;;;;;;;;;;;;;;;;0.8292985091326333;-0.6261216552600433;0.23198724430143958;0.6072094799055977;;;;;;;;
3;PLS-DA;1213;B2_BR16_NIRR_REP_RECUP00001.asd;B2;BR16;NIRRIG;D10M;manha;D10;NIRRIG;NIRRIG;0.6286448913502615;True;;;;;;0.8033980648743427;;;;;;;;;;;;;;;;;;;;;;;;;;;;;;;;;;;;;;;;;;;;;;;;;;;;;;;;;;;;;;;;;;;;0.8299717633165469;-0.6215290900765069;0.23606659382838985;0.6096032812922904;;;;;;;;
3;PLS-DA;1214;B2_BR16_NIRR_REP_RECUP00002.asd;B2;BR16;NIRRIG;D10M;manha;D10;NIRRIG;NIRRIG;0.6112862930150659;True;;;;;;0.8075200547669255;;;;;;;;;;;;;;;;;;;;;;;;;;;;;;;;;;;;;;;;;;;;;;;;;;;;;;;;;;;;;;;;;;;;0.8333267268417005;-0.6131412370256955;0.24611298827379127;0.6163718879161427;;;;;;;;
3;PLS-DA;1215;B2_BR16_NIRR_REP_RECUP00003.asd;B2;BR16;NIRRIG;D10M;manha;D10;NIRRIG;NIRRIG;0.5810422237805644;True;;;;;;0.8146781667105025;;;;;;;;;;;;;;;;;;;;;;;;;;;;;;;;;;;;;;;;;;;;;;;;;;;;;;;;;;;;;;;;;;;;0.8403868771413419;-0.5994940044434274;0.26478606234027635;0.6250101610040458;;;;;;;;
3;PLS-DA;1216;B2_BR16_NIRR_REP_RECUP00004.asd;B2;BR16;NIRRIG;D10M;manha;D10;NIRRIG;IRRIG;0.47587265886748825;False;;;;;;0.8274427166138766;;;;;;;;;;;;;;;;;;;;;;;;;;;;;;;;;;;;;;;;;;;;;;;;;;;;;;;;;;;;;;;;;;;;0.8471027739629647;-0.4764513558056657;0.3487018249710485;0.6714981623555355;;;;;;;;
3;PLS-DA;1217;B2_BR16_NIRR_REP_RECUP00005.asd;B2;BR16;NIRRIG;D10M;manha;D10;NIRRIG;IRRIG;0.47961678024450716;False;;;;;;0.8263533703364606;;;;;;;;;;;;;;;;;;;;;;;;;;;;;;;;;;;;;;;;;;;;;;;;;;;;;;;;;;;;;;;;;;;;0.846086200621609;-0.4767247961475956;0.34710289529154575;0.6704968772818686;;;;;;;;
3;PLS-DA;1218;B2_BR16_NIRR_REP_RECUP00006.asd;B2;BR16;NIRRIG;D10M;manha;D10;NIRRIG;IRRIG;0.46993138327086226;False;;;;;;0.8284456980812729;;;;;;;;;;;;;;;;;;;;;;;;;;;;;;;;;;;;;;;;;;;;;;;;;;;;;;;;;;;;;;;;;;;;0.8480680467529338;-0.47076389992090645;0.35225123203196024;0.6735949457422162;;;;;;;;
3;PLS-DA;1219;B2_BR16_NIRR_REP_RECUP00007.asd;B2;BR16;NIRRIG;D10M;manha;D10;NIRRIG;IRRIG;0.4653661214713384;False;;;;;;0.8298284211217959;;;;;;;;;;;;;;;;;;;;;;;;;;;;;;;;;;;;;;;;;;;;;;;;;;;;;;;;;;;;;;;;;;;;0.8489079638379294;-0.469282824574341;0.3527804588632188;0.6758230323799703;;;;;;;;
3;RandomForest;1204;B2_BR16_IRR_REP_RECUP00000.asd;B2;BR16;IRRIG;D10M;manha;D10;IRRIG;NIRRIG;0.6;False;;;;;;0.8039049294492409;;;;;;;;;;;;;;;;;;;;;;;;;;;;;;;;;;;;;;;;;;;;;;;;;;;;;;;;;;;;;;;;;;;;0.8225473973838802;-0.47850897600818815;0.35244726132251514;0.6543542971495651;;;;;;;;
3;RandomForest;1205;B2_BR16_IRR_REP_RECUP00001.asd;B2;BR16;IRRIG;D10M;manha;D10;IRRIG;NIRRIG;0.692;False;;;;;;0.8010722839357626;;;;;;;;;;;;;;;;;;;;;;;;;;;;;;;;;;;;;;;;;;;;;;;;;;;;;;;;;;;;;;;;;;;;0.8201735783481704;-0.4774178440087779;0.34958460605544317;0.6512539721370291;;;;;;;;
3;RandomForest;1206;B2_BR16_IRR_REP_RECUP00002.asd;B2;BR16;IRRIG;D10M;manha;D10;IRRIG;NIRRIG;0.694;False;;;;;;0.7996643365956857;;;;;;;;;;;;;;;;;;;;;;;;;;;;;;;;;;;;;;;;;;;;;;;;;;;;;;;;;;;;;;;;;;;;0.8189627326379008;-0.4732006904001894;0.3524615486861658;0.6496595669970499;;;;;;;;
3;RandomForest;1207;B2_BR16_IRR_REP_RECUP00003.asd;B2;BR16;IRRIG;D10M;manha;D10;IRRIG;NIRRIG;0.678;False;;;;;;0.8020349021346161;;;;;;;;;;;;;;;;;;;;;;;;;;;;;;;;;;;;;;;;;;;;;;;;;;;;;;;;;;;;;;;;;;;;0.8214058893915208;-0.46743571994401817;0.3561382487248552;0.6527797314826081;;;;;;;;
3;RandomForest;1208;B2_BR16_IRR_REP_RECUP00004.asd;B2;BR16;IRRIG;D10M;manha;D10;IRRIG;IRRIG;0.048;True;;;;;;0.839544336906459;;;;;;;;;;;;;;;;;;;;;;;;;;;;;;;;;;;;;;;;;;;;;;;;;;;;;;;;;;;;;;;;;;;;0.8584889800721939;-0.4948759030335924;0.3590219368990817;0.687515753184079;;;;;;;;
3;RandomForest;1209;B2_BR16_IRR_REP_RECUP00005.asd;B2;BR16;IRRIG;D10M;manha;D10;IRRIG;IRRIG;0.048;True;;;;;;0.840495470829364;;;;;;;;;;;;;;;;;;;;;;;;;;;;;;;;;;;;;;;;;;;;;;;;;;;;;;;;;;;;;;;;;;;;0.859249044303605;-0.49782345711431975;0.35621799759195294;0.688185783261673;;;;;;;;
3;RandomForest;1210;B2_BR16_IRR_REP_RECUP00006.asd;B2;BR16;IRRIG;D10M;manha;D10;IRRIG;IRRIG;0.048;True;;;;;;0.8413471025445712;;;;;;;;;;;;;;;;;;;;;;;;;;;;;;;;;;;;;;;;;;;;;;;;;;;;;;;;;;;;;;;;;;;;0.8599876242871223;-0.49821548415435524;0.3585655619969886;0.6894439988897116;;;;;;;;
3;RandomForest;1211;B2_BR16_IRR_REP_RECUP00007.asd;B2;BR16;IRRIG;D10M;manha;D10;IRRIG;IRRIG;0.048;True;;;;;;0.8426431025526446;;;;;;;;;;;;;;;;;;;;;;;;;;;;;;;;;;;;;;;;;;;;;;;;;;;;;;;;;;;;;;;;;;;;0.8614757699979978;-0.4969422653355061;0.3604720937564824;0.6913165096565786;;;;;;;;
3;RandomForest;1212;B2_BR16_NIRR_REP_RECUP00000.asd;B2;BR16;NIRRIG;D10M;manha;D10;NIRRIG;IRRIG;0.086;False;;;;;;0.802560008684849;;;;;;;;;;;;;;;;;;;;;;;;;;;;;;;;;;;;;;;;;;;;;;;;;;;;;;;;;;;;;;;;;;;;0.8292985091326333;-0.6261216552600433;0.23198724430143958;0.6072094799055977;;;;;;;;
3;RandomForest;1213;B2_BR16_NIRR_REP_RECUP00001.asd;B2;BR16;NIRRIG;D10M;manha;D10;NIRRIG;IRRIG;0.086;False;;;;;;0.8033980648743427;;;;;;;;;;;;;;;;;;;;;;;;;;;;;;;;;;;;;;;;;;;;;;;;;;;;;;;;;;;;;;;;;;;;0.8299717633165469;-0.6215290900765069;0.23606659382838985;0.6096032812922904;;;;;;;;
3;RandomForest;1214;B2_BR16_NIRR_REP_RECUP00002.asd;B2;BR16;NIRRIG;D10M;manha;D10;NIRRIG;IRRIG;0.086;False;;;;;;0.8075200547669255;;;;;;;;;;;;;;;;;;;;;;;;;;;;;;;;;;;;;;;;;;;;;;;;;;;;;;;;;;;;;;;;;;;;0.8333267268417005;-0.6131412370256955;0.24611298827379127;0.6163718879161427;;;;;;;;
3;RandomForest;1215;B2_BR16_NIRR_REP_RECUP00003.asd;B2;BR16;NIRRIG;D10M;manha;D10;NIRRIG;IRRIG;0.05;False;;;;;;0.8146781667105025;;;;;;;;;;;;;;;;;;;;;;;;;;;;;;;;;;;;;;;;;;;;;;;;;;;;;;;;;;;;;;;;;;;;0.8403868771413419;-0.5994940044434274;0.26478606234027635;0.6250101610040458;;;;;;;;
3;RandomForest;1216;B2_BR16_NIRR_REP_RECUP00004.asd;B2;BR16;NIRRIG;D10M;manha;D10;NIRRIG;IRRIG;0.068;False;;;;;;0.8274427166138766;;;;;;;;;;;;;;;;;;;;;;;;;;;;;;;;;;;;;;;;;;;;;;;;;;;;;;;;;;;;;;;;;;;;0.8471027739629647;-0.4764513558056657;0.3487018249710485;0.6714981623555355;;;;;;;;
3;RandomForest;1217;B2_BR16_NIRR_REP_RECUP00005.asd;B2;BR16;NIRRIG;D10M;manha;D10;NIRRIG;IRRIG;0.08;False;;;;;;0.8263533703364606;;;;;;;;;;;;;;;;;;;;;;;;;;;;;;;;;;;;;;;;;;;;;;;;;;;;;;;;;;;;;;;;;;;;0.846086200621609;-0.4767247961475956;0.34710289529154575;0.6704968772818686;;;;;;;;
3;RandomForest;1218;B2_BR16_NIRR_REP_RECUP00006.asd;B2;BR16;NIRRIG;D10M;manha;D10;NIRRIG;IRRIG;0.008;False;;;;;;0.8284456980812729;;;;;;;;;;;;;;;;;;;;;;;;;;;;;;;;;;;;;;;;;;;;;;;;;;;;;;;;;;;;;;;;;;;;0.8480680467529338;-0.47076389992090645;0.35225123203196024;0.6735949457422162;;;;;;;;
3;RandomForest;1219;B2_BR16_NIRR_REP_RECUP00007.asd;B2;BR16;NIRRIG;D10M;manha;D10;NIRRIG;IRRIG;0.002;False;;;;;;0.8298284211217959;;;;;;;;;;;;;;;;;;;;;;;;;;;;;;;;;;;;;;;;;;;;;;;;;;;;;;;;;;;;;;;;;;;;0.8489079638379294;-0.469282824574341;0.3527804588632188;0.6758230323799703;;;;;;;;
4;PLS-DA;1156;B1_BR16_IRR_REP_RECUP00000.asd;B1;BR16;IRRIG;D10M;manha;D10;IRRIG;NIRRIG;0.5356630926624102;False;;;;;;0.8204603769379576;;;;;;;;;;;;;;;;;;;;;;;;;;;;;;;;;;;;;;;;;;;;;;;;;;;;;;;;;;;;;;;;;;;;0.8432811548232121;-0.5102142373644956;0.29727409746689887;0.6534271282194448;;;;;;;;
4;PLS-DA;1157;B1_BR16_IRR_REP_RECUP00001.asd;B1;BR16;IRRIG;D10M;manha;D10;IRRIG;NIRRIG;0.5296774638342342;False;;;;;;0.822159932597343;;;;;;;;;;;;;;;;;;;;;;;;;;;;;;;;;;;;;;;;;;;;;;;;;;;;;;;;;;;;;;;;;;;;0.8450535000368152;-0.5071989365849008;0.30097919979650306;0.6555981026077364;;;;;;;;
4;PLS-DA;1158;B1_BR16_IRR_REP_RECUP00002.asd;B1;BR16;IRRIG;D10M;manha;D10;IRRIG;NIRRIG;0.5279521869858264;False;;;;;;0.8232935405461625;;;;;;;;;;;;;;;;;;;;;;;;;;;;;;;;;;;;;;;;;;;;;;;;;;;;;;;;;;;;;;;;;;;;0.8460685990821831;-0.5067039762249474;0.3020330342020514;0.6568183239050787;;;;;;;;
4;PLS-DA;1159;B1_BR16_IRR_REP_RECUP00003.asd;B1;BR16;IRRIG;D10M;manha;D10;IRRIG;NIRRIG;0.5266105378415455;False;;;;;;0.8246332099105214;;;;;;;;;;;;;;;;;;;;;;;;;;;;;;;;;;;;;;;;;;;;;;;;;;;;;;;;;;;;;;;;;;;;0.8473464157637096;-0.50590444204024;0.30275317410605723;0.6583013546262573;;;;;;;;
4;PLS-DA;1160;B1_BR16_IRR_REP_RECUP00004.asd;B1;BR16;IRRIG;D10M;manha;D10;IRRIG;IRRIG;0.4693669771991339;True;;;;;;0.8285574953747368;;;;;;;;;;;;;;;;;;;;;;;;;;;;;;;;;;;;;;;;;;;;;;;;;;;;;;;;;;;;;;;;;;;;0.8478504120414045;-0.47750476622042665;0.3316949061369793;0.6765140540041216;;;;;;;;
4;PLS-DA;1161;B1_BR16_IRR_REP_RECUP00005.asd;B1;BR16;IRRIG;D10M;manha;D10;IRRIG;IRRIG;0.47202577470415796;True;;;;;;0.8259313455973233;;;;;;;;;;;;;;;;;;;;;;;;;;;;;;;;;;;;;;;;;;;;;;;;;;;;;;;;;;;;;;;;;;;;0.8453888452886383;-0.4770674182834099;0.3300036420340883;0.6736574118328315;;;;;;;;
4;PLS-DA;1162;B1_BR16_IRR_REP_RECUP00006.asd;B1;BR16;IRRIG;D10M;manha;D10;IRRIG;IRRIG;0.4668391025141723;True;;;;;;0.826442321149538;;;;;;;;;;;;;;;;;;;;;;;;;;;;;;;;;;;;;;;;;;;;;;;;;;;;;;;;;;;;;;;;;;;;0.8459156407378433;-0.47398661560330035;0.332841520017876;0.6752019912305993;;;;;;;;
4;PLS-DA;1163;B1_BR16_IRR_REP_RECUP00007.asd;B1;BR16;IRRIG;D10M;manha;D10;IRRIG;IRRIG;0.46169759714237407;True;;;;;;0.8276083701307805;;;;;;;;;;;;;;;;;;;;;;;;;;;;;;;;;;;;;;;;;;;;;;;;;;;;;;;;;;;;;;;;;;;;0.8469402593843978;-0.470480310073883;0.335673612103863;0.6770865576045977;;;;;;;;
4;PLS-DA;1164;B1_BR16_NIRR_REP_RECUP00000.asd;B1;BR16;NIRRIG;D10M;manha;D10;NIRRIG;IRRIG;0.4877718296529459;False;;;;;;0.8109903986772853;;;;;;;;;;;;;;;;;;;;;;;;;;;;;;;;;;;;;;;;;;;;;;;;;;;;;;;;;;;;;;;;;;;;0.8334268976000854;-0.5144444471962099;0.33357168113952096;0.6427609757555319;;;;;;;;
4;PLS-DA;1165;B1_BR16_NIRR_REP_RECUP00001.asd;B1;BR16;NIRRIG;D10M;manha;D10;NIRRIG;IRRIG;0.4841327184756735;False;;;;;;0.8112773126617943;;;;;;;;;;;;;;;;;;;;;;;;;;;;;;;;;;;;;;;;;;;;;;;;;;;;;;;;;;;;;;;;;;;;0.8335854372265828;-0.5111326155175244;0.33533570460650364;0.643813303687215;;;;;;;;
4;PLS-DA;1166;B1_BR16_NIRR_REP_RECUP00002.asd;B1;BR16;NIRRIG;D10M;manha;D10;NIRRIG;IRRIG;0.48174227833270933;False;;;;;;0.8118088931950942;;;;;;;;;;;;;;;;;;;;;;;;;;;;;;;;;;;;;;;;;;;;;;;;;;;;;;;;;;;;;;;;;;;;0.8338772160477393;-0.5092159248266704;0.33635674539935956;0.6450179868110165;;;;;;;;
4;PLS-DA;1167;B1_BR16_NIRR_REP_RECUP00003.asd;B1;BR16;NIRRIG;D10M;manha;D10;NIRRIG;IRRIG;0.47626349469494983;False;;;;;;0.8125567118398184;;;;;;;;;;;;;;;;;;;;;;;;;;;;;;;;;;;;;;;;;;;;;;;;;;;;;;;;;;;;;;;;;;;;0.834714246509853;-0.5057451179143725;0.33953924831880544;0.646486576032804;;;;;;;;
4;PLS-DA;1168;B1_BR16_NIRR_REP_RECUP00004.asd;B1;BR16;NIRRIG;D10M;manha;D10;NIRRIG;NIRRIG;0.5065236149958512;True;;;;;;0.8214282669292841;;;;;;;;;;;;;;;;;;;;;;;;;;;;;;;;;;;;;;;;;;;;;;;;;;;;;;;;;;;;;;;;;;;;0.8419917262075994;-0.5117297551215834;0.31310838279918457;0.6630335844472343;;;;;;;;
4;PLS-DA;1169;B1_BR16_NIRR_REP_RECUP00005.asd;B1;BR16;NIRRIG;D10M;manha;D10;NIRRIG;NIRRIG;0.50116126658945;True;;;;;;0.8228279812603825;;;;;;;;;;;;;;;;;;;;;;;;;;;;;;;;;;;;;;;;;;;;;;;;;;;;;;;;;;;;;;;;;;;;0.8431472427481482;-0.5078759739568952;0.3157586867834479;0.6655777098399424;;;;;;;;
4;PLS-DA;1170;B1_BR16_NIRR_REP_RECUP00006.asd;B1;BR16;NIRRIG;D10M;manha;D10;NIRRIG;IRRIG;0.4995914601154619;False;;;;;;0.8221473612727546;;;;;;;;;;;;;;;;;;;;;;;;;;;;;;;;;;;;;;;;;;;;;;;;;;;;;;;;;;;;;;;;;;;;0.8425529366956118;-0.505193996022149;0.3166673880232907;0.6648328696238249;;;;;;;;
4;PLS-DA;1171;B1_BR16_NIRR_REP_RECUP00007.asd;B1;BR16;NIRRIG;D10M;manha;D10;NIRRIG;NIRRIG;0.5002164174389963;True;;;;;;0.8207746739294014;;;;;;;;;;;;;;;;;;;;;;;;;;;;;;;;;;;;;;;;;;;;;;;;;;;;;;;;;;;;;;;;;;;;0.8414700016736458;-0.5046019559779894;0.3161298831093251;0.663813512492416;;;;;;;;
4;RandomForest;1156;B1_BR16_IRR_REP_RECUP00000.asd;B1;BR16;IRRIG;D10M;manha;D10;IRRIG;NIRRIG;0.898;False;;;;;;0.8204603769379576;;;;;;;;;;;;;;;;;;;;;;;;;;;;;;;;;;;;;;;;;;;;;;;;;;;;;;;;;;;;;;;;;;;;0.8432811548232121;-0.5102142373644956;0.29727409746689887;0.6534271282194448;;;;;;;;
4;RandomForest;1157;B1_BR16_IRR_REP_RECUP00001.asd;B1;BR16;IRRIG;D10M;manha;D10;IRRIG;NIRRIG;0.896;False;;;;;;0.822159932597343;;;;;;;;;;;;;;;;;;;;;;;;;;;;;;;;;;;;;;;;;;;;;;;;;;;;;;;;;;;;;;;;;;;;0.8450535000368152;-0.5071989365849008;0.30097919979650306;0.6555981026077364;;;;;;;;
4;RandomForest;1158;B1_BR16_IRR_REP_RECUP00002.asd;B1;BR16;IRRIG;D10M;manha;D10;IRRIG;NIRRIG;0.898;False;;;;;;0.8232935405461625;;;;;;;;;;;;;;;;;;;;;;;;;;;;;;;;;;;;;;;;;;;;;;;;;;;;;;;;;;;;;;;;;;;;0.8460685990821831;-0.5067039762249474;0.3020330342020514;0.6568183239050787;;;;;;;;
4;RandomForest;1159;B1_BR16_IRR_REP_RECUP00003.asd;B1;BR16;IRRIG;D10M;manha;D10;IRRIG;NIRRIG;0.89;False;;;;;;0.8246332099105214;;;;;;;;;;;;;;;;;;;;;;;;;;;;;;;;;;;;;;;;;;;;;;;;;;;;;;;;;;;;;;;;;;;;0.8473464157637096;-0.50590444204024;0.30275317410605723;0.6583013546262573;;;;;;;;
4;RandomForest;1160;B1_BR16_IRR_REP_RECUP00004.asd;B1;BR16;IRRIG;D10M;manha;D10;IRRIG;NIRRIG;0.954;False;;;;;;0.8285574953747368;;;;;;;;;;;;;;;;;;;;;;;;;;;;;;;;;;;;;;;;;;;;;;;;;;;;;;;;;;;;;;;;;;;;0.8478504120414045;-0.47750476622042665;0.3316949061369793;0.6765140540041216;;;;;;;;
4;RandomForest;1161;B1_BR16_IRR_REP_RECUP00005.asd;B1;BR16;IRRIG;D10M;manha;D10;IRRIG;NIRRIG;0.982;False;;;;;;0.8259313455973233;;;;;;;;;;;;;;;;;;;;;;;;;;;;;;;;;;;;;;;;;;;;;;;;;;;;;;;;;;;;;;;;;;;;0.8453888452886383;-0.4770674182834099;0.3300036420340883;0.6736574118328315;;;;;;;;
4;RandomForest;1162;B1_BR16_IRR_REP_RECUP00006.asd;B1;BR16;IRRIG;D10M;manha;D10;IRRIG;NIRRIG;0.978;False;;;;;;0.826442321149538;;;;;;;;;;;;;;;;;;;;;;;;;;;;;;;;;;;;;;;;;;;;;;;;;;;;;;;;;;;;;;;;;;;;0.8459156407378433;-0.47398661560330035;0.332841520017876;0.6752019912305993;;;;;;;;
4;RandomForest;1163;B1_BR16_IRR_REP_RECUP00007.asd;B1;BR16;IRRIG;D10M;manha;D10;IRRIG;NIRRIG;0.968;False;;;;;;0.8276083701307805;;;;;;;;;;;;;;;;;;;;;;;;;;;;;;;;;;;;;;;;;;;;;;;;;;;;;;;;;;;;;;;;;;;;0.8469402593843978;-0.470480310073883;0.335673612103863;0.6770865576045977;;;;;;;;
4;RandomForest;1164;B1_BR16_NIRR_REP_RECUP00000.asd;B1;BR16;NIRRIG;D10M;manha;D10;NIRRIG;NIRRIG;0.796;True;;;;;;0.8109903986772853;;;;;;;;;;;;;;;;;;;;;;;;;;;;;;;;;;;;;;;;;;;;;;;;;;;;;;;;;;;;;;;;;;;;0.8334268976000854;-0.5144444471962099;0.33357168113952096;0.6427609757555319;;;;;;;;
4;RandomForest;1165;B1_BR16_NIRR_REP_RECUP00001.asd;B1;BR16;NIRRIG;D10M;manha;D10;NIRRIG;NIRRIG;0.654;True;;;;;;0.8112773126617943;;;;;;;;;;;;;;;;;;;;;;;;;;;;;;;;;;;;;;;;;;;;;;;;;;;;;;;;;;;;;;;;;;;;0.8335854372265828;-0.5111326155175244;0.33533570460650364;0.643813303687215;;;;;;;;
4;RandomForest;1166;B1_BR16_NIRR_REP_RECUP00002.asd;B1;BR16;NIRRIG;D10M;manha;D10;NIRRIG;NIRRIG;0.612;True;;;;;;0.8118088931950942;;;;;;;;;;;;;;;;;;;;;;;;;;;;;;;;;;;;;;;;;;;;;;;;;;;;;;;;;;;;;;;;;;;;0.8338772160477393;-0.5092159248266704;0.33635674539935956;0.6450179868110165;;;;;;;;
4;RandomForest;1167;B1_BR16_NIRR_REP_RECUP00003.asd;B1;BR16;NIRRIG;D10M;manha;D10;NIRRIG;NIRRIG;0.548;True;;;;;;0.8125567118398184;;;;;;;;;;;;;;;;;;;;;;;;;;;;;;;;;;;;;;;;;;;;;;;;;;;;;;;;;;;;;;;;;;;;0.834714246509853;-0.5057451179143725;0.33953924831880544;0.646486576032804;;;;;;;;
4;RandomForest;1168;B1_BR16_NIRR_REP_RECUP00004.asd;B1;BR16;NIRRIG;D10M;manha;D10;NIRRIG;NIRRIG;0.914;True;;;;;;0.8214282669292841;;;;;;;;;;;;;;;;;;;;;;;;;;;;;;;;;;;;;;;;;;;;;;;;;;;;;;;;;;;;;;;;;;;;0.8419917262075994;-0.5117297551215834;0.31310838279918457;0.6630335844472343;;;;;;;;
4;RandomForest;1169;B1_BR16_NIRR_REP_RECUP00005.asd;B1;BR16;NIRRIG;D10M;manha;D10;NIRRIG;NIRRIG;0.918;True;;;;;;0.8228279812603825;;;;;;;;;;;;;;;;;;;;;;;;;;;;;;;;;;;;;;;;;;;;;;;;;;;;;;;;;;;;;;;;;;;;0.8431472427481482;-0.5078759739568952;0.3157586867834479;0.6655777098399424;;;;;;;;
4;RandomForest;1170;B1_BR16_NIRR_REP_RECUP00006.asd;B1;BR16;NIRRIG;D10M;manha;D10;NIRRIG;NIRRIG;0.916;True;;;;;;0.8221473612727546;;;;;;;;;;;;;;;;;;;;;;;;;;;;;;;;;;;;;;;;;;;;;;;;;;;;;;;;;;;;;;;;;;;;0.8425529366956118;-0.505193996022149;0.3166673880232907;0.6648328696238249;;;;;;;;
4;RandomForest;1171;B1_BR16_NIRR_REP_RECUP00007.asd;B1;BR16;NIRRIG;D10M;manha;D10;NIRRIG;NIRRIG;0.912;True;;;;;;0.8207746739294014;;;;;;;;;;;;;;;;;;;;;;;;;;;;;;;;;;;;;;;;;;;;;;;;;;;;;;;;;;;;;;;;;;;;0.8414700016736458;-0.5046019559779894;0.3161298831093251;0.663813512492416;;;;;;;;
1;PLS-DA;1316;B4_CD202_IRR_REP_RECUP00000.asd;B4;CD202;IRRIG;D10M;manha;D10;IRRIG;IRRIG;0.4316714842808569;True;;;;;;;;;;;;;;;;;;;;;;;;;;;;;;0.802334923420543;;;;;;;;;;;;;;;;;;;;;;;;;;;;;;;;;;;;;;;0.21830778297493664;;;;;;;;;-0.6348260479107795;0.7185758465232595;-0.9883908398044404;;;;;
1;PLS-DA;1317;B4_CD202_IRR_REP_RECUP00001.asd;B4;CD202;IRRIG;D10M;manha;D10;IRRIG;IRRIG;0.43469849278165223;True;;;;;;;;;;;;;;;;;;;;;;;;;;;;;;0.8016880291958449;;;;;;;;;;;;;;;;;;;;;;;;;;;;;;;;;;;;;;;0.22021819348642474;;;;;;;;;-0.6333188248356691;0.7182341225445127;-0.98686006034032;;;;;
1;PLS-DA;1318;B4_CD202_IRR_REP_RECUP00002.asd;B4;CD202;IRRIG;D10M;manha;D10;IRRIG;IRRIG;0.43505695273729805;True;;;;;;;;;;;;;;;;;;;;;;;;;;;;;;0.8020097358788236;;;;;;;;;;;;;;;;;;;;;;;;;;;;;;;;;;;;;;;0.22051173009162303;;;;;;;;;-0.6334675524910444;0.7186439792931834;-0.9871799611060025;;;;;
1;PLS-DA;1319;B4_CD202_IRR_REP_RECUP00003.asd;B4;CD202;IRRIG;D10M;manha;D10;IRRIG;IRRIG;0.4333715885180882;True;;;;;;;;;;;;;;;;;;;;;;;;;;;;;;0.8018673505071081;;;;;;;;;;;;;;;;;;;;;;;;;;;;;;;;;;;;;;;0.21897600223524818;;;;;;;;;-0.6343591294771991;0.7183553080152798;-0.9877180692727596;;;;;
1;PLS-DA;1320;B4_CD202_IRR_REP_RECUP00004.asd;B4;CD202;IRRIG;D10M;manha;D10;IRRIG;IRRIG;0.4179948106835099;True;;;;;;;;;;;;;;;;;;;;;;;;;;;;;;0.81233671594695;;;;;;;;;;;;;;;;;;;;;;;;;;;;;;;;;;;;;;;0.19295117268496842;;;;;;;;;-0.6587474529254361;0.7321991059342842;-1.0144136950497296;;;;;
1;PLS-DA;1321;B4_CD202_IRR_REP_RECUP00005.asd;B4;CD202;IRRIG;D10M;manha;D10;IRRIG;IRRIG;0.41465349479093444;True;;;;;;;;;;;;;;;;;;;;;;;;;;;;;;0.8130986111592844;;;;;;;;;;;;;;;;;;;;;;;;;;;;;;;;;;;;;;;0.19147722599515582;;;;;;;;;-0.659556806441281;0.7329551900174861;-1.0148186689189598;;;;;
1;PLS-DA;1322;B4_CD202_IRR_REP_RECUP00006.asd;B4;CD202;IRRIG;D10M;manha;D10;IRRIG;IRRIG;0.41630477376181524;True;;;;;;;;;;;;;;;;;;;;;;;;;;;;;;0.8115942993444597;;;;;;;;;;;;;;;;;;;;;;;;;;;;;;;;;;;;;;;0.1933479946498845;;;;;;;;;-0.6574941757260376;0.7307662554690494;-1.012862990350277;;;;;
1;PLS-DA;1323;B4_CD202_IRR_REP_RECUP00007.asd;B4;CD202;IRRIG;D10M;manha;D10;IRRIG;IRRIG;0.4161267094365973;True;;;;;;;;;;;;;;;;;;;;;;;;;;;;;;0.812298239018747;;;;;;;;;;;;;;;;;;;;;;;;;;;;;;;;;;;;;;;0.19272296307098893;;;;;;;;;-0.6583096607302796;0.7319020499484452;-1.013699534741601;;;;;
1;PLS-DA;1324;B4_CD202_NIRR_REP_RECUP00000.asd;B4;CD202;NIRRIG;D10M;manha;D10;NIRRIG;NIRRIG;0.6001292143538329;True;;;;;;;;;;;;;;;;;;;;;;;;;;;;;;0.7863558142579634;;;;;;;;;;;;;;;;;;;;;;;;;;;;;;;;;;;;;;;0.37243631018450074;;;;;;;;;-0.4862985159509811;0.7045661165677309;-0.8906625725337951;;;;;
1;PLS-DA;1325;B4_CD202_NIRR_REP_RECUP00001.asd;B4;CD202;NIRRIG;D10M;manha;D10;NIRRIG;NIRRIG;0.6025717277321738;True;;;;;;;;;;;;;;;;;;;;;;;;;;;;;;0.785966251023374;;;;;;;;;;;;;;;;;;;;;;;;;;;;;;;;;;;;;;;0.3732597942130583;;;;;;;;;-0.485694658248794;0.7046096396328142;-0.8900638511099603;;;;;
1;PLS-DA;1326;B4_CD202_NIRR_REP_RECUP00002.asd;B4;CD202;NIRRIG;D10M;manha;D10;NIRRIG;NIRRIG;0.6103399307716604;True;;;;;;;;;;;;;;;;;;;;;;;;;;;;;;0.7828211659355718;;;;;;;;;;;;;;;;;;;;;;;;;;;;;;;;;;;;;;;0.37930840249127723;;;;;;;;;-0.48035620397031575;0.7012115602654264;-0.8847090588821722;;;;;
1;PLS-DA;1327;B4_CD202_NIRR_REP_RECUP00003.asd;B4;CD202;NIRRIG;D10M;manha;D10;NIRRIG;NIRRIG;0.6144127265150081;True;;;;;;;;;;;;;;;;;;;;;;;;;;;;;;0.7807841127468114;;;;;;;;;;;;;;;;;;;;;;;;;;;;;;;;;;;;;;;0.3818167921081729;;;;;;;;;-0.47852723424208266;0.698661249224218;-0.8829166679061303;;;;;
1;PLS-DA;1328;B4_CD202_NIRR_REP_RECUP00004.asd;B4;CD202;NIRRIG;D10M;manha;D10;NIRRIG;NIRRIG;0.6020387645380798;True;;;;;;;;;;;;;;;;;;;;;;;;;;;;;;0.7813711892387425;;;;;;;;;;;;;;;;;;;;;;;;;;;;;;;;;;;;;;;0.38223310302545704;;;;;;;;;-0.4734735145627471;0.6961071345013128;-0.8791254601597;;;;;
1;PLS-DA;1329;B4_CD202_NIRR_REP_RECUP00005.asd;B4;CD202;NIRRIG;D10M;manha;D10;NIRRIG;NIRRIG;0.6004836996309522;True;;;;;;;;;;;;;;;;;;;;;;;;;;;;;;0.7853049168280635;;;;;;;;;;;;;;;;;;;;;;;;;;;;;;;;;;;;;;;0.3737885840194347;;;;;;;;;-0.4830584167223007;0.7020031982123144;-0.8896725727377345;;;;;
1;PLS-DA;1330;B4_CD202_NIRR_REP_RECUP00006.asd;B4;CD202;NIRRIG;D10M;manha;D10;NIRRIG;NIRRIG;0.6095989167208815;True;;;;;;;;;;;;;;;;;;;;;;;;;;;;;;0.7816254893824652;;;;;;;;;;;;;;;;;;;;;;;;;;;;;;;;;;;;;;;0.37868606415115075;;;;;;;;;-0.47908691230441175;0.6979019352297208;-0.8860541323377413;;;;;
1;PLS-DA;1331;B4_CD202_NIRR_REP_RECUP00007.asd;B4;CD202;NIRRIG;D10M;manha;D10;NIRRIG;NIRRIG;0.6062417793816592;True;;;;;;;;;;;;;;;;;;;;;;;;;;;;;;0.7831770282899978;;;;;;;;;;;;;;;;;;;;;;;;;;;;;;;;;;;;;;;0.37475847343736085;;;;;;;;;-0.4831556815572753;0.699866686246927;-0.8897572646645937;;;;;
1;RandomForest;1316;B4_CD202_IRR_REP_RECUP00000.asd;B4;CD202;IRRIG;D10M;manha;D10;IRRIG;IRRIG;0.0;True;;;;;;;;;;;;;;;;;;;;;;;;;;;;;;0.802334923420543;;;;;;;;;;;;;;;;;;;;;;;;;;;;;;;;;;;;;;;0.21830778297493664;;;;;;;;;-0.6348260479107795;0.7185758465232595;-0.9883908398044404;;;;;
1;RandomForest;1317;B4_CD202_IRR_REP_RECUP00001.asd;B4;CD202;IRRIG;D10M;manha;D10;IRRIG;IRRIG;0.002;True;;;;;;;;;;;;;;;;;;;;;;;;;;;;;;0.8016880291958449;;;;;;;;;;;;;;;;;;;;;;;;;;;;;;;;;;;;;;;0.22021819348642474;;;;;;;;;-0.6333188248356691;0.7182341225445127;-0.98686006034032;;;;;
1;RandomForest;1318;B4_CD202_IRR_REP_RECUP00002.asd;B4;CD202;IRRIG;D10M;manha;D10;IRRIG;IRRIG;0.0;True;;;;;;;;;;;;;;;;;;;;;;;;;;;;;;0.8020097358788236;;;;;;;;;;;;;;;;;;;;;;;;;;;;;;;;;;;;;;;0.22051173009162303;;;;;;;;;-0.6334675524910444;0.7186439792931834;-0.9871799611060025;;;;;
1;RandomForest;1319;B4_CD202_IRR_REP_RECUP00003.asd;B4;CD202;IRRIG;D10M;manha;D10;IRRIG;IRRIG;0.002;True;;;;;;;;;;;;;;;;;;;;;;;;;;;;;;0.8018673505071081;;;;;;;;;;;;;;;;;;;;;;;;;;;;;;;;;;;;;;;0.21897600223524818;;;;;;;;;-0.6343591294771991;0.7183553080152798;-0.9877180692727596;;;;;
1;RandomForest;1320;B4_CD202_IRR_REP_RECUP00004.asd;B4;CD202;IRRIG;D10M;manha;D10;IRRIG;IRRIG;0.198;True;;;;;;;;;;;;;;;;;;;;;;;;;;;;;;0.81233671594695;;;;;;;;;;;;;;;;;;;;;;;;;;;;;;;;;;;;;;;0.19295117268496842;;;;;;;;;-0.6587474529254361;0.7321991059342842;-1.0144136950497296;;;;;
1;RandomForest;1321;B4_CD202_IRR_REP_RECUP00005.asd;B4;CD202;IRRIG;D10M;manha;D10;IRRIG;IRRIG;0.188;True;;;;;;;;;;;;;;;;;;;;;;;;;;;;;;0.8130986111592844;;;;;;;;;;;;;;;;;;;;;;;;;;;;;;;;;;;;;;;0.19147722599515582;;;;;;;;;-0.659556806441281;0.7329551900174861;-1.0148186689189598;;;;;
1;RandomForest;1322;B4_CD202_IRR_REP_RECUP00006.asd;B4;CD202;IRRIG;D10M;manha;D10;IRRIG;IRRIG;0.198;True;;;;;;;;;;;;;;;;;;;;;;;;;;;;;;0.8115942993444597;;;;;;;;;;;;;;;;;;;;;;;;;;;;;;;;;;;;;;;0.1933479946498845;;;;;;;;;-0.6574941757260376;0.7307662554690494;-1.012862990350277;;;;;
1;RandomForest;1323;B4_CD202_IRR_REP_RECUP00007.asd;B4;CD202;IRRIG;D10M;manha;D10;IRRIG;IRRIG;0.198;True;;;;;;;;;;;;;;;;;;;;;;;;;;;;;;0.812298239018747;;;;;;;;;;;;;;;;;;;;;;;;;;;;;;;;;;;;;;;0.19272296307098893;;;;;;;;;-0.6583096607302796;0.7319020499484452;-1.013699534741601;;;;;
1;RandomForest;1324;B4_CD202_NIRR_REP_RECUP00000.asd;B4;CD202;NIRRIG;D10M;manha;D10;NIRRIG;NIRRIG;1.0;True;;;;;;;;;;;;;;;;;;;;;;;;;;;;;;0.7863558142579634;;;;;;;;;;;;;;;;;;;;;;;;;;;;;;;;;;;;;;;0.37243631018450074;;;;;;;;;-0.4862985159509811;0.7045661165677309;-0.8906625725337951;;;;;
1;RandomForest;1325;B4_CD202_NIRR_REP_RECUP00001.asd;B4;CD202;NIRRIG;D10M;manha;D10;NIRRIG;NIRRIG;1.0;True;;;;;;;;;;;;;;;;;;;;;;;;;;;;;;0.785966251023374;;;;;;;;;;;;;;;;;;;;;;;;;;;;;;;;;;;;;;;0.3732597942130583;;;;;;;;;-0.485694658248794;0.7046096396328142;-0.8900638511099603;;;;;
1;RandomForest;1326;B4_CD202_NIRR_REP_RECUP00002.asd;B4;CD202;NIRRIG;D10M;manha;D10;NIRRIG;NIRRIG;1.0;True;;;;;;;;;;;;;;;;;;;;;;;;;;;;;;0.7828211659355718;;;;;;;;;;;;;;;;;;;;;;;;;;;;;;;;;;;;;;;0.37930840249127723;;;;;;;;;-0.48035620397031575;0.7012115602654264;-0.8847090588821722;;;;;
1;RandomForest;1327;B4_CD202_NIRR_REP_RECUP00003.asd;B4;CD202;NIRRIG;D10M;manha;D10;NIRRIG;NIRRIG;1.0;True;;;;;;;;;;;;;;;;;;;;;;;;;;;;;;0.7807841127468114;;;;;;;;;;;;;;;;;;;;;;;;;;;;;;;;;;;;;;;0.3818167921081729;;;;;;;;;-0.47852723424208266;0.698661249224218;-0.8829166679061303;;;;;
1;RandomForest;1328;B4_CD202_NIRR_REP_RECUP00004.asd;B4;CD202;NIRRIG;D10M;manha;D10;NIRRIG;NIRRIG;1.0;True;;;;;;;;;;;;;;;;;;;;;;;;;;;;;;0.7813711892387425;;;;;;;;;;;;;;;;;;;;;;;;;;;;;;;;;;;;;;;0.38223310302545704;;;;;;;;;-0.4734735145627471;0.6961071345013128;-0.8791254601597;;;;;
1;RandomForest;1329;B4_CD202_NIRR_REP_RECUP00005.asd;B4;CD202;NIRRIG;D10M;manha;D10;NIRRIG;NIRRIG;1.0;True;;;;;;;;;;;;;;;;;;;;;;;;;;;;;;0.7853049168280635;;;;;;;;;;;;;;;;;;;;;;;;;;;;;;;;;;;;;;;0.3737885840194347;;;;;;;;;-0.4830584167223007;0.7020031982123144;-0.8896725727377345;;;;;
1;RandomForest;1330;B4_CD202_NIRR_REP_RECUP00006.asd;B4;CD202;NIRRIG;D10M;manha;D10;NIRRIG;NIRRIG;1.0;True;;;;;;;;;;;;;;;;;;;;;;;;;;;;;;0.7816254893824652;;;;;;;;;;;;;;;;;;;;;;;;;;;;;;;;;;;;;;;0.37868606415115075;;;;;;;;;-0.47908691230441175;0.6979019352297208;-0.8860541323377413;;;;;
1;RandomForest;1331;B4_CD202_NIRR_REP_RECUP00007.asd;B4;CD202;NIRRIG;D10M;manha;D10;NIRRIG;NIRRIG;1.0;True;;;;;;;;;;;;;;;;;;;;;;;;;;;;;;0.7831770282899978;;;;;;;;;;;;;;;;;;;;;;;;;;;;;;;;;;;;;;;0.37475847343736085;;;;;;;;;-0.4831556815572753;0.699866686246927;-0.8897572646645937;;;;;
2;PLS-DA;1268;B3_CD202_IRR_REP_RECUP00000.asd;B3;CD202;IRRIG;D10M;manha;D10;IRRIG;IRRIG;0.3541430555785791;True;;;;;;;;;;;;;;;;;;;;;;;;;;;;;;0.799905783766929;;;;;;;;;;;;;;;;;;;;;;;;;;;;;;;;;;;;;;;0.21875544755384144;;;;;;;;;-0.6211065005507411;0.7112464108977568;-0.9557825512320628;;;;;
2;PLS-DA;1269;B3_CD202_IRR_REP_RECUP00001.asd;B3;CD202;IRRIG;D10M;manha;D10;IRRIG;IRRIG;0.3477995255039237;True;;;;;;;;;;;;;;;;;;;;;;;;;;;;;;0.8026824571800023;;;;;;;;;;;;;;;;;;;;;;;;;;;;;;;;;;;;;;;0.21104239273405134;;;;;;;;;-0.6273367640574637;0.71400063187505;-0.9611002269447422;;;;;
2;PLS-DA;1270;B3_CD202_IRR_REP_RECUP00002.asd;B3;CD202;IRRIG;D10M;manha;D10;IRRIG;IRRIG;0.35012515281634704;True;;;;;;;;;;;;;;;;;;;;;;;;;;;;;;0.8034228898814516;;;;;;;;;;;;;;;;;;;;;;;;;;;;;;;;;;;;;;;0.21264243472689817;;;;;;;;;-0.6248223359540241;0.7148260791716173;-0.9583973581731113;;;;;
2;PLS-DA;1271;B3_CD202_IRR_REP_RECUP00003.asd;B3;CD202;IRRIG;D10M;manha;D10;IRRIG;IRRIG;0.35236242715770416;True;;;;;;;;;;;;;;;;;;;;;;;;;;;;;;0.8043547116019429;;;;;;;;;;;;;;;;;;;;;;;;;;;;;;;;;;;;;;;0.21511955828329501;;;;;;;;;-0.6217964422390402;0.7156198623081952;-0.9550826472200322;;;;;
2;PLS-DA;1272;B3_CD202_IRR_REP_RECUP00004.asd;B3;CD202;IRRIG;D10M;manha;D10;IRRIG;IRRIG;0.3600284075529641;True;;;;;;;;;;;;;;;;;;;;;;;;;;;;;;0.8101333501027167;;;;;;;;;;;;;;;;;;;;;;;;;;;;;;;;;;;;;;;0.15613561512458643;;;;;;;;;-0.708916266747187;0.7306938288262529;-1.0546892556720775;;;;;
2;PLS-DA;1273;B3_CD202_IRR_REP_RECUP00005.asd;B3;CD202;IRRIG;D10M;manha;D10;IRRIG;IRRIG;0.3674958989387367;True;;;;;;;;;;;;;;;;;;;;;;;;;;;;;;0.813187774855075;;;;;;;;;;;;;;;;;;;;;;;;;;;;;;;;;;;;;;;0.15774233478268135;;;;;;;;;-0.7075044594949073;0.7343198971829809;-1.0535926623655374;;;;;
2;PLS-DA;1274;B3_CD202_IRR_REP_RECUP00006.asd;B3;CD202;IRRIG;D10M;manha;D10;IRRIG;IRRIG;0.36260021820580174;True;;;;;;;;;;;;;;;;;;;;;;;;;;;;;;0.8140858856207218;;;;;;;;;;;;;;;;;;;;;;;;;;;;;;;;;;;;;;;0.15667348788259003;;;;;;;;;-0.7060971427024347;0.7345859052494992;-1.0509687477504237;;;;;
2;PLS-DA;1275;B3_CD202_IRR_REP_RECUP00007.asd;B3;CD202;IRRIG;D10M;manha;D10;IRRIG;IRRIG;0.3649979795515211;True;;;;;;;;;;;;;;;;;;;;;;;;;;;;;;0.8147216229442985;;;;;;;;;;;;;;;;;;;;;;;;;;;;;;;;;;;;;;;0.15840507956115898;;;;;;;;;-0.703489434514971;0.7353504717906331;-1.0479585310497004;;;;;
2;PLS-DA;1276;B3_CD202_NIRR_REP_RECUP00000.asd;B3;CD202;NIRRIG;D10M;manha;D10;NIRRIG;NIRRIG;0.5500778197931699;True;;;;;;;;;;;;;;;;;;;;;;;;;;;;;;0.7904979263136548;;;;;;;;;;;;;;;;;;;;;;;;;;;;;;;;;;;;;;;0.30111249299536486;;;;;;;;;-0.5628975893766266;0.7096322196217087;-0.9652977134985212;;;;;
2;PLS-DA;1277;B3_CD202_NIRR_REP_RECUP00001.asd;B3;CD202;NIRRIG;D10M;manha;D10;NIRRIG;NIRRIG;0.5425790651470663;True;;;;;;;;;;;;;;;;;;;;;;;;;;;;;;0.7899974573145095;;;;;;;;;;;;;;;;;;;;;;;;;;;;;;;;;;;;;;;0.29772238735571915;;;;;;;;;-0.564712965113728;0.7088440224476129;-0.9655982385462073;;;;;
2;PLS-DA;1278;B3_CD202_NIRR_REP_RECUP00002.asd;B3;CD202;NIRRIG;D10M;manha;D10;NIRRIG;NIRRIG;0.550220894858774;True;;;;;;;;;;;;;;;;;;;;;;;;;;;;;;0.7893036582215337;;;;;;;;;;;;;;;;;;;;;;;;;;;;;;;;;;;;;;;0.30315931206866253;;;;;;;;;-0.5604308950049407;0.7086105216026457;-0.9612885281749372;;;;;
2;PLS-DA;1279;B3_CD202_NIRR_REP_RECUP00003.asd;B3;CD202;NIRRIG;D10M;manha;D10;NIRRIG;NIRRIG;0.5546417496952807;True;;;;;;;;;;;;;;;;;;;;;;;;;;;;;;0.7923979463395496;;;;;;;;;;;;;;;;;;;;;;;;;;;;;;;;;;;;;;;0.29751064269494454;;;;;;;;;-0.5671029916081645;0.7131250521977041;-0.9679618542269436;;;;;
2;PLS-DA;1280;B3_CD202_NIRR_REP_RECUP00004.asd;B3;CD202;NIRRIG;D10M;manha;D10;NIRRIG;NIRRIG;0.5178999408199263;True;;;;;;;;;;;;;;;;;;;;;;;;;;;;;;0.7893388018654001;;;;;;;;;;;;;;;;;;;;;;;;;;;;;;;;;;;;;;;0.28511255901922583;;;;;;;;;-0.5803790759624761;0.7077619512747735;-0.9736075355539054;;;;;
2;PLS-DA;1281;B3_CD202_NIRR_REP_RECUP00005.asd;B3;CD202;NIRRIG;D10M;manha;D10;NIRRIG;NIRRIG;0.5224386196612621;True;;;;;;;;;;;;;;;;;;;;;;;;;;;;;;0.7903099807157056;;;;;;;;;;;;;;;;;;;;;;;;;;;;;;;;;;;;;;;0.28419616140536047;;;;;;;;;-0.5819440642871736;0.7096670472918428;-0.9748434725287766;;;;;
2;PLS-DA;1282;B3_CD202_NIRR_REP_RECUP00006.asd;B3;CD202;NIRRIG;D10M;manha;D10;NIRRIG;NIRRIG;0.5194253206950531;True;;;;;;;;;;;;;;;;;;;;;;;;;;;;;;0.7947531102046871;;;;;;;;;;;;;;;;;;;;;;;;;;;;;;;;;;;;;;;0.27329041914638214;;;;;;;;;-0.5927863980327543;0.7152028020154781;-0.9845613937115268;;;;;
2;PLS-DA;1283;B3_CD202_NIRR_REP_RECUP00007.asd;B3;CD202;NIRRIG;D10M;manha;D10;NIRRIG;NIRRIG;0.5177051123144966;True;;;;;;;;;;;;;;;;;;;;;;;;;;;;;;0.7954257043809092;;;;;;;;;;;;;;;;;;;;;;;;;;;;;;;;;;;;;;;0.270752739647441;;;;;;;;;-0.595158768285395;0.7161133101663703;-0.9861747477150323;;;;;
2;RandomForest;1268;B3_CD202_IRR_REP_RECUP00000.asd;B3;CD202;IRRIG;D10M;manha;D10;IRRIG;IRRIG;0.248;True;;;;;;;;;;;;;;;;;;;;;;;;;;;;;;0.799905783766929;;;;;;;;;;;;;;;;;;;;;;;;;;;;;;;;;;;;;;;0.21875544755384144;;;;;;;;;-0.6211065005507411;0.7112464108977568;-0.9557825512320628;;;;;
2;RandomForest;1269;B3_CD202_IRR_REP_RECUP00001.asd;B3;CD202;IRRIG;D10M;manha;D10;IRRIG;IRRIG;0.236;True;;;;;;;;;;;;;;;;;;;;;;;;;;;;;;0.8026824571800023;;;;;;;;;;;;;;;;;;;;;;;;;;;;;;;;;;;;;;;0.21104239273405134;;;;;;;;;-0.6273367640574637;0.71400063187505;-0.9611002269447422;;;;;
2;RandomForest;1270;B3_CD202_IRR_REP_RECUP00002.asd;B3;CD202;IRRIG;D10M;manha;D10;IRRIG;IRRIG;0.218;True;;;;;;;;;;;;;;;;;;;;;;;;;;;;;;0.8034228898814516;;;;;;;;;;;;;;;;;;;;;;;;;;;;;;;;;;;;;;;0.21264243472689817;;;;;;;;;-0.6248223359540241;0.7148260791716173;-0.9583973581731113;;;;;
2;RandomForest;1271;B3_CD202_IRR_REP_RECUP00003.asd;B3;CD202;IRRIG;D10M;manha;D10;IRRIG;IRRIG;0.218;True;;;;;;;;;;;;;;;;;;;;;;;;;;;;;;0.8043547116019429;;;;;;;;;;;;;;;;;;;;;;;;;;;;;;;;;;;;;;;0.21511955828329501;;;;;;;;;-0.6217964422390402;0.7156198623081952;-0.9550826472200322;;;;;
2;RandomForest;1272;B3_CD202_IRR_REP_RECUP00004.asd;B3;CD202;IRRIG;D10M;manha;D10;IRRIG;IRRIG;0.46;True;;;;;;;;;;;;;;;;;;;;;;;;;;;;;;0.8101333501027167;;;;;;;;;;;;;;;;;;;;;;;;;;;;;;;;;;;;;;;0.15613561512458643;;;;;;;;;-0.708916266747187;0.7306938288262529;-1.0546892556720775;;;;;
2;RandomForest;1273;B3_CD202_IRR_REP_RECUP00005.asd;B3;CD202;IRRIG;D10M;manha;D10;IRRIG;IRRIG;0.444;True;;;;;;;;;;;;;;;;;;;;;;;;;;;;;;0.813187774855075;;;;;;;;;;;;;;;;;;;;;;;;;;;;;;;;;;;;;;;0.15774233478268135;;;;;;;;;-0.7075044594949073;0.7343198971829809;-1.0535926623655374;;;;;
2;RandomForest;1274;B3_CD202_IRR_REP_RECUP00006.asd;B3;CD202;IRRIG;D10M;manha;D10;IRRIG;IRRIG;0.444;True;;;;;;;;;;;;;;;;;;;;;;;;;;;;;;0.8140858856207218;;;;;;;;;;;;;;;;;;;;;;;;;;;;;;;;;;;;;;;0.15667348788259003;;;;;;;;;-0.7060971427024347;0.7345859052494992;-1.0509687477504237;;;;;
2;RandomForest;1275;B3_CD202_IRR_REP_RECUP00007.asd;B3;CD202;IRRIG;D10M;manha;D10;IRRIG;IRRIG;0.444;True;;;;;;;;;;;;;;;;;;;;;;;;;;;;;;0.8147216229442985;;;;;;;;;;;;;;;;;;;;;;;;;;;;;;;;;;;;;;;0.15840507956115898;;;;;;;;;-0.703489434514971;0.7353504717906331;-1.0479585310497004;;;;;
2;RandomForest;1276;B3_CD202_NIRR_REP_RECUP00000.asd;B3;CD202;NIRRIG;D10M;manha;D10;NIRRIG;NIRRIG;0.994;True;;;;;;;;;;;;;;;;;;;;;;;;;;;;;;0.7904979263136548;;;;;;;;;;;;;;;;;;;;;;;;;;;;;;;;;;;;;;;0.30111249299536486;;;;;;;;;-0.5628975893766266;0.7096322196217087;-0.9652977134985212;;;;;
2;RandomForest;1277;B3_CD202_NIRR_REP_RECUP00001.asd;B3;CD202;NIRRIG;D10M;manha;D10;NIRRIG;NIRRIG;0.994;True;;;;;;;;;;;;;;;;;;;;;;;;;;;;;;0.7899974573145095;;;;;;;;;;;;;;;;;;;;;;;;;;;;;;;;;;;;;;;0.29772238735571915;;;;;;;;;-0.564712965113728;0.7088440224476129;-0.9655982385462073;;;;;
2;RandomForest;1278;B3_CD202_NIRR_REP_RECUP00002.asd;B3;CD202;NIRRIG;D10M;manha;D10;NIRRIG;NIRRIG;0.994;True;;;;;;;;;;;;;;;;;;;;;;;;;;;;;;0.7893036582215337;;;;;;;;;;;;;;;;;;;;;;;;;;;;;;;;;;;;;;;0.30315931206866253;;;;;;;;;-0.5604308950049407;0.7086105216026457;-0.9612885281749372;;;;;
2;RandomForest;1279;B3_CD202_NIRR_REP_RECUP00003.asd;B3;CD202;NIRRIG;D10M;manha;D10;NIRRIG;NIRRIG;0.978;True;;;;;;;;;;;;;;;;;;;;;;;;;;;;;;0.7923979463395496;;;;;;;;;;;;;;;;;;;;;;;;;;;;;;;;;;;;;;;0.29751064269494454;;;;;;;;;-0.5671029916081645;0.7131250521977041;-0.9679618542269436;;;;;
2;RandomForest;1280;B3_CD202_NIRR_REP_RECUP00004.asd;B3;CD202;NIRRIG;D10M;manha;D10;NIRRIG;NIRRIG;0.994;True;;;;;;;;;;;;;;;;;;;;;;;;;;;;;;0.7893388018654001;;;;;;;;;;;;;;;;;;;;;;;;;;;;;;;;;;;;;;;0.28511255901922583;;;;;;;;;-0.5803790759624761;0.7077619512747735;-0.9736075355539054;;;;;
2;RandomForest;1281;B3_CD202_NIRR_REP_RECUP00005.asd;B3;CD202;NIRRIG;D10M;manha;D10;NIRRIG;NIRRIG;0.994;True;;;;;;;;;;;;;;;;;;;;;;;;;;;;;;0.7903099807157056;;;;;;;;;;;;;;;;;;;;;;;;;;;;;;;;;;;;;;;0.28419616140536047;;;;;;;;;-0.5819440642871736;0.7096670472918428;-0.9748434725287766;;;;;
2;RandomForest;1282;B3_CD202_NIRR_REP_RECUP00006.asd;B3;CD202;NIRRIG;D10M;manha;D10;NIRRIG;NIRRIG;0.516;True;;;;;;;;;;;;;;;;;;;;;;;;;;;;;;0.7947531102046871;;;;;;;;;;;;;;;;;;;;;;;;;;;;;;;;;;;;;;;0.27329041914638214;;;;;;;;;-0.5927863980327543;0.7152028020154781;-0.9845613937115268;;;;;
2;RandomForest;1283;B3_CD202_NIRR_REP_RECUP00007.asd;B3;CD202;NIRRIG;D10M;manha;D10;NIRRIG;IRRIG;0.472;False;;;;;;;;;;;;;;;;;;;;;;;;;;;;;;0.7954257043809092;;;;;;;;;;;;;;;;;;;;;;;;;;;;;;;;;;;;;;;0.270752739647441;;;;;;;;;-0.595158768285395;0.7161133101663703;-0.9861747477150323;;;;;
3;PLS-DA;1220;B2_CD202_IRR_REP_RECUP00000.asd;B2;CD202;IRRIG;D10M;manha;D10;IRRIG;NIRRIG;0.5375058190655636;False;;;;;;;;;;;;;;;;;;;;;;;;;;;;;;0.800413323211239;;;;;;;;;;;;;;;;;;;;;;;;;;;;;;;;;;;;;;;0.24772990405345346;;;;;;;;;-0.6232489186021359;0.722745749203002;-0.9972268561132409;;;;;
3;PLS-DA;1221;B2_CD202_IRR_REP_RECUP00001.asd;B2;CD202;IRRIG;D10M;manha;D10;IRRIG;NIRRIG;0.5461234075124206;False;;;;;;;;;;;;;;;;;;;;;;;;;;;;;;0.8020819410259178;;;;;;;;;;;;;;;;;;;;;;;;;;;;;;;;;;;;;;;0.2529494696127075;;;;;;;;;-0.6187738310296327;0.7241594445010652;-0.9931617193431193;;;;;
3;PLS-DA;1222;B2_CD202_IRR_REP_RECUP00002.asd;B2;CD202;IRRIG;D10M;manha;D10;IRRIG;NIRRIG;0.5541000232033305;False;;;;;;;;;;;;;;;;;;;;;;;;;;;;;;0.8041008082327539;;;;;;;;;;;;;;;;;;;;;;;;;;;;;;;;;;;;;;;0.2583012390446297;;;;;;;;;-0.6137942747856818;0.7257657751178859;-0.9884455163919408;;;;;
3;PLS-DA;1223;B2_CD202_IRR_REP_RECUP00003.asd;B2;CD202;IRRIG;D10M;manha;D10;IRRIG;NIRRIG;0.5621427918681732;False;;;;;;;;;;;;;;;;;;;;;;;;;;;;;;0.8030076889811867;;;;;;;;;;;;;;;;;;;;;;;;;;;;;;;;;;;;;;;0.26409027047943173;;;;;;;;;-0.6084509599408005;0.7250495228889667;-0.9835288180155213;;;;;
3;PLS-DA;1224;B2_CD202_IRR_REP_RECUP00004.asd;B2;CD202;IRRIG;D10M;manha;D10;IRRIG;NIRRIG;0.5494328487236351;False;;;;;;;;;;;;;;;;;;;;;;;;;;;;;;0.7986320561744089;;;;;;;;;;;;;;;;;;;;;;;;;;;;;;;;;;;;;;;0.2603995687104373;;;;;;;;;-0.6109640580390955;0.7210075219528839;-0.9848676210616794;;;;;
3;PLS-DA;1225;B2_CD202_IRR_REP_RECUP00005.asd;B2;CD202;IRRIG;D10M;manha;D10;IRRIG;NIRRIG;0.549711669937572;False;;;;;;;;;;;;;;;;;;;;;;;;;;;;;;0.7990947476571485;;;;;;;;;;;;;;;;;;;;;;;;;;;;;;;;;;;;;;;0.25984320014751117;;;;;;;;;-0.6123806854790133;0.7213431570567004;-0.9865897811200138;;;;;
3;PLS-DA;1226;B2_CD202_IRR_REP_RECUP00006.asd;B2;CD202;IRRIG;D10M;manha;D10;IRRIG;NIRRIG;0.552812613635519;False;;;;;;;;;;;;;;;;;;;;;;;;;;;;;;0.7993289851157915;;;;;;;;;;;;;;;;;;;;;;;;;;;;;;;;;;;;;;;0.2632576384442842;;;;;;;;;-0.6095041359105573;0.7213581528698468;-0.9835968738971559;;;;;
3;PLS-DA;1227;B2_CD202_IRR_REP_RECUP00007.asd;B2;CD202;IRRIG;D10M;manha;D10;IRRIG;NIRRIG;0.5610312374682563;False;;;;;;;;;;;;;;;;;;;;;;;;;;;;;;0.7998996939674422;;;;;;;;;;;;;;;;;;;;;;;;;;;;;;;;;;;;;;;0.2663408350631857;;;;;;;;;-0.6068685807698437;0.7223638137551077;-0.9813097267217572;;;;;
3;PLS-DA;1228;B2_CD202_NIRR_REP_RECUP00008.asd;B2;CD202;NIRRIG;D10M;manha;D10;NIRRIG;NIRRIG;0.6168376905727005;True;;;;;;;;;;;;;;;;;;;;;;;;;;;;;;0.7858221409372877;;;;;;;;;;;;;;;;;;;;;;;;;;;;;;;;;;;;;;;0.29817977740400275;;;;;;;;;-0.5819442854701871;0.707592993536805;-0.9862056213688838;;;;;
3;PLS-DA;1229;B2_CD202_NIRR_REP_RECUP00009.asd;B2;CD202;NIRRIG;D10M;manha;D10;NIRRIG;NIRRIG;0.6182217482134982;True;;;;;;;;;;;;;;;;;;;;;;;;;;;;;;0.7876301521661118;;;;;;;;;;;;;;;;;;;;;;;;;;;;;;;;;;;;;;;0.29322382110228573;;;;;;;;;-0.5867488730547501;0.7102014466089327;-0.9902650457468811;;;;;
3;PLS-DA;1230;B2_CD202_NIRR_REP_RECUP00010.asd;B2;CD202;NIRRIG;D10M;manha;D10;NIRRIG;NIRRIG;0.6226702693840588;True;;;;;;;;;;;;;;;;;;;;;;;;;;;;;;0.7904932851652775;;;;;;;;;;;;;;;;;;;;;;;;;;;;;;;;;;;;;;;0.2870080266493151;;;;;;;;;-0.5927252682492775;0.7143768285619888;-0.995171800887764;;;;;
3;PLS-DA;1231;B2_CD202_NIRR_REP_RECUP00011.asd;B2;CD202;NIRRIG;D10M;manha;D10;NIRRIG;NIRRIG;0.6223983714384603;True;;;;;;;;;;;;;;;;;;;;;;;;;;;;;;0.7903618551214459;;;;;;;;;;;;;;;;;;;;;;;;;;;;;;;;;;;;;;;0.2866844525232704;;;;;;;;;-0.5926450694836192;0.7144681710570031;-0.99451892837678;;;;;
3;PLS-DA;1232;B2_CD202_NIRR_REP_RECUP00012.asd;B2;CD202;NIRRIG;D10M;manha;D10;NIRRIG;NIRRIG;0.6973398129009776;True;;;;;;;;;;;;;;;;;;;;;;;;;;;;;;0.7760797184089364;;;;;;;;;;;;;;;;;;;;;;;;;;;;;;;;;;;;;;;0.38852443619301064;;;;;;;;;-0.4571218908980311;0.6967243266698919;-0.8767515178766254;;;;;
3;PLS-DA;1233;B2_CD202_NIRR_REP_RECUP00013.asd;B2;CD202;NIRRIG;D10M;manha;D10;NIRRIG;NIRRIG;0.696629022967378;True;;;;;;;;;;;;;;;;;;;;;;;;;;;;;;0.7754218854302206;;;;;;;;;;;;;;;;;;;;;;;;;;;;;;;;;;;;;;;0.3892608643817063;;;;;;;;;-0.45685577150858253;0.6959264389527364;-0.8766163086059093;;;;;
3;PLS-DA;1234;B2_CD202_NIRR_REP_RECUP00014.asd;B2;CD202;NIRRIG;D10M;manha;D10;NIRRIG;NIRRIG;0.6968388108043322;True;;;;;;;;;;;;;;;;;;;;;;;;;;;;;;0.7759523372703021;;;;;;;;;;;;;;;;;;;;;;;;;;;;;;;;;;;;;;;0.38776919994896136;;;;;;;;;-0.45860367396070323;0.696673414213493;-0.8780448269394383;;;;;
3;PLS-DA;1235;B2_CD202_NIRR_REP_RECUP00015.asd;B2;CD202;NIRRIG;D10M;manha;D10;NIRRIG;NIRRIG;0.6958443702316235;True;;;;;;;;;;;;;;;;;;;;;;;;;;;;;;0.7766502295539864;;;;;;;;;;;;;;;;;;;;;;;;;;;;;;;;;;;;;;;0.3858525646411768;;;;;;;;;-0.46020803810452443;0.6974450680964869;-0.8793072154166892;;;;;
3;RandomForest;1220;B2_CD202_IRR_REP_RECUP00000.asd;B2;CD202;IRRIG;D10M;manha;D10;IRRIG;IRRIG;0.272;True;;;;;;;;;;;;;;;;;;;;;;;;;;;;;;0.800413323211239;;;;;;;;;;;;;;;;;;;;;;;;;;;;;;;;;;;;;;;0.24772990405345346;;;;;;;;;-0.6232489186021359;0.722745749203002;-0.9972268561132409;;;;;
3;RandomForest;1221;B2_CD202_IRR_REP_RECUP00001.asd;B2;CD202;IRRIG;D10M;manha;D10;IRRIG;IRRIG;0.29;True;;;;;;;;;;;;;;;;;;;;;;;;;;;;;;0.8020819410259178;;;;;;;;;;;;;;;;;;;;;;;;;;;;;;;;;;;;;;;0.2529494696127075;;;;;;;;;-0.6187738310296327;0.7241594445010652;-0.9931617193431193;;;;;
3;RandomForest;1222;B2_CD202_IRR_REP_RECUP00002.asd;B2;CD202;IRRIG;D10M;manha;D10;IRRIG;IRRIG;0.294;True;;;;;;;;;;;;;;;;;;;;;;;;;;;;;;0.8041008082327539;;;;;;;;;;;;;;;;;;;;;;;;;;;;;;;;;;;;;;;0.2583012390446297;;;;;;;;;-0.6137942747856818;0.7257657751178859;-0.9884455163919408;;;;;
3;RandomForest;1223;B2_CD202_IRR_REP_RECUP00003.asd;B2;CD202;IRRIG;D10M;manha;D10;IRRIG;IRRIG;0.39;True;;;;;;;;;;;;;;;;;;;;;;;;;;;;;;0.8030076889811867;;;;;;;;;;;;;;;;;;;;;;;;;;;;;;;;;;;;;;;0.26409027047943173;;;;;;;;;-0.6084509599408005;0.7250495228889667;-0.9835288180155213;;;;;
3;RandomForest;1224;B2_CD202_IRR_REP_RECUP00004.asd;B2;CD202;IRRIG;D10M;manha;D10;IRRIG;IRRIG;0.328;True;;;;;;;;;;;;;;;;;;;;;;;;;;;;;;0.7986320561744089;;;;;;;;;;;;;;;;;;;;;;;;;;;;;;;;;;;;;;;0.2603995687104373;;;;;;;;;-0.6109640580390955;0.7210075219528839;-0.9848676210616794;;;;;
3;RandomForest;1225;B2_CD202_IRR_REP_RECUP00005.asd;B2;CD202;IRRIG;D10M;manha;D10;IRRIG;IRRIG;0.304;True;;;;;;;;;;;;;;;;;;;;;;;;;;;;;;0.7990947476571485;;;;;;;;;;;;;;;;;;;;;;;;;;;;;;;;;;;;;;;0.25984320014751117;;;;;;;;;-0.6123806854790133;0.7213431570567004;-0.9865897811200138;;;;;
3;RandomForest;1226;B2_CD202_IRR_REP_RECUP00006.asd;B2;CD202;IRRIG;D10M;manha;D10;IRRIG;IRRIG;0.332;True;;;;;;;;;;;;;;;;;;;;;;;;;;;;;;0.7993289851157915;;;;;;;;;;;;;;;;;;;;;;;;;;;;;;;;;;;;;;;0.2632576384442842;;;;;;;;;-0.6095041359105573;0.7213581528698468;-0.9835968738971559;;;;;
3;RandomForest;1227;B2_CD202_IRR_REP_RECUP00007.asd;B2;CD202;IRRIG;D10M;manha;D10;IRRIG;NIRRIG;0.602;False;;;;;;;;;;;;;;;;;;;;;;;;;;;;;;0.7998996939674422;;;;;;;;;;;;;;;;;;;;;;;;;;;;;;;;;;;;;;;0.2663408350631857;;;;;;;;;-0.6068685807698437;0.7223638137551077;-0.9813097267217572;;;;;
3;RandomForest;1228;B2_CD202_NIRR_REP_RECUP00008.asd;B2;CD202;NIRRIG;D10M;manha;D10;NIRRIG;NIRRIG;1.0;True;;;;;;;;;;;;;;;;;;;;;;;;;;;;;;0.7858221409372877;;;;;;;;;;;;;;;;;;;;;;;;;;;;;;;;;;;;;;;0.29817977740400275;;;;;;;;;-0.5819442854701871;0.707592993536805;-0.9862056213688838;;;;;
3;RandomForest;1229;B2_CD202_NIRR_REP_RECUP00009.asd;B2;CD202;NIRRIG;D10M;manha;D10;NIRRIG;NIRRIG;0.992;True;;;;;;;;;;;;;;;;;;;;;;;;;;;;;;0.7876301521661118;;;;;;;;;;;;;;;;;;;;;;;;;;;;;;;;;;;;;;;0.29322382110228573;;;;;;;;;-0.5867488730547501;0.7102014466089327;-0.9902650457468811;;;;;
3;RandomForest;1230;B2_CD202_NIRR_REP_RECUP00010.asd;B2;CD202;NIRRIG;D10M;manha;D10;NIRRIG;NIRRIG;0.974;True;;;;;;;;;;;;;;;;;;;;;;;;;;;;;;0.7904932851652775;;;;;;;;;;;;;;;;;;;;;;;;;;;;;;;;;;;;;;;0.2870080266493151;;;;;;;;;-0.5927252682492775;0.7143768285619888;-0.995171800887764;;;;;
3;RandomForest;1231;B2_CD202_NIRR_REP_RECUP00011.asd;B2;CD202;NIRRIG;D10M;manha;D10;NIRRIG;NIRRIG;0.974;True;;;;;;;;;;;;;;;;;;;;;;;;;;;;;;0.7903618551214459;;;;;;;;;;;;;;;;;;;;;;;;;;;;;;;;;;;;;;;0.2866844525232704;;;;;;;;;-0.5926450694836192;0.7144681710570031;-0.99451892837678;;;;;
3;RandomForest;1232;B2_CD202_NIRR_REP_RECUP00012.asd;B2;CD202;NIRRIG;D10M;manha;D10;NIRRIG;NIRRIG;1.0;True;;;;;;;;;;;;;;;;;;;;;;;;;;;;;;0.7760797184089364;;;;;;;;;;;;;;;;;;;;;;;;;;;;;;;;;;;;;;;0.38852443619301064;;;;;;;;;-0.4571218908980311;0.6967243266698919;-0.8767515178766254;;;;;
3;RandomForest;1233;B2_CD202_NIRR_REP_RECUP00013.asd;B2;CD202;NIRRIG;D10M;manha;D10;NIRRIG;NIRRIG;1.0;True;;;;;;;;;;;;;;;;;;;;;;;;;;;;;;0.7754218854302206;;;;;;;;;;;;;;;;;;;;;;;;;;;;;;;;;;;;;;;0.3892608643817063;;;;;;;;;-0.45685577150858253;0.6959264389527364;-0.8766163086059093;;;;;
3;RandomForest;1234;B2_CD202_NIRR_REP_RECUP00014.asd;B2;CD202;NIRRIG;D10M;manha;D10;NIRRIG;NIRRIG;1.0;True;;;;;;;;;;;;;;;;;;;;;;;;;;;;;;0.7759523372703021;;;;;;;;;;;;;;;;;;;;;;;;;;;;;;;;;;;;;;;0.38776919994896136;;;;;;;;;-0.45860367396070323;0.696673414213493;-0.8780448269394383;;;;;
3;RandomForest;1235;B2_CD202_NIRR_REP_RECUP00015.asd;B2;CD202;NIRRIG;D10M;manha;D10;NIRRIG;NIRRIG;1.0;True;;;;;;;;;;;;;;;;;;;;;;;;;;;;;;0.7766502295539864;;;;;;;;;;;;;;;;;;;;;;;;;;;;;;;;;;;;;;;0.3858525646411768;;;;;;;;;-0.46020803810452443;0.6974450680964869;-0.8793072154166892;;;;;
4;PLS-DA;1172;B1_CD202_IRR_REP_RECUP00000.asd;B1;CD202;IRRIG;D10M;manha;D10;IRRIG;IRRIG;0.2643889118449018;True;;;;;;;;;;;;;;;;;;;;;;;;;;;;;;0.8171762706838256;;;;;;;;;;;;;;;;;;;;;;;;;;;;;;;;;;;;;;;0.17978801224493296;;;;;;;;;-0.6755257978182678;0.7359399067189204;-1.0078161744369392;;;;;
4;PLS-DA;1173;B1_CD202_IRR_REP_RECUP00001.asd;B1;CD202;IRRIG;D10M;manha;D10;IRRIG;IRRIG;0.23466434441315584;True;;;;;;;;;;;;;;;;;;;;;;;;;;;;;;0.820391374362077;;;;;;;;;;;;;;;;;;;;;;;;;;;;;;;;;;;;;;;0.17922721931427538;;;;;;;;;-0.6755139416269976;0.7395913146792527;-1.0079209221371066;;;;;
4;PLS-DA;1174;B1_CD202_IRR_REP_RECUP00002.asd;B1;CD202;IRRIG;D10M;manha;D10;IRRIG;IRRIG;0.23193741840543777;True;;;;;;;;;;;;;;;;;;;;;;;;;;;;;;0.8202625922264198;;;;;;;;;;;;;;;;;;;;;;;;;;;;;;;;;;;;;;;0.18366288267870828;;;;;;;;;-0.670432180917986;0.7393399716164988;-1.0025878003375206;;;;;
4;PLS-DA;1175;B1_CD202_IRR_REP_RECUP00003.asd;B1;CD202;IRRIG;D10M;manha;D10;IRRIG;IRRIG;0.22712477105521778;True;;;;;;;;;;;;;;;;;;;;;;;;;;;;;;0.8205242487140508;;;;;;;;;;;;;;;;;;;;;;;;;;;;;;;;;;;;;;;0.18759435880245393;;;;;;;;;-0.666721137916449;0.7398046976404784;-0.9991141946544432;;;;;
4;PLS-DA;1176;B1_CD202_IRR_REP_RECUP00004.asd;B1;CD202;IRRIG;D10M;manha;D10;IRRIG;IRRIG;0.36592804549789326;True;;;;;;;;;;;;;;;;;;;;;;;;;;;;;;0.807341811360524;;;;;;;;;;;;;;;;;;;;;;;;;;;;;;;;;;;;;;;0.1799177503663485;;;;;;;;;-0.672097995223047;0.7213566353773383;-0.9993334468966865;;;;;
4;PLS-DA;1177;B1_CD202_IRR_REP_RECUP00005.asd;B1;CD202;IRRIG;D10M;manha;D10;IRRIG;IRRIG;0.3773992329247568;True;;;;;;;;;;;;;;;;;;;;;;;;;;;;;;0.8059031121251216;;;;;;;;;;;;;;;;;;;;;;;;;;;;;;;;;;;;;;;0.1831417088089855;;;;;;;;;-0.6681894996354107;0.7199667599330001;-0.9952306591068764;;;;;
4;PLS-DA;1178;B1_CD202_IRR_REP_RECUP00006.asd;B1;CD202;IRRIG;D10M;manha;D10;IRRIG;IRRIG;0.36864604239497734;True;;;;;;;;;;;;;;;;;;;;;;;;;;;;;;0.8064879665219534;;;;;;;;;;;;;;;;;;;;;;;;;;;;;;;;;;;;;;;0.18261335020772407;;;;;;;;;-0.6676193089956403;0.7207334845994169;-0.994362227881805;;;;;
4;PLS-DA;1179;B1_CD202_IRR_REP_RECUP00007.asd;B1;CD202;IRRIG;D10M;manha;D10;IRRIG;IRRIG;0.3674456075313981;True;;;;;;;;;;;;;;;;;;;;;;;;;;;;;;0.8064175229547849;;;;;;;;;;;;;;;;;;;;;;;;;;;;;;;;;;;;;;;0.18364165777847385;;;;;;;;;-0.6659632419798341;0.7206339904835402;-0.9925843908905772;;;;;
4;PLS-DA;1180;B1_CD202_NIRR_REP_RECUP00000.asd;B1;CD202;NIRRIG;D10M;manha;D10;NIRRIG;IRRIG;0.35213922720190016;False;;;;;;;;;;;;;;;;;;;;;;;;;;;;;;0.8115909830379567;;;;;;;;;;;;;;;;;;;;;;;;;;;;;;;;;;;;;;;0.19374298822494895;;;;;;;;;-0.6649562614728924;0.7422573298368506;-1.045996157725688;;;;;
4;PLS-DA;1181;B1_CD202_NIRR_REP_RECUP00001.asd;B1;CD202;NIRRIG;D10M;manha;D10;NIRRIG;IRRIG;0.35024183975303236;False;;;;;;;;;;;;;;;;;;;;;;;;;;;;;;0.811620463156464;;;;;;;;;;;;;;;;;;;;;;;;;;;;;;;;;;;;;;;0.19733242170928922;;;;;;;;;-0.662442663975069;0.7424295519241587;-1.0437474003886156;;;;;
4;PLS-DA;1182;B1_CD202_NIRR_REP_RECUP00002.asd;B1;CD202;NIRRIG;D10M;manha;D10;NIRRIG;IRRIG;0.351127638295517;False;;;;;;;;;;;;;;;;;;;;;;;;;;;;;;0.8113396961885757;;;;;;;;;;;;;;;;;;;;;;;;;;;;;;;;;;;;;;;0.20170213233897705;;;;;;;;;-0.6589493566973561;0.7421509661482295;-1.040501422382968;;;;;
4;PLS-DA;1183;B1_CD202_NIRR_REP_RECUP00003.asd;B1;CD202;NIRRIG;D10M;manha;D10;NIRRIG;IRRIG;0.28257922785114736;False;;;;;;;;;;;;;;;;;;;;;;;;;;;;;;0.8181714340304455;;;;;;;;;;;;;;;;;;;;;;;;;;;;;;;;;;;;;;;0.19189845621772672;;;;;;;;;-0.6681596393256337;0.7508746705725594;-1.0494409873573276;;;;;
4;PLS-DA;1184;B1_CD202_NIRR_REP_RECUP00004.asd;B1;CD202;NIRRIG;D10M;manha;D10;NIRRIG;NIRRIG;0.6650588313473168;True;;;;;;;;;;;;;;;;;;;;;;;;;;;;;;0.77555721139693;;;;;;;;;;;;;;;;;;;;;;;;;;;;;;;;;;;;;;;0.3608273130712794;;;;;;;;;-0.4843458305718914;0.6886147797294078;-0.8760001806133791;;;;;
4;PLS-DA;1185;B1_CD202_NIRR_REP_RECUP00005.asd;B1;CD202;NIRRIG;D10M;manha;D10;NIRRIG;NIRRIG;0.6643168062228266;True;;;;;;;;;;;;;;;;;;;;;;;;;;;;;;0.7756836272003291;;;;;;;;;;;;;;;;;;;;;;;;;;;;;;;;;;;;;;;0.35935540381603925;;;;;;;;;-0.48580951375131304;0.6888184336771594;-0.8772003777623402;;;;;
4;PLS-DA;1186;B1_CD202_NIRR_REP_RECUP00006.asd;B1;CD202;NIRRIG;D10M;manha;D10;NIRRIG;NIRRIG;0.6681761089130094;True;;;;;;;;;;;;;;;;;;;;;;;;;;;;;;0.775262974777853;;;;;;;;;;;;;;;;;;;;;;;;;;;;;;;;;;;;;;;0.36038118402530395;;;;;;;;;-0.48529343566907734;0.688665594074343;-0.8769432485576982;;;;;
4;PLS-DA;1187;B1_CD202_NIRR_REP_RECUP00007.asd;B1;CD202;NIRRIG;D10M;manha;D10;NIRRIG;NIRRIG;0.665277030973831;True;;;;;;;;;;;;;;;;;;;;;;;;;;;;;;0.7758048769287548;;;;;;;;;;;;;;;;;;;;;;;;;;;;;;;;;;;;;;;0.35725519322315524;;;;;;;;;-0.48783631743630257;0.6887183204793748;-0.879135154851045;;;;;
4;RandomForest;1172;B1_CD202_IRR_REP_RECUP00000.asd;B1;CD202;IRRIG;D10M;manha;D10;IRRIG;IRRIG;0.0;True;;;;;;;;;;;;;;;;;;;;;;;;;;;;;;0.8171762706838256;;;;;;;;;;;;;;;;;;;;;;;;;;;;;;;;;;;;;;;0.17978801224493296;;;;;;;;;-0.6755257978182678;0.7359399067189204;-1.0078161744369392;;;;;
4;RandomForest;1173;B1_CD202_IRR_REP_RECUP00001.asd;B1;CD202;IRRIG;D10M;manha;D10;IRRIG;IRRIG;0.0;True;;;;;;;;;;;;;;;;;;;;;;;;;;;;;;0.820391374362077;;;;;;;;;;;;;;;;;;;;;;;;;;;;;;;;;;;;;;;0.17922721931427538;;;;;;;;;-0.6755139416269976;0.7395913146792527;-1.0079209221371066;;;;;
4;RandomForest;1174;B1_CD202_IRR_REP_RECUP00002.asd;B1;CD202;IRRIG;D10M;manha;D10;IRRIG;IRRIG;0.0;True;;;;;;;;;;;;;;;;;;;;;;;;;;;;;;0.8202625922264198;;;;;;;;;;;;;;;;;;;;;;;;;;;;;;;;;;;;;;;0.18366288267870828;;;;;;;;;-0.670432180917986;0.7393399716164988;-1.0025878003375206;;;;;
4;RandomForest;1175;B1_CD202_IRR_REP_RECUP00003.asd;B1;CD202;IRRIG;D10M;manha;D10;IRRIG;IRRIG;0.0;True;;;;;;;;;;;;;;;;;;;;;;;;;;;;;;0.8205242487140508;;;;;;;;;;;;;;;;;;;;;;;;;;;;;;;;;;;;;;;0.18759435880245393;;;;;;;;;-0.666721137916449;0.7398046976404784;-0.9991141946544432;;;;;
4;RandomForest;1176;B1_CD202_IRR_REP_RECUP00004.asd;B1;CD202;IRRIG;D10M;manha;D10;IRRIG;IRRIG;0.0;True;;;;;;;;;;;;;;;;;;;;;;;;;;;;;;0.807341811360524;;;;;;;;;;;;;;;;;;;;;;;;;;;;;;;;;;;;;;;0.1799177503663485;;;;;;;;;-0.672097995223047;0.7213566353773383;-0.9993334468966865;;;;;
4;RandomForest;1177;B1_CD202_IRR_REP_RECUP00005.asd;B1;CD202;IRRIG;D10M;manha;D10;IRRIG;IRRIG;0.0;True;;;;;;;;;;;;;;;;;;;;;;;;;;;;;;0.8059031121251216;;;;;;;;;;;;;;;;;;;;;;;;;;;;;;;;;;;;;;;0.1831417088089855;;;;;;;;;-0.6681894996354107;0.7199667599330001;-0.9952306591068764;;;;;
4;RandomForest;1178;B1_CD202_IRR_REP_RECUP00006.asd;B1;CD202;IRRIG;D10M;manha;D10;IRRIG;IRRIG;0.0;True;;;;;;;;;;;;;;;;;;;;;;;;;;;;;;0.8064879665219534;;;;;;;;;;;;;;;;;;;;;;;;;;;;;;;;;;;;;;;0.18261335020772407;;;;;;;;;-0.6676193089956403;0.7207334845994169;-0.994362227881805;;;;;
4;RandomForest;1179;B1_CD202_IRR_REP_RECUP00007.asd;B1;CD202;IRRIG;D10M;manha;D10;IRRIG;IRRIG;0.0;True;;;;;;;;;;;;;;;;;;;;;;;;;;;;;;0.8064175229547849;;;;;;;;;;;;;;;;;;;;;;;;;;;;;;;;;;;;;;;0.18364165777847385;;;;;;;;;-0.6659632419798341;0.7206339904835402;-0.9925843908905772;;;;;
4;RandomForest;1180;B1_CD202_NIRR_REP_RECUP00000.asd;B1;CD202;NIRRIG;D10M;manha;D10;NIRRIG;IRRIG;0.0;False;;;;;;;;;;;;;;;;;;;;;;;;;;;;;;0.8115909830379567;;;;;;;;;;;;;;;;;;;;;;;;;;;;;;;;;;;;;;;0.19374298822494895;;;;;;;;;-0.6649562614728924;0.7422573298368506;-1.045996157725688;;;;;
4;RandomForest;1181;B1_CD202_NIRR_REP_RECUP00001.asd;B1;CD202;NIRRIG;D10M;manha;D10;NIRRIG;IRRIG;0.0;False;;;;;;;;;;;;;;;;;;;;;;;;;;;;;;0.811620463156464;;;;;;;;;;;;;;;;;;;;;;;;;;;;;;;;;;;;;;;0.19733242170928922;;;;;;;;;-0.662442663975069;0.7424295519241587;-1.0437474003886156;;;;;
4;RandomForest;1182;B1_CD202_NIRR_REP_RECUP00002.asd;B1;CD202;NIRRIG;D10M;manha;D10;NIRRIG;IRRIG;0.0;False;;;;;;;;;;;;;;;;;;;;;;;;;;;;;;0.8113396961885757;;;;;;;;;;;;;;;;;;;;;;;;;;;;;;;;;;;;;;;0.20170213233897705;;;;;;;;;-0.6589493566973561;0.7421509661482295;-1.040501422382968;;;;;
4;RandomForest;1183;B1_CD202_NIRR_REP_RECUP00003.asd;B1;CD202;NIRRIG;D10M;manha;D10;NIRRIG;IRRIG;0.0;False;;;;;;;;;;;;;;;;;;;;;;;;;;;;;;0.8181714340304455;;;;;;;;;;;;;;;;;;;;;;;;;;;;;;;;;;;;;;;0.19189845621772672;;;;;;;;;-0.6681596393256337;0.7508746705725594;-1.0494409873573276;;;;;
4;RandomForest;1184;B1_CD202_NIRR_REP_RECUP00004.asd;B1;CD202;NIRRIG;D10M;manha;D10;NIRRIG;NIRRIG;1.0;True;;;;;;;;;;;;;;;;;;;;;;;;;;;;;;0.77555721139693;;;;;;;;;;;;;;;;;;;;;;;;;;;;;;;;;;;;;;;0.3608273130712794;;;;;;;;;-0.4843458305718914;0.6886147797294078;-0.8760001806133791;;;;;
4;RandomForest;1185;B1_CD202_NIRR_REP_RECUP00005.asd;B1;CD202;NIRRIG;D10M;manha;D10;NIRRIG;NIRRIG;1.0;True;;;;;;;;;;;;;;;;;;;;;;;;;;;;;;0.7756836272003291;;;;;;;;;;;;;;;;;;;;;;;;;;;;;;;;;;;;;;;0.35935540381603925;;;;;;;;;-0.48580951375131304;0.6888184336771594;-0.8772003777623402;;;;;
4;RandomForest;1186;B1_CD202_NIRR_REP_RECUP00006.asd;B1;CD202;NIRRIG;D10M;manha;D10;NIRRIG;NIRRIG;1.0;True;;;;;;;;;;;;;;;;;;;;;;;;;;;;;;0.775262974777853;;;;;;;;;;;;;;;;;;;;;;;;;;;;;;;;;;;;;;;0.36038118402530395;;;;;;;;;-0.48529343566907734;0.688665594074343;-0.8769432485576982;;;;;
4;RandomForest;1187;B1_CD202_NIRR_REP_RECUP00007.asd;B1;CD202;NIRRIG;D10M;manha;D10;NIRRIG;NIRRIG;1.0;True;;;;;;;;;;;;;;;;;;;;;;;;;;;;;;0.7758048769287548;;;;;;;;;;;;;;;;;;;;;;;;;;;;;;;;;;;;;;;0.35725519322315524;;;;;;;;;-0.48783631743630257;0.6887183204793748;-0.879135154851045;;;;;
1;PLS-DA;1332;B4_EMB48_IRR_REP_RECUP00000.asd;B4;EMB48;IRRIG;D10M;manha;D10;IRRIG;IRRIG;0.36947866472148283;True;;;;;;;;;;;;;;;;;;;;;;;;;;;;;;;;;;;;;;;;;;;;;;;;;;;;;;;;;;;;;;;;;;;;;;;;;;;;;;;;;0.9126844045419558;0.938310022105524;-1.414745995058318;-0.32377122335029873;0.8742554939495353
1;PLS-DA;1333;B4_EMB48_IRR_REP_RECUP00001.asd;B4;EMB48;IRRIG;D10M;manha;D10;IRRIG;IRRIG;0.3675279348516783;True;;;;;;;;;;;;;;;;;;;;;;;;;;;;;;;;;;;;;;;;;;;;;;;;;;;;;;;;;;;;;;;;;;;;;;;;;;;;;;;;;0.9113929334755404;0.9370447306659502;-1.4025281101939686;-0.32293372168004525;0.8725120760959895
1;PLS-DA;1334;B4_EMB48_IRR_REP_RECUP00002.asd;B4;EMB48;IRRIG;D10M;manha;D10;IRRIG;IRRIG;0.36404780672566567;True;;;;;;;;;;;;;;;;;;;;;;;;;;;;;;;;;;;;;;;;;;;;;;;;;;;;;;;;;;;;;;;;;;;;;;;;;;;;;;;;;0.9136620235616217;0.9388992571525524;-1.4047645690956632;-0.32468875678497594;0.8747919749949414
1;PLS-DA;1335;B4_EMB48_IRR_REP_RECUP00003.asd;B4;EMB48;IRRIG;D10M;manha;D10;IRRIG;IRRIG;0.3640246910209018;True;;;;;;;;;;;;;;;;;;;;;;;;;;;;;;;;;;;;;;;;;;;;;;;;;;;;;;;;;;;;;;;;;;;;;;;;;;;;;;;;;0.9134314554493435;0.9390206013156879;-1.3983737850056746;-0.32147743537216217;0.8746262790948947
1;PLS-DA;1336;B4_EMB48_IRR_REP_RECUP00004.asd;B4;EMB48;IRRIG;D10M;manha;D10;IRRIG;IRRIG;0.46936262711850274;True;;;;;;;;;;;;;;;;;;;;;;;;;;;;;;;;;;;;;;;;;;;;;;;;;;;;;;;;;;;;;;;;;;;;;;;;;;;;;;;;;0.9056068001227833;0.9301845567950179;-1.571431987842563;-0.28030164520740347;0.8679717470836595
1;PLS-DA;1337;B4_EMB48_IRR_REP_RECUP00005.asd;B4;EMB48;IRRIG;D10M;manha;D10;IRRIG;IRRIG;0.4657371140162671;True;;;;;;;;;;;;;;;;;;;;;;;;;;;;;;;;;;;;;;;;;;;;;;;;;;;;;;;;;;;;;;;;;;;;;;;;;;;;;;;;;0.9063622813800503;0.9312404917688594;-1.5602218456867547;-0.2780857310557969;0.8685839691011369
1;PLS-DA;1338;B4_EMB48_IRR_REP_RECUP00006.asd;B4;EMB48;IRRIG;D10M;manha;D10;IRRIG;IRRIG;0.4621230698869561;True;;;;;;;;;;;;;;;;;;;;;;;;;;;;;;;;;;;;;;;;;;;;;;;;;;;;;;;;;;;;;;;;;;;;;;;;;;;;;;;;;0.9069127798472808;0.9317346104979487;-1.5521181605137055;-0.27726508634437563;0.8690427687512116
1;PLS-DA;1339;B4_EMB48_IRR_REP_RECUP00007.asd;B4;EMB48;IRRIG;D10M;manha;D10;IRRIG;IRRIG;0.4552143242536087;True;;;;;;;;;;;;;;;;;;;;;;;;;;;;;;;;;;;;;;;;;;;;;;;;;;;;;;;;;;;;;;;;;;;;;;;;;;;;;;;;;0.9083649398546422;0.933215644355323;-1.5390727372390722;-0.2766887400435699;0.8703920014280004
1;PLS-DA;1340;B4_EMB48_NIRR_REP_RECUP00000.asd;B4;EMB48;NIRRIG;D10M;manha;D10;NIRRIG;NIRRIG;0.6311353016764084;True;;;;;;;;;;;;;;;;;;;;;;;;;;;;;;;;;;;;;;;;;;;;;;;;;;;;;;;;;;;;;;;;;;;;;;;;;;;;;;;;;0.8888245266756747;0.9180812206155449;-1.5525187530790954;-0.081839368802757;0.8447703264387215
1;PLS-DA;1341;B4_EMB48_NIRR_REP_RECUP00001.asd;B4;EMB48;NIRRIG;D10M;manha;D10;NIRRIG;NIRRIG;0.6345975674552047;True;;;;;;;;;;;;;;;;;;;;;;;;;;;;;;;;;;;;;;;;;;;;;;;;;;;;;;;;;;;;;;;;;;;;;;;;;;;;;;;;;0.8884879941760043;0.9182113276010568;-1.5515025284393733;-0.08026342799735317;0.8436325189977569
1;PLS-DA;1342;B4_EMB48_NIRR_REP_RECUP00002.asd;B4;EMB48;NIRRIG;D10M;manha;D10;NIRRIG;NIRRIG;0.6406483687670249;True;;;;;;;;;;;;;;;;;;;;;;;;;;;;;;;;;;;;;;;;;;;;;;;;;;;;;;;;;;;;;;;;;;;;;;;;;;;;;;;;;0.8878166938104937;0.9183018133131301;-1.5561940997908372;-0.07840092003383492;0.842496960715185
1;PLS-DA;1343;B4_EMB48_NIRR_REP_RECUP00003.asd;B4;EMB48;NIRRIG;D10M;manha;D10;NIRRIG;NIRRIG;0.6329168541891749;True;;;;;;;;;;;;;;;;;;;;;;;;;;;;;;;;;;;;;;;;;;;;;;;;;;;;;;;;;;;;;;;;;;;;;;;;;;;;;;;;;0.8876775757465075;0.91724416211042;-1.5544375652053621;-0.08142344071056906;0.844111491365232
1;PLS-DA;1344;B4_EMB48_NIRR_REP_RECUP00004.asd;B4;EMB48;NIRRIG;D10M;manha;D10;NIRRIG;NIRRIG;0.6083965264672089;True;;;;;;;;;;;;;;;;;;;;;;;;;;;;;;;;;;;;;;;;;;;;;;;;;;;;;;;;;;;;;;;;;;;;;;;;;;;;;;;;;0.8904496995985008;0.9204208163829534;-1.542440136270195;-0.11143045847001214;0.8462409027208806
1;PLS-DA;1345;B4_EMB48_NIRR_REP_RECUP00005.asd;B4;EMB48;NIRRIG;D10M;manha;D10;NIRRIG;NIRRIG;0.6005874037701999;True;;;;;;;;;;;;;;;;;;;;;;;;;;;;;;;;;;;;;;;;;;;;;;;;;;;;;;;;;;;;;;;;;;;;;;;;;;;;;;;;;0.8923058449924751;0.921551375749632;-1.5475081893052614;-0.12034071082783328;0.8485351281213906
1;PLS-DA;1346;B4_EMB48_NIRR_REP_RECUP00006.asd;B4;EMB48;NIRRIG;D10M;manha;D10;NIRRIG;NIRRIG;0.596948499909277;True;;;;;;;;;;;;;;;;;;;;;;;;;;;;;;;;;;;;;;;;;;;;;;;;;;;;;;;;;;;;;;;;;;;;;;;;;;;;;;;;;0.8933692478777614;0.9229231827195019;-1.5503423768390685;-0.12525272437685683;0.8500233970587098
1;PLS-DA;1347;B4_EMB48_NIRR_REP_RECUP00007.asd;B4;EMB48;NIRRIG;D10M;manha;D10;NIRRIG;NIRRIG;0.5889113238665756;True;;;;;;;;;;;;;;;;;;;;;;;;;;;;;;;;;;;;;;;;;;;;;;;;;;;;;;;;;;;;;;;;;;;;;;;;;;;;;;;;;0.8949906591325932;0.9239586758741042;-1.5525014649937183;-0.1341912078588976;0.8518287281437755
1;RandomForest;1332;B4_EMB48_IRR_REP_RECUP00000.asd;B4;EMB48;IRRIG;D10M;manha;D10;IRRIG;IRRIG;0.004;True;;;;;;;;;;;;;;;;;;;;;;;;;;;;;;;;;;;;;;;;;;;;;;;;;;;;;;;;;;;;;;;;;;;;;;;;;;;;;;;;;0.9126844045419558;0.938310022105524;-1.414745995058318;-0.32377122335029873;0.8742554939495353
1;RandomForest;1333;B4_EMB48_IRR_REP_RECUP00001.asd;B4;EMB48;IRRIG;D10M;manha;D10;IRRIG;IRRIG;0.0;True;;;;;;;;;;;;;;;;;;;;;;;;;;;;;;;;;;;;;;;;;;;;;;;;;;;;;;;;;;;;;;;;;;;;;;;;;;;;;;;;;0.9113929334755404;0.9370447306659502;-1.4025281101939686;-0.32293372168004525;0.8725120760959895
1;RandomForest;1334;B4_EMB48_IRR_REP_RECUP00002.asd;B4;EMB48;IRRIG;D10M;manha;D10;IRRIG;IRRIG;0.0;True;;;;;;;;;;;;;;;;;;;;;;;;;;;;;;;;;;;;;;;;;;;;;;;;;;;;;;;;;;;;;;;;;;;;;;;;;;;;;;;;;0.9136620235616217;0.9388992571525524;-1.4047645690956632;-0.32468875678497594;0.8747919749949414
1;RandomForest;1335;B4_EMB48_IRR_REP_RECUP00003.asd;B4;EMB48;IRRIG;D10M;manha;D10;IRRIG;IRRIG;0.0;True;;;;;;;;;;;;;;;;;;;;;;;;;;;;;;;;;;;;;;;;;;;;;;;;;;;;;;;;;;;;;;;;;;;;;;;;;;;;;;;;;0.9134314554493435;0.9390206013156879;-1.3983737850056746;-0.32147743537216217;0.8746262790948947
1;RandomForest;1336;B4_EMB48_IRR_REP_RECUP00004.asd;B4;EMB48;IRRIG;D10M;manha;D10;IRRIG;IRRIG;0.032;True;;;;;;;;;;;;;;;;;;;;;;;;;;;;;;;;;;;;;;;;;;;;;;;;;;;;;;;;;;;;;;;;;;;;;;;;;;;;;;;;;0.9056068001227833;0.9301845567950179;-1.571431987842563;-0.28030164520740347;0.8679717470836595
1;RandomForest;1337;B4_EMB48_IRR_REP_RECUP00005.asd;B4;EMB48;IRRIG;D10M;manha;D10;IRRIG;IRRIG;0.05;True;;;;;;;;;;;;;;;;;;;;;;;;;;;;;;;;;;;;;;;;;;;;;;;;;;;;;;;;;;;;;;;;;;;;;;;;;;;;;;;;;0.9063622813800503;0.9312404917688594;-1.5602218456867547;-0.2780857310557969;0.8685839691011369
1;RandomForest;1338;B4_EMB48_IRR_REP_RECUP00006.asd;B4;EMB48;IRRIG;D10M;manha;D10;IRRIG;IRRIG;0.044;True;;;;;;;;;;;;;;;;;;;;;;;;;;;;;;;;;;;;;;;;;;;;;;;;;;;;;;;;;;;;;;;;;;;;;;;;;;;;;;;;;0.9069127798472808;0.9317346104979487;-1.5521181605137055;-0.27726508634437563;0.8690427687512116
1;RandomForest;1339;B4_EMB48_IRR_REP_RECUP00007.asd;B4;EMB48;IRRIG;D10M;manha;D10;IRRIG;IRRIG;0.022;True;;;;;;;;;;;;;;;;;;;;;;;;;;;;;;;;;;;;;;;;;;;;;;;;;;;;;;;;;;;;;;;;;;;;;;;;;;;;;;;;;0.9083649398546422;0.933215644355323;-1.5390727372390722;-0.2766887400435699;0.8703920014280004
1;RandomForest;1340;B4_EMB48_NIRR_REP_RECUP00000.asd;B4;EMB48;NIRRIG;D10M;manha;D10;NIRRIG;NIRRIG;1.0;True;;;;;;;;;;;;;;;;;;;;;;;;;;;;;;;;;;;;;;;;;;;;;;;;;;;;;;;;;;;;;;;;;;;;;;;;;;;;;;;;;0.8888245266756747;0.9180812206155449;-1.5525187530790954;-0.081839368802757;0.8447703264387215
1;RandomForest;1341;B4_EMB48_NIRR_REP_RECUP00001.asd;B4;EMB48;NIRRIG;D10M;manha;D10;NIRRIG;NIRRIG;1.0;True;;;;;;;;;;;;;;;;;;;;;;;;;;;;;;;;;;;;;;;;;;;;;;;;;;;;;;;;;;;;;;;;;;;;;;;;;;;;;;;;;0.8884879941760043;0.9182113276010568;-1.5515025284393733;-0.08026342799735317;0.8436325189977569
1;RandomForest;1342;B4_EMB48_NIRR_REP_RECUP00002.asd;B4;EMB48;NIRRIG;D10M;manha;D10;NIRRIG;NIRRIG;1.0;True;;;;;;;;;;;;;;;;;;;;;;;;;;;;;;;;;;;;;;;;;;;;;;;;;;;;;;;;;;;;;;;;;;;;;;;;;;;;;;;;;0.8878166938104937;0.9183018133131301;-1.5561940997908372;-0.07840092003383492;0.842496960715185
1;RandomForest;1343;B4_EMB48_NIRR_REP_RECUP00003.asd;B4;EMB48;NIRRIG;D10M;manha;D10;NIRRIG;NIRRIG;1.0;True;;;;;;;;;;;;;;;;;;;;;;;;;;;;;;;;;;;;;;;;;;;;;;;;;;;;;;;;;;;;;;;;;;;;;;;;;;;;;;;;;0.8876775757465075;0.91724416211042;-1.5544375652053621;-0.08142344071056906;0.844111491365232
1;RandomForest;1344;B4_EMB48_NIRR_REP_RECUP00004.asd;B4;EMB48;NIRRIG;D10M;manha;D10;NIRRIG;NIRRIG;0.99;True;;;;;;;;;;;;;;;;;;;;;;;;;;;;;;;;;;;;;;;;;;;;;;;;;;;;;;;;;;;;;;;;;;;;;;;;;;;;;;;;;0.8904496995985008;0.9204208163829534;-1.542440136270195;-0.11143045847001214;0.8462409027208806
1;RandomForest;1345;B4_EMB48_NIRR_REP_RECUP00005.asd;B4;EMB48;NIRRIG;D10M;manha;D10;NIRRIG;NIRRIG;0.99;True;;;;;;;;;;;;;;;;;;;;;;;;;;;;;;;;;;;;;;;;;;;;;;;;;;;;;;;;;;;;;;;;;;;;;;;;;;;;;;;;;0.8923058449924751;0.921551375749632;-1.5475081893052614;-0.12034071082783328;0.8485351281213906
1;RandomForest;1346;B4_EMB48_NIRR_REP_RECUP00006.asd;B4;EMB48;NIRRIG;D10M;manha;D10;NIRRIG;NIRRIG;0.982;True;;;;;;;;;;;;;;;;;;;;;;;;;;;;;;;;;;;;;;;;;;;;;;;;;;;;;;;;;;;;;;;;;;;;;;;;;;;;;;;;;0.8933692478777614;0.9229231827195019;-1.5503423768390685;-0.12525272437685683;0.8500233970587098
1;RandomForest;1347;B4_EMB48_NIRR_REP_RECUP00007.asd;B4;EMB48;NIRRIG;D10M;manha;D10;NIRRIG;NIRRIG;0.974;True;;;;;;;;;;;;;;;;;;;;;;;;;;;;;;;;;;;;;;;;;;;;;;;;;;;;;;;;;;;;;;;;;;;;;;;;;;;;;;;;;0.8949906591325932;0.9239586758741042;-1.5525014649937183;-0.1341912078588976;0.8518287281437755
2;PLS-DA;1284;B3_EMB48_IRR_REP_RECUP00000.asd;B3;EMB48;IRRIG;D10M;manha;D10;IRRIG;IRRIG;0.3819214579590637;True;;;;;;;;;;;;;;;;;;;;;;;;;;;;;;;;;;;;;;;;;;;;;;;;;;;;;;;;;;;;;;;;;;;;;;;;;;;;;;;;;0.8972929916634257;0.9229744711396803;-1.3400650094305355;-0.3008944780680722;0.8582513936393238
2;PLS-DA;1285;B3_EMB48_IRR_REP_RECUP00001.asd;B3;EMB48;IRRIG;D10M;manha;D10;IRRIG;IRRIG;0.3786825778570146;True;;;;;;;;;;;;;;;;;;;;;;;;;;;;;;;;;;;;;;;;;;;;;;;;;;;;;;;;;;;;;;;;;;;;;;;;;;;;;;;;;0.8984562381068022;0.9238067345096657;-1.3345477730954491;-0.2991405060637077;0.8595402922315777
2;PLS-DA;1286;B3_EMB48_IRR_REP_RECUP00002.asd;B3;EMB48;IRRIG;D10M;manha;D10;IRRIG;IRRIG;0.36902412010281277;True;;;;;;;;;;;;;;;;;;;;;;;;;;;;;;;;;;;;;;;;;;;;;;;;;;;;;;;;;;;;;;;;;;;;;;;;;;;;;;;;;0.8991788902940331;0.9233780994433737;-1.3311258020731662;-0.30164540639371923;0.862042605833233
2;PLS-DA;1287;B3_EMB48_IRR_REP_RECUP00003.asd;B3;EMB48;IRRIG;D10M;manha;D10;IRRIG;IRRIG;0.3702313261902837;True;;;;;;;;;;;;;;;;;;;;;;;;;;;;;;;;;;;;;;;;;;;;;;;;;;;;;;;;;;;;;;;;;;;;;;;;;;;;;;;;;0.9011850534599314;0.9257690827568807;-1.346773096270937;-0.3037449398185591;0.8636625130264632
2;PLS-DA;1288;B3_EMB48_IRR_REP_RECUP00004.asd;B3;EMB48;IRRIG;D10M;manha;D10;IRRIG;IRRIG;0.3942005986755239;True;;;;;;;;;;;;;;;;;;;;;;;;;;;;;;;;;;;;;;;;;;;;;;;;;;;;;;;;;;;;;;;;;;;;;;;;;;;;;;;;;0.9079255506598441;0.9367630179584728;-1.3098646785921637;-0.260750266299763;0.865117029763577
2;PLS-DA;1289;B3_EMB48_IRR_REP_RECUP00005.asd;B3;EMB48;IRRIG;D10M;manha;D10;IRRIG;IRRIG;0.3922048903641467;True;;;;;;;;;;;;;;;;;;;;;;;;;;;;;;;;;;;;;;;;;;;;;;;;;;;;;;;;;;;;;;;;;;;;;;;;;;;;;;;;;0.9079994436234555;0.9369698085571051;-1.2949492133764828;-0.25642721642070887;0.8654367161148492
2;PLS-DA;1290;B3_EMB48_IRR_REP_RECUP00006.asd;B3;EMB48;IRRIG;D10M;manha;D10;IRRIG;IRRIG;0.39319525673652855;True;;;;;;;;;;;;;;;;;;;;;;;;;;;;;;;;;;;;;;;;;;;;;;;;;;;;;;;;;;;;;;;;;;;;;;;;;;;;;;;;;0.9077700395562587;0.9363178660043724;-1.2899704890659502;-0.25243810913602455;0.8650998102360374
2;PLS-DA;1291;B3_EMB48_IRR_REP_RECUP00007.asd;B3;EMB48;IRRIG;D10M;manha;D10;IRRIG;IRRIG;0.39524974387321815;True;;;;;;;;;;;;;;;;;;;;;;;;;;;;;;;;;;;;;;;;;;;;;;;;;;;;;;;;;;;;;;;;;;;;;;;;;;;;;;;;;0.9068552546319162;0.9354124093681296;-1.286029391140974;-0.2503161850047123;0.8640624063296656
2;PLS-DA;1292;B3_EMB48_NIRR_REP_RECUP00000.asd;B3;EMB48;NIRRIG;D10M;manha;D10;NIRRIG;NIRRIG;0.5208735979610418;True;;;;;;;;;;;;;;;;;;;;;;;;;;;;;;;;;;;;;;;;;;;;;;;;;;;;;;;;;;;;;;;;;;;;;;;;;;;;;;;;;0.8899181033024572;0.9114834423922714;-1.6003238345315072;-0.1868761579995346;0.8562771228605939
2;PLS-DA;1293;B3_EMB48_NIRR_REP_RECUP00001.asd;B3;EMB48;NIRRIG;D10M;manha;D10;NIRRIG;NIRRIG;0.5217641756163051;True;;;;;;;;;;;;;;;;;;;;;;;;;;;;;;;;;;;;;;;;;;;;;;;;;;;;;;;;;;;;;;;;;;;;;;;;;;;;;;;;;0.8894654089245868;0.9110754549776371;-1.5973319417558163;-0.18684253855292565;0.8554776480374486
2;PLS-DA;1294;B3_EMB48_NIRR_REP_RECUP00002.asd;B3;EMB48;NIRRIG;D10M;manha;D10;NIRRIG;NIRRIG;0.5200302524550275;True;;;;;;;;;;;;;;;;;;;;;;;;;;;;;;;;;;;;;;;;;;;;;;;;;;;;;;;;;;;;;;;;;;;;;;;;;;;;;;;;;0.8900613647881459;0.9115853146697515;-1.602846606265881;-0.1898029046734959;0.8561717544139373
2;PLS-DA;1295;B3_EMB48_NIRR_REP_RECUP00003.asd;B3;EMB48;NIRRIG;D10M;manha;D10;NIRRIG;NIRRIG;0.5165159891813961;True;;;;;;;;;;;;;;;;;;;;;;;;;;;;;;;;;;;;;;;;;;;;;;;;;;;;;;;;;;;;;;;;;;;;;;;;;;;;;;;;;0.8908284493124868;0.9123205756147096;-1.6027286600794366;-0.19247142322755526;0.857084798306527
2;PLS-DA;1296;B3_EMB48_NIRR_REP_RECUP00004.asd;B3;EMB48;NIRRIG;D10M;manha;D10;NIRRIG;NIRRIG;0.5843240288056619;True;;;;;;;;;;;;;;;;;;;;;;;;;;;;;;;;;;;;;;;;;;;;;;;;;;;;;;;;;;;;;;;;;;;;;;;;;;;;;;;;;0.8936534143814884;0.9279981206997466;-1.4607091130161431;-0.11833018737302067;0.8417615813518917
2;PLS-DA;1297;B3_EMB48_NIRR_REP_RECUP00005.asd;B3;EMB48;NIRRIG;D10M;manha;D10;NIRRIG;NIRRIG;0.5672543007484075;True;;;;;;;;;;;;;;;;;;;;;;;;;;;;;;;;;;;;;;;;;;;;;;;;;;;;;;;;;;;;;;;;;;;;;;;;;;;;;;;;;0.8975306545315156;0.9312957764921035;-1.452881719976145;-0.12786461289484272;0.8461266791977891
2;PLS-DA;1298;B3_EMB48_NIRR_REP_RECUP00006.asd;B3;EMB48;NIRRIG;D10M;manha;D10;NIRRIG;NIRRIG;0.5484652812106203;True;;;;;;;;;;;;;;;;;;;;;;;;;;;;;;;;;;;;;;;;;;;;;;;;;;;;;;;;;;;;;;;;;;;;;;;;;;;;;;;;;0.9015748465428097;0.9350918330456388;-1.4439247593652746;-0.13830043391766209;0.8510405532164039
2;PLS-DA;1299;B3_EMB48_NIRR_REP_RECUP00007.asd;B3;EMB48;NIRRIG;D10M;manha;D10;NIRRIG;NIRRIG;0.5369229619151534;True;;;;;;;;;;;;;;;;;;;;;;;;;;;;;;;;;;;;;;;;;;;;;;;;;;;;;;;;;;;;;;;;;;;;;;;;;;;;;;;;;0.9038480314552678;0.9367642236447373;-1.4361072546617348;-0.14390401963117688;0.8535911797563673
2;RandomForest;1284;B3_EMB48_IRR_REP_RECUP00000.asd;B3;EMB48;IRRIG;D10M;manha;D10;IRRIG;IRRIG;0.054;True;;;;;;;;;;;;;;;;;;;;;;;;;;;;;;;;;;;;;;;;;;;;;;;;;;;;;;;;;;;;;;;;;;;;;;;;;;;;;;;;;0.8972929916634257;0.9229744711396803;-1.3400650094305355;-0.3008944780680722;0.8582513936393238
2;RandomForest;1285;B3_EMB48_IRR_REP_RECUP00001.asd;B3;EMB48;IRRIG;D10M;manha;D10;IRRIG;IRRIG;0.05;True;;;;;;;;;;;;;;;;;;;;;;;;;;;;;;;;;;;;;;;;;;;;;;;;;;;;;;;;;;;;;;;;;;;;;;;;;;;;;;;;;0.8984562381068022;0.9238067345096657;-1.3345477730954491;-0.2991405060637077;0.8595402922315777
2;RandomForest;1286;B3_EMB48_IRR_REP_RECUP00002.asd;B3;EMB48;IRRIG;D10M;manha;D10;IRRIG;IRRIG;0.026;True;;;;;;;;;;;;;;;;;;;;;;;;;;;;;;;;;;;;;;;;;;;;;;;;;;;;;;;;;;;;;;;;;;;;;;;;;;;;;;;;;0.8991788902940331;0.9233780994433737;-1.3311258020731662;-0.30164540639371923;0.862042605833233
2;RandomForest;1287;B3_EMB48_IRR_REP_RECUP00003.asd;B3;EMB48;IRRIG;D10M;manha;D10;IRRIG;IRRIG;0.002;True;;;;;;;;;;;;;;;;;;;;;;;;;;;;;;;;;;;;;;;;;;;;;;;;;;;;;;;;;;;;;;;;;;;;;;;;;;;;;;;;;0.9011850534599314;0.9257690827568807;-1.346773096270937;-0.3037449398185591;0.8636625130264632
2;RandomForest;1288;B3_EMB48_IRR_REP_RECUP00004.asd;B3;EMB48;IRRIG;D10M;manha;D10;IRRIG;IRRIG;0.0;True;;;;;;;;;;;;;;;;;;;;;;;;;;;;;;;;;;;;;;;;;;;;;;;;;;;;;;;;;;;;;;;;;;;;;;;;;;;;;;;;;0.9079255506598441;0.9367630179584728;-1.3098646785921637;-0.260750266299763;0.865117029763577
2;RandomForest;1289;B3_EMB48_IRR_REP_RECUP00005.asd;B3;EMB48;IRRIG;D10M;manha;D10;IRRIG;IRRIG;0.0;True;;;;;;;;;;;;;;;;;;;;;;;;;;;;;;;;;;;;;;;;;;;;;;;;;;;;;;;;;;;;;;;;;;;;;;;;;;;;;;;;;0.9079994436234555;0.9369698085571051;-1.2949492133764828;-0.25642721642070887;0.8654367161148492
2;RandomForest;1290;B3_EMB48_IRR_REP_RECUP00006.asd;B3;EMB48;IRRIG;D10M;manha;D10;IRRIG;IRRIG;0.0;True;;;;;;;;;;;;;;;;;;;;;;;;;;;;;;;;;;;;;;;;;;;;;;;;;;;;;;;;;;;;;;;;;;;;;;;;;;;;;;;;;0.9077700395562587;0.9363178660043724;-1.2899704890659502;-0.25243810913602455;0.8650998102360374
2;RandomForest;1291;B3_EMB48_IRR_REP_RECUP00007.asd;B3;EMB48;IRRIG;D10M;manha;D10;IRRIG;IRRIG;0.0;True;;;;;;;;;;;;;;;;;;;;;;;;;;;;;;;;;;;;;;;;;;;;;;;;;;;;;;;;;;;;;;;;;;;;;;;;;;;;;;;;;0.9068552546319162;0.9354124093681296;-1.286029391140974;-0.2503161850047123;0.8640624063296656
2;RandomForest;1292;B3_EMB48_NIRR_REP_RECUP00000.asd;B3;EMB48;NIRRIG;D10M;manha;D10;NIRRIG;NIRRIG;0.94;True;;;;;;;;;;;;;;;;;;;;;;;;;;;;;;;;;;;;;;;;;;;;;;;;;;;;;;;;;;;;;;;;;;;;;;;;;;;;;;;;;0.8899181033024572;0.9114834423922714;-1.6003238345315072;-0.1868761579995346;0.8562771228605939
2;RandomForest;1293;B3_EMB48_NIRR_REP_RECUP00001.asd;B3;EMB48;NIRRIG;D10M;manha;D10;NIRRIG;NIRRIG;0.94;True;;;;;;;;;;;;;;;;;;;;;;;;;;;;;;;;;;;;;;;;;;;;;;;;;;;;;;;;;;;;;;;;;;;;;;;;;;;;;;;;;0.8894654089245868;0.9110754549776371;-1.5973319417558163;-0.18684253855292565;0.8554776480374486
2;RandomForest;1294;B3_EMB48_NIRR_REP_RECUP00002.asd;B3;EMB48;NIRRIG;D10M;manha;D10;NIRRIG;NIRRIG;0.94;True;;;;;;;;;;;;;;;;;;;;;;;;;;;;;;;;;;;;;;;;;;;;;;;;;;;;;;;;;;;;;;;;;;;;;;;;;;;;;;;;;0.8900613647881459;0.9115853146697515;-1.602846606265881;-0.1898029046734959;0.8561717544139373
2;RandomForest;1295;B3_EMB48_NIRR_REP_RECUP00003.asd;B3;EMB48;NIRRIG;D10M;manha;D10;NIRRIG;NIRRIG;0.94;True;;;;;;;;;;;;;;;;;;;;;;;;;;;;;;;;;;;;;;;;;;;;;;;;;;;;;;;;;;;;;;;;;;;;;;;;;;;;;;;;;0.8908284493124868;0.9123205756147096;-1.6027286600794366;-0.19247142322755526;0.857084798306527
2;RandomForest;1296;B3_EMB48_NIRR_REP_RECUP00004.asd;B3;EMB48;NIRRIG;D10M;manha;D10;NIRRIG;NIRRIG;0.856;True;;;;;;;;;;;;;;;;;;;;;;;;;;;;;;;;;;;;;;;;;;;;;;;;;;;;;;;;;;;;;;;;;;;;;;;;;;;;;;;;;0.8936534143814884;0.9279981206997466;-1.4607091130161431;-0.11833018737302067;0.8417615813518917
2;RandomForest;1297;B3_EMB48_NIRR_REP_RECUP00005.asd;B3;EMB48;NIRRIG;D10M;manha;D10;NIRRIG;NIRRIG;0.844;True;;;;;;;;;;;;;;;;;;;;;;;;;;;;;;;;;;;;;;;;;;;;;;;;;;;;;;;;;;;;;;;;;;;;;;;;;;;;;;;;;0.8975306545315156;0.9312957764921035;-1.452881719976145;-0.12786461289484272;0.8461266791977891
2;RandomForest;1298;B3_EMB48_NIRR_REP_RECUP00006.asd;B3;EMB48;NIRRIG;D10M;manha;D10;NIRRIG;NIRRIG;0.832;True;;;;;;;;;;;;;;;;;;;;;;;;;;;;;;;;;;;;;;;;;;;;;;;;;;;;;;;;;;;;;;;;;;;;;;;;;;;;;;;;;0.9015748465428097;0.9350918330456388;-1.4439247593652746;-0.13830043391766209;0.8510405532164039
2;RandomForest;1299;B3_EMB48_NIRR_REP_RECUP00007.asd;B3;EMB48;NIRRIG;D10M;manha;D10;NIRRIG;NIRRIG;0.836;True;;;;;;;;;;;;;;;;;;;;;;;;;;;;;;;;;;;;;;;;;;;;;;;;;;;;;;;;;;;;;;;;;;;;;;;;;;;;;;;;;0.9038480314552678;0.9367642236447373;-1.4361072546617348;-0.14390401963117688;0.8535911797563673
3;PLS-DA;1236;B2_EMB48_IRR_REP_RECUP00000.asd;B2;EMB48;IRRIG;D10M;manha;D10;IRRIG;IRRIG;0.47062804863019;True;;;;;;;;;;;;;;;;;;;;;;;;;;;;;;;;;;;;;;;;;;;;;;;;;;;;;;;;;;;;;;;;;;;;;;;;;;;;;;;;;0.8970347876658672;0.9214833024566281;-1.5207065234000534;-0.27929534381778354;0.8603519941901301
3;PLS-DA;1237;B2_EMB48_IRR_REP_RECUP00001.asd;B2;EMB48;IRRIG;D10M;manha;D10;IRRIG;IRRIG;0.4709887808977797;True;;;;;;;;;;;;;;;;;;;;;;;;;;;;;;;;;;;;;;;;;;;;;;;;;;;;;;;;;;;;;;;;;;;;;;;;;;;;;;;;;0.8957546920094702;0.9203515232819348;-1.510826501446036;-0.2737319023192956;0.8585461412679799
3;PLS-DA;1238;B2_EMB48_IRR_REP_RECUP00002.asd;B2;EMB48;IRRIG;D10M;manha;D10;IRRIG;IRRIG;0.4627653800885089;True;;;;;;;;;;;;;;;;;;;;;;;;;;;;;;;;;;;;;;;;;;;;;;;;;;;;;;;;;;;;;;;;;;;;;;;;;;;;;;;;;0.8954216510837636;0.9196140022861947;-1.4929206691349237;-0.27028707390824525;0.8582143752016059
3;PLS-DA;1239;B2_EMB48_IRR_REP_RECUP00003.asd;B2;EMB48;IRRIG;D10M;manha;D10;IRRIG;IRRIG;0.4590410729838304;True;;;;;;;;;;;;;;;;;;;;;;;;;;;;;;;;;;;;;;;;;;;;;;;;;;;;;;;;;;;;;;;;;;;;;;;;;;;;;;;;;0.8950456591914233;0.9194116913620298;-1.4843566834501336;-0.2693124825617351;0.8579588559793512
3;PLS-DA;1240;B2_EMB48_IRR_REP_RECUP00004.asd;B2;EMB48;IRRIG;D10M;manha;D10;IRRIG;IRRIG;0.48764213810594004;True;;;;;;;;;;;;;;;;;;;;;;;;;;;;;;;;;;;;;;;;;;;;;;;;;;;;;;;;;;;;;;;;;;;;;;;;;;;;;;;;;0.9051415674799873;0.9319021272082834;-1.5913386069303237;-0.3244541928176721;0.8647286146813098
3;PLS-DA;1241;B2_EMB48_IRR_REP_RECUP00005.asd;B2;EMB48;IRRIG;D10M;manha;D10;IRRIG;IRRIG;0.48562351426011185;True;;;;;;;;;;;;;;;;;;;;;;;;;;;;;;;;;;;;;;;;;;;;;;;;;;;;;;;;;;;;;;;;;;;;;;;;;;;;;;;;;0.9060368363131474;0.9328703605227259;-1.5896611036237882;-0.3252677221794411;0.8655824007006153
3;PLS-DA;1242;B2_EMB48_IRR_REP_RECUP00006.asd;B2;EMB48;IRRIG;D10M;manha;D10;IRRIG;IRRIG;0.48116802991827984;True;;;;;;;;;;;;;;;;;;;;;;;;;;;;;;;;;;;;;;;;;;;;;;;;;;;;;;;;;;;;;;;;;;;;;;;;;;;;;;;;;0.9071863073769716;0.9336923418378835;-1.5877122411733944;-0.32729394372558895;0.8669958255198834
3;PLS-DA;1243;B2_EMB48_IRR_REP_RECUP00007.asd;B2;EMB48;IRRIG;D10M;manha;D10;IRRIG;IRRIG;0.48095588981796666;True;;;;;;;;;;;;;;;;;;;;;;;;;;;;;;;;;;;;;;;;;;;;;;;;;;;;;;;;;;;;;;;;;;;;;;;;;;;;;;;;;0.9075192150313458;0.934219650065122;-1.5827087879680946;-0.32527425067980464;0.8666947015642547
3;PLS-DA;1244;B2_EMB48_NIRR_REP_RECUP00000.asd;B2;EMB48;NIRRIG;D10M;manha;D10;NIRRIG;NIRRIG;0.6428677977782159;True;;;;;;;;;;;;;;;;;;;;;;;;;;;;;;;;;;;;;;;;;;;;;;;;;;;;;;;;;;;;;;;;;;;;;;;;;;;;;;;;;0.8953515828794675;0.9274965198464854;-1.531479108850019;-0.055552588951741595;0.8465659575346067
3;PLS-DA;1245;B2_EMB48_NIRR_REP_RECUP00001.asd;B2;EMB48;NIRRIG;D10M;manha;D10;NIRRIG;NIRRIG;0.6389281512370351;True;;;;;;;;;;;;;;;;;;;;;;;;;;;;;;;;;;;;;;;;;;;;;;;;;;;;;;;;;;;;;;;;;;;;;;;;;;;;;;;;;0.8952351305478657;0.9265821830516745;-1.5341900137650566;-0.05941692377863238;0.8475078881463292
3;PLS-DA;1246;B2_EMB48_NIRR_REP_RECUP00002.asd;B2;EMB48;NIRRIG;D10M;manha;D10;NIRRIG;NIRRIG;0.6437631009972897;True;;;;;;;;;;;;;;;;;;;;;;;;;;;;;;;;;;;;;;;;;;;;;;;;;;;;;;;;;;;;;;;;;;;;;;;;;;;;;;;;;0.8963848149660915;0.9290169394543366;-1.5367832806678334;-0.06153167394503252;0.8468259138825855
3;PLS-DA;1247;B2_EMB48_NIRR_REP_RECUP00003.asd;B2;EMB48;NIRRIG;D10M;manha;D10;NIRRIG;NIRRIG;0.6450192090797908;True;;;;;;;;;;;;;;;;;;;;;;;;;;;;;;;;;;;;;;;;;;;;;;;;;;;;;;;;;;;;;;;;;;;;;;;;;;;;;;;;;0.8964317536775771;0.9292720678119601;-1.5402459473142314;-0.06304744457811161;0.846862526115083
3;PLS-DA;1248;B2_EMB48_NIRR_REP_RECUP00004.asd;B2;EMB48;NIRRIG;D10M;manha;D10;NIRRIG;NIRRIG;0.5590548901727449;True;;;;;;;;;;;;;;;;;;;;;;;;;;;;;;;;;;;;;;;;;;;;;;;;;;;;;;;;;;;;;;;;;;;;;;;;;;;;;;;;;0.891200977774005;0.9163659921712044;-1.5904076483205432;-0.21336638542562822;0.8519659991217042
3;PLS-DA;1249;B2_EMB48_NIRR_REP_RECUP00005.asd;B2;EMB48;NIRRIG;D10M;manha;D10;NIRRIG;NIRRIG;0.5611205036529597;True;;;;;;;;;;;;;;;;;;;;;;;;;;;;;;;;;;;;;;;;;;;;;;;;;;;;;;;;;;;;;;;;;;;;;;;;;;;;;;;;;0.8910773096631645;0.9158771784871154;-1.5981734402510057;-0.21520157358961042;0.852121483880395
3;PLS-DA;1250;B2_EMB48_NIRR_REP_RECUP00006.asd;B2;EMB48;NIRRIG;D10M;manha;D10;NIRRIG;NIRRIG;0.5669650995986529;True;;;;;;;;;;;;;;;;;;;;;;;;;;;;;;;;;;;;;;;;;;;;;;;;;;;;;;;;;;;;;;;;;;;;;;;;;;;;;;;;;0.8910062375975828;0.9165089269803128;-1.600669301707451;-0.2127536403700569;0.8511771318023534
3;PLS-DA;1251;B2_EMB48_NIRR_REP_RECUP00007.asd;B2;EMB48;NIRRIG;D10M;manha;D10;NIRRIG;NIRRIG;0.5603936992997407;True;;;;;;;;;;;;;;;;;;;;;;;;;;;;;;;;;;;;;;;;;;;;;;;;;;;;;;;;;;;;;;;;;;;;;;;;;;;;;;;;;0.8906939488354867;0.9163053987345225;-1.5885839122695378;-0.21335735225509297;0.850940560530759
3;RandomForest;1236;B2_EMB48_IRR_REP_RECUP00000.asd;B2;EMB48;IRRIG;D10M;manha;D10;IRRIG;IRRIG;0.254;True;;;;;;;;;;;;;;;;;;;;;;;;;;;;;;;;;;;;;;;;;;;;;;;;;;;;;;;;;;;;;;;;;;;;;;;;;;;;;;;;;0.8970347876658672;0.9214833024566281;-1.5207065234000534;-0.27929534381778354;0.8603519941901301
3;RandomForest;1237;B2_EMB48_IRR_REP_RECUP00001.asd;B2;EMB48;IRRIG;D10M;manha;D10;IRRIG;IRRIG;0.42;True;;;;;;;;;;;;;;;;;;;;;;;;;;;;;;;;;;;;;;;;;;;;;;;;;;;;;;;;;;;;;;;;;;;;;;;;;;;;;;;;;0.8957546920094702;0.9203515232819348;-1.510826501446036;-0.2737319023192956;0.8585461412679799
3;RandomForest;1238;B2_EMB48_IRR_REP_RECUP00002.asd;B2;EMB48;IRRIG;D10M;manha;D10;IRRIG;IRRIG;0.442;True;;;;;;;;;;;;;;;;;;;;;;;;;;;;;;;;;;;;;;;;;;;;;;;;;;;;;;;;;;;;;;;;;;;;;;;;;;;;;;;;;0.8954216510837636;0.9196140022861947;-1.4929206691349237;-0.27028707390824525;0.8582143752016059
3;RandomForest;1239;B2_EMB48_IRR_REP_RECUP00003.asd;B2;EMB48;IRRIG;D10M;manha;D10;IRRIG;IRRIG;0.424;True;;;;;;;;;;;;;;;;;;;;;;;;;;;;;;;;;;;;;;;;;;;;;;;;;;;;;;;;;;;;;;;;;;;;;;;;;;;;;;;;;0.8950456591914233;0.9194116913620298;-1.4843566834501336;-0.2693124825617351;0.8579588559793512
3;RandomForest;1240;B2_EMB48_IRR_REP_RECUP00004.asd;B2;EMB48;IRRIG;D10M;manha;D10;IRRIG;IRRIG;0.02;True;;;;;;;;;;;;;;;;;;;;;;;;;;;;;;;;;;;;;;;;;;;;;;;;;;;;;;;;;;;;;;;;;;;;;;;;;;;;;;;;;0.9051415674799873;0.9319021272082834;-1.5913386069303237;-0.3244541928176721;0.8647286146813098
3;RandomForest;1241;B2_EMB48_IRR_REP_RECUP00005.asd;B2;EMB48;IRRIG;D10M;manha;D10;IRRIG;IRRIG;0.018;True;;;;;;;;;;;;;;;;;;;;;;;;;;;;;;;;;;;;;;;;;;;;;;;;;;;;;;;;;;;;;;;;;;;;;;;;;;;;;;;;;0.9060368363131474;0.9328703605227259;-1.5896611036237882;-0.3252677221794411;0.8655824007006153
3;RandomForest;1242;B2_EMB48_IRR_REP_RECUP00006.asd;B2;EMB48;IRRIG;D10M;manha;D10;IRRIG;IRRIG;0.016;True;;;;;;;;;;;;;;;;;;;;;;;;;;;;;;;;;;;;;;;;;;;;;;;;;;;;;;;;;;;;;;;;;;;;;;;;;;;;;;;;;0.9071863073769716;0.9336923418378835;-1.5877122411733944;-0.32729394372558895;0.8669958255198834
3;RandomForest;1243;B2_EMB48_IRR_REP_RECUP00007.asd;B2;EMB48;IRRIG;D10M;manha;D10;IRRIG;IRRIG;0.016;True;;;;;;;;;;;;;;;;;;;;;;;;;;;;;;;;;;;;;;;;;;;;;;;;;;;;;;;;;;;;;;;;;;;;;;;;;;;;;;;;;0.9075192150313458;0.934219650065122;-1.5827087879680946;-0.32527425067980464;0.8666947015642547
3;RandomForest;1244;B2_EMB48_NIRR_REP_RECUP00000.asd;B2;EMB48;NIRRIG;D10M;manha;D10;NIRRIG;NIRRIG;0.994;True;;;;;;;;;;;;;;;;;;;;;;;;;;;;;;;;;;;;;;;;;;;;;;;;;;;;;;;;;;;;;;;;;;;;;;;;;;;;;;;;;0.8953515828794675;0.9274965198464854;-1.531479108850019;-0.055552588951741595;0.8465659575346067
3;RandomForest;1245;B2_EMB48_NIRR_REP_RECUP00001.asd;B2;EMB48;NIRRIG;D10M;manha;D10;NIRRIG;NIRRIG;0.992;True;;;;;;;;;;;;;;;;;;;;;;;;;;;;;;;;;;;;;;;;;;;;;;;;;;;;;;;;;;;;;;;;;;;;;;;;;;;;;;;;;0.8952351305478657;0.9265821830516745;-1.5341900137650566;-0.05941692377863238;0.8475078881463292
3;RandomForest;1246;B2_EMB48_NIRR_REP_RECUP00002.asd;B2;EMB48;NIRRIG;D10M;manha;D10;NIRRIG;NIRRIG;0.99;True;;;;;;;;;;;;;;;;;;;;;;;;;;;;;;;;;;;;;;;;;;;;;;;;;;;;;;;;;;;;;;;;;;;;;;;;;;;;;;;;;0.8963848149660915;0.9290169394543366;-1.5367832806678334;-0.06153167394503252;0.8468259138825855
3;RandomForest;1247;B2_EMB48_NIRR_REP_RECUP00003.asd;B2;EMB48;NIRRIG;D10M;manha;D10;NIRRIG;NIRRIG;0.994;True;;;;;;;;;;;;;;;;;;;;;;;;;;;;;;;;;;;;;;;;;;;;;;;;;;;;;;;;;;;;;;;;;;;;;;;;;;;;;;;;;0.8964317536775771;0.9292720678119601;-1.5402459473142314;-0.06304744457811161;0.846862526115083
3;RandomForest;1248;B2_EMB48_NIRR_REP_RECUP00004.asd;B2;EMB48;NIRRIG;D10M;manha;D10;NIRRIG;NIRRIG;1.0;True;;;;;;;;;;;;;;;;;;;;;;;;;;;;;;;;;;;;;;;;;;;;;;;;;;;;;;;;;;;;;;;;;;;;;;;;;;;;;;;;;0.891200977774005;0.9163659921712044;-1.5904076483205432;-0.21336638542562822;0.8519659991217042
3;RandomForest;1249;B2_EMB48_NIRR_REP_RECUP00005.asd;B2;EMB48;NIRRIG;D10M;manha;D10;NIRRIG;NIRRIG;1.0;True;;;;;;;;;;;;;;;;;;;;;;;;;;;;;;;;;;;;;;;;;;;;;;;;;;;;;;;;;;;;;;;;;;;;;;;;;;;;;;;;;0.8910773096631645;0.9158771784871154;-1.5981734402510057;-0.21520157358961042;0.852121483880395
3;RandomForest;1250;B2_EMB48_NIRR_REP_RECUP00006.asd;B2;EMB48;NIRRIG;D10M;manha;D10;NIRRIG;NIRRIG;1.0;True;;;;;;;;;;;;;;;;;;;;;;;;;;;;;;;;;;;;;;;;;;;;;;;;;;;;;;;;;;;;;;;;;;;;;;;;;;;;;;;;;0.8910062375975828;0.9165089269803128;-1.600669301707451;-0.2127536403700569;0.8511771318023534
3;RandomForest;1251;B2_EMB48_NIRR_REP_RECUP00007.asd;B2;EMB48;NIRRIG;D10M;manha;D10;NIRRIG;NIRRIG;1.0;True;;;;;;;;;;;;;;;;;;;;;;;;;;;;;;;;;;;;;;;;;;;;;;;;;;;;;;;;;;;;;;;;;;;;;;;;;;;;;;;;;0.8906939488354867;0.9163053987345225;-1.5885839122695378;-0.21335735225509297;0.850940560530759
4;PLS-DA;1188;B1_EMB48_IRR_REP_RECUP00000.asd;B1;EMB48;IRRIG;D10M;manha;D10;IRRIG;IRRIG;0.3933331670775156;True;;;;;;;;;;;;;;;;;;;;;;;;;;;;;;;;;;;;;;;;;;;;;;;;;;;;;;;;;;;;;;;;;;;;;;;;;;;;;;;;;0.901077189481115;0.9247807080046558;-1.4838872004094679;-0.32665389344785684;0.864678182252864
4;PLS-DA;1189;B1_EMB48_IRR_REP_RECUP00001.asd;B1;EMB48;IRRIG;D10M;manha;D10;IRRIG;IRRIG;0.39334498487955016;True;;;;;;;;;;;;;;;;;;;;;;;;;;;;;;;;;;;;;;;;;;;;;;;;;;;;;;;;;;;;;;;;;;;;;;;;;;;;;;;;;0.9008111045273782;0.9245123093533446;-1.4711196810234788;-0.3226866983108369;0.8648829709602924
4;PLS-DA;1190;B1_EMB48_IRR_REP_RECUP00002.asd;B1;EMB48;IRRIG;D10M;manha;D10;IRRIG;IRRIG;0.3842473728320725;True;;;;;;;;;;;;;;;;;;;;;;;;;;;;;;;;;;;;;;;;;;;;;;;;;;;;;;;;;;;;;;;;;;;;;;;;;;;;;;;;;0.9022746577604147;0.9258656672886723;-1.4600833080302;-0.32136765434241854;0.8661592231713339
4;PLS-DA;1191;B1_EMB48_IRR_REP_RECUP00003.asd;B1;EMB48;IRRIG;D10M;manha;D10;IRRIG;IRRIG;0.38385879012774493;True;;;;;;;;;;;;;;;;;;;;;;;;;;;;;;;;;;;;;;;;;;;;;;;;;;;;;;;;;;;;;;;;;;;;;;;;;;;;;;;;;0.9026048482188578;0.9263403740993833;-1.4594399511718799;-0.31845163758204;0.8664971888201335
4;PLS-DA;1192;B1_EMB48_IRR_REP_RECUP00004.asd;B1;EMB48;IRRIG;D10M;manha;D10;IRRIG;IRRIG;0.3261688869355978;True;;;;;;;;;;;;;;;;;;;;;;;;;;;;;;;;;;;;;;;;;;;;;;;;;;;;;;;;;;;;;;;;;;;;;;;;;;;;;;;;;0.9178709503053825;0.9441738294044931;-1.381820554873817;-0.2731851840661944;0.8773356438833457
4;PLS-DA;1193;B1_EMB48_IRR_REP_RECUP00005.asd;B1;EMB48;IRRIG;D10M;manha;D10;IRRIG;IRRIG;0.3390923849349569;True;;;;;;;;;;;;;;;;;;;;;;;;;;;;;;;;;;;;;;;;;;;;;;;;;;;;;;;;;;;;;;;;;;;;;;;;;;;;;;;;;0.9157999480471278;0.9421595322488547;-1.3633105334568403;-0.264716428183967;0.8754321912314705
4;PLS-DA;1194;B1_EMB48_IRR_REP_RECUP00006.asd;B1;EMB48;IRRIG;D10M;manha;D10;IRRIG;IRRIG;0.3443995851367949;True;;;;;;;;;;;;;;;;;;;;;;;;;;;;;;;;;;;;;;;;;;;;;;;;;;;;;;;;;;;;;;;;;;;;;;;;;;;;;;;;;0.9154908586254529;0.9418134936263408;-1.368327161083257;-0.2607698922991033;0.8749672131527616
4;PLS-DA;1195;B1_EMB48_IRR_REP_RECUP00007.asd;B1;EMB48;IRRIG;D10M;manha;D10;IRRIG;IRRIG;0.35061204135624974;True;;;;;;;;;;;;;;;;;;;;;;;;;;;;;;;;;;;;;;;;;;;;;;;;;;;;;;;;;;;;;;;;;;;;;;;;;;;;;;;;;0.9149434949568156;0.9412830099954553;-1.3567536448166913;-0.2543146760447916;0.8740997111067096
4;PLS-DA;1196;B1_EMB48_NIRR_REP_RECUP00000.asd;B1;EMB48;NIRRIG;D10M;manha;D10;NIRRIG;NIRRIG;0.5052317925026271;True;;;;;;;;;;;;;;;;;;;;;;;;;;;;;;;;;;;;;;;;;;;;;;;;;;;;;;;;;;;;;;;;;;;;;;;;;;;;;;;;;0.9025201765411043;0.9307026225814784;-1.540262661727526;-0.19620871357542605;0.8585177605545026
4;PLS-DA;1197;B1_EMB48_NIRR_REP_RECUP00001.asd;B1;EMB48;NIRRIG;D10M;manha;D10;NIRRIG;IRRIG;0.498690138406126;False;;;;;;;;;;;;;;;;;;;;;;;;;;;;;;;;;;;;;;;;;;;;;;;;;;;;;;;;;;;;;;;;;;;;;;;;;;;;;;;;;0.903387143449284;0.931560367439565;-1.5442935997580045;-0.1978517599347475;0.8595532910221295
4;PLS-DA;1198;B1_EMB48_NIRR_REP_RECUP00002.asd;B1;EMB48;NIRRIG;D10M;manha;D10;NIRRIG;NIRRIG;0.5032987611206665;True;;;;;;;;;;;;;;;;;;;;;;;;;;;;;;;;;;;;;;;;;;;;;;;;;;;;;;;;;;;;;;;;;;;;;;;;;;;;;;;;;0.9031524924731833;0.9319401930142802;-1.539513962438618;-0.1962967397180617;0.8586315509131631
4;PLS-DA;1199;B1_EMB48_NIRR_REP_RECUP00003.asd;B1;EMB48;NIRRIG;D10M;manha;D10;NIRRIG;NIRRIG;0.5118105065522439;True;;;;;;;;;;;;;;;;;;;;;;;;;;;;;;;;;;;;;;;;;;;;;;;;;;;;;;;;;;;;;;;;;;;;;;;;;;;;;;;;;0.9026411620003489;0.9314801074874595;-1.5424057697908262;-0.19418961174182028;0.8572908779875349
4;PLS-DA;1200;B1_EMB48_NIRR_REP_RECUP00004.asd;B1;EMB48;NIRRIG;D10M;manha;D10;NIRRIG;NIRRIG;0.7779803403136463;True;;;;;;;;;;;;;;;;;;;;;;;;;;;;;;;;;;;;;;;;;;;;;;;;;;;;;;;;;;;;;;;;;;;;;;;;;;;;;;;;;0.8808395121856191;0.9165177312655636;-1.494499740474533;0.018548135420186535;0.8262132060535271
4;PLS-DA;1201;B1_EMB48_NIRR_REP_RECUP00005.asd;B1;EMB48;NIRRIG;D10M;manha;D10;NIRRIG;NIRRIG;0.7751724829457911;True;;;;;;;;;;;;;;;;;;;;;;;;;;;;;;;;;;;;;;;;;;;;;;;;;;;;;;;;;;;;;;;;;;;;;;;;;;;;;;;;;0.8811797016669654;0.91673323580918;-1.49643450442465;0.016720848025719957;0.8268081129220175
4;PLS-DA;1202;B1_EMB48_NIRR_REP_RECUP00006.asd;B1;EMB48;NIRRIG;D10M;manha;D10;NIRRIG;NIRRIG;0.7694165648828861;True;;;;;;;;;;;;;;;;;;;;;;;;;;;;;;;;;;;;;;;;;;;;;;;;;;;;;;;;;;;;;;;;;;;;;;;;;;;;;;;;;0.8822894759342284;0.9173902443626417;-1.4978539902802175;0.013797997196724272;0.8277995101351732
4;PLS-DA;1203;B1_EMB48_NIRR_REP_RECUP00007.asd;B1;EMB48;NIRRIG;D10M;manha;D10;NIRRIG;NIRRIG;0.771075662516004;True;;;;;;;;;;;;;;;;;;;;;;;;;;;;;;;;;;;;;;;;;;;;;;;;;;;;;;;;;;;;;;;;;;;;;;;;;;;;;;;;;0.8816072925352474;0.9170184707646878;-1.4977051363956788;0.013564537843259786;0.8275625331314482
4;RandomForest;1188;B1_EMB48_IRR_REP_RECUP00000.asd;B1;EMB48;IRRIG;D10M;manha;D10;IRRIG;IRRIG;0.008;True;;;;;;;;;;;;;;;;;;;;;;;;;;;;;;;;;;;;;;;;;;;;;;;;;;;;;;;;;;;;;;;;;;;;;;;;;;;;;;;;;0.901077189481115;0.9247807080046558;-1.4838872004094679;-0.32665389344785684;0.864678182252864
4;RandomForest;1189;B1_EMB48_IRR_REP_RECUP00001.asd;B1;EMB48;IRRIG;D10M;manha;D10;IRRIG;IRRIG;0.008;True;;;;;;;;;;;;;;;;;;;;;;;;;;;;;;;;;;;;;;;;;;;;;;;;;;;;;;;;;;;;;;;;;;;;;;;;;;;;;;;;;0.9008111045273782;0.9245123093533446;-1.4711196810234788;-0.3226866983108369;0.8648829709602924
4;RandomForest;1190;B1_EMB48_IRR_REP_RECUP00002.asd;B1;EMB48;IRRIG;D10M;manha;D10;IRRIG;IRRIG;0.016;True;;;;;;;;;;;;;;;;;;;;;;;;;;;;;;;;;;;;;;;;;;;;;;;;;;;;;;;;;;;;;;;;;;;;;;;;;;;;;;;;;0.9022746577604147;0.9258656672886723;-1.4600833080302;-0.32136765434241854;0.8661592231713339
4;RandomForest;1191;B1_EMB48_IRR_REP_RECUP00003.asd;B1;EMB48;IRRIG;D10M;manha;D10;IRRIG;IRRIG;0.016;True;;;;;;;;;;;;;;;;;;;;;;;;;;;;;;;;;;;;;;;;;;;;;;;;;;;;;;;;;;;;;;;;;;;;;;;;;;;;;;;;;0.9026048482188578;0.9263403740993833;-1.4594399511718799;-0.31845163758204;0.8664971888201335
4;RandomForest;1192;B1_EMB48_IRR_REP_RECUP00004.asd;B1;EMB48;IRRIG;D10M;manha;D10;IRRIG;IRRIG;0.0;True;;;;;;;;;;;;;;;;;;;;;;;;;;;;;;;;;;;;;;;;;;;;;;;;;;;;;;;;;;;;;;;;;;;;;;;;;;;;;;;;;0.9178709503053825;0.9441738294044931;-1.381820554873817;-0.2731851840661944;0.8773356438833457
4;RandomForest;1193;B1_EMB48_IRR_REP_RECUP00005.asd;B1;EMB48;IRRIG;D10M;manha;D10;IRRIG;IRRIG;0.0;True;;;;;;;;;;;;;;;;;;;;;;;;;;;;;;;;;;;;;;;;;;;;;;;;;;;;;;;;;;;;;;;;;;;;;;;;;;;;;;;;;0.9157999480471278;0.9421595322488547;-1.3633105334568403;-0.264716428183967;0.8754321912314705
4;RandomForest;1194;B1_EMB48_IRR_REP_RECUP00006.asd;B1;EMB48;IRRIG;D10M;manha;D10;IRRIG;IRRIG;0.0;True;;;;;;;;;;;;;;;;;;;;;;;;;;;;;;;;;;;;;;;;;;;;;;;;;;;;;;;;;;;;;;;;;;;;;;;;;;;;;;;;;0.9154908586254529;0.9418134936263408;-1.368327161083257;-0.2607698922991033;0.8749672131527616
4;RandomForest;1195;B1_EMB48_IRR_REP_RECUP00007.asd;B1;EMB48;IRRIG;D10M;manha;D10;IRRIG;IRRIG;0.0;True;;;;;;;;;;;;;;;;;;;;;;;;;;;;;;;;;;;;;;;;;;;;;;;;;;;;;;;;;;;;;;;;;;;;;;;;;;;;;;;;;0.9149434949568156;0.9412830099954553;-1.3567536448166913;-0.2543146760447916;0.8740997111067096
4;RandomForest;1196;B1_EMB48_NIRR_REP_RECUP00000.asd;B1;EMB48;NIRRIG;D10M;manha;D10;NIRRIG;IRRIG;0.442;False;;;;;;;;;;;;;;;;;;;;;;;;;;;;;;;;;;;;;;;;;;;;;;;;;;;;;;;;;;;;;;;;;;;;;;;;;;;;;;;;;0.9025201765411043;0.9307026225814784;-1.540262661727526;-0.19620871357542605;0.8585177605545026
4;RandomForest;1197;B1_EMB48_NIRR_REP_RECUP00001.asd;B1;EMB48;NIRRIG;D10M;manha;D10;NIRRIG;IRRIG;0.404;False;;;;;;;;;;;;;;;;;;;;;;;;;;;;;;;;;;;;;;;;;;;;;;;;;;;;;;;;;;;;;;;;;;;;;;;;;;;;;;;;;0.903387143449284;0.931560367439565;-1.5442935997580045;-0.1978517599347475;0.8595532910221295
4;RandomForest;1198;B1_EMB48_NIRR_REP_RECUP00002.asd;B1;EMB48;NIRRIG;D10M;manha;D10;NIRRIG;IRRIG;0.444;False;;;;;;;;;;;;;;;;;;;;;;;;;;;;;;;;;;;;;;;;;;;;;;;;;;;;;;;;;;;;;;;;;;;;;;;;;;;;;;;;;0.9031524924731833;0.9319401930142802;-1.539513962438618;-0.1962967397180617;0.8586315509131631
4;RandomForest;1199;B1_EMB48_NIRR_REP_RECUP00003.asd;B1;EMB48;NIRRIG;D10M;manha;D10;NIRRIG;NIRRIG;0.742;True;;;;;;;;;;;;;;;;;;;;;;;;;;;;;;;;;;;;;;;;;;;;;;;;;;;;;;;;;;;;;;;;;;;;;;;;;;;;;;;;;0.9026411620003489;0.9314801074874595;-1.5424057697908262;-0.19418961174182028;0.8572908779875349
4;RandomForest;1200;B1_EMB48_NIRR_REP_RECUP00004.asd;B1;EMB48;NIRRIG;D10M;manha;D10;NIRRIG;NIRRIG;0.974;True;;;;;;;;;;;;;;;;;;;;;;;;;;;;;;;;;;;;;;;;;;;;;;;;;;;;;;;;;;;;;;;;;;;;;;;;;;;;;;;;;0.8808395121856191;0.9165177312655636;-1.494499740474533;0.018548135420186535;0.8262132060535271
4;RandomForest;1201;B1_EMB48_NIRR_REP_RECUP00005.asd;B1;EMB48;NIRRIG;D10M;manha;D10;NIRRIG;NIRRIG;0.974;True;;;;;;;;;;;;;;;;;;;;;;;;;;;;;;;;;;;;;;;;;;;;;;;;;;;;;;;;;;;;;;;;;;;;;;;;;;;;;;;;;0.8811797016669654;0.91673323580918;-1.49643450442465;0.016720848025719957;0.8268081129220175
4;RandomForest;1202;B1_EMB48_NIRR_REP_RECUP00006.asd;B1;EMB48;NIRRIG;D10M;manha;D10;NIRRIG;NIRRIG;0.974;True;;;;;;;;;;;;;;;;;;;;;;;;;;;;;;;;;;;;;;;;;;;;;;;;;;;;;;;;;;;;;;;;;;;;;;;;;;;;;;;;;0.8822894759342284;0.9173902443626417;-1.4978539902802175;0.013797997196724272;0.8277995101351732
4;RandomForest;1203;B1_EMB48_NIRR_REP_RECUP00007.asd;B1;EMB48;NIRRIG;D10M;manha;D10;NIRRIG;NIRRIG;0.974;True;;;;;;;;;;;;;;;;;;;;;;;;;;;;;;;;;;;;;;;;;;;;;;;;;;;;;;;;;;;;;;;;;;;;;;;;;;;;;;;;;0.8816072925352474;0.9170184707646878;-1.4977051363956788;0.013564537843259786;0.8275625331314482
