fold;genotipo_treino;genotipo_teste;split;indice_amostra;nomenclaura;bloco;genotipo;condicao;data_coleta;turno;dia
1;BR16+CD202;EMB48;treino;0;B1_BR16_IRRIG_REPROD00000.asd;B1;BR16;IRRIG;D02M;manha;D02
1;BR16+CD202;EMB48;treino;1;B1_BR16_IRRIG_REPROD00001.asd;B1;BR16;IRRIG;D02M;manha;D02
1;BR16+CD202;EMB48;treino;2;B1_BR16_IRRIG_REPROD00002.asd;B1;BR16;IRRIG;D02M;manha;D02
1;BR16+CD202;EMB48;treino;3;B1_BR16_IRRIG_REPROD00003.asd;B1;BR16;IRRIG;D02M;manha;D02
1;BR16+CD202;EMB48;treino;4;B1_BR16_IRRIG_REPROD00004.asd;B1;BR16;IRRIG;D02M;manha;D02
1;BR16+CD202;EMB48;treino;5;B1_BR16_IRRIG_REPROD00005.asd;B1;BR16;IRRIG;D02M;manha;D02
1;BR16+CD202;EMB48;treino;6;B1_BR16_IRRIG_REPROD00006.asd;B1;BR16;IRRIG;D02M;manha;D02
1;BR16+CD202;EMB48;treino;7;B1_BR16_IRRIG_REPROD00007.asd;B1;BR16;IRRIG;D02M;manha;D02
1;BR16+CD202;EMB48;treino;8;B1_BR16_NIRRIG_REPROD00000.asd;B1;BR16;NIRRIG;D02M;manha;D02
1;BR16+CD202;EMB48;treino;9;B1_BR16_NIRRIG_REPROD00001.asd;B1;BR16;NIRRIG;D02M;manha;D02
1;BR16+CD202;EMB48;treino;10;B1_BR16_NIRRIG_REPROD00002.asd;B1;BR16;NIRRIG;D02M;manha;D02
1;BR16+CD202;EMB48;treino;11;B1_BR16_NIRRIG_REPROD00003.asd;B1;BR16;NIRRIG;D02M;manha;D02
1;BR16+CD202;EMB48;treino;12;B1_BR16_NIRRIG_REPROD00004.asd;B1;BR16;NIRRIG;D02M;manha;D02
1;BR16+CD202;EMB48;treino;13;B1_BR16_NIRRIG_REPROD00005.asd;B1;BR16;NIRRIG;D02M;manha;D02
1;BR16+CD202;EMB48;treino;14;B1_BR16_NIRRIG_REPROD00006.asd;B1;BR16;NIRRIG;D02M;manha;D02
1;BR16+CD202;EMB48;treino;15;B1_BR16_NIRRIG_REPROD00007.asd;B1;BR16;NIRRIG;D02M;manha;D02
1;BR16+CD202;EMB48;treino;16;B2_BR16_IRRIG_REPROD00000.asd;B2;BR16;IRRIG;D02M;manha;D02
1;BR16+CD202;EMB48;treino;17;B2_BR16_IRRIG_REPROD00001.asd;B2;BR16;IRRIG;D02M;manha;D02
1;BR16+CD202;EMB48;treino;18;B2_BR16_IRRIG_REPROD00002.asd;B2;BR16;IRRIG;D02M;manha;D02
1;BR16+CD202;EMB48;treino;19;B2_BR16_IRRIG_REPROD00003.asd;B2;BR16;IRRIG;D02M;manha;D02
1;BR16+CD202;EMB48;treino;20;B2_BR16_IRRIG_REPROD00004.asd;B2;BR16;IRRIG;D02M;manha;D02
1;BR16+CD202;EMB48;treino;21;B2_BR16_IRRIG_REPROD00005.asd;B2;BR16;IRRIG;D02M;manha;D02
1;BR16+CD202;EMB48;treino;22;B2_BR16_IRRIG_REPROD00006.asd;B2;BR16;IRRIG;D02M;manha;D02
1;BR16+CD202;EMB48;treino;23;B2_BR16_IRRIG_REPROD00007.asd;B2;BR16;IRRIG;D02M;manha;D02
1;BR16+CD202;EMB48;treino;24;B2_BR16_NIRRIG_REPROD00000.asd;B2;BR16;NIRRIG;D02M;manha;D02
1;BR16+CD202;EMB48;treino;25;B2_BR16_NIRRIG_REPROD00001.asd;B2;BR16;NIRRIG;D02M;manha;D02
1;BR16+CD202;EMB48;treino;26;B2_BR16_NIRRIG_REPROD00002.asd;B2;BR16;NIRRIG;D02M;manha;D02
1;BR16+CD202;EMB48;treino;27;B2_BR16_NIRRIG_REPROD00003.asd;B2;BR16;NIRRIG;D02M;manha;D02
1;BR16+CD202;EMB48;treino;28;B2_BR16_NIRRIG_REPROD00004.asd;B2;BR16;NIRRIG;D02M;manha;D02
1;BR16+CD202;EMB48;treino;29;B2_BR16_NIRRIG_REPROD00005.asd;B2;BR16;NIRRIG;D02M;manha;D02
1;BR16+CD202;EMB48;treino;30;B2_BR16_NIRRIG_REPROD00006.asd;B2;BR16;NIRRIG;D02M;manha;D02
1;BR16+CD202;EMB48;treino;31;B2_BR16_NIRRIG_REPROD00007.asd;B2;BR16;NIRRIG;D02M;manha;D02
1;BR16+CD202;EMB48;treino;32;B3_BR16_IRRIG_REPROD00000.asd;B3;BR16;IRRIG;D02M;manha;D02
1;BR16+CD202;EMB48;treino;33;B3_BR16_IRRIG_REPROD00001.asd;B3;BR16;IRRIG;D02M;manha;D02
1;BR16+CD202;EMB48;treino;34;B3_BR16_IRRIG_REPROD00002.asd;B3;BR16;IRRIG;D02M;manha;D02
1;BR16+CD202;EMB48;treino;35;B3_BR16_IRRIG_REPROD00003.asd;B3;BR16;IRRIG;D02M;manha;D02
1;BR16+CD202;EMB48;treino;36;B3_BR16_IRRIG_REPROD00004.asd;B3;BR16;IRRIG;D02M;manha;D02
1;BR16+CD202;EMB48;treino;37;B3_BR16_IRRIG_REPROD00005.asd;B3;BR16;IRRIG;D02M;manha;D02
1;BR16+CD202;EMB48;treino;38;B3_BR16_IRRIG_REPROD00006.asd;B3;BR16;IRRIG;D02M;manha;D02
1;BR16+CD202;EMB48;treino;39;B3_BR16_IRRIG_REPROD00007.asd;B3;BR16;IRRIG;D02M;manha;D02
1;BR16+CD202;EMB48;treino;40;B3_BR16_NIRRIG_REPROD00000.asd;B3;BR16;NIRRIG;D02M;manha;D02
1;BR16+CD202;EMB48;treino;41;B3_BR16_NIRRIG_REPROD00001.asd;B3;BR16;NIRRIG;D02M;manha;D02
1;BR16+CD202;EMB48;treino;42;B3_BR16_NIRRIG_REPROD00002.asd;B3;BR16;NIRRIG;D02M;manha;D02
1;BR16+CD202;EMB48;treino;43;B3_BR16_NIRRIG_REPROD00003.asd;B3;BR16;NIRRIG;D02M;manha;D02
1;BR16+CD202;EMB48;treino;44;B3_BR16_NIRRIG_REPROD00004.asd;B3;BR16;NIRRIG;D02M;manha;D02
1;BR16+CD202;EMB48;treino;45;B3_BR16_NIRRIG_REPROD00005.asd;B3;BR16;NIRRIG;D02M;manha;D02
1;BR16+CD202;EMB48;treino;46;B3_BR16_NIRRIG_REPROD00006.asd;B3;BR16;NIRRIG;D02M;manha;D02
1;BR16+CD202;EMB48;treino;47;B3_BR16_NIRRIG_REPROD00007.asd;B3;BR16;NIRRIG;D02M;manha;D02
1;BR16+CD202;EMB48;treino;48;B4_BR16_IRRIG_REPROD00000.asd;B4;BR16;IRRIG;D02M;manha;D02
1;BR16+CD202;EMB48;treino;49;B4_BR16_IRRIG_REPROD00001.asd;B4;BR16;IRRIG;D02M;manha;D02
1;BR16+CD202;EMB48;treino;50;B4_BR16_IRRIG_REPROD00002.asd;B4;BR16;IRRIG;D02M;manha;D02
1;BR16+CD202;EMB48;treino;51;B4_BR16_IRRIG_REPROD00003.asd;B4;BR16;IRRIG;D02M;manha;D02
1;BR16+CD202;EMB48;treino;52;B4_BR16_IRRIG_REPROD00004.asd;B4;BR16;IRRIG;D02M;manha;D02
1;BR16+CD202;EMB48;treino;53;B4_BR16_IRRIG_REPROD00005.asd;B4;BR16;IRRIG;D02M;manha;D02
1;BR16+CD202;EMB48;treino;54;B4_BR16_IRRIG_REPROD00006.asd;B4;BR16;IRRIG;D02M;manha;D02
1;BR16+CD202;EMB48;treino;55;B4_BR16_IRRIG_REPROD00007.asd;B4;BR16;IRRIG;D02M;manha;D02
1;BR16+CD202;EMB48;treino;56;B4_BR16_NIRRIG_REPROD00000.asd;B4;BR16;NIRRIG;D02M;manha;D02
1;BR16+CD202;EMB48;treino;57;B4_BR16_NIRRIG_REPROD00001.asd;B4;BR16;NIRRIG;D02M;manha;D02
1;BR16+CD202;EMB48;treino;58;B4_BR16_NIRRIG_REPROD00002.asd;B4;BR16;NIRRIG;D02M;manha;D02
1;BR16+CD202;EMB48;treino;59;B4_BR16_NIRRIG_REPROD00003.asd;B4;BR16;NIRRIG;D02M;manha;D02
1;BR16+CD202;EMB48;treino;60;B4_BR16_NIRRIG_REPROD00004.asd;B4;BR16;NIRRIG;D02M;manha;D02
1;BR16+CD202;EMB48;treino;61;B4_BR16_NIRRIG_REPROD00005.asd;B4;BR16;NIRRIG;D02M;manha;D02
1;BR16+CD202;EMB48;treino;62;B4_BR16_NIRRIG_REPROD00006.asd;B4;BR16;NIRRIG;D02M;manha;D02
1;BR16+CD202;EMB48;treino;63;B4_BR16_NIRRIG_REPROD00007.asd;B4;BR16;NIRRIG;D02M;manha;D02
1;BR16+CD202;EMB48;treino;64;B1_CD202_IRRIG_REPROD00000.asd;B1;CD202;IRRIG;D02M;manha;D02
1;BR16+CD202;EMB48;treino;65;B1_CD202_IRRIG_REPROD00001.asd;B1;CD202;IRRIG;D02M;manha;D02
1;BR16+CD202;EMB48;treino;66;B1_CD202_IRRIG_REPROD00002.asd;B1;CD202;IRRIG;D02M;manha;D02
1;BR16+CD202;EMB48;treino;67;B1_CD202_IRRIG_REPROD00003.asd;B1;CD202;IRRIG;D02M;manha;D02
1;BR16+CD202;EMB48;treino;68;B1_CD202_IRRIG_REPROD00004.asd;B1;CD202;IRRIG;D02M;manha;D02
1;BR16+CD202;EMB48;treino;69;B1_CD202_IRRIG_REPROD00005.asd;B1;CD202;IRRIG;D02M;manha;D02
1;BR16+CD202;EMB48;treino;70;B1_CD202_IRRIG_REPROD00006.asd;B1;CD202;IRRIG;D02M;manha;D02
1;BR16+CD202;EMB48;treino;71;B1_CD202_IRRIG_REPROD00007.asd;B1;CD202;IRRIG;D02M;manha;D02
1;BR16+CD202;EMB48;treino;72;B1_CD202_NIRRIG_REPROD00000.asd;B1;CD202;NIRRIG;D02M;manha;D02
1;BR16+CD202;EMB48;treino;73;B1_CD202_NIRRIG_REPROD00001.asd;B1;CD202;NIRRIG;D02M;manha;D02
1;BR16+CD202;EMB48;treino;74;B1_CD202_NIRRIG_REPROD00002.asd;B1;CD202;NIRRIG;D02M;manha;D02
1;BR16+CD202;EMB48;treino;75;B1_CD202_NIRRIG_REPROD00003.asd;B1;CD202;NIRRIG;D02M;manha;D02
1;BR16+CD202;EMB48;treino;76;B1_CD202_NIRRIG_REPROD00004.asd;B1;CD202;NIRRIG;D02M;manha;D02
1;BR16+CD202;EMB48;treino;77;B1_CD202_NIRRIG_REPROD00005.asd;B1;CD202;NIRRIG;D02M;manha;D02
1;BR16+CD202;EMB48;treino;78;B1_CD202_NIRRIG_REPROD00006.asd;B1;CD202;NIRRIG;D02M;manha;D02
1;BR16+CD202;EMB48;treino;79;B1_CD202_NIRRIG_REPROD00007.asd;B1;CD202;NIRRIG;D02M;manha;D02
1;BR16+CD202;EMB48;treino;80;B2_CD202_IRRIG_REPROD00000.asd;B2;CD202;IRRIG;D02M;manha;D02
1;BR16+CD202;EMB48;treino;81;B2_CD202_IRRIG_REPROD00001.asd;B2;CD202;IRRIG;D02M;manha;D02
1;BR16+CD202;EMB48;treino;82;B2_CD202_IRRIG_REPROD00002.asd;B2;CD202;IRRIG;D02M;manha;D02
1;BR16+CD202;EMB48;treino;83;B2_CD202_IRRIG_REPROD00003.asd;B2;CD202;IRRIG;D02M;manha;D02
1;BR16+CD202;EMB48;treino;84;B2_CD202_IRRIG_REPROD00004.asd;B2;CD202;IRRIG;D02M;manha;D02
1;BR16+CD202;EMB48;treino;85;B2_CD202_IRRIG_REPROD00005.asd;B2;CD202;IRRIG;D02M;manha;D02
1;BR16+CD202;EMB48;treino;86;B2_CD202_IRRIG_REPROD00006.asd;B2;CD202;IRRIG;D02M;manha;D02
1;BR16+CD202;EMB48;treino;87;B2_CD202_IRRIG_REPROD00007.asd;B2;CD202;IRRIG;D02M;manha;D02
1;BR16+CD202;EMB48;treino;88;B2_CD202_NIRRIG_REPROD00000.asd;B2;CD202;NIRRIG;D02M;manha;D02
1;BR16+CD202;EMB48;treino;89;B2_CD202_NIRRIG_REPROD00001.asd;B2;CD202;NIRRIG;D02M;manha;D02
1;BR16+CD202;EMB48;treino;90;B2_CD202_NIRRIG_REPROD00002.asd;B2;CD202;NIRRIG;D02M;manha;D02
1;BR16+CD202;EMB48;treino;91;B2_CD202_NIRRIG_REPROD00003.asd;B2;CD202;NIRRIG;D02M;manha;D02
1;BR16+CD202;EMB48;treino;92;B2_CD202_NIRRIG_REPROD00004.asd;B2;CD202;NIRRIG;D02M;manha;D02
1;BR16+CD202;EMB48;treino;93;B2_CD202_NIRRIG_REPROD00005.asd;B2;CD202;NIRRIG;D02M;manha;D02
1;BR16+CD202;EMB48;treino;94;B2_CD202_NIRRIG_REPROD00006.asd;B2;CD202;NIRRIG;D02M;manha;D02
1;BR16+CD202;EMB48;treino;95;B2_CD202_NIRRIG_REPROD00007.asd;B2;CD202;NIRRIG;D02M;manha;D02
1;BR16+CD202;EMB48;treino;96;B3_CD202_IRRIG_REPROD00000.asd;B3;CD202;IRRIG;D02M;manha;D02
1;BR16+CD202;EMB48;treino;97;B3_CD202_IRRIG_REPROD00001.asd;B3;CD202;IRRIG;D02M;manha;D02
1;BR16+CD202;EMB48;treino;98;B3_CD202_IRRIG_REPROD00002.asd;B3;CD202;IRRIG;D02M;manha;D02
1;BR16+CD202;EMB48;treino;99;B3_CD202_IRRIG_REPROD00003.asd;B3;CD202;IRRIG;D02M;manha;D02
1;BR16+CD202;EMB48;treino;100;B3_CD202_IRRIG_REPROD00004.asd;B3;CD202;IRRIG;D02M;manha;D02
1;BR16+CD202;EMB48;treino;101;B3_CD202_IRRIG_REPROD00005.asd;B3;CD202;IRRIG;D02M;manha;D02
1;BR16+CD202;EMB48;treino;102;B3_CD202_IRRIG_REPROD00006.asd;B3;CD202;IRRIG;D02M;manha;D02
1;BR16+CD202;EMB48;treino;103;B3_CD202_IRRIG_REPROD00007.asd;B3;CD202;IRRIG;D02M;manha;D02
1;BR16+CD202;EMB48;treino;104;B3_CD202_NIRRIG_REPROD00000.asd;B3;CD202;NIRRIG;D02M;manha;D02
1;BR16+CD202;EMB48;treino;105;B3_CD202_NIRRIG_REPROD00001.asd;B3;CD202;NIRRIG;D02M;manha;D02
1;BR16+CD202;EMB48;treino;106;B3_CD202_NIRRIG_REPROD00002.asd;B3;CD202;NIRRIG;D02M;manha;D02
1;BR16+CD202;EMB48;treino;107;B3_CD202_NIRRIG_REPROD00003.asd;B3;CD202;NIRRIG;D02M;manha;D02
1;BR16+CD202;EMB48;treino;108;B3_CD202_NIRRIG_REPROD00004.asd;B3;CD202;NIRRIG;D02M;manha;D02
1;BR16+CD202;EMB48;treino;109;B3_CD202_NIRRIG_REPROD00005.asd;B3;CD202;NIRRIG;D02M;manha;D02
1;BR16+CD202;EMB48;treino;110;B3_CD202_NIRRIG_REPROD00006.asd;B3;CD202;NIRRIG;D02M;manha;D02
1;BR16+CD202;EMB48;treino;111;B3_CD202_NIRRIG_REPROD00007.asd;B3;CD202;NIRRIG;D02M;manha;D02
1;BR16+CD202;EMB48;treino;112;B4_CD202_IRRIG_REPROD00000.asd;B4;CD202;IRRIG;D02M;manha;D02
1;BR16+CD202;EMB48;treino;113;B4_CD202_IRRIG_REPROD00001.asd;B4;CD202;IRRIG;D02M;manha;D02
1;BR16+CD202;EMB48;treino;114;B4_CD202_IRRIG_REPROD00002.asd;B4;CD202;IRRIG;D02M;manha;D02
1;BR16+CD202;EMB48;treino;115;B4_CD202_IRRIG_REPROD00003.asd;B4;CD202;IRRIG;D02M;manha;D02
1;BR16+CD202;EMB48;treino;116;B4_CD202_IRRIG_REPROD00004.asd;B4;CD202;IRRIG;D02M;manha;D02
1;BR16+CD202;EMB48;treino;117;B4_CD202_IRRIG_REPROD00005.asd;B4;CD202;IRRIG;D02M;manha;D02
1;BR16+CD202;EMB48;treino;118;B4_CD202_IRRIG_REPROD00006.asd;B4;CD202;IRRIG;D02M;manha;D02
1;BR16+CD202;EMB48;treino;119;B4_CD202_IRRIG_REPROD00007.asd;B4;CD202;IRRIG;D02M;manha;D02
1;BR16+CD202;EMB48;treino;120;B4_CD202_NIRRIG_REPROD00000.asd;B4;CD202;NIRRIG;D02M;manha;D02
1;BR16+CD202;EMB48;treino;121;B4_CD202_NIRRIG_REPROD00001.asd;B4;CD202;NIRRIG;D02M;manha;D02
1;BR16+CD202;EMB48;treino;122;B4_CD202_NIRRIG_REPROD00002.asd;B4;CD202;NIRRIG;D02M;manha;D02
1;BR16+CD202;EMB48;treino;123;B4_CD202_NIRRIG_REPROD00003.asd;B4;CD202;NIRRIG;D02M;manha;D02
1;BR16+CD202;EMB48;treino;124;B4_CD202_NIRRIG_REPROD00004.asd;B4;CD202;NIRRIG;D02M;manha;D02
1;BR16+CD202;EMB48;treino;125;B4_CD202_NIRRIG_REPROD00005.asd;B4;CD202;NIRRIG;D02M;manha;D02
1;BR16+CD202;EMB48;treino;126;B4_CD202_NIRRIG_REPROD00006.asd;B4;CD202;NIRRIG;D02M;manha;D02
1;BR16+CD202;EMB48;treino;127;B4_CD202_NIRRIG_REPROD00007.asd;B4;CD202;NIRRIG;D02M;manha;D02
1;BR16+CD202;EMB48;teste;128;B3_EMB48_IRRIG_REPROD00000.asd;B3;EMB48;IRRIG;D02M;manha;D02
1;BR16+CD202;EMB48;teste;129;B4_EMB48_IRRIG_REPROD00000.asd;B4;EMB48;IRRIG;D02M;manha;D02
1;BR16+CD202;EMB48;teste;130;B4_EMB48_IRRIG_REPROD00001.asd;B4;EMB48;IRRIG;D02M;manha;D02
1;BR16+CD202;EMB48;teste;131;B4_EMB48_IRRIG_REPROD00002.asd;B4;EMB48;IRRIG;D02M;manha;D02
1;BR16+CD202;EMB48;teste;132;B4_EMB48_IRRIG_REPROD00003.asd;B4;EMB48;IRRIG;D02M;manha;D02
1;BR16+CD202;EMB48;teste;133;B4_EMB48_IRRIG_REPROD00004.asd;B4;EMB48;IRRIG;D02M;manha;D02
1;BR16+CD202;EMB48;teste;134;B4_EMB48_IRRIG_REPROD00005.asd;B4;EMB48;IRRIG;D02M;manha;D02
1;BR16+CD202;EMB48;teste;135;B4_EMB48_IRRIG_REPROD00006.asd;B4;EMB48;IRRIG;D02M;manha;D02
1;BR16+CD202;EMB48;teste;136;B4_EMB48_IRRIG_REPROD00007.asd;B4;EMB48;IRRIG;D02M;manha;D02
1;BR16+CD202;EMB48;teste;137;B3_EMB48_IRRIG_REPROD00001.asd;B3;EMB48;IRRIG;D02M;manha;D02
1;BR16+CD202;EMB48;teste;138;B4_EMB48_NIRRIG_REPROD00000.asd;B4;EMB48;NIRRIG;D02M;manha;D02
1;BR16+CD202;EMB48;teste;139;B3_EMB48_IRRIG_REPROD00002.asd;B3;EMB48;IRRIG;D02M;manha;D02
1;BR16+CD202;EMB48;teste;140;B4_EMB48_NIRRIG_REPROD00001.asd;B4;EMB48;NIRRIG;D02M;manha;D02
1;BR16+CD202;EMB48;teste;141;B3_EMB48_IRRIG_REPROD00003.asd;B3;EMB48;IRRIG;D02M;manha;D02
1;BR16+CD202;EMB48;teste;142;B4_EMB48_NIRRIG_REPROD00002.asd;B4;EMB48;NIRRIG;D02M;manha;D02
1;BR16+CD202;EMB48;teste;143;B3_EMB48_IRRIG_REPROD00004.asd;B3;EMB48;IRRIG;D02M;manha;D02
1;BR16+CD202;EMB48;teste;144;B4_EMB48_NIRRIG_REPROD00003.asd;B4;EMB48;NIRRIG;D02M;manha;D02
1;BR16+CD202;EMB48;teste;145;B3_EMB48_IRRIG_REPROD00005.asd;B3;EMB48;IRRIG;D02M;manha;D02
1;BR16+CD202;EMB48;teste;146;B4_EMB48_NIRRIG_REPROD00004.asd;B4;EMB48;NIRRIG;D02M;manha;D02
1;BR16+CD202;EMB48;teste;147;B3_EMB48_IRRIG_REPROD00006.asd;B3;EMB48;IRRIG;D02M;manha;D02
1;BR16+CD202;EMB48;teste;148;B4_EMB48_NIRRIG_REPROD00005.asd;B4;EMB48;NIRRIG;D02M;manha;D02
1;BR16+CD202;EMB48;teste;149;B3_EMB48_IRRIG_REPROD00007.asd;B3;EMB48;IRRIG;D02M;manha;D02
1;BR16+CD202;EMB48;teste;150;B4_EMB48_NIRRIG_REPROD00006.asd;B4;EMB48;NIRRIG;D02M;manha;D02
1;BR16+CD202;EMB48;teste;151;B3_EMB48_NIRRIG_REPROD00000.asd;B3;EMB48;NIRRIG;D02M;manha;D02
1;BR16+CD202;EMB48;teste;152;B4_EMB48_NIRRIG_REPROD00007.asd;B4;EMB48;NIRRIG;D02M;manha;D02
1;BR16+CD202;EMB48;teste;153;B3_EMB48_NIRRIG_REPROD00001.asd;B3;EMB48;NIRRIG;D02M;manha;D02
1;BR16+CD202;EMB48;teste;154;B3_EMB48_NIRRIG_REPROD00002.asd;B3;EMB48;NIRRIG;D02M;manha;D02
1;BR16+CD202;EMB48;teste;155;B3_EMB48_NIRRIG_REPROD00003.asd;B3;EMB48;NIRRIG;D02M;manha;D02
1;BR16+CD202;EMB48;teste;156;B3_EMB48_NIRRIG_REPROD00004.asd;B3;EMB48;NIRRIG;D02M;manha;D02
1;BR16+CD202;EMB48;teste;157;B3_EMB48_NIRRIG_REPROD00005.asd;B3;EMB48;NIRRIG;D02M;manha;D02
1;BR16+CD202;EMB48;teste;158;B3_EMB48_NIRRIG_REPROD00006.asd;B3;EMB48;NIRRIG;D02M;manha;D02
1;BR16+CD202;EMB48;teste;159;B3_EMB48_NIRRIG_REPROD00007.asd;B3;EMB48;NIRRIG;D02M;manha;D02
1;BR16+CD202;EMB48;teste;160;B1_EMB48_IRRIG_REPROD00000.asd;B1;EMB48;IRRIG;D02M;manha;D02
1;BR16+CD202;EMB48;teste;161;B1_EMB48_IRRIG_REPROD00001.asd;B1;EMB48;IRRIG;D02M;manha;D02
1;BR16+CD202;EMB48;teste;162;B1_EMB48_IRRIG_REPROD00002.asd;B1;EMB48;IRRIG;D02M;manha;D02
1;BR16+CD202;EMB48;teste;163;B1_EMB48_IRRIG_REPROD00003.asd;B1;EMB48;IRRIG;D02M;manha;D02
1;BR16+CD202;EMB48;teste;164;B1_EMB48_IRRIG_REPROD00004.asd;B1;EMB48;IRRIG;D02M;manha;D02
1;BR16+CD202;EMB48;teste;165;B1_EMB48_IRRIG_REPROD00005.asd;B1;EMB48;IRRIG;D02M;manha;D02
1;BR16+CD202;EMB48;teste;166;B1_EMB48_IRRIG_REPROD00006.asd;B1;EMB48;IRRIG;D02M;manha;D02
1;BR16+CD202;EMB48;teste;167;B1_EMB48_IRRIG_REPROD00007.asd;B1;EMB48;IRRIG;D02M;manha;D02
1;BR16+CD202;EMB48;teste;168;B1_EMB48_NIRRIG_REPROD00000.asd;B1;EMB48;NIRRIG;D02M;manha;D02
1;BR16+CD202;EMB48;teste;169;B1_EMB48_NIRRIG_REPROD00001.asd;B1;EMB48;NIRRIG;D02M;manha;D02
1;BR16+CD202;EMB48;teste;170;B1_EMB48_NIRRIG_REPROD00002.asd;B1;EMB48;NIRRIG;D02M;manha;D02
1;BR16+CD202;EMB48;teste;171;B1_EMB48_NIRRIG_REPROD00003.asd;B1;EMB48;NIRRIG;D02M;manha;D02
1;BR16+CD202;EMB48;teste;172;B1_EMB48_NIRRIG_REPROD00004.asd;B1;EMB48;NIRRIG;D02M;manha;D02
1;BR16+CD202;EMB48;teste;173;B1_EMB48_NIRRIG_REPROD00005.asd;B1;EMB48;NIRRIG;D02M;manha;D02
1;BR16+CD202;EMB48;teste;174;B1_EMB48_NIRRIG_REPROD00006.asd;B1;EMB48;NIRRIG;D02M;manha;D02
1;BR16+CD202;EMB48;teste;175;B1_EMB48_NIRRIG_REPROD00007.asd;B1;EMB48;NIRRIG;D02M;manha;D02
1;BR16+CD202;EMB48;teste;176;B2_EMB48_IRRIG_REPROD00000.asd;B2;EMB48;IRRIG;D02M;manha;D02
1;BR16+CD202;EMB48;teste;177;B2_EMB48_IRRIG_REPROD00001.asd;B2;EMB48;IRRIG;D02M;manha;D02
1;BR16+CD202;EMB48;teste;178;B2_EMB48_IRRIG_REPROD00002.asd;B2;EMB48;IRRIG;D02M;manha;D02
1;BR16+CD202;EMB48;teste;179;B2_EMB48_IRRIG_REPROD00003.asd;B2;EMB48;IRRIG;D02M;manha;D02
1;BR16+CD202;EMB48;teste;180;B2_EMB48_IRRIG_REPROD00004.asd;B2;EMB48;IRRIG;D02M;manha;D02
1;BR16+CD202;EMB48;teste;181;B2_EMB48_IRRIG_REPROD00005.asd;B2;EMB48;IRRIG;D02M;manha;D02
1;BR16+CD202;EMB48;teste;182;B2_EMB48_IRRIG_REPROD00006.asd;B2;EMB48;IRRIG;D02M;manha;D02
1;BR16+CD202;EMB48;teste;183;B2_EMB48_IRRIG_REPROD00007.asd;B2;EMB48;IRRIG;D02M;manha;D02
1;BR16+CD202;EMB48;teste;184;B2_EMB48_NIRRIG_REPROD00000.asd;B2;EMB48;NIRRIG;D02M;manha;D02
1;BR16+CD202;EMB48;teste;185;B2_EMB48_NIRRIG_REPROD00001.asd;B2;EMB48;NIRRIG;D02M;manha;D02
1;BR16+CD202;EMB48;teste;186;B2_EMB48_NIRRIG_REPROD00002.asd;B2;EMB48;NIRRIG;D02M;manha;D02
1;BR16+CD202;EMB48;teste;187;B2_EMB48_NIRRIG_REPROD00003.asd;B2;EMB48;NIRRIG;D02M;manha;D02
1;BR16+CD202;EMB48;teste;188;B2_EMB48_NIRRIG_REPROD00004.asd;B2;EMB48;NIRRIG;D02M;manha;D02
1;BR16+CD202;EMB48;teste;189;B2_EMB48_NIRRIG_REPROD00005.asd;B2;EMB48;NIRRIG;D02M;manha;D02
1;BR16+CD202;EMB48;teste;190;B2_EMB48_NIRRIG_REPROD00006.asd;B2;EMB48;NIRRIG;D02M;manha;D02
1;BR16+CD202;EMB48;teste;191;B2_EMB48_NIRRIG_REPROD00007.asd;B2;EMB48;NIRRIG;D02M;manha;D02
2;BR16+EMB48;CD202;treino;0;B1_BR16_IRRIG_REPROD00000.asd;B1;BR16;IRRIG;D02M;manha;D02
2;BR16+EMB48;CD202;treino;1;B1_BR16_IRRIG_REPROD00001.asd;B1;BR16;IRRIG;D02M;manha;D02
2;BR16+EMB48;CD202;treino;2;B1_BR16_IRRIG_REPROD00002.asd;B1;BR16;IRRIG;D02M;manha;D02
2;BR16+EMB48;CD202;treino;3;B1_BR16_IRRIG_REPROD00003.asd;B1;BR16;IRRIG;D02M;manha;D02
2;BR16+EMB48;CD202;treino;4;B1_BR16_IRRIG_REPROD00004.asd;B1;BR16;IRRIG;D02M;manha;D02
2;BR16+EMB48;CD202;treino;5;B1_BR16_IRRIG_REPROD00005.asd;B1;BR16;IRRIG;D02M;manha;D02
2;BR16+EMB48;CD202;treino;6;B1_BR16_IRRIG_REPROD00006.asd;B1;BR16;IRRIG;D02M;manha;D02
2;BR16+EMB48;CD202;treino;7;B1_BR16_IRRIG_REPROD00007.asd;B1;BR16;IRRIG;D02M;manha;D02
2;BR16+EMB48;CD202;treino;8;B1_BR16_NIRRIG_REPROD00000.asd;B1;BR16;NIRRIG;D02M;manha;D02
2;BR16+EMB48;CD202;treino;9;B1_BR16_NIRRIG_REPROD00001.asd;B1;BR16;NIRRIG;D02M;manha;D02
2;BR16+EMB48;CD202;treino;10;B1_BR16_NIRRIG_REPROD00002.asd;B1;BR16;NIRRIG;D02M;manha;D02
2;BR16+EMB48;CD202;treino;11;B1_BR16_NIRRIG_REPROD00003.asd;B1;BR16;NIRRIG;D02M;manha;D02
2;BR16+EMB48;CD202;treino;12;B1_BR16_NIRRIG_REPROD00004.asd;B1;BR16;NIRRIG;D02M;manha;D02
2;BR16+EMB48;CD202;treino;13;B1_BR16_NIRRIG_REPROD00005.asd;B1;BR16;NIRRIG;D02M;manha;D02
2;BR16+EMB48;CD202;treino;14;B1_BR16_NIRRIG_REPROD00006.asd;B1;BR16;NIRRIG;D02M;manha;D02
2;BR16+EMB48;CD202;treino;15;B1_BR16_NIRRIG_REPROD00007.asd;B1;BR16;NIRRIG;D02M;manha;D02
2;BR16+EMB48;CD202;treino;16;B2_BR16_IRRIG_REPROD00000.asd;B2;BR16;IRRIG;D02M;manha;D02
2;BR16+EMB48;CD202;treino;17;B2_BR16_IRRIG_REPROD00001.asd;B2;BR16;IRRIG;D02M;manha;D02
2;BR16+EMB48;CD202;treino;18;B2_BR16_IRRIG_REPROD00002.asd;B2;BR16;IRRIG;D02M;manha;D02
2;BR16+EMB48;CD202;treino;19;B2_BR16_IRRIG_REPROD00003.asd;B2;BR16;IRRIG;D02M;manha;D02
2;BR16+EMB48;CD202;treino;20;B2_BR16_IRRIG_REPROD00004.asd;B2;BR16;IRRIG;D02M;manha;D02
2;BR16+EMB48;CD202;treino;21;B2_BR16_IRRIG_REPROD00005.asd;B2;BR16;IRRIG;D02M;manha;D02
2;BR16+EMB48;CD202;treino;22;B2_BR16_IRRIG_REPROD00006.asd;B2;BR16;IRRIG;D02M;manha;D02
2;BR16+EMB48;CD202;treino;23;B2_BR16_IRRIG_REPROD00007.asd;B2;BR16;IRRIG;D02M;manha;D02
2;BR16+EMB48;CD202;treino;24;B2_BR16_NIRRIG_REPROD00000.asd;B2;BR16;NIRRIG;D02M;manha;D02
2;BR16+EMB48;CD202;treino;25;B2_BR16_NIRRIG_REPROD00001.asd;B2;BR16;NIRRIG;D02M;manha;D02
2;BR16+EMB48;CD202;treino;26;B2_BR16_NIRRIG_REPROD00002.asd;B2;BR16;NIRRIG;D02M;manha;D02
2;BR16+EMB48;CD202;treino;27;B2_BR16_NIRRIG_REPROD00003.asd;B2;BR16;NIRRIG;D02M;manha;D02
2;BR16+EMB48;CD202;treino;28;B2_BR16_NIRRIG_REPROD00004.asd;B2;BR16;NIRRIG;D02M;manha;D02
2;BR16+EMB48;CD202;treino;29;B2_BR16_NIRRIG_REPROD00005.asd;B2;BR16;NIRRIG;D02M;manha;D02
2;BR16+EMB48;CD202;treino;30;B2_BR16_NIRRIG_REPROD00006.asd;B2;BR16;NIRRIG;D02M;manha;D02
2;BR16+EMB48;CD202;treino;31;B2_BR16_NIRRIG_REPROD00007.asd;B2;BR16;NIRRIG;D02M;manha;D02
2;BR16+EMB48;CD202;treino;32;B3_BR16_IRRIG_REPROD00000.asd;B3;BR16;IRRIG;D02M;manha;D02
2;BR16+EMB48;CD202;treino;33;B3_BR16_IRRIG_REPROD00001.asd;B3;BR16;IRRIG;D02M;manha;D02
2;BR16+EMB48;CD202;treino;34;B3_BR16_IRRIG_REPROD00002.asd;B3;BR16;IRRIG;D02M;manha;D02
2;BR16+EMB48;CD202;treino;35;B3_BR16_IRRIG_REPROD00003.asd;B3;BR16;IRRIG;D02M;manha;D02
2;BR16+EMB48;CD202;treino;36;B3_BR16_IRRIG_REPROD00004.asd;B3;BR16;IRRIG;D02M;manha;D02
2;BR16+EMB48;CD202;treino;37;B3_BR16_IRRIG_REPROD00005.asd;B3;BR16;IRRIG;D02M;manha;D02
2;BR16+EMB48;CD202;treino;38;B3_BR16_IRRIG_REPROD00006.asd;B3;BR16;IRRIG;D02M;manha;D02
2;BR16+EMB48;CD202;treino;39;B3_BR16_IRRIG_REPROD00007.asd;B3;BR16;IRRIG;D02M;manha;D02
2;BR16+EMB48;CD202;treino;40;B3_BR16_NIRRIG_REPROD00000.asd;B3;BR16;NIRRIG;D02M;manha;D02
2;BR16+EMB48;CD202;treino;41;B3_BR16_NIRRIG_REPROD00001.asd;B3;BR16;NIRRIG;D02M;manha;D02
2;BR16+EMB48;CD202;treino;42;B3_BR16_NIRRIG_REPROD00002.asd;B3;BR16;NIRRIG;D02M;manha;D02
2;BR16+EMB48;CD202;treino;43;B3_BR16_NIRRIG_REPROD00003.asd;B3;BR16;NIRRIG;D02M;manha;D02
2;BR16+EMB48;CD202;treino;44;B3_BR16_NIRRIG_REPROD00004.asd;B3;BR16;NIRRIG;D02M;manha;D02
2;BR16+EMB48;CD202;treino;45;B3_BR16_NIRRIG_REPROD00005.asd;B3;BR16;NIRRIG;D02M;manha;D02
2;BR16+EMB48;CD202;treino;46;B3_BR16_NIRRIG_REPROD00006.asd;B3;BR16;NIRRIG;D02M;manha;D02
2;BR16+EMB48;CD202;treino;47;B3_BR16_NIRRIG_REPROD00007.asd;B3;BR16;NIRRIG;D02M;manha;D02
2;BR16+EMB48;CD202;treino;48;B4_BR16_IRRIG_REPROD00000.asd;B4;BR16;IRRIG;D02M;manha;D02
2;BR16+EMB48;CD202;treino;49;B4_BR16_IRRIG_REPROD00001.asd;B4;BR16;IRRIG;D02M;manha;D02
2;BR16+EMB48;CD202;treino;50;B4_BR16_IRRIG_REPROD00002.asd;B4;BR16;IRRIG;D02M;manha;D02
2;BR16+EMB48;CD202;treino;51;B4_BR16_IRRIG_REPROD00003.asd;B4;BR16;IRRIG;D02M;manha;D02
2;BR16+EMB48;CD202;treino;52;B4_BR16_IRRIG_REPROD00004.asd;B4;BR16;IRRIG;D02M;manha;D02
2;BR16+EMB48;CD202;treino;53;B4_BR16_IRRIG_REPROD00005.asd;B4;BR16;IRRIG;D02M;manha;D02
2;BR16+EMB48;CD202;treino;54;B4_BR16_IRRIG_REPROD00006.asd;B4;BR16;IRRIG;D02M;manha;D02
2;BR16+EMB48;CD202;treino;55;B4_BR16_IRRIG_REPROD00007.asd;B4;BR16;IRRIG;D02M;manha;D02
2;BR16+EMB48;CD202;treino;56;B4_BR16_NIRRIG_REPROD00000.asd;B4;BR16;NIRRIG;D02M;manha;D02
2;BR16+EMB48;CD202;treino;57;B4_BR16_NIRRIG_REPROD00001.asd;B4;BR16;NIRRIG;D02M;manha;D02
2;BR16+EMB48;CD202;treino;58;B4_BR16_NIRRIG_REPROD00002.asd;B4;BR16;NIRRIG;D02M;manha;D02
2;BR16+EMB48;CD202;treino;59;B4_BR16_NIRRIG_REPROD00003.asd;B4;BR16;NIRRIG;D02M;manha;D02
2;BR16+EMB48;CD202;treino;60;B4_BR16_NIRRIG_REPROD00004.asd;B4;BR16;NIRRIG;D02M;manha;D02
2;BR16+EMB48;CD202;treino;61;B4_BR16_NIRRIG_REPROD00005.asd;B4;BR16;NIRRIG;D02M;manha;D02
2;BR16+EMB48;CD202;treino;62;B4_BR16_NIRRIG_REPROD00006.asd;B4;BR16;NIRRIG;D02M;manha;D02
2;BR16+EMB48;CD202;treino;63;B4_BR16_NIRRIG_REPROD00007.asd;B4;BR16;NIRRIG;D02M;manha;D02
2;BR16+EMB48;CD202;treino;128;B3_EMB48_IRRIG_REPROD00000.asd;B3;EMB48;IRRIG;D02M;manha;D02
2;BR16+EMB48;CD202;treino;129;B4_EMB48_IRRIG_REPROD00000.asd;B4;EMB48;IRRIG;D02M;manha;D02
2;BR16+EMB48;CD202;treino;130;B4_EMB48_IRRIG_REPROD00001.asd;B4;EMB48;IRRIG;D02M;manha;D02
2;BR16+EMB48;CD202;treino;131;B4_EMB48_IRRIG_REPROD00002.asd;B4;EMB48;IRRIG;D02M;manha;D02
2;BR16+EMB48;CD202;treino;132;B4_EMB48_IRRIG_REPROD00003.asd;B4;EMB48;IRRIG;D02M;manha;D02
2;BR16+EMB48;CD202;treino;133;B4_EMB48_IRRIG_REPROD00004.asd;B4;EMB48;IRRIG;D02M;manha;D02
2;BR16+EMB48;CD202;treino;134;B4_EMB48_IRRIG_REPROD00005.asd;B4;EMB48;IRRIG;D02M;manha;D02
2;BR16+EMB48;CD202;treino;135;B4_EMB48_IRRIG_REPROD00006.asd;B4;EMB48;IRRIG;D02M;manha;D02
2;BR16+EMB48;CD202;treino;136;B4_EMB48_IRRIG_REPROD00007.asd;B4;EMB48;IRRIG;D02M;manha;D02
2;BR16+EMB48;CD202;treino;137;B3_EMB48_IRRIG_REPROD00001.asd;B3;EMB48;IRRIG;D02M;manha;D02
2;BR16+EMB48;CD202;treino;138;B4_EMB48_NIRRIG_REPROD00000.asd;B4;EMB48;NIRRIG;D02M;manha;D02
2;BR16+EMB48;CD202;treino;139;B3_EMB48_IRRIG_REPROD00002.asd;B3;EMB48;IRRIG;D02M;manha;D02
2;BR16+EMB48;CD202;treino;140;B4_EMB48_NIRRIG_REPROD00001.asd;B4;EMB48;NIRRIG;D02M;manha;D02
2;BR16+EMB48;CD202;treino;141;B3_EMB48_IRRIG_REPROD00003.asd;B3;EMB48;IRRIG;D02M;manha;D02
2;BR16+EMB48;CD202;treino;142;B4_EMB48_NIRRIG_REPROD00002.asd;B4;EMB48;NIRRIG;D02M;manha;D02
2;BR16+EMB48;CD202;treino;143;B3_EMB48_IRRIG_REPROD00004.asd;B3;EMB48;IRRIG;D02M;manha;D02
2;BR16+EMB48;CD202;treino;144;B4_EMB48_NIRRIG_REPROD00003.asd;B4;EMB48;NIRRIG;D02M;manha;D02
2;BR16+EMB48;CD202;treino;145;B3_EMB48_IRRIG_REPROD00005.asd;B3;EMB48;IRRIG;D02M;manha;D02
2;BR16+EMB48;CD202;treino;146;B4_EMB48_NIRRIG_REPROD00004.asd;B4;EMB48;NIRRIG;D02M;manha;D02
2;BR16+EMB48;CD202;treino;147;B3_EMB48_IRRIG_REPROD00006.asd;B3;EMB48;IRRIG;D02M;manha;D02
2;BR16+EMB48;CD202;treino;148;B4_EMB48_NIRRIG_REPROD00005.asd;B4;EMB48;NIRRIG;D02M;manha;D02
2;BR16+EMB48;CD202;treino;149;B3_EMB48_IRRIG_REPROD00007.asd;B3;EMB48;IRRIG;D02M;manha;D02
2;BR16+EMB48;CD202;treino;150;B4_EMB48_NIRRIG_REPROD00006.asd;B4;EMB48;NIRRIG;D02M;manha;D02
2;BR16+EMB48;CD202;treino;151;B3_EMB48_NIRRIG_REPROD00000.asd;B3;EMB48;NIRRIG;D02M;manha;D02
2;BR16+EMB48;CD202;treino;152;B4_EMB48_NIRRIG_REPROD00007.asd;B4;EMB48;NIRRIG;D02M;manha;D02
2;BR16+EMB48;CD202;treino;153;B3_EMB48_NIRRIG_REPROD00001.asd;B3;EMB48;NIRRIG;D02M;manha;D02
2;BR16+EMB48;CD202;treino;154;B3_EMB48_NIRRIG_REPROD00002.asd;B3;EMB48;NIRRIG;D02M;manha;D02
2;BR16+EMB48;CD202;treino;155;B3_EMB48_NIRRIG_REPROD00003.asd;B3;EMB48;NIRRIG;D02M;manha;D02
2;BR16+EMB48;CD202;treino;156;B3_EMB48_NIRRIG_REPROD00004.asd;B3;EMB48;NIRRIG;D02M;manha;D02
2;BR16+EMB48;CD202;treino;157;B3_EMB48_NIRRIG_REPROD00005.asd;B3;EMB48;NIRRIG;D02M;manha;D02
2;BR16+EMB48;CD202;treino;158;B3_EMB48_NIRRIG_REPROD00006.asd;B3;EMB48;NIRRIG;D02M;manha;D02
2;BR16+EMB48;CD202;treino;159;B3_EMB48_NIRRIG_REPROD00007.asd;B3;EMB48;NIRRIG;D02M;manha;D02
2;BR16+EMB48;CD202;treino;160;B1_EMB48_IRRIG_REPROD00000.asd;B1;EMB48;IRRIG;D02M;manha;D02
2;BR16+EMB48;CD202;treino;161;B1_EMB48_IRRIG_REPROD00001.asd;B1;EMB48;IRRIG;D02M;manha;D02
2;BR16+EMB48;CD202;treino;162;B1_EMB48_IRRIG_REPROD00002.asd;B1;EMB48;IRRIG;D02M;manha;D02
2;BR16+EMB48;CD202;treino;163;B1_EMB48_IRRIG_REPROD00003.asd;B1;EMB48;IRRIG;D02M;manha;D02
2;BR16+EMB48;CD202;treino;164;B1_EMB48_IRRIG_REPROD00004.asd;B1;EMB48;IRRIG;D02M;manha;D02
2;BR16+EMB48;CD202;treino;165;B1_EMB48_IRRIG_REPROD00005.asd;B1;EMB48;IRRIG;D02M;manha;D02
2;BR16+EMB48;CD202;treino;166;B1_EMB48_IRRIG_REPROD00006.asd;B1;EMB48;IRRIG;D02M;manha;D02
2;BR16+EMB48;CD202;treino;167;B1_EMB48_IRRIG_REPROD00007.asd;B1;EMB48;IRRIG;D02M;manha;D02
2;BR16+EMB48;CD202;treino;168;B1_EMB48_NIRRIG_REPROD00000.asd;B1;EMB48;NIRRIG;D02M;manha;D02
2;BR16+EMB48;CD202;treino;169;B1_EMB48_NIRRIG_REPROD00001.asd;B1;EMB48;NIRRIG;D02M;manha;D02
2;BR16+EMB48;CD202;treino;170;B1_EMB48_NIRRIG_REPROD00002.asd;B1;EMB48;NIRRIG;D02M;manha;D02
2;BR16+EMB48;CD202;treino;171;B1_EMB48_NIRRIG_REPROD00003.asd;B1;EMB48;NIRRIG;D02M;manha;D02
2;BR16+EMB48;CD202;treino;172;B1_EMB48_NIRRIG_REPROD00004.asd;B1;EMB48;NIRRIG;D02M;manha;D02
2;BR16+EMB48;CD202;treino;173;B1_EMB48_NIRRIG_REPROD00005.asd;B1;EMB48;NIRRIG;D02M;manha;D02
2;BR16+EMB48;CD202;treino;174;B1_EMB48_NIRRIG_REPROD00006.asd;B1;EMB48;NIRRIG;D02M;manha;D02
2;BR16+EMB48;CD202;treino;175;B1_EMB48_NIRRIG_REPROD00007.asd;B1;EMB48;NIRRIG;D02M;manha;D02
2;BR16+EMB48;CD202;treino;176;B2_EMB48_IRRIG_REPROD00000.asd;B2;EMB48;IRRIG;D02M;manha;D02
2;BR16+EMB48;CD202;treino;177;B2_EMB48_IRRIG_REPROD00001.asd;B2;EMB48;IRRIG;D02M;manha;D02
2;BR16+EMB48;CD202;treino;178;B2_EMB48_IRRIG_REPROD00002.asd;B2;EMB48;IRRIG;D02M;manha;D02
2;BR16+EMB48;CD202;treino;179;B2_EMB48_IRRIG_REPROD00003.asd;B2;EMB48;IRRIG;D02M;manha;D02
2;BR16+EMB48;CD202;treino;180;B2_EMB48_IRRIG_REPROD00004.asd;B2;EMB48;IRRIG;D02M;manha;D02
2;BR16+EMB48;CD202;treino;181;B2_EMB48_IRRIG_REPROD00005.asd;B2;EMB48;IRRIG;D02M;manha;D02
2;BR16+EMB48;CD202;treino;182;B2_EMB48_IRRIG_REPROD00006.asd;B2;EMB48;IRRIG;D02M;manha;D02
2;BR16+EMB48;CD202;treino;183;B2_EMB48_IRRIG_REPROD00007.asd;B2;EMB48;IRRIG;D02M;manha;D02
2;BR16+EMB48;CD202;treino;184;B2_EMB48_NIRRIG_REPROD00000.asd;B2;EMB48;NIRRIG;D02M;manha;D02
2;BR16+EMB48;CD202;treino;185;B2_EMB48_NIRRIG_REPROD00001.asd;B2;EMB48;NIRRIG;D02M;manha;D02
2;BR16+EMB48;CD202;treino;186;B2_EMB48_NIRRIG_REPROD00002.asd;B2;EMB48;NIRRIG;D02M;manha;D02
2;BR16+EMB48;CD202;treino;187;B2_EMB48_NIRRIG_REPROD00003.asd;B2;EMB48;NIRRIG;D02M;manha;D02
2;BR16+EMB48;CD202;treino;188;B2_EMB48_NIRRIG_REPROD00004.asd;B2;EMB48;NIRRIG;D02M;manha;D02
2;BR16+EMB48;CD202;treino;189;B2_EMB48_NIRRIG_REPROD00005.asd;B2;EMB48;NIRRIG;D02M;manha;D02
2;BR16+EMB48;CD202;treino;190;B2_EMB48_NIRRIG_REPROD00006.asd;B2;EMB48;NIRRIG;D02M;manha;D02
2;BR16+EMB48;CD202;treino;191;B2_EMB48_NIRRIG_REPROD00007.asd;B2;EMB48;NIRRIG;D02M;manha;D02
2;BR16+EMB48;CD202;teste;64;B1_CD202_IRRIG_REPROD00000.asd;B1;CD202;IRRIG;D02M;manha;D02
2;BR16+EMB48;CD202;teste;65;B1_CD202_IRRIG_REPROD00001.asd;B1;CD202;IRRIG;D02M;manha;D02
2;BR16+EMB48;CD202;teste;66;B1_CD202_IRRIG_REPROD00002.asd;B1;CD202;IRRIG;D02M;manha;D02
2;BR16+EMB48;CD202;teste;67;B1_CD202_IRRIG_REPROD00003.asd;B1;CD202;IRRIG;D02M;manha;D02
2;BR16+EMB48;CD202;teste;68;B1_CD202_IRRIG_REPROD00004.asd;B1;CD202;IRRIG;D02M;manha;D02
2;BR16+EMB48;CD202;teste;69;B1_CD202_IRRIG_REPROD00005.asd;B1;CD202;IRRIG;D02M;manha;D02
2;BR16+EMB48;CD202;teste;70;B1_CD202_IRRIG_REPROD00006.asd;B1;CD202;IRRIG;D02M;manha;D02
2;BR16+EMB48;CD202;teste;71;B1_CD202_IRRIG_REPROD00007.asd;B1;CD202;IRRIG;D02M;manha;D02
2;BR16+EMB48;CD202;teste;72;B1_CD202_NIRRIG_REPROD00000.asd;B1;CD202;NIRRIG;D02M;manha;D02
2;BR16+EMB48;CD202;teste;73;B1_CD202_NIRRIG_REPROD00001.asd;B1;CD202;NIRRIG;D02M;manha;D02
2;BR16+EMB48;CD202;teste;74;B1_CD202_NIRRIG_REPROD00002.asd;B1;CD202;NIRRIG;D02M;manha;D02
2;BR16+EMB48;CD202;teste;75;B1_CD202_NIRRIG_REPROD00003.asd;B1;CD202;NIRRIG;D02M;manha;D02
2;BR16+EMB48;CD202;teste;76;B1_CD202_NIRRIG_REPROD00004.asd;B1;CD202;NIRRIG;D02M;manha;D02
2;BR16+EMB48;CD202;teste;77;B1_CD202_NIRRIG_REPROD00005.asd;B1;CD202;NIRRIG;D02M;manha;D02
2;BR16+EMB48;CD202;teste;78;B1_CD202_NIRRIG_REPROD00006.asd;B1;CD202;NIRRIG;D02M;manha;D02
2;BR16+EMB48;CD202;teste;79;B1_CD202_NIRRIG_REPROD00007.asd;B1;CD202;NIRRIG;D02M;manha;D02
2;BR16+EMB48;CD202;teste;80;B2_CD202_IRRIG_REPROD00000.asd;B2;CD202;IRRIG;D02M;manha;D02
2;BR16+EMB48;CD202;teste;81;B2_CD202_IRRIG_REPROD00001.asd;B2;CD202;IRRIG;D02M;manha;D02
2;BR16+EMB48;CD202;teste;82;B2_CD202_IRRIG_REPROD00002.asd;B2;CD202;IRRIG;D02M;manha;D02
2;BR16+EMB48;CD202;teste;83;B2_CD202_IRRIG_REPROD00003.asd;B2;CD202;IRRIG;D02M;manha;D02
2;BR16+EMB48;CD202;teste;84;B2_CD202_IRRIG_REPROD00004.asd;B2;CD202;IRRIG;D02M;manha;D02
2;BR16+EMB48;CD202;teste;85;B2_CD202_IRRIG_REPROD00005.asd;B2;CD202;IRRIG;D02M;manha;D02
2;BR16+EMB48;CD202;teste;86;B2_CD202_IRRIG_REPROD00006.asd;B2;CD202;IRRIG;D02M;manha;D02
2;BR16+EMB48;CD202;teste;87;B2_CD202_IRRIG_REPROD00007.asd;B2;CD202;IRRIG;D02M;manha;D02
2;BR16+EMB48;CD202;teste;88;B2_CD202_NIRRIG_REPROD00000.asd;B2;CD202;NIRRIG;D02M;manha;D02
2;BR16+EMB48;CD202;teste;89;B2_CD202_NIRRIG_REPROD00001.asd;B2;CD202;NIRRIG;D02M;manha;D02
2;BR16+EMB48;CD202;teste;90;B2_CD202_NIRRIG_REPROD00002.asd;B2;CD202;NIRRIG;D02M;manha;D02
2;BR16+EMB48;CD202;teste;91;B2_CD202_NIRRIG_REPROD00003.asd;B2;CD202;NIRRIG;D02M;manha;D02
2;BR16+EMB48;CD202;teste;92;B2_CD202_NIRRIG_REPROD00004.asd;B2;CD202;NIRRIG;D02M;manha;D02
2;BR16+EMB48;CD202;teste;93;B2_CD202_NIRRIG_REPROD00005.asd;B2;CD202;NIRRIG;D02M;manha;D02
2;BR16+EMB48;CD202;teste;94;B2_CD202_NIRRIG_REPROD00006.asd;B2;CD202;NIRRIG;D02M;manha;D02
2;BR16+EMB48;CD202;teste;95;B2_CD202_NIRRIG_REPROD00007.asd;B2;CD202;NIRRIG;D02M;manha;D02
2;BR16+EMB48;CD202;teste;96;B3_CD202_IRRIG_REPROD00000.asd;B3;CD202;IRRIG;D02M;manha;D02
2;BR16+EMB48;CD202;teste;97;B3_CD202_IRRIG_REPROD00001.asd;B3;CD202;IRRIG;D02M;manha;D02
2;BR16+EMB48;CD202;teste;98;B3_CD202_IRRIG_REPROD00002.asd;B3;CD202;IRRIG;D02M;manha;D02
2;BR16+EMB48;CD202;teste;99;B3_CD202_IRRIG_REPROD00003.asd;B3;CD202;IRRIG;D02M;manha;D02
2;BR16+EMB48;CD202;teste;100;B3_CD202_IRRIG_REPROD00004.asd;B3;CD202;IRRIG;D02M;manha;D02
2;BR16+EMB48;CD202;teste;101;B3_CD202_IRRIG_REPROD00005.asd;B3;CD202;IRRIG;D02M;manha;D02
2;BR16+EMB48;CD202;teste;102;B3_CD202_IRRIG_REPROD00006.asd;B3;CD202;IRRIG;D02M;manha;D02
2;BR16+EMB48;CD202;teste;103;B3_CD202_IRRIG_REPROD00007.asd;B3;CD202;IRRIG;D02M;manha;D02
2;BR16+EMB48;CD202;teste;104;B3_CD202_NIRRIG_REPROD00000.asd;B3;CD202;NIRRIG;D02M;manha;D02
2;BR16+EMB48;CD202;teste;105;B3_CD202_NIRRIG_REPROD00001.asd;B3;CD202;NIRRIG;D02M;manha;D02
2;BR16+EMB48;CD202;teste;106;B3_CD202_NIRRIG_REPROD00002.asd;B3;CD202;NIRRIG;D02M;manha;D02
2;BR16+EMB48;CD202;teste;107;B3_CD202_NIRRIG_REPROD00003.asd;B3;CD202;NIRRIG;D02M;manha;D02
2;BR16+EMB48;CD202;teste;108;B3_CD202_NIRRIG_REPROD00004.asd;B3;CD202;NIRRIG;D02M;manha;D02
2;BR16+EMB48;CD202;teste;109;B3_CD202_NIRRIG_REPROD00005.asd;B3;CD202;NIRRIG;D02M;manha;D02
2;BR16+EMB48;CD202;teste;110;B3_CD202_NIRRIG_REPROD00006.asd;B3;CD202;NIRRIG;D02M;manha;D02
2;BR16+EMB48;CD202;teste;111;B3_CD202_NIRRIG_REPROD00007.asd;B3;CD202;NIRRIG;D02M;manha;D02
2;BR16+EMB48;CD202;teste;112;B4_CD202_IRRIG_REPROD00000.asd;B4;CD202;IRRIG;D02M;manha;D02
2;BR16+EMB48;CD202;teste;113;B4_CD202_IRRIG_REPROD00001.asd;B4;CD202;IRRIG;D02M;manha;D02
2;BR16+EMB48;CD202;teste;114;B4_CD202_IRRIG_REPROD00002.asd;B4;CD202;IRRIG;D02M;manha;D02
2;BR16+EMB48;CD202;teste;115;B4_CD202_IRRIG_REPROD00003.asd;B4;CD202;IRRIG;D02M;manha;D02
2;BR16+EMB48;CD202;teste;116;B4_CD202_IRRIG_REPROD00004.asd;B4;CD202;IRRIG;D02M;manha;D02
2;BR16+EMB48;CD202;teste;117;B4_CD202_IRRIG_REPROD00005.asd;B4;CD202;IRRIG;D02M;manha;D02
2;BR16+EMB48;CD202;teste;118;B4_CD202_IRRIG_REPROD00006.asd;B4;CD202;IRRIG;D02M;manha;D02
2;BR16+EMB48;CD202;teste;119;B4_CD202_IRRIG_REPROD00007.asd;B4;CD202;IRRIG;D02M;manha;D02
2;BR16+EMB48;CD202;teste;120;B4_CD202_NIRRIG_REPROD00000.asd;B4;CD202;NIRRIG;D02M;manha;D02
2;BR16+EMB48;CD202;teste;121;B4_CD202_NIRRIG_REPROD00001.asd;B4;CD202;NIRRIG;D02M;manha;D02
2;BR16+EMB48;CD202;teste;122;B4_CD202_NIRRIG_REPROD00002.asd;B4;CD202;NIRRIG;D02M;manha;D02
2;BR16+EMB48;CD202;teste;123;B4_CD202_NIRRIG_REPROD00003.asd;B4;CD202;NIRRIG;D02M;manha;D02
2;BR16+EMB48;CD202;teste;124;B4_CD202_NIRRIG_REPROD00004.asd;B4;CD202;NIRRIG;D02M;manha;D02
2;BR16+EMB48;CD202;teste;125;B4_CD202_NIRRIG_REPROD00005.asd;B4;CD202;NIRRIG;D02M;manha;D02
2;BR16+EMB48;CD202;teste;126;B4_CD202_NIRRIG_REPROD00006.asd;B4;CD202;NIRRIG;D02M;manha;D02
2;BR16+EMB48;CD202;teste;127;B4_CD202_NIRRIG_REPROD00007.asd;B4;CD202;NIRRIG;D02M;manha;D02
3;CD202+EMB48;BR16;treino;64;B1_CD202_IRRIG_REPROD00000.asd;B1;CD202;IRRIG;D02M;manha;D02
3;CD202+EMB48;BR16;treino;65;B1_CD202_IRRIG_REPROD00001.asd;B1;CD202;IRRIG;D02M;manha;D02
3;CD202+EMB48;BR16;treino;66;B1_CD202_IRRIG_REPROD00002.asd;B1;CD202;IRRIG;D02M;manha;D02
3;CD202+EMB48;BR16;treino;67;B1_CD202_IRRIG_REPROD00003.asd;B1;CD202;IRRIG;D02M;manha;D02
3;CD202+EMB48;BR16;treino;68;B1_CD202_IRRIG_REPROD00004.asd;B1;CD202;IRRIG;D02M;manha;D02
3;CD202+EMB48;BR16;treino;69;B1_CD202_IRRIG_REPROD00005.asd;B1;CD202;IRRIG;D02M;manha;D02
3;CD202+EMB48;BR16;treino;70;B1_CD202_IRRIG_REPROD00006.asd;B1;CD202;IRRIG;D02M;manha;D02
3;CD202+EMB48;BR16;treino;71;B1_CD202_IRRIG_REPROD00007.asd;B1;CD202;IRRIG;D02M;manha;D02
3;CD202+EMB48;BR16;treino;72;B1_CD202_NIRRIG_REPROD00000.asd;B1;CD202;NIRRIG;D02M;manha;D02
3;CD202+EMB48;BR16;treino;73;B1_CD202_NIRRIG_REPROD00001.asd;B1;CD202;NIRRIG;D02M;manha;D02
3;CD202+EMB48;BR16;treino;74;B1_CD202_NIRRIG_REPROD00002.asd;B1;CD202;NIRRIG;D02M;manha;D02
3;CD202+EMB48;BR16;treino;75;B1_CD202_NIRRIG_REPROD00003.asd;B1;CD202;NIRRIG;D02M;manha;D02
3;CD202+EMB48;BR16;treino;76;B1_CD202_NIRRIG_REPROD00004.asd;B1;CD202;NIRRIG;D02M;manha;D02
3;CD202+EMB48;BR16;treino;77;B1_CD202_NIRRIG_REPROD00005.asd;B1;CD202;NIRRIG;D02M;manha;D02
3;CD202+EMB48;BR16;treino;78;B1_CD202_NIRRIG_REPROD00006.asd;B1;CD202;NIRRIG;D02M;manha;D02
3;CD202+EMB48;BR16;treino;79;B1_CD202_NIRRIG_REPROD00007.asd;B1;CD202;NIRRIG;D02M;manha;D02
3;CD202+EMB48;BR16;treino;80;B2_CD202_IRRIG_REPROD00000.asd;B2;CD202;IRRIG;D02M;manha;D02
3;CD202+EMB48;BR16;treino;81;B2_CD202_IRRIG_REPROD00001.asd;B2;CD202;IRRIG;D02M;manha;D02
3;CD202+EMB48;BR16;treino;82;B2_CD202_IRRIG_REPROD00002.asd;B2;CD202;IRRIG;D02M;manha;D02
3;CD202+EMB48;BR16;treino;83;B2_CD202_IRRIG_REPROD00003.asd;B2;CD202;IRRIG;D02M;manha;D02
3;CD202+EMB48;BR16;treino;84;B2_CD202_IRRIG_REPROD00004.asd;B2;CD202;IRRIG;D02M;manha;D02
3;CD202+EMB48;BR16;treino;85;B2_CD202_IRRIG_REPROD00005.asd;B2;CD202;IRRIG;D02M;manha;D02
3;CD202+EMB48;BR16;treino;86;B2_CD202_IRRIG_REPROD00006.asd;B2;CD202;IRRIG;D02M;manha;D02
3;CD202+EMB48;BR16;treino;87;B2_CD202_IRRIG_REPROD00007.asd;B2;CD202;IRRIG;D02M;manha;D02
3;CD202+EMB48;BR16;treino;88;B2_CD202_NIRRIG_REPROD00000.asd;B2;CD202;NIRRIG;D02M;manha;D02
3;CD202+EMB48;BR16;treino;89;B2_CD202_NIRRIG_REPROD00001.asd;B2;CD202;NIRRIG;D02M;manha;D02
3;CD202+EMB48;BR16;treino;90;B2_CD202_NIRRIG_REPROD00002.asd;B2;CD202;NIRRIG;D02M;manha;D02
3;CD202+EMB48;BR16;treino;91;B2_CD202_NIRRIG_REPROD00003.asd;B2;CD202;NIRRIG;D02M;manha;D02
3;CD202+EMB48;BR16;treino;92;B2_CD202_NIRRIG_REPROD00004.asd;B2;CD202;NIRRIG;D02M;manha;D02
3;CD202+EMB48;BR16;treino;93;B2_CD202_NIRRIG_REPROD00005.asd;B2;CD202;NIRRIG;D02M;manha;D02
3;CD202+EMB48;BR16;treino;94;B2_CD202_NIRRIG_REPROD00006.asd;B2;CD202;NIRRIG;D02M;manha;D02
3;CD202+EMB48;BR16;treino;95;B2_CD202_NIRRIG_REPROD00007.asd;B2;CD202;NIRRIG;D02M;manha;D02
3;CD202+EMB48;BR16;treino;96;B3_CD202_IRRIG_REPROD00000.asd;B3;CD202;IRRIG;D02M;manha;D02
3;CD202+EMB48;BR16;treino;97;B3_CD202_IRRIG_REPROD00001.asd;B3;CD202;IRRIG;D02M;manha;D02
3;CD202+EMB48;BR16;treino;98;B3_CD202_IRRIG_REPROD00002.asd;B3;CD202;IRRIG;D02M;manha;D02
3;CD202+EMB48;BR16;treino;99;B3_CD202_IRRIG_REPROD00003.asd;B3;CD202;IRRIG;D02M;manha;D02
3;CD202+EMB48;BR16;treino;100;B3_CD202_IRRIG_REPROD00004.asd;B3;CD202;IRRIG;D02M;manha;D02
3;CD202+EMB48;BR16;treino;101;B3_CD202_IRRIG_REPROD00005.asd;B3;CD202;IRRIG;D02M;manha;D02
3;CD202+EMB48;BR16;treino;102;B3_CD202_IRRIG_REPROD00006.asd;B3;CD202;IRRIG;D02M;manha;D02
3;CD202+EMB48;BR16;treino;103;B3_CD202_IRRIG_REPROD00007.asd;B3;CD202;IRRIG;D02M;manha;D02
3;CD202+EMB48;BR16;treino;104;B3_CD202_NIRRIG_REPROD00000.asd;B3;CD202;NIRRIG;D02M;manha;D02
3;CD202+EMB48;BR16;treino;105;B3_CD202_NIRRIG_REPROD00001.asd;B3;CD202;NIRRIG;D02M;manha;D02
3;CD202+EMB48;BR16;treino;106;B3_CD202_NIRRIG_REPROD00002.asd;B3;CD202;NIRRIG;D02M;manha;D02
3;CD202+EMB48;BR16;treino;107;B3_CD202_NIRRIG_REPROD00003.asd;B3;CD202;NIRRIG;D02M;manha;D02
3;CD202+EMB48;BR16;treino;108;B3_CD202_NIRRIG_REPROD00004.asd;B3;CD202;NIRRIG;D02M;manha;D02
3;CD202+EMB48;BR16;treino;109;B3_CD202_NIRRIG_REPROD00005.asd;B3;CD202;NIRRIG;D02M;manha;D02
3;CD202+EMB48;BR16;treino;110;B3_CD202_NIRRIG_REPROD00006.asd;B3;CD202;NIRRIG;D02M;manha;D02
3;CD202+EMB48;BR16;treino;111;B3_CD202_NIRRIG_REPROD00007.asd;B3;CD202;NIRRIG;D02M;manha;D02
3;CD202+EMB48;BR16;treino;112;B4_CD202_IRRIG_REPROD00000.asd;B4;CD202;IRRIG;D02M;manha;D02
3;CD202+EMB48;BR16;treino;113;B4_CD202_IRRIG_REPROD00001.asd;B4;CD202;IRRIG;D02M;manha;D02
3;CD202+EMB48;BR16;treino;114;B4_CD202_IRRIG_REPROD00002.asd;B4;CD202;IRRIG;D02M;manha;D02
3;CD202+EMB48;BR16;treino;115;B4_CD202_IRRIG_REPROD00003.asd;B4;CD202;IRRIG;D02M;manha;D02
3;CD202+EMB48;BR16;treino;116;B4_CD202_IRRIG_REPROD00004.asd;B4;CD202;IRRIG;D02M;manha;D02
3;CD202+EMB48;BR16;treino;117;B4_CD202_IRRIG_REPROD00005.asd;B4;CD202;IRRIG;D02M;manha;D02
3;CD202+EMB48;BR16;treino;118;B4_CD202_IRRIG_REPROD00006.asd;B4;CD202;IRRIG;D02M;manha;D02
3;CD202+EMB48;BR16;treino;119;B4_CD202_IRRIG_REPROD00007.asd;B4;CD202;IRRIG;D02M;manha;D02
3;CD202+EMB48;BR16;treino;120;B4_CD202_NIRRIG_REPROD00000.asd;B4;CD202;NIRRIG;D02M;manha;D02
3;CD202+EMB48;BR16;treino;121;B4_CD202_NIRRIG_REPROD00001.asd;B4;CD202;NIRRIG;D02M;manha;D02
3;CD202+EMB48;BR16;treino;122;B4_CD202_NIRRIG_REPROD00002.asd;B4;CD202;NIRRIG;D02M;manha;D02
3;CD202+EMB48;BR16;treino;123;B4_CD202_NIRRIG_REPROD00003.asd;B4;CD202;NIRRIG;D02M;manha;D02
3;CD202+EMB48;BR16;treino;124;B4_CD202_NIRRIG_REPROD00004.asd;B4;CD202;NIRRIG;D02M;manha;D02
3;CD202+EMB48;BR16;treino;125;B4_CD202_NIRRIG_REPROD00005.asd;B4;CD202;NIRRIG;D02M;manha;D02
3;CD202+EMB48;BR16;treino;126;B4_CD202_NIRRIG_REPROD00006.asd;B4;CD202;NIRRIG;D02M;manha;D02
3;CD202+EMB48;BR16;treino;127;B4_CD202_NIRRIG_REPROD00007.asd;B4;CD202;NIRRIG;D02M;manha;D02
3;CD202+EMB48;BR16;treino;128;B3_EMB48_IRRIG_REPROD00000.asd;B3;EMB48;IRRIG;D02M;manha;D02
3;CD202+EMB48;BR16;treino;129;B4_EMB48_IRRIG_REPROD00000.asd;B4;EMB48;IRRIG;D02M;manha;D02
3;CD202+EMB48;BR16;treino;130;B4_EMB48_IRRIG_REPROD00001.asd;B4;EMB48;IRRIG;D02M;manha;D02
3;CD202+EMB48;BR16;treino;131;B4_EMB48_IRRIG_REPROD00002.asd;B4;EMB48;IRRIG;D02M;manha;D02
3;CD202+EMB48;BR16;treino;132;B4_EMB48_IRRIG_REPROD00003.asd;B4;EMB48;IRRIG;D02M;manha;D02
3;CD202+EMB48;BR16;treino;133;B4_EMB48_IRRIG_REPROD00004.asd;B4;EMB48;IRRIG;D02M;manha;D02
3;CD202+EMB48;BR16;treino;134;B4_EMB48_IRRIG_REPROD00005.asd;B4;EMB48;IRRIG;D02M;manha;D02
3;CD202+EMB48;BR16;treino;135;B4_EMB48_IRRIG_REPROD00006.asd;B4;EMB48;IRRIG;D02M;manha;D02
3;CD202+EMB48;BR16;treino;136;B4_EMB48_IRRIG_REPROD00007.asd;B4;EMB48;IRRIG;D02M;manha;D02
3;CD202+EMB48;BR16;treino;137;B3_EMB48_IRRIG_REPROD00001.asd;B3;EMB48;IRRIG;D02M;manha;D02
3;CD202+EMB48;BR16;treino;138;B4_EMB48_NIRRIG_REPROD00000.asd;B4;EMB48;NIRRIG;D02M;manha;D02
3;CD202+EMB48;BR16;treino;139;B3_EMB48_IRRIG_REPROD00002.asd;B3;EMB48;IRRIG;D02M;manha;D02
3;CD202+EMB48;BR16;treino;140;B4_EMB48_NIRRIG_REPROD00001.asd;B4;EMB48;NIRRIG;D02M;manha;D02
3;CD202+EMB48;BR16;treino;141;B3_EMB48_IRRIG_REPROD00003.asd;B3;EMB48;IRRIG;D02M;manha;D02
3;CD202+EMB48;BR16;treino;142;B4_EMB48_NIRRIG_REPROD00002.asd;B4;EMB48;NIRRIG;D02M;manha;D02
3;CD202+EMB48;BR16;treino;143;B3_EMB48_IRRIG_REPROD00004.asd;B3;EMB48;IRRIG;D02M;manha;D02
3;CD202+EMB48;BR16;treino;144;B4_EMB48_NIRRIG_REPROD00003.asd;B4;EMB48;NIRRIG;D02M;manha;D02
3;CD202+EMB48;BR16;treino;145;B3_EMB48_IRRIG_REPROD00005.asd;B3;EMB48;IRRIG;D02M;manha;D02
3;CD202+EMB48;BR16;treino;146;B4_EMB48_NIRRIG_REPROD00004.asd;B4;EMB48;NIRRIG;D02M;manha;D02
3;CD202+EMB48;BR16;treino;147;B3_EMB48_IRRIG_REPROD00006.asd;B3;EMB48;IRRIG;D02M;manha;D02
3;CD202+EMB48;BR16;treino;148;B4_EMB48_NIRRIG_REPROD00005.asd;B4;EMB48;NIRRIG;D02M;manha;D02
3;CD202+EMB48;BR16;treino;149;B3_EMB48_IRRIG_REPROD00007.asd;B3;EMB48;IRRIG;D02M;manha;D02
3;CD202+EMB48;BR16;treino;150;B4_EMB48_NIRRIG_REPROD00006.asd;B4;EMB48;NIRRIG;D02M;manha;D02
3;CD202+EMB48;BR16;treino;151;B3_EMB48_NIRRIG_REPROD00000.asd;B3;EMB48;NIRRIG;D02M;manha;D02
3;CD202+EMB48;BR16;treino;152;B4_EMB48_NIRRIG_REPROD00007.asd;B4;EMB48;NIRRIG;D02M;manha;D02
3;CD202+EMB48;BR16;treino;153;B3_EMB48_NIRRIG_REPROD00001.asd;B3;EMB48;NIRRIG;D02M;manha;D02
3;CD202+EMB48;BR16;treino;154;B3_EMB48_NIRRIG_REPROD00002.asd;B3;EMB48;NIRRIG;D02M;manha;D02
3;CD202+EMB48;BR16;treino;155;B3_EMB48_NIRRIG_REPROD00003.asd;B3;EMB48;NIRRIG;D02M;manha;D02
3;CD202+EMB48;BR16;treino;156;B3_EMB48_NIRRIG_REPROD00004.asd;B3;EMB48;NIRRIG;D02M;manha;D02
3;CD202+EMB48;BR16;treino;157;B3_EMB48_NIRRIG_REPROD00005.asd;B3;EMB48;NIRRIG;D02M;manha;D02
3;CD202+EMB48;BR16;treino;158;B3_EMB48_NIRRIG_REPROD00006.asd;B3;EMB48;NIRRIG;D02M;manha;D02
3;CD202+EMB48;BR16;treino;159;B3_EMB48_NIRRIG_REPROD00007.asd;B3;EMB48;NIRRIG;D02M;manha;D02
3;CD202+EMB48;BR16;treino;160;B1_EMB48_IRRIG_REPROD00000.asd;B1;EMB48;IRRIG;D02M;manha;D02
3;CD202+EMB48;BR16;treino;161;B1_EMB48_IRRIG_REPROD00001.asd;B1;EMB48;IRRIG;D02M;manha;D02
3;CD202+EMB48;BR16;treino;162;B1_EMB48_IRRIG_REPROD00002.asd;B1;EMB48;IRRIG;D02M;manha;D02
3;CD202+EMB48;BR16;treino;163;B1_EMB48_IRRIG_REPROD00003.asd;B1;EMB48;IRRIG;D02M;manha;D02
3;CD202+EMB48;BR16;treino;164;B1_EMB48_IRRIG_REPROD00004.asd;B1;EMB48;IRRIG;D02M;manha;D02
3;CD202+EMB48;BR16;treino;165;B1_EMB48_IRRIG_REPROD00005.asd;B1;EMB48;IRRIG;D02M;manha;D02
3;CD202+EMB48;BR16;treino;166;B1_EMB48_IRRIG_REPROD00006.asd;B1;EMB48;IRRIG;D02M;manha;D02
3;CD202+EMB48;BR16;treino;167;B1_EMB48_IRRIG_REPROD00007.asd;B1;EMB48;IRRIG;D02M;manha;D02
3;CD202+EMB48;BR16;treino;168;B1_EMB48_NIRRIG_REPROD00000.asd;B1;EMB48;NIRRIG;D02M;manha;D02
3;CD202+EMB48;BR16;treino;169;B1_EMB48_NIRRIG_REPROD00001.asd;B1;EMB48;NIRRIG;D02M;manha;D02
3;CD202+EMB48;BR16;treino;170;B1_EMB48_NIRRIG_REPROD00002.asd;B1;EMB48;NIRRIG;D02M;manha;D02
3;CD202+EMB48;BR16;treino;171;B1_EMB48_NIRRIG_REPROD00003.asd;B1;EMB48;NIRRIG;D02M;manha;D02
3;CD202+EMB48;BR16;treino;172;B1_EMB48_NIRRIG_REPROD00004.asd;B1;EMB48;NIRRIG;D02M;manha;D02
3;CD202+EMB48;BR16;treino;173;B1_EMB48_NIRRIG_REPROD00005.asd;B1;EMB48;NIRRIG;D02M;manha;D02
3;CD202+EMB48;BR16;treino;174;B1_EMB48_NIRRIG_REPROD00006.asd;B1;EMB48;NIRRIG;D02M;manha;D02
3;CD202+EMB48;BR16;treino;175;B1_EMB48_NIRRIG_REPROD00007.asd;B1;EMB48;NIRRIG;D02M;manha;D02
3;CD202+EMB48;BR16;treino;176;B2_EMB48_IRRIG_REPROD00000.asd;B2;EMB48;IRRIG;D02M;manha;D02
3;CD202+EMB48;BR16;treino;177;B2_EMB48_IRRIG_REPROD00001.asd;B2;EMB48;IRRIG;D02M;manha;D02
3;CD202+EMB48;BR16;treino;178;B2_EMB48_IRRIG_REPROD00002.asd;B2;EMB48;IRRIG;D02M;manha;D02
3;CD202+EMB48;BR16;treino;179;B2_EMB48_IRRIG_REPROD00003.asd;B2;EMB48;IRRIG;D02M;manha;D02
3;CD202+EMB48;BR16;treino;180;B2_EMB48_IRRIG_REPROD00004.asd;B2;EMB48;IRRIG;D02M;manha;D02
3;CD202+EMB48;BR16;treino;181;B2_EMB48_IRRIG_REPROD00005.asd;B2;EMB48;IRRIG;D02M;manha;D02
3;CD202+EMB48;BR16;treino;182;B2_EMB48_IRRIG_REPROD00006.asd;B2;EMB48;IRRIG;D02M;manha;D02
3;CD202+EMB48;BR16;treino;183;B2_EMB48_IRRIG_REPROD00007.asd;B2;EMB48;IRRIG;D02M;manha;D02
3;CD202+EMB48;BR16;treino;184;B2_EMB48_NIRRIG_REPROD00000.asd;B2;EMB48;NIRRIG;D02M;manha;D02
3;CD202+EMB48;BR16;treino;185;B2_EMB48_NIRRIG_REPROD00001.asd;B2;EMB48;NIRRIG;D02M;manha;D02
3;CD202+EMB48;BR16;treino;186;B2_EMB48_NIRRIG_REPROD00002.asd;B2;EMB48;NIRRIG;D02M;manha;D02
3;CD202+EMB48;BR16;treino;187;B2_EMB48_NIRRIG_REPROD00003.asd;B2;EMB48;NIRRIG;D02M;manha;D02
3;CD202+EMB48;BR16;treino;188;B2_EMB48_NIRRIG_REPROD00004.asd;B2;EMB48;NIRRIG;D02M;manha;D02
3;CD202+EMB48;BR16;treino;189;B2_EMB48_NIRRIG_REPROD00005.asd;B2;EMB48;NIRRIG;D02M;manha;D02
3;CD202+EMB48;BR16;treino;190;B2_EMB48_NIRRIG_REPROD00006.asd;B2;EMB48;NIRRIG;D02M;manha;D02
3;CD202+EMB48;BR16;treino;191;B2_EMB48_NIRRIG_REPROD00007.asd;B2;EMB48;NIRRIG;D02M;manha;D02
3;CD202+EMB48;BR16;teste;0;B1_BR16_IRRIG_REPROD00000.asd;B1;BR16;IRRIG;D02M;manha;D02
3;CD202+EMB48;BR16;teste;1;B1_BR16_IRRIG_REPROD00001.asd;B1;BR16;IRRIG;D02M;manha;D02
3;CD202+EMB48;BR16;teste;2;B1_BR16_IRRIG_REPROD00002.asd;B1;BR16;IRRIG;D02M;manha;D02
3;CD202+EMB48;BR16;teste;3;B1_BR16_IRRIG_REPROD00003.asd;B1;BR16;IRRIG;D02M;manha;D02
3;CD202+EMB48;BR16;teste;4;B1_BR16_IRRIG_REPROD00004.asd;B1;BR16;IRRIG;D02M;manha;D02
3;CD202+EMB48;BR16;teste;5;B1_BR16_IRRIG_REPROD00005.asd;B1;BR16;IRRIG;D02M;manha;D02
3;CD202+EMB48;BR16;teste;6;B1_BR16_IRRIG_REPROD00006.asd;B1;BR16;IRRIG;D02M;manha;D02
3;CD202+EMB48;BR16;teste;7;B1_BR16_IRRIG_REPROD00007.asd;B1;BR16;IRRIG;D02M;manha;D02
3;CD202+EMB48;BR16;teste;8;B1_BR16_NIRRIG_REPROD00000.asd;B1;BR16;NIRRIG;D02M;manha;D02
3;CD202+EMB48;BR16;teste;9;B1_BR16_NIRRIG_REPROD00001.asd;B1;BR16;NIRRIG;D02M;manha;D02
3;CD202+EMB48;BR16;teste;10;B1_BR16_NIRRIG_REPROD00002.asd;B1;BR16;NIRRIG;D02M;manha;D02
3;CD202+EMB48;BR16;teste;11;B1_BR16_NIRRIG_REPROD00003.asd;B1;BR16;NIRRIG;D02M;manha;D02
3;CD202+EMB48;BR16;teste;12;B1_BR16_NIRRIG_REPROD00004.asd;B1;BR16;NIRRIG;D02M;manha;D02
3;CD202+EMB48;BR16;teste;13;B1_BR16_NIRRIG_REPROD00005.asd;B1;BR16;NIRRIG;D02M;manha;D02
3;CD202+EMB48;BR16;teste;14;B1_BR16_NIRRIG_REPROD00006.asd;B1;BR16;NIRRIG;D02M;manha;D02
3;CD202+EMB48;BR16;teste;15;B1_BR16_NIRRIG_REPROD00007.asd;B1;BR16;NIRRIG;D02M;manha;D02
3;CD202+EMB48;BR16;teste;16;B2_BR16_IRRIG_REPROD00000.asd;B2;BR16;IRRIG;D02M;manha;D02
3;CD202+EMB48;BR16;teste;17;B2_BR16_IRRIG_REPROD00001.asd;B2;BR16;IRRIG;D02M;manha;D02
3;CD202+EMB48;BR16;teste;18;B2_BR16_IRRIG_REPROD00002.asd;B2;BR16;IRRIG;D02M;manha;D02
3;CD202+EMB48;BR16;teste;19;B2_BR16_IRRIG_REPROD00003.asd;B2;BR16;IRRIG;D02M;manha;D02
3;CD202+EMB48;BR16;teste;20;B2_BR16_IRRIG_REPROD00004.asd;B2;BR16;IRRIG;D02M;manha;D02
3;CD202+EMB48;BR16;teste;21;B2_BR16_IRRIG_REPROD00005.asd;B2;BR16;IRRIG;D02M;manha;D02
3;CD202+EMB48;BR16;teste;22;B2_BR16_IRRIG_REPROD00006.asd;B2;BR16;IRRIG;D02M;manha;D02
3;CD202+EMB48;BR16;teste;23;B2_BR16_IRRIG_REPROD00007.asd;B2;BR16;IRRIG;D02M;manha;D02
3;CD202+EMB48;BR16;teste;24;B2_BR16_NIRRIG_REPROD00000.asd;B2;BR16;NIRRIG;D02M;manha;D02
3;CD202+EMB48;BR16;teste;25;B2_BR16_NIRRIG_REPROD00001.asd;B2;BR16;NIRRIG;D02M;manha;D02
3;CD202+EMB48;BR16;teste;26;B2_BR16_NIRRIG_REPROD00002.asd;B2;BR16;NIRRIG;D02M;manha;D02
3;CD202+EMB48;BR16;teste;27;B2_BR16_NIRRIG_REPROD00003.asd;B2;BR16;NIRRIG;D02M;manha;D02
3;CD202+EMB48;BR16;teste;28;B2_BR16_NIRRIG_REPROD00004.asd;B2;BR16;NIRRIG;D02M;manha;D02
3;CD202+EMB48;BR16;teste;29;B2_BR16_NIRRIG_REPROD00005.asd;B2;BR16;NIRRIG;D02M;manha;D02
3;CD202+EMB48;BR16;teste;30;B2_BR16_NIRRIG_REPROD00006.asd;B2;BR16;NIRRIG;D02M;manha;D02
3;CD202+EMB48;BR16;teste;31;B2_BR16_NIRRIG_REPROD00007.asd;B2;BR16;NIRRIG;D02M;manha;D02
3;CD202+EMB48;BR16;teste;32;B3_BR16_IRRIG_REPROD00000.asd;B3;BR16;IRRIG;D02M;manha;D02
3;CD202+EMB48;BR16;teste;33;B3_BR16_IRRIG_REPROD00001.asd;B3;BR16;IRRIG;D02M;manha;D02
3;CD202+EMB48;BR16;teste;34;B3_BR16_IRRIG_REPROD00002.asd;B3;BR16;IRRIG;D02M;manha;D02
3;CD202+EMB48;BR16;teste;35;B3_BR16_IRRIG_REPROD00003.asd;B3;BR16;IRRIG;D02M;manha;D02
3;CD202+EMB48;BR16;teste;36;B3_BR16_IRRIG_REPROD00004.asd;B3;BR16;IRRIG;D02M;manha;D02
3;CD202+EMB48;BR16;teste;37;B3_BR16_IRRIG_REPROD00005.asd;B3;BR16;IRRIG;D02M;manha;D02
3;CD202+EMB48;BR16;teste;38;B3_BR16_IRRIG_REPROD00006.asd;B3;BR16;IRRIG;D02M;manha;D02
3;CD202+EMB48;BR16;teste;39;B3_BR16_IRRIG_REPROD00007.asd;B3;BR16;IRRIG;D02M;manha;D02
3;CD202+EMB48;BR16;teste;40;B3_BR16_NIRRIG_REPROD00000.asd;B3;BR16;NIRRIG;D02M;manha;D02
3;CD202+EMB48;BR16;teste;41;B3_BR16_NIRRIG_REPROD00001.asd;B3;BR16;NIRRIG;D02M;manha;D02
3;CD202+EMB48;BR16;teste;42;B3_BR16_NIRRIG_REPROD00002.asd;B3;BR16;NIRRIG;D02M;manha;D02
3;CD202+EMB48;BR16;teste;43;B3_BR16_NIRRIG_REPROD00003.asd;B3;BR16;NIRRIG;D02M;manha;D02
3;CD202+EMB48;BR16;teste;44;B3_BR16_NIRRIG_REPROD00004.asd;B3;BR16;NIRRIG;D02M;manha;D02
3;CD202+EMB48;BR16;teste;45;B3_BR16_NIRRIG_REPROD00005.asd;B3;BR16;NIRRIG;D02M;manha;D02
3;CD202+EMB48;BR16;teste;46;B3_BR16_NIRRIG_REPROD00006.asd;B3;BR16;NIRRIG;D02M;manha;D02
3;CD202+EMB48;BR16;teste;47;B3_BR16_NIRRIG_REPROD00007.asd;B3;BR16;NIRRIG;D02M;manha;D02
3;CD202+EMB48;BR16;teste;48;B4_BR16_IRRIG_REPROD00000.asd;B4;BR16;IRRIG;D02M;manha;D02
3;CD202+EMB48;BR16;teste;49;B4_BR16_IRRIG_REPROD00001.asd;B4;BR16;IRRIG;D02M;manha;D02
3;CD202+EMB48;BR16;teste;50;B4_BR16_IRRIG_REPROD00002.asd;B4;BR16;IRRIG;D02M;manha;D02
3;CD202+EMB48;BR16;teste;51;B4_BR16_IRRIG_REPROD00003.asd;B4;BR16;IRRIG;D02M;manha;D02
3;CD202+EMB48;BR16;teste;52;B4_BR16_IRRIG_REPROD00004.asd;B4;BR16;IRRIG;D02M;manha;D02
3;CD202+EMB48;BR16;teste;53;B4_BR16_IRRIG_REPROD00005.asd;B4;BR16;IRRIG;D02M;manha;D02
3;CD202+EMB48;BR16;teste;54;B4_BR16_IRRIG_REPROD00006.asd;B4;BR16;IRRIG;D02M;manha;D02
3;CD202+EMB48;BR16;teste;55;B4_BR16_IRRIG_REPROD00007.asd;B4;BR16;IRRIG;D02M;manha;D02
3;CD202+EMB48;BR16;teste;56;B4_BR16_NIRRIG_REPROD00000.asd;B4;BR16;NIRRIG;D02M;manha;D02
3;CD202+EMB48;BR16;teste;57;B4_BR16_NIRRIG_REPROD00001.asd;B4;BR16;NIRRIG;D02M;manha;D02
3;CD202+EMB48;BR16;teste;58;B4_BR16_NIRRIG_REPROD00002.asd;B4;BR16;NIRRIG;D02M;manha;D02
3;CD202+EMB48;BR16;teste;59;B4_BR16_NIRRIG_REPROD00003.asd;B4;BR16;NIRRIG;D02M;manha;D02
3;CD202+EMB48;BR16;teste;60;B4_BR16_NIRRIG_REPROD00004.asd;B4;BR16;NIRRIG;D02M;manha;D02
3;CD202+EMB48;BR16;teste;61;B4_BR16_NIRRIG_REPROD00005.asd;B4;BR16;NIRRIG;D02M;manha;D02
3;CD202+EMB48;BR16;teste;62;B4_BR16_NIRRIG_REPROD00006.asd;B4;BR16;NIRRIG;D02M;manha;D02
3;CD202+EMB48;BR16;teste;63;B4_BR16_NIRRIG_REPROD00007.asd;B4;BR16;NIRRIG;D02M;manha;D02
1;BR16+CD202;EMB48;treino;192;B1_BR16_IRRIG_REPROD00000.asd;B1;BR16;IRRIG;D03M;manha;D03
1;BR16+CD202;EMB48;treino;193;B1_BR16_IRRIG_REPROD00001.asd;B1;BR16;IRRIG;D03M;manha;D03
1;BR16+CD202;EMB48;treino;194;B1_BR16_IRRIG_REPROD00002.asd;B1;BR16;IRRIG;D03M;manha;D03
1;BR16+CD202;EMB48;treino;195;B1_BR16_IRRIG_REPROD00003.asd;B1;BR16;IRRIG;D03M;manha;D03
1;BR16+CD202;EMB48;treino;196;B1_BR16_IRRIG_REPROD00004.asd;B1;BR16;IRRIG;D03M;manha;D03
1;BR16+CD202;EMB48;treino;197;B1_BR16_IRRIG_REPROD00005.asd;B1;BR16;IRRIG;D03M;manha;D03
1;BR16+CD202;EMB48;treino;198;B1_BR16_IRRIG_REPROD00006.asd;B1;BR16;IRRIG;D03M;manha;D03
1;BR16+CD202;EMB48;treino;199;B1_BR16_IRRIG_REPROD00007.asd;B1;BR16;IRRIG;D03M;manha;D03
1;BR16+CD202;EMB48;treino;200;B1_BR16_NIRRIG_REPROD00000.asd;B1;BR16;NIRRIG;D03M;manha;D03
1;BR16+CD202;EMB48;treino;201;B1_BR16_NIRRIG_REPROD00001.asd;B1;BR16;NIRRIG;D03M;manha;D03
1;BR16+CD202;EMB48;treino;202;B1_BR16_NIRRIG_REPROD00002.asd;B1;BR16;NIRRIG;D03M;manha;D03
1;BR16+CD202;EMB48;treino;203;B1_BR16_NIRRIG_REPROD00003.asd;B1;BR16;NIRRIG;D03M;manha;D03
1;BR16+CD202;EMB48;treino;204;B1_BR16_NIRRIG_REPROD00004.asd;B1;BR16;NIRRIG;D03M;manha;D03
1;BR16+CD202;EMB48;treino;205;B1_BR16_NIRRIG_REPROD00005.asd;B1;BR16;NIRRIG;D03M;manha;D03
1;BR16+CD202;EMB48;treino;206;B1_BR16_NIRRIG_REPROD00006.asd;B1;BR16;NIRRIG;D03M;manha;D03
1;BR16+CD202;EMB48;treino;207;B1_BR16_NIRRIG_REPROD00007.asd;B1;BR16;NIRRIG;D03M;manha;D03
1;BR16+CD202;EMB48;treino;208;B2_BR16_IRRIG_REPROD00000.asd;B2;BR16;IRRIG;D03M;manha;D03
1;BR16+CD202;EMB48;treino;209;B2_BR16_IRRIG_REPROD00001.asd;B2;BR16;IRRIG;D03M;manha;D03
1;BR16+CD202;EMB48;treino;210;B2_BR16_IRRIG_REPROD00002.asd;B2;BR16;IRRIG;D03M;manha;D03
1;BR16+CD202;EMB48;treino;211;B2_BR16_IRRIG_REPROD00003.asd;B2;BR16;IRRIG;D03M;manha;D03
1;BR16+CD202;EMB48;treino;212;B2_BR16_IRRIG_REPROD00004.asd;B2;BR16;IRRIG;D03M;manha;D03
1;BR16+CD202;EMB48;treino;213;B2_BR16_IRRIG_REPROD00005.asd;B2;BR16;IRRIG;D03M;manha;D03
1;BR16+CD202;EMB48;treino;214;B2_BR16_IRRIG_REPROD00006.asd;B2;BR16;IRRIG;D03M;manha;D03
1;BR16+CD202;EMB48;treino;215;B2_BR16_IRRIG_REPROD00007.asd;B2;BR16;IRRIG;D03M;manha;D03
1;BR16+CD202;EMB48;treino;216;B2_BR16_NIRRIG_REPROD00000.asd;B2;BR16;NIRRIG;D03M;manha;D03
1;BR16+CD202;EMB48;treino;217;B2_BR16_NIRRIG_REPROD00001.asd;B2;BR16;NIRRIG;D03M;manha;D03
1;BR16+CD202;EMB48;treino;218;B2_BR16_NIRRIG_REPROD00002.asd;B2;BR16;NIRRIG;D03M;manha;D03
1;BR16+CD202;EMB48;treino;219;B2_BR16_NIRRIG_REPROD00003.asd;B2;BR16;NIRRIG;D03M;manha;D03
1;BR16+CD202;EMB48;treino;220;B2_BR16_NIRRIG_REPROD00004.asd;B2;BR16;NIRRIG;D03M;manha;D03
1;BR16+CD202;EMB48;treino;221;B2_BR16_NIRRIG_REPROD00005.asd;B2;BR16;NIRRIG;D03M;manha;D03
1;BR16+CD202;EMB48;treino;222;B2_BR16_NIRRIG_REPROD00006.asd;B2;BR16;NIRRIG;D03M;manha;D03
1;BR16+CD202;EMB48;treino;223;B2_BR16_NIRRIG_REPROD00007.asd;B2;BR16;NIRRIG;D03M;manha;D03
1;BR16+CD202;EMB48;treino;224;B3_BR16_IRRIG_REPROD00000.asd;B3;BR16;IRRIG;D03M;manha;D03
1;BR16+CD202;EMB48;treino;225;B3_BR16_IRRIG_REPROD00001.asd;B3;BR16;IRRIG;D03M;manha;D03
1;BR16+CD202;EMB48;treino;226;B3_BR16_IRRIG_REPROD00002.asd;B3;BR16;IRRIG;D03M;manha;D03
1;BR16+CD202;EMB48;treino;227;B3_BR16_IRRIG_REPROD00003.asd;B3;BR16;IRRIG;D03M;manha;D03
1;BR16+CD202;EMB48;treino;228;B3_BR16_IRRIG_REPROD00004.asd;B3;BR16;IRRIG;D03M;manha;D03
1;BR16+CD202;EMB48;treino;229;B3_BR16_IRRIG_REPROD00005.asd;B3;BR16;IRRIG;D03M;manha;D03
1;BR16+CD202;EMB48;treino;230;B3_BR16_IRRIG_REPROD00006.asd;B3;BR16;IRRIG;D03M;manha;D03
1;BR16+CD202;EMB48;treino;231;B3_BR16_IRRIG_REPROD00007.asd;B3;BR16;IRRIG;D03M;manha;D03
1;BR16+CD202;EMB48;treino;232;B3_BR16_NIRRIG_REPROD00000.asd;B3;BR16;NIRRIG;D03M;manha;D03
1;BR16+CD202;EMB48;treino;233;B3_BR16_NIRRIG_REPROD00001.asd;B3;BR16;NIRRIG;D03M;manha;D03
1;BR16+CD202;EMB48;treino;234;B3_BR16_NIRRIG_REPROD00002.asd;B3;BR16;NIRRIG;D03M;manha;D03
1;BR16+CD202;EMB48;treino;235;B3_BR16_NIRRIG_REPROD00003.asd;B3;BR16;NIRRIG;D03M;manha;D03
1;BR16+CD202;EMB48;treino;236;B3_BR16_NIRRIG_REPROD00004.asd;B3;BR16;NIRRIG;D03M;manha;D03
1;BR16+CD202;EMB48;treino;237;B3_BR16_NIRRIG_REPROD00005.asd;B3;BR16;NIRRIG;D03M;manha;D03
1;BR16+CD202;EMB48;treino;238;B3_BR16_NIRRIG_REPROD00006.asd;B3;BR16;NIRRIG;D03M;manha;D03
1;BR16+CD202;EMB48;treino;239;B3_BR16_NIRRIG_REPROD00007.asd;B3;BR16;NIRRIG;D03M;manha;D03
1;BR16+CD202;EMB48;treino;240;B4_BR16_IRRIG_REPROD00000.asd;B4;BR16;IRRIG;D03M;manha;D03
1;BR16+CD202;EMB48;treino;241;B4_BR16_IRRIG_REPROD00001.asd;B4;BR16;IRRIG;D03M;manha;D03
1;BR16+CD202;EMB48;treino;242;B4_BR16_IRRIG_REPROD00002.asd;B4;BR16;IRRIG;D03M;manha;D03
1;BR16+CD202;EMB48;treino;243;B4_BR16_IRRIG_REPROD00003.asd;B4;BR16;IRRIG;D03M;manha;D03
1;BR16+CD202;EMB48;treino;244;B4_BR16_IRRIG_REPROD00004.asd;B4;BR16;IRRIG;D03M;manha;D03
1;BR16+CD202;EMB48;treino;245;B4_BR16_IRRIG_REPROD00005.asd;B4;BR16;IRRIG;D03M;manha;D03
1;BR16+CD202;EMB48;treino;246;B4_BR16_IRRIG_REPROD00006.asd;B4;BR16;IRRIG;D03M;manha;D03
1;BR16+CD202;EMB48;treino;247;B4_BR16_IRRIG_REPROD00007.asd;B4;BR16;IRRIG;D03M;manha;D03
1;BR16+CD202;EMB48;treino;248;B4_BR16_NIRRIG_REPROD00000.asd;B4;BR16;NIRRIG;D03M;manha;D03
1;BR16+CD202;EMB48;treino;249;B4_BR16_NIRRIG_REPROD00001.asd;B4;BR16;NIRRIG;D03M;manha;D03
1;BR16+CD202;EMB48;treino;250;B4_BR16_NIRRIG_REPROD00002.asd;B4;BR16;NIRRIG;D03M;manha;D03
1;BR16+CD202;EMB48;treino;251;B4_BR16_NIRRIG_REPROD00003.asd;B4;BR16;NIRRIG;D03M;manha;D03
1;BR16+CD202;EMB48;treino;252;B4_BR16_NIRRIG_REPROD00004.asd;B4;BR16;NIRRIG;D03M;manha;D03
1;BR16+CD202;EMB48;treino;253;B4_BR16_NIRRIG_REPROD00005.asd;B4;BR16;NIRRIG;D03M;manha;D03
1;BR16+CD202;EMB48;treino;254;B4_BR16_NIRRIG_REPROD00006.asd;B4;BR16;NIRRIG;D03M;manha;D03
1;BR16+CD202;EMB48;treino;255;B4_BR16_NIRRIG_REPROD00007.asd;B4;BR16;NIRRIG;D03M;manha;D03
1;BR16+CD202;EMB48;treino;256;B1_CD202_IRRIG_REPROD00000.asd;B1;CD202;IRRIG;D03M;manha;D03
1;BR16+CD202;EMB48;treino;257;B1_CD202_IRRIG_REPROD00001.asd;B1;CD202;IRRIG;D03M;manha;D03
1;BR16+CD202;EMB48;treino;258;B1_CD202_IRRIG_REPROD00002.asd;B1;CD202;IRRIG;D03M;manha;D03
1;BR16+CD202;EMB48;treino;259;B1_CD202_IRRIG_REPROD00003.asd;B1;CD202;IRRIG;D03M;manha;D03
1;BR16+CD202;EMB48;treino;260;B1_CD202_IRRIG_REPROD00004.asd;B1;CD202;IRRIG;D03M;manha;D03
1;BR16+CD202;EMB48;treino;261;B1_CD202_IRRIG_REPROD00005.asd;B1;CD202;IRRIG;D03M;manha;D03
1;BR16+CD202;EMB48;treino;262;B1_CD202_IRRIG_REPROD00006.asd;B1;CD202;IRRIG;D03M;manha;D03
1;BR16+CD202;EMB48;treino;263;B1_CD202_IRRIG_REPROD00007.asd;B1;CD202;IRRIG;D03M;manha;D03
1;BR16+CD202;EMB48;treino;264;B1_CD202_NIRRIG_REPROD00000.asd;B1;CD202;NIRRIG;D03M;manha;D03
1;BR16+CD202;EMB48;treino;265;B1_CD202_NIRRIG_REPROD00001.asd;B1;CD202;NIRRIG;D03M;manha;D03
1;BR16+CD202;EMB48;treino;266;B1_CD202_NIRRIG_REPROD00002.asd;B1;CD202;NIRRIG;D03M;manha;D03
1;BR16+CD202;EMB48;treino;267;B1_CD202_NIRRIG_REPROD00003.asd;B1;CD202;NIRRIG;D03M;manha;D03
1;BR16+CD202;EMB48;treino;268;B1_CD202_NIRRIG_REPROD00004.asd;B1;CD202;NIRRIG;D03M;manha;D03
1;BR16+CD202;EMB48;treino;269;B1_CD202_NIRRIG_REPROD00005.asd;B1;CD202;NIRRIG;D03M;manha;D03
1;BR16+CD202;EMB48;treino;270;B1_CD202_NIRRIG_REPROD00006.asd;B1;CD202;NIRRIG;D03M;manha;D03
1;BR16+CD202;EMB48;treino;271;B1_CD202_NIRRIG_REPROD00007.asd;B1;CD202;NIRRIG;D03M;manha;D03
1;BR16+CD202;EMB48;treino;272;B2_CD202_IRRIG_REPROD00000.asd;B2;CD202;IRRIG;D03M;manha;D03
1;BR16+CD202;EMB48;treino;273;B2_CD202_IRRIG_REPROD00001.asd;B2;CD202;IRRIG;D03M;manha;D03
1;BR16+CD202;EMB48;treino;274;B2_CD202_IRRIG_REPROD00002.asd;B2;CD202;IRRIG;D03M;manha;D03
1;BR16+CD202;EMB48;treino;275;B2_CD202_IRRIG_REPROD00003.asd;B2;CD202;IRRIG;D03M;manha;D03
1;BR16+CD202;EMB48;treino;276;B2_CD202_IRRIG_REPROD00004.asd;B2;CD202;IRRIG;D03M;manha;D03
1;BR16+CD202;EMB48;treino;277;B2_CD202_IRRIG_REPROD00005.asd;B2;CD202;IRRIG;D03M;manha;D03
1;BR16+CD202;EMB48;treino;278;B2_CD202_IRRIG_REPROD00006.asd;B2;CD202;IRRIG;D03M;manha;D03
1;BR16+CD202;EMB48;treino;279;B2_CD202_IRRIG_REPROD00007.asd;B2;CD202;IRRIG;D03M;manha;D03
1;BR16+CD202;EMB48;treino;280;B2_CD202_NIRRIG_REPROD00000.asd;B2;CD202;NIRRIG;D03M;manha;D03
1;BR16+CD202;EMB48;treino;281;B2_CD202_NIRRIG_REPROD00001.asd;B2;CD202;NIRRIG;D03M;manha;D03
1;BR16+CD202;EMB48;treino;282;B2_CD202_NIRRIG_REPROD00002.asd;B2;CD202;NIRRIG;D03M;manha;D03
1;BR16+CD202;EMB48;treino;283;B2_CD202_NIRRIG_REPROD00003.asd;B2;CD202;NIRRIG;D03M;manha;D03
1;BR16+CD202;EMB48;treino;284;B2_CD202_NIRRIG_REPROD00004.asd;B2;CD202;NIRRIG;D03M;manha;D03
1;BR16+CD202;EMB48;treino;285;B2_CD202_NIRRIG_REPROD00005.asd;B2;CD202;NIRRIG;D03M;manha;D03
1;BR16+CD202;EMB48;treino;286;B2_CD202_NIRRIG_REPROD00006.asd;B2;CD202;NIRRIG;D03M;manha;D03
1;BR16+CD202;EMB48;treino;287;B2_CD202_NIRRIG_REPROD00007.asd;B2;CD202;NIRRIG;D03M;manha;D03
1;BR16+CD202;EMB48;treino;288;B3_CD202_IRRIG_REPROD00000.asd;B3;CD202;IRRIG;D03M;manha;D03
1;BR16+CD202;EMB48;treino;289;B3_CD202_IRRIG_REPROD00001.asd;B3;CD202;IRRIG;D03M;manha;D03
1;BR16+CD202;EMB48;treino;290;B3_CD202_IRRIG_REPROD00002.asd;B3;CD202;IRRIG;D03M;manha;D03
1;BR16+CD202;EMB48;treino;291;B3_CD202_IRRIG_REPROD00003.asd;B3;CD202;IRRIG;D03M;manha;D03
1;BR16+CD202;EMB48;treino;292;B3_CD202_IRRIG_REPROD00004.asd;B3;CD202;IRRIG;D03M;manha;D03
1;BR16+CD202;EMB48;treino;293;B3_CD202_IRRIG_REPROD00005.asd;B3;CD202;IRRIG;D03M;manha;D03
1;BR16+CD202;EMB48;treino;294;B3_CD202_IRRIG_REPROD00006.asd;B3;CD202;IRRIG;D03M;manha;D03
1;BR16+CD202;EMB48;treino;295;B3_CD202_IRRIG_REPROD00007.asd;B3;CD202;IRRIG;D03M;manha;D03
1;BR16+CD202;EMB48;treino;296;B3_CD202_NIRRIG_REPROD00000.asd;B3;CD202;NIRRIG;D03M;manha;D03
1;BR16+CD202;EMB48;treino;297;B3_CD202_NIRRIG_REPROD00001.asd;B3;CD202;NIRRIG;D03M;manha;D03
1;BR16+CD202;EMB48;treino;298;B3_CD202_NIRRIG_REPROD00002.asd;B3;CD202;NIRRIG;D03M;manha;D03
1;BR16+CD202;EMB48;treino;299;B3_CD202_NIRRIG_REPROD00003.asd;B3;CD202;NIRRIG;D03M;manha;D03
1;BR16+CD202;EMB48;treino;300;B3_CD202_NIRRIG_REPROD00004.asd;B3;CD202;NIRRIG;D03M;manha;D03
1;BR16+CD202;EMB48;treino;301;B3_CD202_NIRRIG_REPROD00005.asd;B3;CD202;NIRRIG;D03M;manha;D03
1;BR16+CD202;EMB48;treino;302;B3_CD202_NIRRIG_REPROD00006.asd;B3;CD202;NIRRIG;D03M;manha;D03
1;BR16+CD202;EMB48;treino;303;B3_CD202_NIRRIG_REPROD00007.asd;B3;CD202;NIRRIG;D03M;manha;D03
1;BR16+CD202;EMB48;treino;304;B4_CD202_IRRIG_REPROD00000.asd;B4;CD202;IRRIG;D03M;manha;D03
1;BR16+CD202;EMB48;treino;305;B4_CD202_IRRIG_REPROD00001.asd;B4;CD202;IRRIG;D03M;manha;D03
1;BR16+CD202;EMB48;treino;306;B4_CD202_IRRIG_REPROD00002.asd;B4;CD202;IRRIG;D03M;manha;D03
1;BR16+CD202;EMB48;treino;307;B4_CD202_IRRIG_REPROD00003.asd;B4;CD202;IRRIG;D03M;manha;D03
1;BR16+CD202;EMB48;treino;308;B4_CD202_IRRIG_REPROD00004.asd;B4;CD202;IRRIG;D03M;manha;D03
1;BR16+CD202;EMB48;treino;309;B4_CD202_IRRIG_REPROD00005.asd;B4;CD202;IRRIG;D03M;manha;D03
1;BR16+CD202;EMB48;treino;310;B4_CD202_IRRIG_REPROD00006.asd;B4;CD202;IRRIG;D03M;manha;D03
1;BR16+CD202;EMB48;treino;311;B4_CD202_IRRIG_REPROD00007.asd;B4;CD202;IRRIG;D03M;manha;D03
1;BR16+CD202;EMB48;treino;312;B4_CD202_NIRRIG_REPROD00000.asd;B4;CD202;NIRRIG;D03M;manha;D03
1;BR16+CD202;EMB48;treino;313;B4_CD202_NIRRIG_REPROD00001.asd;B4;CD202;NIRRIG;D03M;manha;D03
1;BR16+CD202;EMB48;treino;314;B4_CD202_NIRRIG_REPROD00002.asd;B4;CD202;NIRRIG;D03M;manha;D03
1;BR16+CD202;EMB48;treino;315;B4_CD202_NIRRIG_REPROD00003.asd;B4;CD202;NIRRIG;D03M;manha;D03
1;BR16+CD202;EMB48;treino;316;B4_CD202_NIRRIG_REPROD00004.asd;B4;CD202;NIRRIG;D03M;manha;D03
1;BR16+CD202;EMB48;treino;317;B4_CD202_NIRRIG_REPROD00005.asd;B4;CD202;NIRRIG;D03M;manha;D03
1;BR16+CD202;EMB48;treino;318;B4_CD202_NIRRIG_REPROD00006.asd;B4;CD202;NIRRIG;D03M;manha;D03
1;BR16+CD202;EMB48;treino;319;B4_CD202_NIRRIG_REPROD00007.asd;B4;CD202;NIRRIG;D03M;manha;D03
1;BR16+CD202;EMB48;teste;320;B1_EMB48_IRRIG_REPROD00000.asd;B1;EMB48;IRRIG;D03M;manha;D03
1;BR16+CD202;EMB48;teste;321;B1_EMB48_IRRIG_REPROD00001.asd;B1;EMB48;IRRIG;D03M;manha;D03
1;BR16+CD202;EMB48;teste;322;B1_EMB48_IRRIG_REPROD00002.asd;B1;EMB48;IRRIG;D03M;manha;D03
1;BR16+CD202;EMB48;teste;323;B1_EMB48_IRRIG_REPROD00003.asd;B1;EMB48;IRRIG;D03M;manha;D03
1;BR16+CD202;EMB48;teste;324;B1_EMB48_IRRIG_REPROD00004.asd;B1;EMB48;IRRIG;D03M;manha;D03
1;BR16+CD202;EMB48;teste;325;B1_EMB48_IRRIG_REPROD00005.asd;B1;EMB48;IRRIG;D03M;manha;D03
1;BR16+CD202;EMB48;teste;326;B1_EMB48_IRRIG_REPROD00006.asd;B1;EMB48;IRRIG;D03M;manha;D03
1;BR16+CD202;EMB48;teste;327;B1_EMB48_IRRIG_REPROD00007.asd;B1;EMB48;IRRIG;D03M;manha;D03
1;BR16+CD202;EMB48;teste;328;B1_EMB48_NIRRIG_REPROD00000.asd;B1;EMB48;NIRRIG;D03M;manha;D03
1;BR16+CD202;EMB48;teste;329;B1_EMB48_NIRRIG_REPROD00001.asd;B1;EMB48;NIRRIG;D03M;manha;D03
1;BR16+CD202;EMB48;teste;330;B1_EMB48_NIRRIG_REPROD00002.asd;B1;EMB48;NIRRIG;D03M;manha;D03
1;BR16+CD202;EMB48;teste;331;B1_EMB48_NIRRIG_REPROD00003.asd;B1;EMB48;NIRRIG;D03M;manha;D03
1;BR16+CD202;EMB48;teste;332;B1_EMB48_NIRRIG_REPROD00004.asd;B1;EMB48;NIRRIG;D03M;manha;D03
1;BR16+CD202;EMB48;teste;333;B1_EMB48_NIRRIG_REPROD00005.asd;B1;EMB48;NIRRIG;D03M;manha;D03
1;BR16+CD202;EMB48;teste;334;B1_EMB48_NIRRIG_REPROD00006.asd;B1;EMB48;NIRRIG;D03M;manha;D03
1;BR16+CD202;EMB48;teste;335;B1_EMB48_NIRRIG_REPROD00007.asd;B1;EMB48;NIRRIG;D03M;manha;D03
1;BR16+CD202;EMB48;teste;336;B2_EMB48_IRRIG_REPROD00000.asd;B2;EMB48;IRRIG;D03M;manha;D03
1;BR16+CD202;EMB48;teste;337;B2_EMB48_IRRIG_REPROD00001.asd;B2;EMB48;IRRIG;D03M;manha;D03
1;BR16+CD202;EMB48;teste;338;B2_EMB48_IRRIG_REPROD00002.asd;B2;EMB48;IRRIG;D03M;manha;D03
1;BR16+CD202;EMB48;teste;339;B2_EMB48_IRRIG_REPROD00003.asd;B2;EMB48;IRRIG;D03M;manha;D03
1;BR16+CD202;EMB48;teste;340;B2_EMB48_IRRIG_REPROD00004.asd;B2;EMB48;IRRIG;D03M;manha;D03
1;BR16+CD202;EMB48;teste;341;B2_EMB48_IRRIG_REPROD00005.asd;B2;EMB48;IRRIG;D03M;manha;D03
1;BR16+CD202;EMB48;teste;342;B2_EMB48_IRRIG_REPROD00006.asd;B2;EMB48;IRRIG;D03M;manha;D03
1;BR16+CD202;EMB48;teste;343;B2_EMB48_IRRIG_REPROD00007.asd;B2;EMB48;IRRIG;D03M;manha;D03
1;BR16+CD202;EMB48;teste;344;B2_EMB48_NIRRIG_REPROD00000.asd;B2;EMB48;NIRRIG;D03M;manha;D03
1;BR16+CD202;EMB48;teste;345;B2_EMB48_NIRRIG_REPROD00001.asd;B2;EMB48;NIRRIG;D03M;manha;D03
1;BR16+CD202;EMB48;teste;346;B2_EMB48_NIRRIG_REPROD00002.asd;B2;EMB48;NIRRIG;D03M;manha;D03
1;BR16+CD202;EMB48;teste;347;B2_EMB48_NIRRIG_REPROD00003.asd;B2;EMB48;NIRRIG;D03M;manha;D03
1;BR16+CD202;EMB48;teste;348;B2_EMB48_NIRRIG_REPROD00004.asd;B2;EMB48;NIRRIG;D03M;manha;D03
1;BR16+CD202;EMB48;teste;349;B2_EMB48_NIRRIG_REPROD00005.asd;B2;EMB48;NIRRIG;D03M;manha;D03
1;BR16+CD202;EMB48;teste;350;B2_EMB48_NIRRIG_REPROD00006.asd;B2;EMB48;NIRRIG;D03M;manha;D03
1;BR16+CD202;EMB48;teste;351;B2_EMB48_NIRRIG_REPROD00007.asd;B2;EMB48;NIRRIG;D03M;manha;D03
1;BR16+CD202;EMB48;teste;352;B3_EMB48_IRRIG_REPROD00000.asd;B3;EMB48;IRRIG;D03M;manha;D03
1;BR16+CD202;EMB48;teste;353;B3_EMB48_IRRIG_REPROD00001.asd;B3;EMB48;IRRIG;D03M;manha;D03
1;BR16+CD202;EMB48;teste;354;B3_EMB48_IRRIG_REPROD00002.asd;B3;EMB48;IRRIG;D03M;manha;D03
1;BR16+CD202;EMB48;teste;355;B3_EMB48_IRRIG_REPROD00003.asd;B3;EMB48;IRRIG;D03M;manha;D03
1;BR16+CD202;EMB48;teste;356;B3_EMB48_IRRIG_REPROD00004.asd;B3;EMB48;IRRIG;D03M;manha;D03
1;BR16+CD202;EMB48;teste;357;B3_EMB48_IRRIG_REPROD00005.asd;B3;EMB48;IRRIG;D03M;manha;D03
1;BR16+CD202;EMB48;teste;358;B3_EMB48_IRRIG_REPROD00006.asd;B3;EMB48;IRRIG;D03M;manha;D03
1;BR16+CD202;EMB48;teste;359;B3_EMB48_IRRIG_REPROD00007.asd;B3;EMB48;IRRIG;D03M;manha;D03
1;BR16+CD202;EMB48;teste;360;B3_EMB48_NIRRIG_REPROD00000.asd;B3;EMB48;NIRRIG;D03M;manha;D03
1;BR16+CD202;EMB48;teste;361;B3_EMB48_NIRRIG_REPROD00001.asd;B3;EMB48;NIRRIG;D03M;manha;D03
1;BR16+CD202;EMB48;teste;362;B3_EMB48_NIRRIG_REPROD00002.asd;B3;EMB48;NIRRIG;D03M;manha;D03
1;BR16+CD202;EMB48;teste;363;B3_EMB48_NIRRIG_REPROD00003.asd;B3;EMB48;NIRRIG;D03M;manha;D03
1;BR16+CD202;EMB48;teste;364;B3_EMB48_NIRRIG_REPROD00004.asd;B3;EMB48;NIRRIG;D03M;manha;D03
1;BR16+CD202;EMB48;teste;365;B3_EMB48_NIRRIG_REPROD00005.asd;B3;EMB48;NIRRIG;D03M;manha;D03
1;BR16+CD202;EMB48;teste;366;B3_EMB48_NIRRIG_REPROD00006.asd;B3;EMB48;NIRRIG;D03M;manha;D03
1;BR16+CD202;EMB48;teste;367;B3_EMB48_NIRRIG_REPROD00007.asd;B3;EMB48;NIRRIG;D03M;manha;D03
1;BR16+CD202;EMB48;teste;368;B4_EMB48_IRRIG_REPROD00000.asd;B4;EMB48;IRRIG;D03M;manha;D03
1;BR16+CD202;EMB48;teste;369;B4_EMB48_IRRIG_REPROD00001.asd;B4;EMB48;IRRIG;D03M;manha;D03
1;BR16+CD202;EMB48;teste;370;B4_EMB48_IRRIG_REPROD00002.asd;B4;EMB48;IRRIG;D03M;manha;D03
1;BR16+CD202;EMB48;teste;371;B4_EMB48_IRRIG_REPROD00003.asd;B4;EMB48;IRRIG;D03M;manha;D03
1;BR16+CD202;EMB48;teste;372;B4_EMB48_IRRIG_REPROD00004.asd;B4;EMB48;IRRIG;D03M;manha;D03
1;BR16+CD202;EMB48;teste;373;B4_EMB48_IRRIG_REPROD00005.asd;B4;EMB48;IRRIG;D03M;manha;D03
1;BR16+CD202;EMB48;teste;374;B4_EMB48_IRRIG_REPROD00006.asd;B4;EMB48;IRRIG;D03M;manha;D03
1;BR16+CD202;EMB48;teste;375;B4_EMB48_IRRIG_REPROD00007.asd;B4;EMB48;IRRIG;D03M;manha;D03
1;BR16+CD202;EMB48;teste;376;B4_EMB48_NIRRIG_REPROD00000.asd;B4;EMB48;NIRRIG;D03M;manha;D03
1;BR16+CD202;EMB48;teste;377;B4_EMB48_NIRRIG_REPROD00001.asd;B4;EMB48;NIRRIG;D03M;manha;D03
1;BR16+CD202;EMB48;teste;378;B4_EMB48_NIRRIG_REPROD00002.asd;B4;EMB48;NIRRIG;D03M;manha;D03
1;BR16+CD202;EMB48;teste;379;B4_EMB48_NIRRIG_REPROD00003.asd;B4;EMB48;NIRRIG;D03M;manha;D03
1;BR16+CD202;EMB48;teste;380;B4_EMB48_NIRRIG_REPROD00004.asd;B4;EMB48;NIRRIG;D03M;manha;D03
1;BR16+CD202;EMB48;teste;381;B4_EMB48_NIRRIG_REPROD00005.asd;B4;EMB48;NIRRIG;D03M;manha;D03
1;BR16+CD202;EMB48;teste;382;B4_EMB48_NIRRIG_REPROD00006.asd;B4;EMB48;NIRRIG;D03M;manha;D03
1;BR16+CD202;EMB48;teste;383;B4_EMB48_NIRRIG_REPROD00007.asd;B4;EMB48;NIRRIG;D03M;manha;D03
2;BR16+EMB48;CD202;treino;192;B1_BR16_IRRIG_REPROD00000.asd;B1;BR16;IRRIG;D03M;manha;D03
2;BR16+EMB48;CD202;treino;193;B1_BR16_IRRIG_REPROD00001.asd;B1;BR16;IRRIG;D03M;manha;D03
2;BR16+EMB48;CD202;treino;194;B1_BR16_IRRIG_REPROD00002.asd;B1;BR16;IRRIG;D03M;manha;D03
2;BR16+EMB48;CD202;treino;195;B1_BR16_IRRIG_REPROD00003.asd;B1;BR16;IRRIG;D03M;manha;D03
2;BR16+EMB48;CD202;treino;196;B1_BR16_IRRIG_REPROD00004.asd;B1;BR16;IRRIG;D03M;manha;D03
2;BR16+EMB48;CD202;treino;197;B1_BR16_IRRIG_REPROD00005.asd;B1;BR16;IRRIG;D03M;manha;D03
2;BR16+EMB48;CD202;treino;198;B1_BR16_IRRIG_REPROD00006.asd;B1;BR16;IRRIG;D03M;manha;D03
2;BR16+EMB48;CD202;treino;199;B1_BR16_IRRIG_REPROD00007.asd;B1;BR16;IRRIG;D03M;manha;D03
2;BR16+EMB48;CD202;treino;200;B1_BR16_NIRRIG_REPROD00000.asd;B1;BR16;NIRRIG;D03M;manha;D03
2;BR16+EMB48;CD202;treino;201;B1_BR16_NIRRIG_REPROD00001.asd;B1;BR16;NIRRIG;D03M;manha;D03
2;BR16+EMB48;CD202;treino;202;B1_BR16_NIRRIG_REPROD00002.asd;B1;BR16;NIRRIG;D03M;manha;D03
2;BR16+EMB48;CD202;treino;203;B1_BR16_NIRRIG_REPROD00003.asd;B1;BR16;NIRRIG;D03M;manha;D03
2;BR16+EMB48;CD202;treino;204;B1_BR16_NIRRIG_REPROD00004.asd;B1;BR16;NIRRIG;D03M;manha;D03
2;BR16+EMB48;CD202;treino;205;B1_BR16_NIRRIG_REPROD00005.asd;B1;BR16;NIRRIG;D03M;manha;D03
2;BR16+EMB48;CD202;treino;206;B1_BR16_NIRRIG_REPROD00006.asd;B1;BR16;NIRRIG;D03M;manha;D03
2;BR16+EMB48;CD202;treino;207;B1_BR16_NIRRIG_REPROD00007.asd;B1;BR16;NIRRIG;D03M;manha;D03
2;BR16+EMB48;CD202;treino;208;B2_BR16_IRRIG_REPROD00000.asd;B2;BR16;IRRIG;D03M;manha;D03
2;BR16+EMB48;CD202;treino;209;B2_BR16_IRRIG_REPROD00001.asd;B2;BR16;IRRIG;D03M;manha;D03
2;BR16+EMB48;CD202;treino;210;B2_BR16_IRRIG_REPROD00002.asd;B2;BR16;IRRIG;D03M;manha;D03
2;BR16+EMB48;CD202;treino;211;B2_BR16_IRRIG_REPROD00003.asd;B2;BR16;IRRIG;D03M;manha;D03
2;BR16+EMB48;CD202;treino;212;B2_BR16_IRRIG_REPROD00004.asd;B2;BR16;IRRIG;D03M;manha;D03
2;BR16+EMB48;CD202;treino;213;B2_BR16_IRRIG_REPROD00005.asd;B2;BR16;IRRIG;D03M;manha;D03
2;BR16+EMB48;CD202;treino;214;B2_BR16_IRRIG_REPROD00006.asd;B2;BR16;IRRIG;D03M;manha;D03
2;BR16+EMB48;CD202;treino;215;B2_BR16_IRRIG_REPROD00007.asd;B2;BR16;IRRIG;D03M;manha;D03
2;BR16+EMB48;CD202;treino;216;B2_BR16_NIRRIG_REPROD00000.asd;B2;BR16;NIRRIG;D03M;manha;D03
2;BR16+EMB48;CD202;treino;217;B2_BR16_NIRRIG_REPROD00001.asd;B2;BR16;NIRRIG;D03M;manha;D03
2;BR16+EMB48;CD202;treino;218;B2_BR16_NIRRIG_REPROD00002.asd;B2;BR16;NIRRIG;D03M;manha;D03
2;BR16+EMB48;CD202;treino;219;B2_BR16_NIRRIG_REPROD00003.asd;B2;BR16;NIRRIG;D03M;manha;D03
2;BR16+EMB48;CD202;treino;220;B2_BR16_NIRRIG_REPROD00004.asd;B2;BR16;NIRRIG;D03M;manha;D03
2;BR16+EMB48;CD202;treino;221;B2_BR16_NIRRIG_REPROD00005.asd;B2;BR16;NIRRIG;D03M;manha;D03
2;BR16+EMB48;CD202;treino;222;B2_BR16_NIRRIG_REPROD00006.asd;B2;BR16;NIRRIG;D03M;manha;D03
2;BR16+EMB48;CD202;treino;223;B2_BR16_NIRRIG_REPROD00007.asd;B2;BR16;NIRRIG;D03M;manha;D03
2;BR16+EMB48;CD202;treino;224;B3_BR16_IRRIG_REPROD00000.asd;B3;BR16;IRRIG;D03M;manha;D03
2;BR16+EMB48;CD202;treino;225;B3_BR16_IRRIG_REPROD00001.asd;B3;BR16;IRRIG;D03M;manha;D03
2;BR16+EMB48;CD202;treino;226;B3_BR16_IRRIG_REPROD00002.asd;B3;BR16;IRRIG;D03M;manha;D03
2;BR16+EMB48;CD202;treino;227;B3_BR16_IRRIG_REPROD00003.asd;B3;BR16;IRRIG;D03M;manha;D03
2;BR16+EMB48;CD202;treino;228;B3_BR16_IRRIG_REPROD00004.asd;B3;BR16;IRRIG;D03M;manha;D03
2;BR16+EMB48;CD202;treino;229;B3_BR16_IRRIG_REPROD00005.asd;B3;BR16;IRRIG;D03M;manha;D03
2;BR16+EMB48;CD202;treino;230;B3_BR16_IRRIG_REPROD00006.asd;B3;BR16;IRRIG;D03M;manha;D03
2;BR16+EMB48;CD202;treino;231;B3_BR16_IRRIG_REPROD00007.asd;B3;BR16;IRRIG;D03M;manha;D03
2;BR16+EMB48;CD202;treino;232;B3_BR16_NIRRIG_REPROD00000.asd;B3;BR16;NIRRIG;D03M;manha;D03
2;BR16+EMB48;CD202;treino;233;B3_BR16_NIRRIG_REPROD00001.asd;B3;BR16;NIRRIG;D03M;manha;D03
2;BR16+EMB48;CD202;treino;234;B3_BR16_NIRRIG_REPROD00002.asd;B3;BR16;NIRRIG;D03M;manha;D03
2;BR16+EMB48;CD202;treino;235;B3_BR16_NIRRIG_REPROD00003.asd;B3;BR16;NIRRIG;D03M;manha;D03
2;BR16+EMB48;CD202;treino;236;B3_BR16_NIRRIG_REPROD00004.asd;B3;BR16;NIRRIG;D03M;manha;D03
2;BR16+EMB48;CD202;treino;237;B3_BR16_NIRRIG_REPROD00005.asd;B3;BR16;NIRRIG;D03M;manha;D03
2;BR16+EMB48;CD202;treino;238;B3_BR16_NIRRIG_REPROD00006.asd;B3;BR16;NIRRIG;D03M;manha;D03
2;BR16+EMB48;CD202;treino;239;B3_BR16_NIRRIG_REPROD00007.asd;B3;BR16;NIRRIG;D03M;manha;D03
2;BR16+EMB48;CD202;treino;240;B4_BR16_IRRIG_REPROD00000.asd;B4;BR16;IRRIG;D03M;manha;D03
2;BR16+EMB48;CD202;treino;241;B4_BR16_IRRIG_REPROD00001.asd;B4;BR16;IRRIG;D03M;manha;D03
2;BR16+EMB48;CD202;treino;242;B4_BR16_IRRIG_REPROD00002.asd;B4;BR16;IRRIG;D03M;manha;D03
2;BR16+EMB48;CD202;treino;243;B4_BR16_IRRIG_REPROD00003.asd;B4;BR16;IRRIG;D03M;manha;D03
2;BR16+EMB48;CD202;treino;244;B4_BR16_IRRIG_REPROD00004.asd;B4;BR16;IRRIG;D03M;manha;D03
2;BR16+EMB48;CD202;treino;245;B4_BR16_IRRIG_REPROD00005.asd;B4;BR16;IRRIG;D03M;manha;D03
2;BR16+EMB48;CD202;treino;246;B4_BR16_IRRIG_REPROD00006.asd;B4;BR16;IRRIG;D03M;manha;D03
2;BR16+EMB48;CD202;treino;247;B4_BR16_IRRIG_REPROD00007.asd;B4;BR16;IRRIG;D03M;manha;D03
2;BR16+EMB48;CD202;treino;248;B4_BR16_NIRRIG_REPROD00000.asd;B4;BR16;NIRRIG;D03M;manha;D03
2;BR16+EMB48;CD202;treino;249;B4_BR16_NIRRIG_REPROD00001.asd;B4;BR16;NIRRIG;D03M;manha;D03
2;BR16+EMB48;CD202;treino;250;B4_BR16_NIRRIG_REPROD00002.asd;B4;BR16;NIRRIG;D03M;manha;D03
2;BR16+EMB48;CD202;treino;251;B4_BR16_NIRRIG_REPROD00003.asd;B4;BR16;NIRRIG;D03M;manha;D03
2;BR16+EMB48;CD202;treino;252;B4_BR16_NIRRIG_REPROD00004.asd;B4;BR16;NIRRIG;D03M;manha;D03
2;BR16+EMB48;CD202;treino;253;B4_BR16_NIRRIG_REPROD00005.asd;B4;BR16;NIRRIG;D03M;manha;D03
2;BR16+EMB48;CD202;treino;254;B4_BR16_NIRRIG_REPROD00006.asd;B4;BR16;NIRRIG;D03M;manha;D03
2;BR16+EMB48;CD202;treino;255;B4_BR16_NIRRIG_REPROD00007.asd;B4;BR16;NIRRIG;D03M;manha;D03
2;BR16+EMB48;CD202;treino;320;B1_EMB48_IRRIG_REPROD00000.asd;B1;EMB48;IRRIG;D03M;manha;D03
2;BR16+EMB48;CD202;treino;321;B1_EMB48_IRRIG_REPROD00001.asd;B1;EMB48;IRRIG;D03M;manha;D03
2;BR16+EMB48;CD202;treino;322;B1_EMB48_IRRIG_REPROD00002.asd;B1;EMB48;IRRIG;D03M;manha;D03
2;BR16+EMB48;CD202;treino;323;B1_EMB48_IRRIG_REPROD00003.asd;B1;EMB48;IRRIG;D03M;manha;D03
2;BR16+EMB48;CD202;treino;324;B1_EMB48_IRRIG_REPROD00004.asd;B1;EMB48;IRRIG;D03M;manha;D03
2;BR16+EMB48;CD202;treino;325;B1_EMB48_IRRIG_REPROD00005.asd;B1;EMB48;IRRIG;D03M;manha;D03
2;BR16+EMB48;CD202;treino;326;B1_EMB48_IRRIG_REPROD00006.asd;B1;EMB48;IRRIG;D03M;manha;D03
2;BR16+EMB48;CD202;treino;327;B1_EMB48_IRRIG_REPROD00007.asd;B1;EMB48;IRRIG;D03M;manha;D03
2;BR16+EMB48;CD202;treino;328;B1_EMB48_NIRRIG_REPROD00000.asd;B1;EMB48;NIRRIG;D03M;manha;D03
2;BR16+EMB48;CD202;treino;329;B1_EMB48_NIRRIG_REPROD00001.asd;B1;EMB48;NIRRIG;D03M;manha;D03
2;BR16+EMB48;CD202;treino;330;B1_EMB48_NIRRIG_REPROD00002.asd;B1;EMB48;NIRRIG;D03M;manha;D03
2;BR16+EMB48;CD202;treino;331;B1_EMB48_NIRRIG_REPROD00003.asd;B1;EMB48;NIRRIG;D03M;manha;D03
2;BR16+EMB48;CD202;treino;332;B1_EMB48_NIRRIG_REPROD00004.asd;B1;EMB48;NIRRIG;D03M;manha;D03
2;BR16+EMB48;CD202;treino;333;B1_EMB48_NIRRIG_REPROD00005.asd;B1;EMB48;NIRRIG;D03M;manha;D03
2;BR16+EMB48;CD202;treino;334;B1_EMB48_NIRRIG_REPROD00006.asd;B1;EMB48;NIRRIG;D03M;manha;D03
2;BR16+EMB48;CD202;treino;335;B1_EMB48_NIRRIG_REPROD00007.asd;B1;EMB48;NIRRIG;D03M;manha;D03
2;BR16+EMB48;CD202;treino;336;B2_EMB48_IRRIG_REPROD00000.asd;B2;EMB48;IRRIG;D03M;manha;D03
2;BR16+EMB48;CD202;treino;337;B2_EMB48_IRRIG_REPROD00001.asd;B2;EMB48;IRRIG;D03M;manha;D03
2;BR16+EMB48;CD202;treino;338;B2_EMB48_IRRIG_REPROD00002.asd;B2;EMB48;IRRIG;D03M;manha;D03
2;BR16+EMB48;CD202;treino;339;B2_EMB48_IRRIG_REPROD00003.asd;B2;EMB48;IRRIG;D03M;manha;D03
2;BR16+EMB48;CD202;treino;340;B2_EMB48_IRRIG_REPROD00004.asd;B2;EMB48;IRRIG;D03M;manha;D03
2;BR16+EMB48;CD202;treino;341;B2_EMB48_IRRIG_REPROD00005.asd;B2;EMB48;IRRIG;D03M;manha;D03
2;BR16+EMB48;CD202;treino;342;B2_EMB48_IRRIG_REPROD00006.asd;B2;EMB48;IRRIG;D03M;manha;D03
2;BR16+EMB48;CD202;treino;343;B2_EMB48_IRRIG_REPROD00007.asd;B2;EMB48;IRRIG;D03M;manha;D03
2;BR16+EMB48;CD202;treino;344;B2_EMB48_NIRRIG_REPROD00000.asd;B2;EMB48;NIRRIG;D03M;manha;D03
2;BR16+EMB48;CD202;treino;345;B2_EMB48_NIRRIG_REPROD00001.asd;B2;EMB48;NIRRIG;D03M;manha;D03
2;BR16+EMB48;CD202;treino;346;B2_EMB48_NIRRIG_REPROD00002.asd;B2;EMB48;NIRRIG;D03M;manha;D03
2;BR16+EMB48;CD202;treino;347;B2_EMB48_NIRRIG_REPROD00003.asd;B2;EMB48;NIRRIG;D03M;manha;D03
2;BR16+EMB48;CD202;treino;348;B2_EMB48_NIRRIG_REPROD00004.asd;B2;EMB48;NIRRIG;D03M;manha;D03
2;BR16+EMB48;CD202;treino;349;B2_EMB48_NIRRIG_REPROD00005.asd;B2;EMB48;NIRRIG;D03M;manha;D03
2;BR16+EMB48;CD202;treino;350;B2_EMB48_NIRRIG_REPROD00006.asd;B2;EMB48;NIRRIG;D03M;manha;D03
2;BR16+EMB48;CD202;treino;351;B2_EMB48_NIRRIG_REPROD00007.asd;B2;EMB48;NIRRIG;D03M;manha;D03
2;BR16+EMB48;CD202;treino;352;B3_EMB48_IRRIG_REPROD00000.asd;B3;EMB48;IRRIG;D03M;manha;D03
2;BR16+EMB48;CD202;treino;353;B3_EMB48_IRRIG_REPROD00001.asd;B3;EMB48;IRRIG;D03M;manha;D03
2;BR16+EMB48;CD202;treino;354;B3_EMB48_IRRIG_REPROD00002.asd;B3;EMB48;IRRIG;D03M;manha;D03
2;BR16+EMB48;CD202;treino;355;B3_EMB48_IRRIG_REPROD00003.asd;B3;EMB48;IRRIG;D03M;manha;D03
2;BR16+EMB48;CD202;treino;356;B3_EMB48_IRRIG_REPROD00004.asd;B3;EMB48;IRRIG;D03M;manha;D03
2;BR16+EMB48;CD202;treino;357;B3_EMB48_IRRIG_REPROD00005.asd;B3;EMB48;IRRIG;D03M;manha;D03
2;BR16+EMB48;CD202;treino;358;B3_EMB48_IRRIG_REPROD00006.asd;B3;EMB48;IRRIG;D03M;manha;D03
2;BR16+EMB48;CD202;treino;359;B3_EMB48_IRRIG_REPROD00007.asd;B3;EMB48;IRRIG;D03M;manha;D03
2;BR16+EMB48;CD202;treino;360;B3_EMB48_NIRRIG_REPROD00000.asd;B3;EMB48;NIRRIG;D03M;manha;D03
2;BR16+EMB48;CD202;treino;361;B3_EMB48_NIRRIG_REPROD00001.asd;B3;EMB48;NIRRIG;D03M;manha;D03
2;BR16+EMB48;CD202;treino;362;B3_EMB48_NIRRIG_REPROD00002.asd;B3;EMB48;NIRRIG;D03M;manha;D03
2;BR16+EMB48;CD202;treino;363;B3_EMB48_NIRRIG_REPROD00003.asd;B3;EMB48;NIRRIG;D03M;manha;D03
2;BR16+EMB48;CD202;treino;364;B3_EMB48_NIRRIG_REPROD00004.asd;B3;EMB48;NIRRIG;D03M;manha;D03
2;BR16+EMB48;CD202;treino;365;B3_EMB48_NIRRIG_REPROD00005.asd;B3;EMB48;NIRRIG;D03M;manha;D03
2;BR16+EMB48;CD202;treino;366;B3_EMB48_NIRRIG_REPROD00006.asd;B3;EMB48;NIRRIG;D03M;manha;D03
2;BR16+EMB48;CD202;treino;367;B3_EMB48_NIRRIG_REPROD00007.asd;B3;EMB48;NIRRIG;D03M;manha;D03
2;BR16+EMB48;CD202;treino;368;B4_EMB48_IRRIG_REPROD00000.asd;B4;EMB48;IRRIG;D03M;manha;D03
2;BR16+EMB48;CD202;treino;369;B4_EMB48_IRRIG_REPROD00001.asd;B4;EMB48;IRRIG;D03M;manha;D03
2;BR16+EMB48;CD202;treino;370;B4_EMB48_IRRIG_REPROD00002.asd;B4;EMB48;IRRIG;D03M;manha;D03
2;BR16+EMB48;CD202;treino;371;B4_EMB48_IRRIG_REPROD00003.asd;B4;EMB48;IRRIG;D03M;manha;D03
2;BR16+EMB48;CD202;treino;372;B4_EMB48_IRRIG_REPROD00004.asd;B4;EMB48;IRRIG;D03M;manha;D03
2;BR16+EMB48;CD202;treino;373;B4_EMB48_IRRIG_REPROD00005.asd;B4;EMB48;IRRIG;D03M;manha;D03
2;BR16+EMB48;CD202;treino;374;B4_EMB48_IRRIG_REPROD00006.asd;B4;EMB48;IRRIG;D03M;manha;D03
2;BR16+EMB48;CD202;treino;375;B4_EMB48_IRRIG_REPROD00007.asd;B4;EMB48;IRRIG;D03M;manha;D03
2;BR16+EMB48;CD202;treino;376;B4_EMB48_NIRRIG_REPROD00000.asd;B4;EMB48;NIRRIG;D03M;manha;D03
2;BR16+EMB48;CD202;treino;377;B4_EMB48_NIRRIG_REPROD00001.asd;B4;EMB48;NIRRIG;D03M;manha;D03
2;BR16+EMB48;CD202;treino;378;B4_EMB48_NIRRIG_REPROD00002.asd;B4;EMB48;NIRRIG;D03M;manha;D03
2;BR16+EMB48;CD202;treino;379;B4_EMB48_NIRRIG_REPROD00003.asd;B4;EMB48;NIRRIG;D03M;manha;D03
2;BR16+EMB48;CD202;treino;380;B4_EMB48_NIRRIG_REPROD00004.asd;B4;EMB48;NIRRIG;D03M;manha;D03
2;BR16+EMB48;CD202;treino;381;B4_EMB48_NIRRIG_REPROD00005.asd;B4;EMB48;NIRRIG;D03M;manha;D03
2;BR16+EMB48;CD202;treino;382;B4_EMB48_NIRRIG_REPROD00006.asd;B4;EMB48;NIRRIG;D03M;manha;D03
2;BR16+EMB48;CD202;treino;383;B4_EMB48_NIRRIG_REPROD00007.asd;B4;EMB48;NIRRIG;D03M;manha;D03
2;BR16+EMB48;CD202;teste;256;B1_CD202_IRRIG_REPROD00000.asd;B1;CD202;IRRIG;D03M;manha;D03
2;BR16+EMB48;CD202;teste;257;B1_CD202_IRRIG_REPROD00001.asd;B1;CD202;IRRIG;D03M;manha;D03
2;BR16+EMB48;CD202;teste;258;B1_CD202_IRRIG_REPROD00002.asd;B1;CD202;IRRIG;D03M;manha;D03
2;BR16+EMB48;CD202;teste;259;B1_CD202_IRRIG_REPROD00003.asd;B1;CD202;IRRIG;D03M;manha;D03
2;BR16+EMB48;CD202;teste;260;B1_CD202_IRRIG_REPROD00004.asd;B1;CD202;IRRIG;D03M;manha;D03
2;BR16+EMB48;CD202;teste;261;B1_CD202_IRRIG_REPROD00005.asd;B1;CD202;IRRIG;D03M;manha;D03
2;BR16+EMB48;CD202;teste;262;B1_CD202_IRRIG_REPROD00006.asd;B1;CD202;IRRIG;D03M;manha;D03
2;BR16+EMB48;CD202;teste;263;B1_CD202_IRRIG_REPROD00007.asd;B1;CD202;IRRIG;D03M;manha;D03
2;BR16+EMB48;CD202;teste;264;B1_CD202_NIRRIG_REPROD00000.asd;B1;CD202;NIRRIG;D03M;manha;D03
2;BR16+EMB48;CD202;teste;265;B1_CD202_NIRRIG_REPROD00001.asd;B1;CD202;NIRRIG;D03M;manha;D03
2;BR16+EMB48;CD202;teste;266;B1_CD202_NIRRIG_REPROD00002.asd;B1;CD202;NIRRIG;D03M;manha;D03
2;BR16+EMB48;CD202;teste;267;B1_CD202_NIRRIG_REPROD00003.asd;B1;CD202;NIRRIG;D03M;manha;D03
2;BR16+EMB48;CD202;teste;268;B1_CD202_NIRRIG_REPROD00004.asd;B1;CD202;NIRRIG;D03M;manha;D03
2;BR16+EMB48;CD202;teste;269;B1_CD202_NIRRIG_REPROD00005.asd;B1;CD202;NIRRIG;D03M;manha;D03
2;BR16+EMB48;CD202;teste;270;B1_CD202_NIRRIG_REPROD00006.asd;B1;CD202;NIRRIG;D03M;manha;D03
2;BR16+EMB48;CD202;teste;271;B1_CD202_NIRRIG_REPROD00007.asd;B1;CD202;NIRRIG;D03M;manha;D03
2;BR16+EMB48;CD202;teste;272;B2_CD202_IRRIG_REPROD00000.asd;B2;CD202;IRRIG;D03M;manha;D03
2;BR16+EMB48;CD202;teste;273;B2_CD202_IRRIG_REPROD00001.asd;B2;CD202;IRRIG;D03M;manha;D03
2;BR16+EMB48;CD202;teste;274;B2_CD202_IRRIG_REPROD00002.asd;B2;CD202;IRRIG;D03M;manha;D03
2;BR16+EMB48;CD202;teste;275;B2_CD202_IRRIG_REPROD00003.asd;B2;CD202;IRRIG;D03M;manha;D03
2;BR16+EMB48;CD202;teste;276;B2_CD202_IRRIG_REPROD00004.asd;B2;CD202;IRRIG;D03M;manha;D03
2;BR16+EMB48;CD202;teste;277;B2_CD202_IRRIG_REPROD00005.asd;B2;CD202;IRRIG;D03M;manha;D03
2;BR16+EMB48;CD202;teste;278;B2_CD202_IRRIG_REPROD00006.asd;B2;CD202;IRRIG;D03M;manha;D03
2;BR16+EMB48;CD202;teste;279;B2_CD202_IRRIG_REPROD00007.asd;B2;CD202;IRRIG;D03M;manha;D03
2;BR16+EMB48;CD202;teste;280;B2_CD202_NIRRIG_REPROD00000.asd;B2;CD202;NIRRIG;D03M;manha;D03
2;BR16+EMB48;CD202;teste;281;B2_CD202_NIRRIG_REPROD00001.asd;B2;CD202;NIRRIG;D03M;manha;D03
2;BR16+EMB48;CD202;teste;282;B2_CD202_NIRRIG_REPROD00002.asd;B2;CD202;NIRRIG;D03M;manha;D03
2;BR16+EMB48;CD202;teste;283;B2_CD202_NIRRIG_REPROD00003.asd;B2;CD202;NIRRIG;D03M;manha;D03
2;BR16+EMB48;CD202;teste;284;B2_CD202_NIRRIG_REPROD00004.asd;B2;CD202;NIRRIG;D03M;manha;D03
2;BR16+EMB48;CD202;teste;285;B2_CD202_NIRRIG_REPROD00005.asd;B2;CD202;NIRRIG;D03M;manha;D03
2;BR16+EMB48;CD202;teste;286;B2_CD202_NIRRIG_REPROD00006.asd;B2;CD202;NIRRIG;D03M;manha;D03
2;BR16+EMB48;CD202;teste;287;B2_CD202_NIRRIG_REPROD00007.asd;B2;CD202;NIRRIG;D03M;manha;D03
2;BR16+EMB48;CD202;teste;288;B3_CD202_IRRIG_REPROD00000.asd;B3;CD202;IRRIG;D03M;manha;D03
2;BR16+EMB48;CD202;teste;289;B3_CD202_IRRIG_REPROD00001.asd;B3;CD202;IRRIG;D03M;manha;D03
2;BR16+EMB48;CD202;teste;290;B3_CD202_IRRIG_REPROD00002.asd;B3;CD202;IRRIG;D03M;manha;D03
2;BR16+EMB48;CD202;teste;291;B3_CD202_IRRIG_REPROD00003.asd;B3;CD202;IRRIG;D03M;manha;D03
2;BR16+EMB48;CD202;teste;292;B3_CD202_IRRIG_REPROD00004.asd;B3;CD202;IRRIG;D03M;manha;D03
2;BR16+EMB48;CD202;teste;293;B3_CD202_IRRIG_REPROD00005.asd;B3;CD202;IRRIG;D03M;manha;D03
2;BR16+EMB48;CD202;teste;294;B3_CD202_IRRIG_REPROD00006.asd;B3;CD202;IRRIG;D03M;manha;D03
2;BR16+EMB48;CD202;teste;295;B3_CD202_IRRIG_REPROD00007.asd;B3;CD202;IRRIG;D03M;manha;D03
2;BR16+EMB48;CD202;teste;296;B3_CD202_NIRRIG_REPROD00000.asd;B3;CD202;NIRRIG;D03M;manha;D03
2;BR16+EMB48;CD202;teste;297;B3_CD202_NIRRIG_REPROD00001.asd;B3;CD202;NIRRIG;D03M;manha;D03
2;BR16+EMB48;CD202;teste;298;B3_CD202_NIRRIG_REPROD00002.asd;B3;CD202;NIRRIG;D03M;manha;D03
2;BR16+EMB48;CD202;teste;299;B3_CD202_NIRRIG_REPROD00003.asd;B3;CD202;NIRRIG;D03M;manha;D03
2;BR16+EMB48;CD202;teste;300;B3_CD202_NIRRIG_REPROD00004.asd;B3;CD202;NIRRIG;D03M;manha;D03
2;BR16+EMB48;CD202;teste;301;B3_CD202_NIRRIG_REPROD00005.asd;B3;CD202;NIRRIG;D03M;manha;D03
2;BR16+EMB48;CD202;teste;302;B3_CD202_NIRRIG_REPROD00006.asd;B3;CD202;NIRRIG;D03M;manha;D03
2;BR16+EMB48;CD202;teste;303;B3_CD202_NIRRIG_REPROD00007.asd;B3;CD202;NIRRIG;D03M;manha;D03
2;BR16+EMB48;CD202;teste;304;B4_CD202_IRRIG_REPROD00000.asd;B4;CD202;IRRIG;D03M;manha;D03
2;BR16+EMB48;CD202;teste;305;B4_CD202_IRRIG_REPROD00001.asd;B4;CD202;IRRIG;D03M;manha;D03
2;BR16+EMB48;CD202;teste;306;B4_CD202_IRRIG_REPROD00002.asd;B4;CD202;IRRIG;D03M;manha;D03
2;BR16+EMB48;CD202;teste;307;B4_CD202_IRRIG_REPROD00003.asd;B4;CD202;IRRIG;D03M;manha;D03
2;BR16+EMB48;CD202;teste;308;B4_CD202_IRRIG_REPROD00004.asd;B4;CD202;IRRIG;D03M;manha;D03
2;BR16+EMB48;CD202;teste;309;B4_CD202_IRRIG_REPROD00005.asd;B4;CD202;IRRIG;D03M;manha;D03
2;BR16+EMB48;CD202;teste;310;B4_CD202_IRRIG_REPROD00006.asd;B4;CD202;IRRIG;D03M;manha;D03
2;BR16+EMB48;CD202;teste;311;B4_CD202_IRRIG_REPROD00007.asd;B4;CD202;IRRIG;D03M;manha;D03
2;BR16+EMB48;CD202;teste;312;B4_CD202_NIRRIG_REPROD00000.asd;B4;CD202;NIRRIG;D03M;manha;D03
2;BR16+EMB48;CD202;teste;313;B4_CD202_NIRRIG_REPROD00001.asd;B4;CD202;NIRRIG;D03M;manha;D03
2;BR16+EMB48;CD202;teste;314;B4_CD202_NIRRIG_REPROD00002.asd;B4;CD202;NIRRIG;D03M;manha;D03
2;BR16+EMB48;CD202;teste;315;B4_CD202_NIRRIG_REPROD00003.asd;B4;CD202;NIRRIG;D03M;manha;D03
2;BR16+EMB48;CD202;teste;316;B4_CD202_NIRRIG_REPROD00004.asd;B4;CD202;NIRRIG;D03M;manha;D03
2;BR16+EMB48;CD202;teste;317;B4_CD202_NIRRIG_REPROD00005.asd;B4;CD202;NIRRIG;D03M;manha;D03
2;BR16+EMB48;CD202;teste;318;B4_CD202_NIRRIG_REPROD00006.asd;B4;CD202;NIRRIG;D03M;manha;D03
2;BR16+EMB48;CD202;teste;319;B4_CD202_NIRRIG_REPROD00007.asd;B4;CD202;NIRRIG;D03M;manha;D03
3;CD202+EMB48;BR16;treino;256;B1_CD202_IRRIG_REPROD00000.asd;B1;CD202;IRRIG;D03M;manha;D03
3;CD202+EMB48;BR16;treino;257;B1_CD202_IRRIG_REPROD00001.asd;B1;CD202;IRRIG;D03M;manha;D03
3;CD202+EMB48;BR16;treino;258;B1_CD202_IRRIG_REPROD00002.asd;B1;CD202;IRRIG;D03M;manha;D03
3;CD202+EMB48;BR16;treino;259;B1_CD202_IRRIG_REPROD00003.asd;B1;CD202;IRRIG;D03M;manha;D03
3;CD202+EMB48;BR16;treino;260;B1_CD202_IRRIG_REPROD00004.asd;B1;CD202;IRRIG;D03M;manha;D03
3;CD202+EMB48;BR16;treino;261;B1_CD202_IRRIG_REPROD00005.asd;B1;CD202;IRRIG;D03M;manha;D03
3;CD202+EMB48;BR16;treino;262;B1_CD202_IRRIG_REPROD00006.asd;B1;CD202;IRRIG;D03M;manha;D03
3;CD202+EMB48;BR16;treino;263;B1_CD202_IRRIG_REPROD00007.asd;B1;CD202;IRRIG;D03M;manha;D03
3;CD202+EMB48;BR16;treino;264;B1_CD202_NIRRIG_REPROD00000.asd;B1;CD202;NIRRIG;D03M;manha;D03
3;CD202+EMB48;BR16;treino;265;B1_CD202_NIRRIG_REPROD00001.asd;B1;CD202;NIRRIG;D03M;manha;D03
3;CD202+EMB48;BR16;treino;266;B1_CD202_NIRRIG_REPROD00002.asd;B1;CD202;NIRRIG;D03M;manha;D03
3;CD202+EMB48;BR16;treino;267;B1_CD202_NIRRIG_REPROD00003.asd;B1;CD202;NIRRIG;D03M;manha;D03
3;CD202+EMB48;BR16;treino;268;B1_CD202_NIRRIG_REPROD00004.asd;B1;CD202;NIRRIG;D03M;manha;D03
3;CD202+EMB48;BR16;treino;269;B1_CD202_NIRRIG_REPROD00005.asd;B1;CD202;NIRRIG;D03M;manha;D03
3;CD202+EMB48;BR16;treino;270;B1_CD202_NIRRIG_REPROD00006.asd;B1;CD202;NIRRIG;D03M;manha;D03
3;CD202+EMB48;BR16;treino;271;B1_CD202_NIRRIG_REPROD00007.asd;B1;CD202;NIRRIG;D03M;manha;D03
3;CD202+EMB48;BR16;treino;272;B2_CD202_IRRIG_REPROD00000.asd;B2;CD202;IRRIG;D03M;manha;D03
3;CD202+EMB48;BR16;treino;273;B2_CD202_IRRIG_REPROD00001.asd;B2;CD202;IRRIG;D03M;manha;D03
3;CD202+EMB48;BR16;treino;274;B2_CD202_IRRIG_REPROD00002.asd;B2;CD202;IRRIG;D03M;manha;D03
3;CD202+EMB48;BR16;treino;275;B2_CD202_IRRIG_REPROD00003.asd;B2;CD202;IRRIG;D03M;manha;D03
3;CD202+EMB48;BR16;treino;276;B2_CD202_IRRIG_REPROD00004.asd;B2;CD202;IRRIG;D03M;manha;D03
3;CD202+EMB48;BR16;treino;277;B2_CD202_IRRIG_REPROD00005.asd;B2;CD202;IRRIG;D03M;manha;D03
3;CD202+EMB48;BR16;treino;278;B2_CD202_IRRIG_REPROD00006.asd;B2;CD202;IRRIG;D03M;manha;D03
3;CD202+EMB48;BR16;treino;279;B2_CD202_IRRIG_REPROD00007.asd;B2;CD202;IRRIG;D03M;manha;D03
3;CD202+EMB48;BR16;treino;280;B2_CD202_NIRRIG_REPROD00000.asd;B2;CD202;NIRRIG;D03M;manha;D03
3;CD202+EMB48;BR16;treino;281;B2_CD202_NIRRIG_REPROD00001.asd;B2;CD202;NIRRIG;D03M;manha;D03
3;CD202+EMB48;BR16;treino;282;B2_CD202_NIRRIG_REPROD00002.asd;B2;CD202;NIRRIG;D03M;manha;D03
3;CD202+EMB48;BR16;treino;283;B2_CD202_NIRRIG_REPROD00003.asd;B2;CD202;NIRRIG;D03M;manha;D03
3;CD202+EMB48;BR16;treino;284;B2_CD202_NIRRIG_REPROD00004.asd;B2;CD202;NIRRIG;D03M;manha;D03
3;CD202+EMB48;BR16;treino;285;B2_CD202_NIRRIG_REPROD00005.asd;B2;CD202;NIRRIG;D03M;manha;D03
3;CD202+EMB48;BR16;treino;286;B2_CD202_NIRRIG_REPROD00006.asd;B2;CD202;NIRRIG;D03M;manha;D03
3;CD202+EMB48;BR16;treino;287;B2_CD202_NIRRIG_REPROD00007.asd;B2;CD202;NIRRIG;D03M;manha;D03
3;CD202+EMB48;BR16;treino;288;B3_CD202_IRRIG_REPROD00000.asd;B3;CD202;IRRIG;D03M;manha;D03
3;CD202+EMB48;BR16;treino;289;B3_CD202_IRRIG_REPROD00001.asd;B3;CD202;IRRIG;D03M;manha;D03
3;CD202+EMB48;BR16;treino;290;B3_CD202_IRRIG_REPROD00002.asd;B3;CD202;IRRIG;D03M;manha;D03
3;CD202+EMB48;BR16;treino;291;B3_CD202_IRRIG_REPROD00003.asd;B3;CD202;IRRIG;D03M;manha;D03
3;CD202+EMB48;BR16;treino;292;B3_CD202_IRRIG_REPROD00004.asd;B3;CD202;IRRIG;D03M;manha;D03
3;CD202+EMB48;BR16;treino;293;B3_CD202_IRRIG_REPROD00005.asd;B3;CD202;IRRIG;D03M;manha;D03
3;CD202+EMB48;BR16;treino;294;B3_CD202_IRRIG_REPROD00006.asd;B3;CD202;IRRIG;D03M;manha;D03
3;CD202+EMB48;BR16;treino;295;B3_CD202_IRRIG_REPROD00007.asd;B3;CD202;IRRIG;D03M;manha;D03
3;CD202+EMB48;BR16;treino;296;B3_CD202_NIRRIG_REPROD00000.asd;B3;CD202;NIRRIG;D03M;manha;D03
3;CD202+EMB48;BR16;treino;297;B3_CD202_NIRRIG_REPROD00001.asd;B3;CD202;NIRRIG;D03M;manha;D03
3;CD202+EMB48;BR16;treino;298;B3_CD202_NIRRIG_REPROD00002.asd;B3;CD202;NIRRIG;D03M;manha;D03
3;CD202+EMB48;BR16;treino;299;B3_CD202_NIRRIG_REPROD00003.asd;B3;CD202;NIRRIG;D03M;manha;D03
3;CD202+EMB48;BR16;treino;300;B3_CD202_NIRRIG_REPROD00004.asd;B3;CD202;NIRRIG;D03M;manha;D03
3;CD202+EMB48;BR16;treino;301;B3_CD202_NIRRIG_REPROD00005.asd;B3;CD202;NIRRIG;D03M;manha;D03
3;CD202+EMB48;BR16;treino;302;B3_CD202_NIRRIG_REPROD00006.asd;B3;CD202;NIRRIG;D03M;manha;D03
3;CD202+EMB48;BR16;treino;303;B3_CD202_NIRRIG_REPROD00007.asd;B3;CD202;NIRRIG;D03M;manha;D03
3;CD202+EMB48;BR16;treino;304;B4_CD202_IRRIG_REPROD00000.asd;B4;CD202;IRRIG;D03M;manha;D03
3;CD202+EMB48;BR16;treino;305;B4_CD202_IRRIG_REPROD00001.asd;B4;CD202;IRRIG;D03M;manha;D03
3;CD202+EMB48;BR16;treino;306;B4_CD202_IRRIG_REPROD00002.asd;B4;CD202;IRRIG;D03M;manha;D03
3;CD202+EMB48;BR16;treino;307;B4_CD202_IRRIG_REPROD00003.asd;B4;CD202;IRRIG;D03M;manha;D03
3;CD202+EMB48;BR16;treino;308;B4_CD202_IRRIG_REPROD00004.asd;B4;CD202;IRRIG;D03M;manha;D03
3;CD202+EMB48;BR16;treino;309;B4_CD202_IRRIG_REPROD00005.asd;B4;CD202;IRRIG;D03M;manha;D03
3;CD202+EMB48;BR16;treino;310;B4_CD202_IRRIG_REPROD00006.asd;B4;CD202;IRRIG;D03M;manha;D03
3;CD202+EMB48;BR16;treino;311;B4_CD202_IRRIG_REPROD00007.asd;B4;CD202;IRRIG;D03M;manha;D03
3;CD202+EMB48;BR16;treino;312;B4_CD202_NIRRIG_REPROD00000.asd;B4;CD202;NIRRIG;D03M;manha;D03
3;CD202+EMB48;BR16;treino;313;B4_CD202_NIRRIG_REPROD00001.asd;B4;CD202;NIRRIG;D03M;manha;D03
3;CD202+EMB48;BR16;treino;314;B4_CD202_NIRRIG_REPROD00002.asd;B4;CD202;NIRRIG;D03M;manha;D03
3;CD202+EMB48;BR16;treino;315;B4_CD202_NIRRIG_REPROD00003.asd;B4;CD202;NIRRIG;D03M;manha;D03
3;CD202+EMB48;BR16;treino;316;B4_CD202_NIRRIG_REPROD00004.asd;B4;CD202;NIRRIG;D03M;manha;D03
3;CD202+EMB48;BR16;treino;317;B4_CD202_NIRRIG_REPROD00005.asd;B4;CD202;NIRRIG;D03M;manha;D03
3;CD202+EMB48;BR16;treino;318;B4_CD202_NIRRIG_REPROD00006.asd;B4;CD202;NIRRIG;D03M;manha;D03
3;CD202+EMB48;BR16;treino;319;B4_CD202_NIRRIG_REPROD00007.asd;B4;CD202;NIRRIG;D03M;manha;D03
3;CD202+EMB48;BR16;treino;320;B1_EMB48_IRRIG_REPROD00000.asd;B1;EMB48;IRRIG;D03M;manha;D03
3;CD202+EMB48;BR16;treino;321;B1_EMB48_IRRIG_REPROD00001.asd;B1;EMB48;IRRIG;D03M;manha;D03
3;CD202+EMB48;BR16;treino;322;B1_EMB48_IRRIG_REPROD00002.asd;B1;EMB48;IRRIG;D03M;manha;D03
3;CD202+EMB48;BR16;treino;323;B1_EMB48_IRRIG_REPROD00003.asd;B1;EMB48;IRRIG;D03M;manha;D03
3;CD202+EMB48;BR16;treino;324;B1_EMB48_IRRIG_REPROD00004.asd;B1;EMB48;IRRIG;D03M;manha;D03
3;CD202+EMB48;BR16;treino;325;B1_EMB48_IRRIG_REPROD00005.asd;B1;EMB48;IRRIG;D03M;manha;D03
3;CD202+EMB48;BR16;treino;326;B1_EMB48_IRRIG_REPROD00006.asd;B1;EMB48;IRRIG;D03M;manha;D03
3;CD202+EMB48;BR16;treino;327;B1_EMB48_IRRIG_REPROD00007.asd;B1;EMB48;IRRIG;D03M;manha;D03
3;CD202+EMB48;BR16;treino;328;B1_EMB48_NIRRIG_REPROD00000.asd;B1;EMB48;NIRRIG;D03M;manha;D03
3;CD202+EMB48;BR16;treino;329;B1_EMB48_NIRRIG_REPROD00001.asd;B1;EMB48;NIRRIG;D03M;manha;D03
3;CD202+EMB48;BR16;treino;330;B1_EMB48_NIRRIG_REPROD00002.asd;B1;EMB48;NIRRIG;D03M;manha;D03
3;CD202+EMB48;BR16;treino;331;B1_EMB48_NIRRIG_REPROD00003.asd;B1;EMB48;NIRRIG;D03M;manha;D03
3;CD202+EMB48;BR16;treino;332;B1_EMB48_NIRRIG_REPROD00004.asd;B1;EMB48;NIRRIG;D03M;manha;D03
3;CD202+EMB48;BR16;treino;333;B1_EMB48_NIRRIG_REPROD00005.asd;B1;EMB48;NIRRIG;D03M;manha;D03
3;CD202+EMB48;BR16;treino;334;B1_EMB48_NIRRIG_REPROD00006.asd;B1;EMB48;NIRRIG;D03M;manha;D03
3;CD202+EMB48;BR16;treino;335;B1_EMB48_NIRRIG_REPROD00007.asd;B1;EMB48;NIRRIG;D03M;manha;D03
3;CD202+EMB48;BR16;treino;336;B2_EMB48_IRRIG_REPROD00000.asd;B2;EMB48;IRRIG;D03M;manha;D03
3;CD202+EMB48;BR16;treino;337;B2_EMB48_IRRIG_REPROD00001.asd;B2;EMB48;IRRIG;D03M;manha;D03
3;CD202+EMB48;BR16;treino;338;B2_EMB48_IRRIG_REPROD00002.asd;B2;EMB48;IRRIG;D03M;manha;D03
3;CD202+EMB48;BR16;treino;339;B2_EMB48_IRRIG_REPROD00003.asd;B2;EMB48;IRRIG;D03M;manha;D03
3;CD202+EMB48;BR16;treino;340;B2_EMB48_IRRIG_REPROD00004.asd;B2;EMB48;IRRIG;D03M;manha;D03
3;CD202+EMB48;BR16;treino;341;B2_EMB48_IRRIG_REPROD00005.asd;B2;EMB48;IRRIG;D03M;manha;D03
3;CD202+EMB48;BR16;treino;342;B2_EMB48_IRRIG_REPROD00006.asd;B2;EMB48;IRRIG;D03M;manha;D03
3;CD202+EMB48;BR16;treino;343;B2_EMB48_IRRIG_REPROD00007.asd;B2;EMB48;IRRIG;D03M;manha;D03
3;CD202+EMB48;BR16;treino;344;B2_EMB48_NIRRIG_REPROD00000.asd;B2;EMB48;NIRRIG;D03M;manha;D03
3;CD202+EMB48;BR16;treino;345;B2_EMB48_NIRRIG_REPROD00001.asd;B2;EMB48;NIRRIG;D03M;manha;D03
3;CD202+EMB48;BR16;treino;346;B2_EMB48_NIRRIG_REPROD00002.asd;B2;EMB48;NIRRIG;D03M;manha;D03
3;CD202+EMB48;BR16;treino;347;B2_EMB48_NIRRIG_REPROD00003.asd;B2;EMB48;NIRRIG;D03M;manha;D03
3;CD202+EMB48;BR16;treino;348;B2_EMB48_NIRRIG_REPROD00004.asd;B2;EMB48;NIRRIG;D03M;manha;D03
3;CD202+EMB48;BR16;treino;349;B2_EMB48_NIRRIG_REPROD00005.asd;B2;EMB48;NIRRIG;D03M;manha;D03
3;CD202+EMB48;BR16;treino;350;B2_EMB48_NIRRIG_REPROD00006.asd;B2;EMB48;NIRRIG;D03M;manha;D03
3;CD202+EMB48;BR16;treino;351;B2_EMB48_NIRRIG_REPROD00007.asd;B2;EMB48;NIRRIG;D03M;manha;D03
3;CD202+EMB48;BR16;treino;352;B3_EMB48_IRRIG_REPROD00000.asd;B3;EMB48;IRRIG;D03M;manha;D03
3;CD202+EMB48;BR16;treino;353;B3_EMB48_IRRIG_REPROD00001.asd;B3;EMB48;IRRIG;D03M;manha;D03
3;CD202+EMB48;BR16;treino;354;B3_EMB48_IRRIG_REPROD00002.asd;B3;EMB48;IRRIG;D03M;manha;D03
3;CD202+EMB48;BR16;treino;355;B3_EMB48_IRRIG_REPROD00003.asd;B3;EMB48;IRRIG;D03M;manha;D03
3;CD202+EMB48;BR16;treino;356;B3_EMB48_IRRIG_REPROD00004.asd;B3;EMB48;IRRIG;D03M;manha;D03
3;CD202+EMB48;BR16;treino;357;B3_EMB48_IRRIG_REPROD00005.asd;B3;EMB48;IRRIG;D03M;manha;D03
3;CD202+EMB48;BR16;treino;358;B3_EMB48_IRRIG_REPROD00006.asd;B3;EMB48;IRRIG;D03M;manha;D03
3;CD202+EMB48;BR16;treino;359;B3_EMB48_IRRIG_REPROD00007.asd;B3;EMB48;IRRIG;D03M;manha;D03
3;CD202+EMB48;BR16;treino;360;B3_EMB48_NIRRIG_REPROD00000.asd;B3;EMB48;NIRRIG;D03M;manha;D03
3;CD202+EMB48;BR16;treino;361;B3_EMB48_NIRRIG_REPROD00001.asd;B3;EMB48;NIRRIG;D03M;manha;D03
3;CD202+EMB48;BR16;treino;362;B3_EMB48_NIRRIG_REPROD00002.asd;B3;EMB48;NIRRIG;D03M;manha;D03
3;CD202+EMB48;BR16;treino;363;B3_EMB48_NIRRIG_REPROD00003.asd;B3;EMB48;NIRRIG;D03M;manha;D03
3;CD202+EMB48;BR16;treino;364;B3_EMB48_NIRRIG_REPROD00004.asd;B3;EMB48;NIRRIG;D03M;manha;D03
3;CD202+EMB48;BR16;treino;365;B3_EMB48_NIRRIG_REPROD00005.asd;B3;EMB48;NIRRIG;D03M;manha;D03
3;CD202+EMB48;BR16;treino;366;B3_EMB48_NIRRIG_REPROD00006.asd;B3;EMB48;NIRRIG;D03M;manha;D03
3;CD202+EMB48;BR16;treino;367;B3_EMB48_NIRRIG_REPROD00007.asd;B3;EMB48;NIRRIG;D03M;manha;D03
3;CD202+EMB48;BR16;treino;368;B4_EMB48_IRRIG_REPROD00000.asd;B4;EMB48;IRRIG;D03M;manha;D03
3;CD202+EMB48;BR16;treino;369;B4_EMB48_IRRIG_REPROD00001.asd;B4;EMB48;IRRIG;D03M;manha;D03
3;CD202+EMB48;BR16;treino;370;B4_EMB48_IRRIG_REPROD00002.asd;B4;EMB48;IRRIG;D03M;manha;D03
3;CD202+EMB48;BR16;treino;371;B4_EMB48_IRRIG_REPROD00003.asd;B4;EMB48;IRRIG;D03M;manha;D03
3;CD202+EMB48;BR16;treino;372;B4_EMB48_IRRIG_REPROD00004.asd;B4;EMB48;IRRIG;D03M;manha;D03
3;CD202+EMB48;BR16;treino;373;B4_EMB48_IRRIG_REPROD00005.asd;B4;EMB48;IRRIG;D03M;manha;D03
3;CD202+EMB48;BR16;treino;374;B4_EMB48_IRRIG_REPROD00006.asd;B4;EMB48;IRRIG;D03M;manha;D03
3;CD202+EMB48;BR16;treino;375;B4_EMB48_IRRIG_REPROD00007.asd;B4;EMB48;IRRIG;D03M;manha;D03
3;CD202+EMB48;BR16;treino;376;B4_EMB48_NIRRIG_REPROD00000.asd;B4;EMB48;NIRRIG;D03M;manha;D03
3;CD202+EMB48;BR16;treino;377;B4_EMB48_NIRRIG_REPROD00001.asd;B4;EMB48;NIRRIG;D03M;manha;D03
3;CD202+EMB48;BR16;treino;378;B4_EMB48_NIRRIG_REPROD00002.asd;B4;EMB48;NIRRIG;D03M;manha;D03
3;CD202+EMB48;BR16;treino;379;B4_EMB48_NIRRIG_REPROD00003.asd;B4;EMB48;NIRRIG;D03M;manha;D03
3;CD202+EMB48;BR16;treino;380;B4_EMB48_NIRRIG_REPROD00004.asd;B4;EMB48;NIRRIG;D03M;manha;D03
3;CD202+EMB48;BR16;treino;381;B4_EMB48_NIRRIG_REPROD00005.asd;B4;EMB48;NIRRIG;D03M;manha;D03
3;CD202+EMB48;BR16;treino;382;B4_EMB48_NIRRIG_REPROD00006.asd;B4;EMB48;NIRRIG;D03M;manha;D03
3;CD202+EMB48;BR16;treino;383;B4_EMB48_NIRRIG_REPROD00007.asd;B4;EMB48;NIRRIG;D03M;manha;D03
3;CD202+EMB48;BR16;teste;192;B1_BR16_IRRIG_REPROD00000.asd;B1;BR16;IRRIG;D03M;manha;D03
3;CD202+EMB48;BR16;teste;193;B1_BR16_IRRIG_REPROD00001.asd;B1;BR16;IRRIG;D03M;manha;D03
3;CD202+EMB48;BR16;teste;194;B1_BR16_IRRIG_REPROD00002.asd;B1;BR16;IRRIG;D03M;manha;D03
3;CD202+EMB48;BR16;teste;195;B1_BR16_IRRIG_REPROD00003.asd;B1;BR16;IRRIG;D03M;manha;D03
3;CD202+EMB48;BR16;teste;196;B1_BR16_IRRIG_REPROD00004.asd;B1;BR16;IRRIG;D03M;manha;D03
3;CD202+EMB48;BR16;teste;197;B1_BR16_IRRIG_REPROD00005.asd;B1;BR16;IRRIG;D03M;manha;D03
3;CD202+EMB48;BR16;teste;198;B1_BR16_IRRIG_REPROD00006.asd;B1;BR16;IRRIG;D03M;manha;D03
3;CD202+EMB48;BR16;teste;199;B1_BR16_IRRIG_REPROD00007.asd;B1;BR16;IRRIG;D03M;manha;D03
3;CD202+EMB48;BR16;teste;200;B1_BR16_NIRRIG_REPROD00000.asd;B1;BR16;NIRRIG;D03M;manha;D03
3;CD202+EMB48;BR16;teste;201;B1_BR16_NIRRIG_REPROD00001.asd;B1;BR16;NIRRIG;D03M;manha;D03
3;CD202+EMB48;BR16;teste;202;B1_BR16_NIRRIG_REPROD00002.asd;B1;BR16;NIRRIG;D03M;manha;D03
3;CD202+EMB48;BR16;teste;203;B1_BR16_NIRRIG_REPROD00003.asd;B1;BR16;NIRRIG;D03M;manha;D03
3;CD202+EMB48;BR16;teste;204;B1_BR16_NIRRIG_REPROD00004.asd;B1;BR16;NIRRIG;D03M;manha;D03
3;CD202+EMB48;BR16;teste;205;B1_BR16_NIRRIG_REPROD00005.asd;B1;BR16;NIRRIG;D03M;manha;D03
3;CD202+EMB48;BR16;teste;206;B1_BR16_NIRRIG_REPROD00006.asd;B1;BR16;NIRRIG;D03M;manha;D03
3;CD202+EMB48;BR16;teste;207;B1_BR16_NIRRIG_REPROD00007.asd;B1;BR16;NIRRIG;D03M;manha;D03
3;CD202+EMB48;BR16;teste;208;B2_BR16_IRRIG_REPROD00000.asd;B2;BR16;IRRIG;D03M;manha;D03
3;CD202+EMB48;BR16;teste;209;B2_BR16_IRRIG_REPROD00001.asd;B2;BR16;IRRIG;D03M;manha;D03
3;CD202+EMB48;BR16;teste;210;B2_BR16_IRRIG_REPROD00002.asd;B2;BR16;IRRIG;D03M;manha;D03
3;CD202+EMB48;BR16;teste;211;B2_BR16_IRRIG_REPROD00003.asd;B2;BR16;IRRIG;D03M;manha;D03
3;CD202+EMB48;BR16;teste;212;B2_BR16_IRRIG_REPROD00004.asd;B2;BR16;IRRIG;D03M;manha;D03
3;CD202+EMB48;BR16;teste;213;B2_BR16_IRRIG_REPROD00005.asd;B2;BR16;IRRIG;D03M;manha;D03
3;CD202+EMB48;BR16;teste;214;B2_BR16_IRRIG_REPROD00006.asd;B2;BR16;IRRIG;D03M;manha;D03
3;CD202+EMB48;BR16;teste;215;B2_BR16_IRRIG_REPROD00007.asd;B2;BR16;IRRIG;D03M;manha;D03
3;CD202+EMB48;BR16;teste;216;B2_BR16_NIRRIG_REPROD00000.asd;B2;BR16;NIRRIG;D03M;manha;D03
3;CD202+EMB48;BR16;teste;217;B2_BR16_NIRRIG_REPROD00001.asd;B2;BR16;NIRRIG;D03M;manha;D03
3;CD202+EMB48;BR16;teste;218;B2_BR16_NIRRIG_REPROD00002.asd;B2;BR16;NIRRIG;D03M;manha;D03
3;CD202+EMB48;BR16;teste;219;B2_BR16_NIRRIG_REPROD00003.asd;B2;BR16;NIRRIG;D03M;manha;D03
3;CD202+EMB48;BR16;teste;220;B2_BR16_NIRRIG_REPROD00004.asd;B2;BR16;NIRRIG;D03M;manha;D03
3;CD202+EMB48;BR16;teste;221;B2_BR16_NIRRIG_REPROD00005.asd;B2;BR16;NIRRIG;D03M;manha;D03
3;CD202+EMB48;BR16;teste;222;B2_BR16_NIRRIG_REPROD00006.asd;B2;BR16;NIRRIG;D03M;manha;D03
3;CD202+EMB48;BR16;teste;223;B2_BR16_NIRRIG_REPROD00007.asd;B2;BR16;NIRRIG;D03M;manha;D03
3;CD202+EMB48;BR16;teste;224;B3_BR16_IRRIG_REPROD00000.asd;B3;BR16;IRRIG;D03M;manha;D03
3;CD202+EMB48;BR16;teste;225;B3_BR16_IRRIG_REPROD00001.asd;B3;BR16;IRRIG;D03M;manha;D03
3;CD202+EMB48;BR16;teste;226;B3_BR16_IRRIG_REPROD00002.asd;B3;BR16;IRRIG;D03M;manha;D03
3;CD202+EMB48;BR16;teste;227;B3_BR16_IRRIG_REPROD00003.asd;B3;BR16;IRRIG;D03M;manha;D03
3;CD202+EMB48;BR16;teste;228;B3_BR16_IRRIG_REPROD00004.asd;B3;BR16;IRRIG;D03M;manha;D03
3;CD202+EMB48;BR16;teste;229;B3_BR16_IRRIG_REPROD00005.asd;B3;BR16;IRRIG;D03M;manha;D03
3;CD202+EMB48;BR16;teste;230;B3_BR16_IRRIG_REPROD00006.asd;B3;BR16;IRRIG;D03M;manha;D03
3;CD202+EMB48;BR16;teste;231;B3_BR16_IRRIG_REPROD00007.asd;B3;BR16;IRRIG;D03M;manha;D03
3;CD202+EMB48;BR16;teste;232;B3_BR16_NIRRIG_REPROD00000.asd;B3;BR16;NIRRIG;D03M;manha;D03
3;CD202+EMB48;BR16;teste;233;B3_BR16_NIRRIG_REPROD00001.asd;B3;BR16;NIRRIG;D03M;manha;D03
3;CD202+EMB48;BR16;teste;234;B3_BR16_NIRRIG_REPROD00002.asd;B3;BR16;NIRRIG;D03M;manha;D03
3;CD202+EMB48;BR16;teste;235;B3_BR16_NIRRIG_REPROD00003.asd;B3;BR16;NIRRIG;D03M;manha;D03
3;CD202+EMB48;BR16;teste;236;B3_BR16_NIRRIG_REPROD00004.asd;B3;BR16;NIRRIG;D03M;manha;D03
3;CD202+EMB48;BR16;teste;237;B3_BR16_NIRRIG_REPROD00005.asd;B3;BR16;NIRRIG;D03M;manha;D03
3;CD202+EMB48;BR16;teste;238;B3_BR16_NIRRIG_REPROD00006.asd;B3;BR16;NIRRIG;D03M;manha;D03
3;CD202+EMB48;BR16;teste;239;B3_BR16_NIRRIG_REPROD00007.asd;B3;BR16;NIRRIG;D03M;manha;D03
3;CD202+EMB48;BR16;teste;240;B4_BR16_IRRIG_REPROD00000.asd;B4;BR16;IRRIG;D03M;manha;D03
3;CD202+EMB48;BR16;teste;241;B4_BR16_IRRIG_REPROD00001.asd;B4;BR16;IRRIG;D03M;manha;D03
3;CD202+EMB48;BR16;teste;242;B4_BR16_IRRIG_REPROD00002.asd;B4;BR16;IRRIG;D03M;manha;D03
3;CD202+EMB48;BR16;teste;243;B4_BR16_IRRIG_REPROD00003.asd;B4;BR16;IRRIG;D03M;manha;D03
3;CD202+EMB48;BR16;teste;244;B4_BR16_IRRIG_REPROD00004.asd;B4;BR16;IRRIG;D03M;manha;D03
3;CD202+EMB48;BR16;teste;245;B4_BR16_IRRIG_REPROD00005.asd;B4;BR16;IRRIG;D03M;manha;D03
3;CD202+EMB48;BR16;teste;246;B4_BR16_IRRIG_REPROD00006.asd;B4;BR16;IRRIG;D03M;manha;D03
3;CD202+EMB48;BR16;teste;247;B4_BR16_IRRIG_REPROD00007.asd;B4;BR16;IRRIG;D03M;manha;D03
3;CD202+EMB48;BR16;teste;248;B4_BR16_NIRRIG_REPROD00000.asd;B4;BR16;NIRRIG;D03M;manha;D03
3;CD202+EMB48;BR16;teste;249;B4_BR16_NIRRIG_REPROD00001.asd;B4;BR16;NIRRIG;D03M;manha;D03
3;CD202+EMB48;BR16;teste;250;B4_BR16_NIRRIG_REPROD00002.asd;B4;BR16;NIRRIG;D03M;manha;D03
3;CD202+EMB48;BR16;teste;251;B4_BR16_NIRRIG_REPROD00003.asd;B4;BR16;NIRRIG;D03M;manha;D03
3;CD202+EMB48;BR16;teste;252;B4_BR16_NIRRIG_REPROD00004.asd;B4;BR16;NIRRIG;D03M;manha;D03
3;CD202+EMB48;BR16;teste;253;B4_BR16_NIRRIG_REPROD00005.asd;B4;BR16;NIRRIG;D03M;manha;D03
3;CD202+EMB48;BR16;teste;254;B4_BR16_NIRRIG_REPROD00006.asd;B4;BR16;NIRRIG;D03M;manha;D03
3;CD202+EMB48;BR16;teste;255;B4_BR16_NIRRIG_REPROD00007.asd;B4;BR16;NIRRIG;D03M;manha;D03
1;BR16+CD202;EMB48;treino;384;B1_BR16_IRRIG_REPROD00000.asd;B1;BR16;IRRIG;D04M;manha;D04
1;BR16+CD202;EMB48;treino;385;B1_BR16_IRRIG_REPROD00001.asd;B1;BR16;IRRIG;D04M;manha;D04
1;BR16+CD202;EMB48;treino;386;B1_BR16_IRRIG_REPROD00002.asd;B1;BR16;IRRIG;D04M;manha;D04
1;BR16+CD202;EMB48;treino;387;B1_BR16_IRRIG_REPROD00003.asd;B1;BR16;IRRIG;D04M;manha;D04
1;BR16+CD202;EMB48;treino;388;B1_BR16_IRRIG_REPROD00004.asd;B1;BR16;IRRIG;D04M;manha;D04
1;BR16+CD202;EMB48;treino;389;B1_BR16_IRRIG_REPROD00005.asd;B1;BR16;IRRIG;D04M;manha;D04
1;BR16+CD202;EMB48;treino;390;B1_BR16_IRRIG_REPROD00006.asd;B1;BR16;IRRIG;D04M;manha;D04
1;BR16+CD202;EMB48;treino;391;B1_BR16_IRRIG_REPROD00007.asd;B1;BR16;IRRIG;D04M;manha;D04
1;BR16+CD202;EMB48;treino;392;B1_BR16_NIRRIG_REPROD00000.asd;B1;BR16;NIRRIG;D04M;manha;D04
1;BR16+CD202;EMB48;treino;393;B1_BR16_NIRRIG_REPROD00001.asd;B1;BR16;NIRRIG;D04M;manha;D04
1;BR16+CD202;EMB48;treino;394;B1_BR16_NIRRIG_REPROD00002.asd;B1;BR16;NIRRIG;D04M;manha;D04
1;BR16+CD202;EMB48;treino;395;B1_BR16_NIRRIG_REPROD00003.asd;B1;BR16;NIRRIG;D04M;manha;D04
1;BR16+CD202;EMB48;treino;396;B1_BR16_NIRRIG_REPROD00004.asd;B1;BR16;NIRRIG;D04M;manha;D04
1;BR16+CD202;EMB48;treino;397;B1_BR16_NIRRIG_REPROD00005.asd;B1;BR16;NIRRIG;D04M;manha;D04
1;BR16+CD202;EMB48;treino;398;B1_BR16_NIRRIG_REPROD00006.asd;B1;BR16;NIRRIG;D04M;manha;D04
1;BR16+CD202;EMB48;treino;399;B1_BR16_NIRRIG_REPROD00007.asd;B1;BR16;NIRRIG;D04M;manha;D04
1;BR16+CD202;EMB48;treino;400;B2_BR16_IRRIG_REPROD00000.asd;B2;BR16;IRRIG;D04M;manha;D04
1;BR16+CD202;EMB48;treino;401;B2_BR16_IRRIG_REPROD00001.asd;B2;BR16;IRRIG;D04M;manha;D04
1;BR16+CD202;EMB48;treino;402;B2_BR16_IRRIG_REPROD00002.asd;B2;BR16;IRRIG;D04M;manha;D04
1;BR16+CD202;EMB48;treino;403;B2_BR16_IRRIG_REPROD00003.asd;B2;BR16;IRRIG;D04M;manha;D04
1;BR16+CD202;EMB48;treino;404;B2_BR16_IRRIG_REPROD00004.asd;B2;BR16;IRRIG;D04M;manha;D04
1;BR16+CD202;EMB48;treino;405;B2_BR16_IRRIG_REPROD00005.asd;B2;BR16;IRRIG;D04M;manha;D04
1;BR16+CD202;EMB48;treino;406;B2_BR16_IRRIG_REPROD00006.asd;B2;BR16;IRRIG;D04M;manha;D04
1;BR16+CD202;EMB48;treino;407;B2_BR16_IRRIG_REPROD00007.asd;B2;BR16;IRRIG;D04M;manha;D04
1;BR16+CD202;EMB48;treino;408;B2_BR16_NIRRIG_REPROD00000.asd;B2;BR16;NIRRIG;D04M;manha;D04
1;BR16+CD202;EMB48;treino;409;B2_BR16_NIRRIG_REPROD00001.asd;B2;BR16;NIRRIG;D04M;manha;D04
1;BR16+CD202;EMB48;treino;410;B2_BR16_NIRRIG_REPROD00002.asd;B2;BR16;NIRRIG;D04M;manha;D04
1;BR16+CD202;EMB48;treino;411;B2_BR16_NIRRIG_REPROD00003.asd;B2;BR16;NIRRIG;D04M;manha;D04
1;BR16+CD202;EMB48;treino;412;B2_BR16_NIRRIG_REPROD00004.asd;B2;BR16;NIRRIG;D04M;manha;D04
1;BR16+CD202;EMB48;treino;413;B2_BR16_NIRRIG_REPROD00005.asd;B2;BR16;NIRRIG;D04M;manha;D04
1;BR16+CD202;EMB48;treino;414;B2_BR16_NIRRIG_REPROD00006.asd;B2;BR16;NIRRIG;D04M;manha;D04
1;BR16+CD202;EMB48;treino;415;B2_BR16_NIRRIG_REPROD00007.asd;B2;BR16;NIRRIG;D04M;manha;D04
1;BR16+CD202;EMB48;treino;416;B3_BR16_IRRIG_REPROD00000.asd;B3;BR16;IRRIG;D04M;manha;D04
1;BR16+CD202;EMB48;treino;417;B3_BR16_IRRIG_REPROD00001.asd;B3;BR16;IRRIG;D04M;manha;D04
1;BR16+CD202;EMB48;treino;418;B3_BR16_IRRIG_REPROD00002.asd;B3;BR16;IRRIG;D04M;manha;D04
1;BR16+CD202;EMB48;treino;419;B3_BR16_IRRIG_REPROD00003.asd;B3;BR16;IRRIG;D04M;manha;D04
1;BR16+CD202;EMB48;treino;420;B3_BR16_IRRIG_REPROD00004.asd;B3;BR16;IRRIG;D04M;manha;D04
1;BR16+CD202;EMB48;treino;421;B3_BR16_IRRIG_REPROD00005.asd;B3;BR16;IRRIG;D04M;manha;D04
1;BR16+CD202;EMB48;treino;422;B3_BR16_IRRIG_REPROD00006.asd;B3;BR16;IRRIG;D04M;manha;D04
1;BR16+CD202;EMB48;treino;423;B3_BR16_IRRIG_REPROD00007.asd;B3;BR16;IRRIG;D04M;manha;D04
1;BR16+CD202;EMB48;treino;424;B3_BR16_NIRRIG_REPROD00000.asd;B3;BR16;NIRRIG;D04M;manha;D04
1;BR16+CD202;EMB48;treino;425;B3_BR16_NIRRIG_REPROD00001.asd;B3;BR16;NIRRIG;D04M;manha;D04
1;BR16+CD202;EMB48;treino;426;B3_BR16_NIRRIG_REPROD00002.asd;B3;BR16;NIRRIG;D04M;manha;D04
1;BR16+CD202;EMB48;treino;427;B3_BR16_NIRRIG_REPROD00003.asd;B3;BR16;NIRRIG;D04M;manha;D04
1;BR16+CD202;EMB48;treino;428;B3_BR16_NIRRIG_REPROD00004.asd;B3;BR16;NIRRIG;D04M;manha;D04
1;BR16+CD202;EMB48;treino;429;B3_BR16_NIRRIG_REPROD00005.asd;B3;BR16;NIRRIG;D04M;manha;D04
1;BR16+CD202;EMB48;treino;430;B3_BR16_NIRRIG_REPROD00006.asd;B3;BR16;NIRRIG;D04M;manha;D04
1;BR16+CD202;EMB48;treino;431;B3_BR16_NIRRIG_REPROD00007.asd;B3;BR16;NIRRIG;D04M;manha;D04
1;BR16+CD202;EMB48;treino;432;B4_BR16_IRRIG_REPROD00000.asd;B4;BR16;IRRIG;D04M;manha;D04
1;BR16+CD202;EMB48;treino;433;B4_BR16_IRRIG_REPROD00001.asd;B4;BR16;IRRIG;D04M;manha;D04
1;BR16+CD202;EMB48;treino;434;B4_BR16_IRRIG_REPROD00002.asd;B4;BR16;IRRIG;D04M;manha;D04
1;BR16+CD202;EMB48;treino;435;B4_BR16_IRRIG_REPROD00003.asd;B4;BR16;IRRIG;D04M;manha;D04
1;BR16+CD202;EMB48;treino;436;B4_BR16_IRRIG_REPROD00004.asd;B4;BR16;IRRIG;D04M;manha;D04
1;BR16+CD202;EMB48;treino;437;B4_BR16_IRRIG_REPROD00005.asd;B4;BR16;IRRIG;D04M;manha;D04
1;BR16+CD202;EMB48;treino;438;B4_BR16_IRRIG_REPROD00006.asd;B4;BR16;IRRIG;D04M;manha;D04
1;BR16+CD202;EMB48;treino;439;B4_BR16_IRRIG_REPROD00007.asd;B4;BR16;IRRIG;D04M;manha;D04
1;BR16+CD202;EMB48;treino;440;B4_BR16_NIRRIG_REPROD00000.asd;B4;BR16;NIRRIG;D04M;manha;D04
1;BR16+CD202;EMB48;treino;441;B4_BR16_NIRRIG_REPROD00001.asd;B4;BR16;NIRRIG;D04M;manha;D04
1;BR16+CD202;EMB48;treino;442;B4_BR16_NIRRIG_REPROD00002.asd;B4;BR16;NIRRIG;D04M;manha;D04
1;BR16+CD202;EMB48;treino;443;B4_BR16_NIRRIG_REPROD00003.asd;B4;BR16;NIRRIG;D04M;manha;D04
1;BR16+CD202;EMB48;treino;444;B4_BR16_NIRRIG_REPROD00004.asd;B4;BR16;NIRRIG;D04M;manha;D04
1;BR16+CD202;EMB48;treino;445;B4_BR16_NIRRIG_REPROD00005.asd;B4;BR16;NIRRIG;D04M;manha;D04
1;BR16+CD202;EMB48;treino;446;B4_BR16_NIRRIG_REPROD00006.asd;B4;BR16;NIRRIG;D04M;manha;D04
1;BR16+CD202;EMB48;treino;447;B4_BR16_NIRRIG_REPROD00007.asd;B4;BR16;NIRRIG;D04M;manha;D04
1;BR16+CD202;EMB48;treino;448;B1_CD202_IRRIG_REPROD00000.asd;B1;CD202;IRRIG;D04M;manha;D04
1;BR16+CD202;EMB48;treino;449;B1_CD202_IRRIG_REPROD00001.asd;B1;CD202;IRRIG;D04M;manha;D04
1;BR16+CD202;EMB48;treino;450;B1_CD202_IRRIG_REPROD00002.asd;B1;CD202;IRRIG;D04M;manha;D04
1;BR16+CD202;EMB48;treino;451;B1_CD202_IRRIG_REPROD00003.asd;B1;CD202;IRRIG;D04M;manha;D04
1;BR16+CD202;EMB48;treino;452;B1_CD202_IRRIG_REPROD00004.asd;B1;CD202;IRRIG;D04M;manha;D04
1;BR16+CD202;EMB48;treino;453;B1_CD202_IRRIG_REPROD00005.asd;B1;CD202;IRRIG;D04M;manha;D04
1;BR16+CD202;EMB48;treino;454;B1_CD202_IRRIG_REPROD00006.asd;B1;CD202;IRRIG;D04M;manha;D04
1;BR16+CD202;EMB48;treino;455;B1_CD202_IRRIG_REPROD00007.asd;B1;CD202;IRRIG;D04M;manha;D04
1;BR16+CD202;EMB48;treino;456;B1_CD202_NIRRIG_REPROD00000.asd;B1;CD202;NIRRIG;D04M;manha;D04
1;BR16+CD202;EMB48;treino;457;B1_CD202_NIRRIG_REPROD00001.asd;B1;CD202;NIRRIG;D04M;manha;D04
1;BR16+CD202;EMB48;treino;458;B1_CD202_NIRRIG_REPROD00002.asd;B1;CD202;NIRRIG;D04M;manha;D04
1;BR16+CD202;EMB48;treino;459;B1_CD202_NIRRIG_REPROD00003.asd;B1;CD202;NIRRIG;D04M;manha;D04
1;BR16+CD202;EMB48;treino;460;B1_CD202_NIRRIG_REPROD00004.asd;B1;CD202;NIRRIG;D04M;manha;D04
1;BR16+CD202;EMB48;treino;461;B1_CD202_NIRRIG_REPROD00005.asd;B1;CD202;NIRRIG;D04M;manha;D04
1;BR16+CD202;EMB48;treino;462;B1_CD202_NIRRIG_REPROD00006.asd;B1;CD202;NIRRIG;D04M;manha;D04
1;BR16+CD202;EMB48;treino;463;B1_CD202_NIRRIG_REPROD00007.asd;B1;CD202;NIRRIG;D04M;manha;D04
1;BR16+CD202;EMB48;treino;464;B2_CD202_IRRIG_REPROD00000.asd;B2;CD202;IRRIG;D04M;manha;D04
1;BR16+CD202;EMB48;treino;465;B2_CD202_IRRIG_REPROD00001.asd;B2;CD202;IRRIG;D04M;manha;D04
1;BR16+CD202;EMB48;treino;466;B2_CD202_IRRIG_REPROD00002.asd;B2;CD202;IRRIG;D04M;manha;D04
1;BR16+CD202;EMB48;treino;467;B2_CD202_IRRIG_REPROD00003.asd;B2;CD202;IRRIG;D04M;manha;D04
1;BR16+CD202;EMB48;treino;468;B2_CD202_IRRIG_REPROD00004.asd;B2;CD202;IRRIG;D04M;manha;D04
1;BR16+CD202;EMB48;treino;469;B2_CD202_IRRIG_REPROD00005.asd;B2;CD202;IRRIG;D04M;manha;D04
1;BR16+CD202;EMB48;treino;470;B2_CD202_IRRIG_REPROD00006.asd;B2;CD202;IRRIG;D04M;manha;D04
1;BR16+CD202;EMB48;treino;471;B2_CD202_IRRIG_REPROD00007.asd;B2;CD202;IRRIG;D04M;manha;D04
1;BR16+CD202;EMB48;treino;472;B2_CD202_NIRRIG_REPROD00000.asd;B2;CD202;NIRRIG;D04M;manha;D04
1;BR16+CD202;EMB48;treino;473;B2_CD202_NIRRIG_REPROD00001.asd;B2;CD202;NIRRIG;D04M;manha;D04
1;BR16+CD202;EMB48;treino;474;B2_CD202_NIRRIG_REPROD00002.asd;B2;CD202;NIRRIG;D04M;manha;D04
1;BR16+CD202;EMB48;treino;475;B2_CD202_NIRRIG_REPROD00003.asd;B2;CD202;NIRRIG;D04M;manha;D04
1;BR16+CD202;EMB48;treino;476;B2_CD202_NIRRIG_REPROD00004.asd;B2;CD202;NIRRIG;D04M;manha;D04
1;BR16+CD202;EMB48;treino;477;B2_CD202_NIRRIG_REPROD00005.asd;B2;CD202;NIRRIG;D04M;manha;D04
1;BR16+CD202;EMB48;treino;478;B2_CD202_NIRRIG_REPROD00006.asd;B2;CD202;NIRRIG;D04M;manha;D04
1;BR16+CD202;EMB48;treino;479;B2_CD202_NIRRIG_REPROD00007.asd;B2;CD202;NIRRIG;D04M;manha;D04
1;BR16+CD202;EMB48;treino;480;B3_CD202_IRRIG_REPROD00000.asd;B3;CD202;IRRIG;D04M;manha;D04
1;BR16+CD202;EMB48;treino;481;B3_CD202_IRRIG_REPROD00001.asd;B3;CD202;IRRIG;D04M;manha;D04
1;BR16+CD202;EMB48;treino;482;B3_CD202_IRRIG_REPROD00002.asd;B3;CD202;IRRIG;D04M;manha;D04
1;BR16+CD202;EMB48;treino;483;B3_CD202_IRRIG_REPROD00003.asd;B3;CD202;IRRIG;D04M;manha;D04
1;BR16+CD202;EMB48;treino;484;B3_CD202_IRRIG_REPROD00004.asd;B3;CD202;IRRIG;D04M;manha;D04
1;BR16+CD202;EMB48;treino;485;B3_CD202_IRRIG_REPROD00005.asd;B3;CD202;IRRIG;D04M;manha;D04
1;BR16+CD202;EMB48;treino;486;B3_CD202_IRRIG_REPROD00006.asd;B3;CD202;IRRIG;D04M;manha;D04
1;BR16+CD202;EMB48;treino;487;B3_CD202_IRRIG_REPROD00007.asd;B3;CD202;IRRIG;D04M;manha;D04
1;BR16+CD202;EMB48;treino;488;B3_CD202_NIRRIG_REPROD00000.asd;B3;CD202;NIRRIG;D04M;manha;D04
1;BR16+CD202;EMB48;treino;489;B3_CD202_NIRRIG_REPROD00001.asd;B3;CD202;NIRRIG;D04M;manha;D04
1;BR16+CD202;EMB48;treino;490;B3_CD202_NIRRIG_REPROD00002.asd;B3;CD202;NIRRIG;D04M;manha;D04
1;BR16+CD202;EMB48;treino;491;B3_CD202_NIRRIG_REPROD00003.asd;B3;CD202;NIRRIG;D04M;manha;D04
1;BR16+CD202;EMB48;treino;492;B3_CD202_NIRRIG_REPROD00004.asd;B3;CD202;NIRRIG;D04M;manha;D04
1;BR16+CD202;EMB48;treino;493;B3_CD202_NIRRIG_REPROD00005.asd;B3;CD202;NIRRIG;D04M;manha;D04
1;BR16+CD202;EMB48;treino;494;B3_CD202_NIRRIG_REPROD00006.asd;B3;CD202;NIRRIG;D04M;manha;D04
1;BR16+CD202;EMB48;treino;495;B3_CD202_NIRRIG_REPROD00007.asd;B3;CD202;NIRRIG;D04M;manha;D04
1;BR16+CD202;EMB48;treino;496;B4_CD202_IRRIG_REPROD00000.asd;B4;CD202;IRRIG;D04M;manha;D04
1;BR16+CD202;EMB48;treino;497;B4_CD202_IRRIG_REPROD00001.asd;B4;CD202;IRRIG;D04M;manha;D04
1;BR16+CD202;EMB48;treino;498;B4_CD202_IRRIG_REPROD00002.asd;B4;CD202;IRRIG;D04M;manha;D04
1;BR16+CD202;EMB48;treino;499;B4_CD202_IRRIG_REPROD00003.asd;B4;CD202;IRRIG;D04M;manha;D04
1;BR16+CD202;EMB48;treino;500;B4_CD202_IRRIG_REPROD00004.asd;B4;CD202;IRRIG;D04M;manha;D04
1;BR16+CD202;EMB48;treino;501;B4_CD202_IRRIG_REPROD00005.asd;B4;CD202;IRRIG;D04M;manha;D04
1;BR16+CD202;EMB48;treino;502;B4_CD202_IRRIG_REPROD00006.asd;B4;CD202;IRRIG;D04M;manha;D04
1;BR16+CD202;EMB48;treino;503;B4_CD202_IRRIG_REPROD00007.asd;B4;CD202;IRRIG;D04M;manha;D04
1;BR16+CD202;EMB48;treino;504;B4_CD202_NIRRIG_REPROD00000.asd;B4;CD202;NIRRIG;D04M;manha;D04
1;BR16+CD202;EMB48;treino;505;B4_CD202_NIRRIG_REPROD00001.asd;B4;CD202;NIRRIG;D04M;manha;D04
1;BR16+CD202;EMB48;treino;506;B4_CD202_NIRRIG_REPROD00002.asd;B4;CD202;NIRRIG;D04M;manha;D04
1;BR16+CD202;EMB48;treino;507;B4_CD202_NIRRIG_REPROD00003.asd;B4;CD202;NIRRIG;D04M;manha;D04
1;BR16+CD202;EMB48;treino;508;B4_CD202_NIRRIG_REPROD00004.asd;B4;CD202;NIRRIG;D04M;manha;D04
1;BR16+CD202;EMB48;treino;509;B4_CD202_NIRRIG_REPROD00005.asd;B4;CD202;NIRRIG;D04M;manha;D04
1;BR16+CD202;EMB48;treino;510;B4_CD202_NIRRIG_REPROD00006.asd;B4;CD202;NIRRIG;D04M;manha;D04
1;BR16+CD202;EMB48;treino;511;B4_CD202_NIRRIG_REPROD00007.asd;B4;CD202;NIRRIG;D04M;manha;D04
1;BR16+CD202;EMB48;teste;512;B1_EMB48_IRRIG_REPROD00000.asd;B1;EMB48;IRRIG;D04M;manha;D04
1;BR16+CD202;EMB48;teste;513;B1_EMB48_IRRIG_REPROD00001.asd;B1;EMB48;IRRIG;D04M;manha;D04
1;BR16+CD202;EMB48;teste;514;B1_EMB48_IRRIG_REPROD00002.asd;B1;EMB48;IRRIG;D04M;manha;D04
1;BR16+CD202;EMB48;teste;515;B1_EMB48_IRRIG_REPROD00003.asd;B1;EMB48;IRRIG;D04M;manha;D04
1;BR16+CD202;EMB48;teste;516;B1_EMB48_IRRIG_REPROD00004.asd;B1;EMB48;IRRIG;D04M;manha;D04
1;BR16+CD202;EMB48;teste;517;B1_EMB48_IRRIG_REPROD00005.asd;B1;EMB48;IRRIG;D04M;manha;D04
1;BR16+CD202;EMB48;teste;518;B1_EMB48_IRRIG_REPROD00006.asd;B1;EMB48;IRRIG;D04M;manha;D04
1;BR16+CD202;EMB48;teste;519;B1_EMB48_IRRIG_REPROD00007.asd;B1;EMB48;IRRIG;D04M;manha;D04
1;BR16+CD202;EMB48;teste;520;B1_EMB48_NIRRIG_REPROD00000.asd;B1;EMB48;NIRRIG;D04M;manha;D04
1;BR16+CD202;EMB48;teste;521;B1_EMB48_NIRRIG_REPROD00001.asd;B1;EMB48;NIRRIG;D04M;manha;D04
1;BR16+CD202;EMB48;teste;522;B1_EMB48_NIRRIG_REPROD00002.asd;B1;EMB48;NIRRIG;D04M;manha;D04
1;BR16+CD202;EMB48;teste;523;B1_EMB48_NIRRIG_REPROD00003.asd;B1;EMB48;NIRRIG;D04M;manha;D04
1;BR16+CD202;EMB48;teste;524;B1_EMB48_NIRRIG_REPROD00004.asd;B1;EMB48;NIRRIG;D04M;manha;D04
1;BR16+CD202;EMB48;teste;525;B1_EMB48_NIRRIG_REPROD00005.asd;B1;EMB48;NIRRIG;D04M;manha;D04
1;BR16+CD202;EMB48;teste;526;B1_EMB48_NIRRIG_REPROD00006.asd;B1;EMB48;NIRRIG;D04M;manha;D04
1;BR16+CD202;EMB48;teste;527;B1_EMB48_NIRRIG_REPROD00007.asd;B1;EMB48;NIRRIG;D04M;manha;D04
1;BR16+CD202;EMB48;teste;528;B2_EMB48_IRRIG_REPROD00000.asd;B2;EMB48;IRRIG;D04M;manha;D04
1;BR16+CD202;EMB48;teste;529;B2_EMB48_IRRIG_REPROD00001.asd;B2;EMB48;IRRIG;D04M;manha;D04
1;BR16+CD202;EMB48;teste;530;B2_EMB48_IRRIG_REPROD00002.asd;B2;EMB48;IRRIG;D04M;manha;D04
1;BR16+CD202;EMB48;teste;531;B2_EMB48_IRRIG_REPROD00003.asd;B2;EMB48;IRRIG;D04M;manha;D04
1;BR16+CD202;EMB48;teste;532;B2_EMB48_IRRIG_REPROD00004.asd;B2;EMB48;IRRIG;D04M;manha;D04
1;BR16+CD202;EMB48;teste;533;B2_EMB48_IRRIG_REPROD00005.asd;B2;EMB48;IRRIG;D04M;manha;D04
1;BR16+CD202;EMB48;teste;534;B2_EMB48_IRRIG_REPROD00006.asd;B2;EMB48;IRRIG;D04M;manha;D04
1;BR16+CD202;EMB48;teste;535;B2_EMB48_IRRIG_REPROD00007.asd;B2;EMB48;IRRIG;D04M;manha;D04
1;BR16+CD202;EMB48;teste;536;B2_EMB48_NIRRIG_REPROD00000.asd;B2;EMB48;NIRRIG;D04M;manha;D04
1;BR16+CD202;EMB48;teste;537;B2_EMB48_NIRRIG_REPROD00001.asd;B2;EMB48;NIRRIG;D04M;manha;D04
1;BR16+CD202;EMB48;teste;538;B2_EMB48_NIRRIG_REPROD00002.asd;B2;EMB48;NIRRIG;D04M;manha;D04
1;BR16+CD202;EMB48;teste;539;B2_EMB48_NIRRIG_REPROD00003.asd;B2;EMB48;NIRRIG;D04M;manha;D04
1;BR16+CD202;EMB48;teste;540;B2_EMB48_NIRRIG_REPROD00004.asd;B2;EMB48;NIRRIG;D04M;manha;D04
1;BR16+CD202;EMB48;teste;541;B2_EMB48_NIRRIG_REPROD00005.asd;B2;EMB48;NIRRIG;D04M;manha;D04
1;BR16+CD202;EMB48;teste;542;B2_EMB48_NIRRIG_REPROD00006.asd;B2;EMB48;NIRRIG;D04M;manha;D04
1;BR16+CD202;EMB48;teste;543;B2_EMB48_NIRRIG_REPROD00007.asd;B2;EMB48;NIRRIG;D04M;manha;D04
1;BR16+CD202;EMB48;teste;544;B3_EMB48_IRRIG_REPROD00000.asd;B3;EMB48;IRRIG;D04M;manha;D04
1;BR16+CD202;EMB48;teste;545;B3_EMB48_IRRIG_REPROD00001.asd;B3;EMB48;IRRIG;D04M;manha;D04
1;BR16+CD202;EMB48;teste;546;B3_EMB48_IRRIG_REPROD00002.asd;B3;EMB48;IRRIG;D04M;manha;D04
1;BR16+CD202;EMB48;teste;547;B3_EMB48_IRRIG_REPROD00003.asd;B3;EMB48;IRRIG;D04M;manha;D04
1;BR16+CD202;EMB48;teste;548;B3_EMB48_IRRIG_REPROD00004.asd;B3;EMB48;IRRIG;D04M;manha;D04
1;BR16+CD202;EMB48;teste;549;B3_EMB48_IRRIG_REPROD00005.asd;B3;EMB48;IRRIG;D04M;manha;D04
1;BR16+CD202;EMB48;teste;550;B3_EMB48_IRRIG_REPROD00006.asd;B3;EMB48;IRRIG;D04M;manha;D04
1;BR16+CD202;EMB48;teste;551;B3_EMB48_IRRIG_REPROD00007.asd;B3;EMB48;IRRIG;D04M;manha;D04
1;BR16+CD202;EMB48;teste;552;B3_EMB48_NIRRIG_REPROD00000.asd;B3;EMB48;NIRRIG;D04M;manha;D04
1;BR16+CD202;EMB48;teste;553;B3_EMB48_NIRRIG_REPROD00001.asd;B3;EMB48;NIRRIG;D04M;manha;D04
1;BR16+CD202;EMB48;teste;554;B3_EMB48_NIRRIG_REPROD00002.asd;B3;EMB48;NIRRIG;D04M;manha;D04
1;BR16+CD202;EMB48;teste;555;B3_EMB48_NIRRIG_REPROD00003.asd;B3;EMB48;NIRRIG;D04M;manha;D04
1;BR16+CD202;EMB48;teste;556;B3_EMB48_NIRRIG_REPROD00004.asd;B3;EMB48;NIRRIG;D04M;manha;D04
1;BR16+CD202;EMB48;teste;557;B3_EMB48_NIRRIG_REPROD00005.asd;B3;EMB48;NIRRIG;D04M;manha;D04
1;BR16+CD202;EMB48;teste;558;B3_EMB48_NIRRIG_REPROD00006.asd;B3;EMB48;NIRRIG;D04M;manha;D04
1;BR16+CD202;EMB48;teste;559;B3_EMB48_NIRRIG_REPROD00007.asd;B3;EMB48;NIRRIG;D04M;manha;D04
1;BR16+CD202;EMB48;teste;560;B4_EMB48_IRRIG_REPROD00000.asd;B4;EMB48;IRRIG;D04M;manha;D04
1;BR16+CD202;EMB48;teste;561;B4_EMB48_IRRIG_REPROD00001.asd;B4;EMB48;IRRIG;D04M;manha;D04
1;BR16+CD202;EMB48;teste;562;B4_EMB48_IRRIG_REPROD00002.asd;B4;EMB48;IRRIG;D04M;manha;D04
1;BR16+CD202;EMB48;teste;563;B4_EMB48_IRRIG_REPROD00003.asd;B4;EMB48;IRRIG;D04M;manha;D04
1;BR16+CD202;EMB48;teste;564;B4_EMB48_IRRIG_REPROD00004.asd;B4;EMB48;IRRIG;D04M;manha;D04
1;BR16+CD202;EMB48;teste;565;B4_EMB48_IRRIG_REPROD00005.asd;B4;EMB48;IRRIG;D04M;manha;D04
1;BR16+CD202;EMB48;teste;566;B4_EMB48_IRRIG_REPROD00006.asd;B4;EMB48;IRRIG;D04M;manha;D04
1;BR16+CD202;EMB48;teste;567;B4_EMB48_IRRIG_REPROD00007.asd;B4;EMB48;IRRIG;D04M;manha;D04
1;BR16+CD202;EMB48;teste;568;B4_EMB48_NIRRIG_REPROD00000.asd;B4;EMB48;NIRRIG;D04M;manha;D04
1;BR16+CD202;EMB48;teste;569;B4_EMB48_NIRRIG_REPROD00001.asd;B4;EMB48;NIRRIG;D04M;manha;D04
1;BR16+CD202;EMB48;teste;570;B4_EMB48_NIRRIG_REPROD00002.asd;B4;EMB48;NIRRIG;D04M;manha;D04
1;BR16+CD202;EMB48;teste;571;B4_EMB48_NIRRIG_REPROD00003.asd;B4;EMB48;NIRRIG;D04M;manha;D04
1;BR16+CD202;EMB48;teste;572;B4_EMB48_NIRRIG_REPROD00004.asd;B4;EMB48;NIRRIG;D04M;manha;D04
1;BR16+CD202;EMB48;teste;573;B4_EMB48_NIRRIG_REPROD00005.asd;B4;EMB48;NIRRIG;D04M;manha;D04
1;BR16+CD202;EMB48;teste;574;B4_EMB48_NIRRIG_REPROD00006.asd;B4;EMB48;NIRRIG;D04M;manha;D04
1;BR16+CD202;EMB48;teste;575;B4_EMB48_NIRRIG_REPROD00007.asd;B4;EMB48;NIRRIG;D04M;manha;D04
2;BR16+EMB48;CD202;treino;384;B1_BR16_IRRIG_REPROD00000.asd;B1;BR16;IRRIG;D04M;manha;D04
2;BR16+EMB48;CD202;treino;385;B1_BR16_IRRIG_REPROD00001.asd;B1;BR16;IRRIG;D04M;manha;D04
2;BR16+EMB48;CD202;treino;386;B1_BR16_IRRIG_REPROD00002.asd;B1;BR16;IRRIG;D04M;manha;D04
2;BR16+EMB48;CD202;treino;387;B1_BR16_IRRIG_REPROD00003.asd;B1;BR16;IRRIG;D04M;manha;D04
2;BR16+EMB48;CD202;treino;388;B1_BR16_IRRIG_REPROD00004.asd;B1;BR16;IRRIG;D04M;manha;D04
2;BR16+EMB48;CD202;treino;389;B1_BR16_IRRIG_REPROD00005.asd;B1;BR16;IRRIG;D04M;manha;D04
2;BR16+EMB48;CD202;treino;390;B1_BR16_IRRIG_REPROD00006.asd;B1;BR16;IRRIG;D04M;manha;D04
2;BR16+EMB48;CD202;treino;391;B1_BR16_IRRIG_REPROD00007.asd;B1;BR16;IRRIG;D04M;manha;D04
2;BR16+EMB48;CD202;treino;392;B1_BR16_NIRRIG_REPROD00000.asd;B1;BR16;NIRRIG;D04M;manha;D04
2;BR16+EMB48;CD202;treino;393;B1_BR16_NIRRIG_REPROD00001.asd;B1;BR16;NIRRIG;D04M;manha;D04
2;BR16+EMB48;CD202;treino;394;B1_BR16_NIRRIG_REPROD00002.asd;B1;BR16;NIRRIG;D04M;manha;D04
2;BR16+EMB48;CD202;treino;395;B1_BR16_NIRRIG_REPROD00003.asd;B1;BR16;NIRRIG;D04M;manha;D04
2;BR16+EMB48;CD202;treino;396;B1_BR16_NIRRIG_REPROD00004.asd;B1;BR16;NIRRIG;D04M;manha;D04
2;BR16+EMB48;CD202;treino;397;B1_BR16_NIRRIG_REPROD00005.asd;B1;BR16;NIRRIG;D04M;manha;D04
2;BR16+EMB48;CD202;treino;398;B1_BR16_NIRRIG_REPROD00006.asd;B1;BR16;NIRRIG;D04M;manha;D04
2;BR16+EMB48;CD202;treino;399;B1_BR16_NIRRIG_REPROD00007.asd;B1;BR16;NIRRIG;D04M;manha;D04
2;BR16+EMB48;CD202;treino;400;B2_BR16_IRRIG_REPROD00000.asd;B2;BR16;IRRIG;D04M;manha;D04
2;BR16+EMB48;CD202;treino;401;B2_BR16_IRRIG_REPROD00001.asd;B2;BR16;IRRIG;D04M;manha;D04
2;BR16+EMB48;CD202;treino;402;B2_BR16_IRRIG_REPROD00002.asd;B2;BR16;IRRIG;D04M;manha;D04
2;BR16+EMB48;CD202;treino;403;B2_BR16_IRRIG_REPROD00003.asd;B2;BR16;IRRIG;D04M;manha;D04
2;BR16+EMB48;CD202;treino;404;B2_BR16_IRRIG_REPROD00004.asd;B2;BR16;IRRIG;D04M;manha;D04
2;BR16+EMB48;CD202;treino;405;B2_BR16_IRRIG_REPROD00005.asd;B2;BR16;IRRIG;D04M;manha;D04
2;BR16+EMB48;CD202;treino;406;B2_BR16_IRRIG_REPROD00006.asd;B2;BR16;IRRIG;D04M;manha;D04
2;BR16+EMB48;CD202;treino;407;B2_BR16_IRRIG_REPROD00007.asd;B2;BR16;IRRIG;D04M;manha;D04
2;BR16+EMB48;CD202;treino;408;B2_BR16_NIRRIG_REPROD00000.asd;B2;BR16;NIRRIG;D04M;manha;D04
2;BR16+EMB48;CD202;treino;409;B2_BR16_NIRRIG_REPROD00001.asd;B2;BR16;NIRRIG;D04M;manha;D04
2;BR16+EMB48;CD202;treino;410;B2_BR16_NIRRIG_REPROD00002.asd;B2;BR16;NIRRIG;D04M;manha;D04
2;BR16+EMB48;CD202;treino;411;B2_BR16_NIRRIG_REPROD00003.asd;B2;BR16;NIRRIG;D04M;manha;D04
2;BR16+EMB48;CD202;treino;412;B2_BR16_NIRRIG_REPROD00004.asd;B2;BR16;NIRRIG;D04M;manha;D04
2;BR16+EMB48;CD202;treino;413;B2_BR16_NIRRIG_REPROD00005.asd;B2;BR16;NIRRIG;D04M;manha;D04
2;BR16+EMB48;CD202;treino;414;B2_BR16_NIRRIG_REPROD00006.asd;B2;BR16;NIRRIG;D04M;manha;D04
2;BR16+EMB48;CD202;treino;415;B2_BR16_NIRRIG_REPROD00007.asd;B2;BR16;NIRRIG;D04M;manha;D04
2;BR16+EMB48;CD202;treino;416;B3_BR16_IRRIG_REPROD00000.asd;B3;BR16;IRRIG;D04M;manha;D04
2;BR16+EMB48;CD202;treino;417;B3_BR16_IRRIG_REPROD00001.asd;B3;BR16;IRRIG;D04M;manha;D04
2;BR16+EMB48;CD202;treino;418;B3_BR16_IRRIG_REPROD00002.asd;B3;BR16;IRRIG;D04M;manha;D04
2;BR16+EMB48;CD202;treino;419;B3_BR16_IRRIG_REPROD00003.asd;B3;BR16;IRRIG;D04M;manha;D04
2;BR16+EMB48;CD202;treino;420;B3_BR16_IRRIG_REPROD00004.asd;B3;BR16;IRRIG;D04M;manha;D04
2;BR16+EMB48;CD202;treino;421;B3_BR16_IRRIG_REPROD00005.asd;B3;BR16;IRRIG;D04M;manha;D04
2;BR16+EMB48;CD202;treino;422;B3_BR16_IRRIG_REPROD00006.asd;B3;BR16;IRRIG;D04M;manha;D04
2;BR16+EMB48;CD202;treino;423;B3_BR16_IRRIG_REPROD00007.asd;B3;BR16;IRRIG;D04M;manha;D04
2;BR16+EMB48;CD202;treino;424;B3_BR16_NIRRIG_REPROD00000.asd;B3;BR16;NIRRIG;D04M;manha;D04
2;BR16+EMB48;CD202;treino;425;B3_BR16_NIRRIG_REPROD00001.asd;B3;BR16;NIRRIG;D04M;manha;D04
2;BR16+EMB48;CD202;treino;426;B3_BR16_NIRRIG_REPROD00002.asd;B3;BR16;NIRRIG;D04M;manha;D04
2;BR16+EMB48;CD202;treino;427;B3_BR16_NIRRIG_REPROD00003.asd;B3;BR16;NIRRIG;D04M;manha;D04
2;BR16+EMB48;CD202;treino;428;B3_BR16_NIRRIG_REPROD00004.asd;B3;BR16;NIRRIG;D04M;manha;D04
2;BR16+EMB48;CD202;treino;429;B3_BR16_NIRRIG_REPROD00005.asd;B3;BR16;NIRRIG;D04M;manha;D04
2;BR16+EMB48;CD202;treino;430;B3_BR16_NIRRIG_REPROD00006.asd;B3;BR16;NIRRIG;D04M;manha;D04
2;BR16+EMB48;CD202;treino;431;B3_BR16_NIRRIG_REPROD00007.asd;B3;BR16;NIRRIG;D04M;manha;D04
2;BR16+EMB48;CD202;treino;432;B4_BR16_IRRIG_REPROD00000.asd;B4;BR16;IRRIG;D04M;manha;D04
2;BR16+EMB48;CD202;treino;433;B4_BR16_IRRIG_REPROD00001.asd;B4;BR16;IRRIG;D04M;manha;D04
2;BR16+EMB48;CD202;treino;434;B4_BR16_IRRIG_REPROD00002.asd;B4;BR16;IRRIG;D04M;manha;D04
2;BR16+EMB48;CD202;treino;435;B4_BR16_IRRIG_REPROD00003.asd;B4;BR16;IRRIG;D04M;manha;D04
2;BR16+EMB48;CD202;treino;436;B4_BR16_IRRIG_REPROD00004.asd;B4;BR16;IRRIG;D04M;manha;D04
2;BR16+EMB48;CD202;treino;437;B4_BR16_IRRIG_REPROD00005.asd;B4;BR16;IRRIG;D04M;manha;D04
2;BR16+EMB48;CD202;treino;438;B4_BR16_IRRIG_REPROD00006.asd;B4;BR16;IRRIG;D04M;manha;D04
2;BR16+EMB48;CD202;treino;439;B4_BR16_IRRIG_REPROD00007.asd;B4;BR16;IRRIG;D04M;manha;D04
2;BR16+EMB48;CD202;treino;440;B4_BR16_NIRRIG_REPROD00000.asd;B4;BR16;NIRRIG;D04M;manha;D04
2;BR16+EMB48;CD202;treino;441;B4_BR16_NIRRIG_REPROD00001.asd;B4;BR16;NIRRIG;D04M;manha;D04
2;BR16+EMB48;CD202;treino;442;B4_BR16_NIRRIG_REPROD00002.asd;B4;BR16;NIRRIG;D04M;manha;D04
2;BR16+EMB48;CD202;treino;443;B4_BR16_NIRRIG_REPROD00003.asd;B4;BR16;NIRRIG;D04M;manha;D04
2;BR16+EMB48;CD202;treino;444;B4_BR16_NIRRIG_REPROD00004.asd;B4;BR16;NIRRIG;D04M;manha;D04
2;BR16+EMB48;CD202;treino;445;B4_BR16_NIRRIG_REPROD00005.asd;B4;BR16;NIRRIG;D04M;manha;D04
2;BR16+EMB48;CD202;treino;446;B4_BR16_NIRRIG_REPROD00006.asd;B4;BR16;NIRRIG;D04M;manha;D04
2;BR16+EMB48;CD202;treino;447;B4_BR16_NIRRIG_REPROD00007.asd;B4;BR16;NIRRIG;D04M;manha;D04
2;BR16+EMB48;CD202;treino;512;B1_EMB48_IRRIG_REPROD00000.asd;B1;EMB48;IRRIG;D04M;manha;D04
2;BR16+EMB48;CD202;treino;513;B1_EMB48_IRRIG_REPROD00001.asd;B1;EMB48;IRRIG;D04M;manha;D04
2;BR16+EMB48;CD202;treino;514;B1_EMB48_IRRIG_REPROD00002.asd;B1;EMB48;IRRIG;D04M;manha;D04
2;BR16+EMB48;CD202;treino;515;B1_EMB48_IRRIG_REPROD00003.asd;B1;EMB48;IRRIG;D04M;manha;D04
2;BR16+EMB48;CD202;treino;516;B1_EMB48_IRRIG_REPROD00004.asd;B1;EMB48;IRRIG;D04M;manha;D04
2;BR16+EMB48;CD202;treino;517;B1_EMB48_IRRIG_REPROD00005.asd;B1;EMB48;IRRIG;D04M;manha;D04
2;BR16+EMB48;CD202;treino;518;B1_EMB48_IRRIG_REPROD00006.asd;B1;EMB48;IRRIG;D04M;manha;D04
2;BR16+EMB48;CD202;treino;519;B1_EMB48_IRRIG_REPROD00007.asd;B1;EMB48;IRRIG;D04M;manha;D04
2;BR16+EMB48;CD202;treino;520;B1_EMB48_NIRRIG_REPROD00000.asd;B1;EMB48;NIRRIG;D04M;manha;D04
2;BR16+EMB48;CD202;treino;521;B1_EMB48_NIRRIG_REPROD00001.asd;B1;EMB48;NIRRIG;D04M;manha;D04
2;BR16+EMB48;CD202;treino;522;B1_EMB48_NIRRIG_REPROD00002.asd;B1;EMB48;NIRRIG;D04M;manha;D04
2;BR16+EMB48;CD202;treino;523;B1_EMB48_NIRRIG_REPROD00003.asd;B1;EMB48;NIRRIG;D04M;manha;D04
2;BR16+EMB48;CD202;treino;524;B1_EMB48_NIRRIG_REPROD00004.asd;B1;EMB48;NIRRIG;D04M;manha;D04
2;BR16+EMB48;CD202;treino;525;B1_EMB48_NIRRIG_REPROD00005.asd;B1;EMB48;NIRRIG;D04M;manha;D04
2;BR16+EMB48;CD202;treino;526;B1_EMB48_NIRRIG_REPROD00006.asd;B1;EMB48;NIRRIG;D04M;manha;D04
2;BR16+EMB48;CD202;treino;527;B1_EMB48_NIRRIG_REPROD00007.asd;B1;EMB48;NIRRIG;D04M;manha;D04
2;BR16+EMB48;CD202;treino;528;B2_EMB48_IRRIG_REPROD00000.asd;B2;EMB48;IRRIG;D04M;manha;D04
2;BR16+EMB48;CD202;treino;529;B2_EMB48_IRRIG_REPROD00001.asd;B2;EMB48;IRRIG;D04M;manha;D04
2;BR16+EMB48;CD202;treino;530;B2_EMB48_IRRIG_REPROD00002.asd;B2;EMB48;IRRIG;D04M;manha;D04
2;BR16+EMB48;CD202;treino;531;B2_EMB48_IRRIG_REPROD00003.asd;B2;EMB48;IRRIG;D04M;manha;D04
2;BR16+EMB48;CD202;treino;532;B2_EMB48_IRRIG_REPROD00004.asd;B2;EMB48;IRRIG;D04M;manha;D04
2;BR16+EMB48;CD202;treino;533;B2_EMB48_IRRIG_REPROD00005.asd;B2;EMB48;IRRIG;D04M;manha;D04
2;BR16+EMB48;CD202;treino;534;B2_EMB48_IRRIG_REPROD00006.asd;B2;EMB48;IRRIG;D04M;manha;D04
2;BR16+EMB48;CD202;treino;535;B2_EMB48_IRRIG_REPROD00007.asd;B2;EMB48;IRRIG;D04M;manha;D04
2;BR16+EMB48;CD202;treino;536;B2_EMB48_NIRRIG_REPROD00000.asd;B2;EMB48;NIRRIG;D04M;manha;D04
2;BR16+EMB48;CD202;treino;537;B2_EMB48_NIRRIG_REPROD00001.asd;B2;EMB48;NIRRIG;D04M;manha;D04
2;BR16+EMB48;CD202;treino;538;B2_EMB48_NIRRIG_REPROD00002.asd;B2;EMB48;NIRRIG;D04M;manha;D04
2;BR16+EMB48;CD202;treino;539;B2_EMB48_NIRRIG_REPROD00003.asd;B2;EMB48;NIRRIG;D04M;manha;D04
2;BR16+EMB48;CD202;treino;540;B2_EMB48_NIRRIG_REPROD00004.asd;B2;EMB48;NIRRIG;D04M;manha;D04
2;BR16+EMB48;CD202;treino;541;B2_EMB48_NIRRIG_REPROD00005.asd;B2;EMB48;NIRRIG;D04M;manha;D04
2;BR16+EMB48;CD202;treino;542;B2_EMB48_NIRRIG_REPROD00006.asd;B2;EMB48;NIRRIG;D04M;manha;D04
2;BR16+EMB48;CD202;treino;543;B2_EMB48_NIRRIG_REPROD00007.asd;B2;EMB48;NIRRIG;D04M;manha;D04
2;BR16+EMB48;CD202;treino;544;B3_EMB48_IRRIG_REPROD00000.asd;B3;EMB48;IRRIG;D04M;manha;D04
2;BR16+EMB48;CD202;treino;545;B3_EMB48_IRRIG_REPROD00001.asd;B3;EMB48;IRRIG;D04M;manha;D04
2;BR16+EMB48;CD202;treino;546;B3_EMB48_IRRIG_REPROD00002.asd;B3;EMB48;IRRIG;D04M;manha;D04
2;BR16+EMB48;CD202;treino;547;B3_EMB48_IRRIG_REPROD00003.asd;B3;EMB48;IRRIG;D04M;manha;D04
2;BR16+EMB48;CD202;treino;548;B3_EMB48_IRRIG_REPROD00004.asd;B3;EMB48;IRRIG;D04M;manha;D04
2;BR16+EMB48;CD202;treino;549;B3_EMB48_IRRIG_REPROD00005.asd;B3;EMB48;IRRIG;D04M;manha;D04
2;BR16+EMB48;CD202;treino;550;B3_EMB48_IRRIG_REPROD00006.asd;B3;EMB48;IRRIG;D04M;manha;D04
2;BR16+EMB48;CD202;treino;551;B3_EMB48_IRRIG_REPROD00007.asd;B3;EMB48;IRRIG;D04M;manha;D04
2;BR16+EMB48;CD202;treino;552;B3_EMB48_NIRRIG_REPROD00000.asd;B3;EMB48;NIRRIG;D04M;manha;D04
2;BR16+EMB48;CD202;treino;553;B3_EMB48_NIRRIG_REPROD00001.asd;B3;EMB48;NIRRIG;D04M;manha;D04
2;BR16+EMB48;CD202;treino;554;B3_EMB48_NIRRIG_REPROD00002.asd;B3;EMB48;NIRRIG;D04M;manha;D04
2;BR16+EMB48;CD202;treino;555;B3_EMB48_NIRRIG_REPROD00003.asd;B3;EMB48;NIRRIG;D04M;manha;D04
2;BR16+EMB48;CD202;treino;556;B3_EMB48_NIRRIG_REPROD00004.asd;B3;EMB48;NIRRIG;D04M;manha;D04
2;BR16+EMB48;CD202;treino;557;B3_EMB48_NIRRIG_REPROD00005.asd;B3;EMB48;NIRRIG;D04M;manha;D04
2;BR16+EMB48;CD202;treino;558;B3_EMB48_NIRRIG_REPROD00006.asd;B3;EMB48;NIRRIG;D04M;manha;D04
2;BR16+EMB48;CD202;treino;559;B3_EMB48_NIRRIG_REPROD00007.asd;B3;EMB48;NIRRIG;D04M;manha;D04
2;BR16+EMB48;CD202;treino;560;B4_EMB48_IRRIG_REPROD00000.asd;B4;EMB48;IRRIG;D04M;manha;D04
2;BR16+EMB48;CD202;treino;561;B4_EMB48_IRRIG_REPROD00001.asd;B4;EMB48;IRRIG;D04M;manha;D04
2;BR16+EMB48;CD202;treino;562;B4_EMB48_IRRIG_REPROD00002.asd;B4;EMB48;IRRIG;D04M;manha;D04
2;BR16+EMB48;CD202;treino;563;B4_EMB48_IRRIG_REPROD00003.asd;B4;EMB48;IRRIG;D04M;manha;D04
2;BR16+EMB48;CD202;treino;564;B4_EMB48_IRRIG_REPROD00004.asd;B4;EMB48;IRRIG;D04M;manha;D04
2;BR16+EMB48;CD202;treino;565;B4_EMB48_IRRIG_REPROD00005.asd;B4;EMB48;IRRIG;D04M;manha;D04
2;BR16+EMB48;CD202;treino;566;B4_EMB48_IRRIG_REPROD00006.asd;B4;EMB48;IRRIG;D04M;manha;D04
2;BR16+EMB48;CD202;treino;567;B4_EMB48_IRRIG_REPROD00007.asd;B4;EMB48;IRRIG;D04M;manha;D04
2;BR16+EMB48;CD202;treino;568;B4_EMB48_NIRRIG_REPROD00000.asd;B4;EMB48;NIRRIG;D04M;manha;D04
2;BR16+EMB48;CD202;treino;569;B4_EMB48_NIRRIG_REPROD00001.asd;B4;EMB48;NIRRIG;D04M;manha;D04
2;BR16+EMB48;CD202;treino;570;B4_EMB48_NIRRIG_REPROD00002.asd;B4;EMB48;NIRRIG;D04M;manha;D04
2;BR16+EMB48;CD202;treino;571;B4_EMB48_NIRRIG_REPROD00003.asd;B4;EMB48;NIRRIG;D04M;manha;D04
2;BR16+EMB48;CD202;treino;572;B4_EMB48_NIRRIG_REPROD00004.asd;B4;EMB48;NIRRIG;D04M;manha;D04
2;BR16+EMB48;CD202;treino;573;B4_EMB48_NIRRIG_REPROD00005.asd;B4;EMB48;NIRRIG;D04M;manha;D04
2;BR16+EMB48;CD202;treino;574;B4_EMB48_NIRRIG_REPROD00006.asd;B4;EMB48;NIRRIG;D04M;manha;D04
2;BR16+EMB48;CD202;treino;575;B4_EMB48_NIRRIG_REPROD00007.asd;B4;EMB48;NIRRIG;D04M;manha;D04
2;BR16+EMB48;CD202;teste;448;B1_CD202_IRRIG_REPROD00000.asd;B1;CD202;IRRIG;D04M;manha;D04
2;BR16+EMB48;CD202;teste;449;B1_CD202_IRRIG_REPROD00001.asd;B1;CD202;IRRIG;D04M;manha;D04
2;BR16+EMB48;CD202;teste;450;B1_CD202_IRRIG_REPROD00002.asd;B1;CD202;IRRIG;D04M;manha;D04
2;BR16+EMB48;CD202;teste;451;B1_CD202_IRRIG_REPROD00003.asd;B1;CD202;IRRIG;D04M;manha;D04
2;BR16+EMB48;CD202;teste;452;B1_CD202_IRRIG_REPROD00004.asd;B1;CD202;IRRIG;D04M;manha;D04
2;BR16+EMB48;CD202;teste;453;B1_CD202_IRRIG_REPROD00005.asd;B1;CD202;IRRIG;D04M;manha;D04
2;BR16+EMB48;CD202;teste;454;B1_CD202_IRRIG_REPROD00006.asd;B1;CD202;IRRIG;D04M;manha;D04
2;BR16+EMB48;CD202;teste;455;B1_CD202_IRRIG_REPROD00007.asd;B1;CD202;IRRIG;D04M;manha;D04
2;BR16+EMB48;CD202;teste;456;B1_CD202_NIRRIG_REPROD00000.asd;B1;CD202;NIRRIG;D04M;manha;D04
2;BR16+EMB48;CD202;teste;457;B1_CD202_NIRRIG_REPROD00001.asd;B1;CD202;NIRRIG;D04M;manha;D04
2;BR16+EMB48;CD202;teste;458;B1_CD202_NIRRIG_REPROD00002.asd;B1;CD202;NIRRIG;D04M;manha;D04
2;BR16+EMB48;CD202;teste;459;B1_CD202_NIRRIG_REPROD00003.asd;B1;CD202;NIRRIG;D04M;manha;D04
2;BR16+EMB48;CD202;teste;460;B1_CD202_NIRRIG_REPROD00004.asd;B1;CD202;NIRRIG;D04M;manha;D04
2;BR16+EMB48;CD202;teste;461;B1_CD202_NIRRIG_REPROD00005.asd;B1;CD202;NIRRIG;D04M;manha;D04
2;BR16+EMB48;CD202;teste;462;B1_CD202_NIRRIG_REPROD00006.asd;B1;CD202;NIRRIG;D04M;manha;D04
2;BR16+EMB48;CD202;teste;463;B1_CD202_NIRRIG_REPROD00007.asd;B1;CD202;NIRRIG;D04M;manha;D04
2;BR16+EMB48;CD202;teste;464;B2_CD202_IRRIG_REPROD00000.asd;B2;CD202;IRRIG;D04M;manha;D04
2;BR16+EMB48;CD202;teste;465;B2_CD202_IRRIG_REPROD00001.asd;B2;CD202;IRRIG;D04M;manha;D04
2;BR16+EMB48;CD202;teste;466;B2_CD202_IRRIG_REPROD00002.asd;B2;CD202;IRRIG;D04M;manha;D04
2;BR16+EMB48;CD202;teste;467;B2_CD202_IRRIG_REPROD00003.asd;B2;CD202;IRRIG;D04M;manha;D04
2;BR16+EMB48;CD202;teste;468;B2_CD202_IRRIG_REPROD00004.asd;B2;CD202;IRRIG;D04M;manha;D04
2;BR16+EMB48;CD202;teste;469;B2_CD202_IRRIG_REPROD00005.asd;B2;CD202;IRRIG;D04M;manha;D04
2;BR16+EMB48;CD202;teste;470;B2_CD202_IRRIG_REPROD00006.asd;B2;CD202;IRRIG;D04M;manha;D04
2;BR16+EMB48;CD202;teste;471;B2_CD202_IRRIG_REPROD00007.asd;B2;CD202;IRRIG;D04M;manha;D04
2;BR16+EMB48;CD202;teste;472;B2_CD202_NIRRIG_REPROD00000.asd;B2;CD202;NIRRIG;D04M;manha;D04
2;BR16+EMB48;CD202;teste;473;B2_CD202_NIRRIG_REPROD00001.asd;B2;CD202;NIRRIG;D04M;manha;D04
2;BR16+EMB48;CD202;teste;474;B2_CD202_NIRRIG_REPROD00002.asd;B2;CD202;NIRRIG;D04M;manha;D04
2;BR16+EMB48;CD202;teste;475;B2_CD202_NIRRIG_REPROD00003.asd;B2;CD202;NIRRIG;D04M;manha;D04
2;BR16+EMB48;CD202;teste;476;B2_CD202_NIRRIG_REPROD00004.asd;B2;CD202;NIRRIG;D04M;manha;D04
2;BR16+EMB48;CD202;teste;477;B2_CD202_NIRRIG_REPROD00005.asd;B2;CD202;NIRRIG;D04M;manha;D04
2;BR16+EMB48;CD202;teste;478;B2_CD202_NIRRIG_REPROD00006.asd;B2;CD202;NIRRIG;D04M;manha;D04
2;BR16+EMB48;CD202;teste;479;B2_CD202_NIRRIG_REPROD00007.asd;B2;CD202;NIRRIG;D04M;manha;D04
2;BR16+EMB48;CD202;teste;480;B3_CD202_IRRIG_REPROD00000.asd;B3;CD202;IRRIG;D04M;manha;D04
2;BR16+EMB48;CD202;teste;481;B3_CD202_IRRIG_REPROD00001.asd;B3;CD202;IRRIG;D04M;manha;D04
2;BR16+EMB48;CD202;teste;482;B3_CD202_IRRIG_REPROD00002.asd;B3;CD202;IRRIG;D04M;manha;D04
2;BR16+EMB48;CD202;teste;483;B3_CD202_IRRIG_REPROD00003.asd;B3;CD202;IRRIG;D04M;manha;D04
2;BR16+EMB48;CD202;teste;484;B3_CD202_IRRIG_REPROD00004.asd;B3;CD202;IRRIG;D04M;manha;D04
2;BR16+EMB48;CD202;teste;485;B3_CD202_IRRIG_REPROD00005.asd;B3;CD202;IRRIG;D04M;manha;D04
2;BR16+EMB48;CD202;teste;486;B3_CD202_IRRIG_REPROD00006.asd;B3;CD202;IRRIG;D04M;manha;D04
2;BR16+EMB48;CD202;teste;487;B3_CD202_IRRIG_REPROD00007.asd;B3;CD202;IRRIG;D04M;manha;D04
2;BR16+EMB48;CD202;teste;488;B3_CD202_NIRRIG_REPROD00000.asd;B3;CD202;NIRRIG;D04M;manha;D04
2;BR16+EMB48;CD202;teste;489;B3_CD202_NIRRIG_REPROD00001.asd;B3;CD202;NIRRIG;D04M;manha;D04
2;BR16+EMB48;CD202;teste;490;B3_CD202_NIRRIG_REPROD00002.asd;B3;CD202;NIRRIG;D04M;manha;D04
2;BR16+EMB48;CD202;teste;491;B3_CD202_NIRRIG_REPROD00003.asd;B3;CD202;NIRRIG;D04M;manha;D04
2;BR16+EMB48;CD202;teste;492;B3_CD202_NIRRIG_REPROD00004.asd;B3;CD202;NIRRIG;D04M;manha;D04
2;BR16+EMB48;CD202;teste;493;B3_CD202_NIRRIG_REPROD00005.asd;B3;CD202;NIRRIG;D04M;manha;D04
2;BR16+EMB48;CD202;teste;494;B3_CD202_NIRRIG_REPROD00006.asd;B3;CD202;NIRRIG;D04M;manha;D04
2;BR16+EMB48;CD202;teste;495;B3_CD202_NIRRIG_REPROD00007.asd;B3;CD202;NIRRIG;D04M;manha;D04
2;BR16+EMB48;CD202;teste;496;B4_CD202_IRRIG_REPROD00000.asd;B4;CD202;IRRIG;D04M;manha;D04
2;BR16+EMB48;CD202;teste;497;B4_CD202_IRRIG_REPROD00001.asd;B4;CD202;IRRIG;D04M;manha;D04
2;BR16+EMB48;CD202;teste;498;B4_CD202_IRRIG_REPROD00002.asd;B4;CD202;IRRIG;D04M;manha;D04
2;BR16+EMB48;CD202;teste;499;B4_CD202_IRRIG_REPROD00003.asd;B4;CD202;IRRIG;D04M;manha;D04
2;BR16+EMB48;CD202;teste;500;B4_CD202_IRRIG_REPROD00004.asd;B4;CD202;IRRIG;D04M;manha;D04
2;BR16+EMB48;CD202;teste;501;B4_CD202_IRRIG_REPROD00005.asd;B4;CD202;IRRIG;D04M;manha;D04
2;BR16+EMB48;CD202;teste;502;B4_CD202_IRRIG_REPROD00006.asd;B4;CD202;IRRIG;D04M;manha;D04
2;BR16+EMB48;CD202;teste;503;B4_CD202_IRRIG_REPROD00007.asd;B4;CD202;IRRIG;D04M;manha;D04
2;BR16+EMB48;CD202;teste;504;B4_CD202_NIRRIG_REPROD00000.asd;B4;CD202;NIRRIG;D04M;manha;D04
2;BR16+EMB48;CD202;teste;505;B4_CD202_NIRRIG_REPROD00001.asd;B4;CD202;NIRRIG;D04M;manha;D04
2;BR16+EMB48;CD202;teste;506;B4_CD202_NIRRIG_REPROD00002.asd;B4;CD202;NIRRIG;D04M;manha;D04
2;BR16+EMB48;CD202;teste;507;B4_CD202_NIRRIG_REPROD00003.asd;B4;CD202;NIRRIG;D04M;manha;D04
2;BR16+EMB48;CD202;teste;508;B4_CD202_NIRRIG_REPROD00004.asd;B4;CD202;NIRRIG;D04M;manha;D04
2;BR16+EMB48;CD202;teste;509;B4_CD202_NIRRIG_REPROD00005.asd;B4;CD202;NIRRIG;D04M;manha;D04
2;BR16+EMB48;CD202;teste;510;B4_CD202_NIRRIG_REPROD00006.asd;B4;CD202;NIRRIG;D04M;manha;D04
2;BR16+EMB48;CD202;teste;511;B4_CD202_NIRRIG_REPROD00007.asd;B4;CD202;NIRRIG;D04M;manha;D04
3;CD202+EMB48;BR16;treino;448;B1_CD202_IRRIG_REPROD00000.asd;B1;CD202;IRRIG;D04M;manha;D04
3;CD202+EMB48;BR16;treino;449;B1_CD202_IRRIG_REPROD00001.asd;B1;CD202;IRRIG;D04M;manha;D04
3;CD202+EMB48;BR16;treino;450;B1_CD202_IRRIG_REPROD00002.asd;B1;CD202;IRRIG;D04M;manha;D04
3;CD202+EMB48;BR16;treino;451;B1_CD202_IRRIG_REPROD00003.asd;B1;CD202;IRRIG;D04M;manha;D04
3;CD202+EMB48;BR16;treino;452;B1_CD202_IRRIG_REPROD00004.asd;B1;CD202;IRRIG;D04M;manha;D04
3;CD202+EMB48;BR16;treino;453;B1_CD202_IRRIG_REPROD00005.asd;B1;CD202;IRRIG;D04M;manha;D04
3;CD202+EMB48;BR16;treino;454;B1_CD202_IRRIG_REPROD00006.asd;B1;CD202;IRRIG;D04M;manha;D04
3;CD202+EMB48;BR16;treino;455;B1_CD202_IRRIG_REPROD00007.asd;B1;CD202;IRRIG;D04M;manha;D04
3;CD202+EMB48;BR16;treino;456;B1_CD202_NIRRIG_REPROD00000.asd;B1;CD202;NIRRIG;D04M;manha;D04
3;CD202+EMB48;BR16;treino;457;B1_CD202_NIRRIG_REPROD00001.asd;B1;CD202;NIRRIG;D04M;manha;D04
3;CD202+EMB48;BR16;treino;458;B1_CD202_NIRRIG_REPROD00002.asd;B1;CD202;NIRRIG;D04M;manha;D04
3;CD202+EMB48;BR16;treino;459;B1_CD202_NIRRIG_REPROD00003.asd;B1;CD202;NIRRIG;D04M;manha;D04
3;CD202+EMB48;BR16;treino;460;B1_CD202_NIRRIG_REPROD00004.asd;B1;CD202;NIRRIG;D04M;manha;D04
3;CD202+EMB48;BR16;treino;461;B1_CD202_NIRRIG_REPROD00005.asd;B1;CD202;NIRRIG;D04M;manha;D04
3;CD202+EMB48;BR16;treino;462;B1_CD202_NIRRIG_REPROD00006.asd;B1;CD202;NIRRIG;D04M;manha;D04
3;CD202+EMB48;BR16;treino;463;B1_CD202_NIRRIG_REPROD00007.asd;B1;CD202;NIRRIG;D04M;manha;D04
3;CD202+EMB48;BR16;treino;464;B2_CD202_IRRIG_REPROD00000.asd;B2;CD202;IRRIG;D04M;manha;D04
3;CD202+EMB48;BR16;treino;465;B2_CD202_IRRIG_REPROD00001.asd;B2;CD202;IRRIG;D04M;manha;D04
3;CD202+EMB48;BR16;treino;466;B2_CD202_IRRIG_REPROD00002.asd;B2;CD202;IRRIG;D04M;manha;D04
3;CD202+EMB48;BR16;treino;467;B2_CD202_IRRIG_REPROD00003.asd;B2;CD202;IRRIG;D04M;manha;D04
3;CD202+EMB48;BR16;treino;468;B2_CD202_IRRIG_REPROD00004.asd;B2;CD202;IRRIG;D04M;manha;D04
3;CD202+EMB48;BR16;treino;469;B2_CD202_IRRIG_REPROD00005.asd;B2;CD202;IRRIG;D04M;manha;D04
3;CD202+EMB48;BR16;treino;470;B2_CD202_IRRIG_REPROD00006.asd;B2;CD202;IRRIG;D04M;manha;D04
3;CD202+EMB48;BR16;treino;471;B2_CD202_IRRIG_REPROD00007.asd;B2;CD202;IRRIG;D04M;manha;D04
3;CD202+EMB48;BR16;treino;472;B2_CD202_NIRRIG_REPROD00000.asd;B2;CD202;NIRRIG;D04M;manha;D04
3;CD202+EMB48;BR16;treino;473;B2_CD202_NIRRIG_REPROD00001.asd;B2;CD202;NIRRIG;D04M;manha;D04
3;CD202+EMB48;BR16;treino;474;B2_CD202_NIRRIG_REPROD00002.asd;B2;CD202;NIRRIG;D04M;manha;D04
3;CD202+EMB48;BR16;treino;475;B2_CD202_NIRRIG_REPROD00003.asd;B2;CD202;NIRRIG;D04M;manha;D04
3;CD202+EMB48;BR16;treino;476;B2_CD202_NIRRIG_REPROD00004.asd;B2;CD202;NIRRIG;D04M;manha;D04
3;CD202+EMB48;BR16;treino;477;B2_CD202_NIRRIG_REPROD00005.asd;B2;CD202;NIRRIG;D04M;manha;D04
3;CD202+EMB48;BR16;treino;478;B2_CD202_NIRRIG_REPROD00006.asd;B2;CD202;NIRRIG;D04M;manha;D04
3;CD202+EMB48;BR16;treino;479;B2_CD202_NIRRIG_REPROD00007.asd;B2;CD202;NIRRIG;D04M;manha;D04
3;CD202+EMB48;BR16;treino;480;B3_CD202_IRRIG_REPROD00000.asd;B3;CD202;IRRIG;D04M;manha;D04
3;CD202+EMB48;BR16;treino;481;B3_CD202_IRRIG_REPROD00001.asd;B3;CD202;IRRIG;D04M;manha;D04
3;CD202+EMB48;BR16;treino;482;B3_CD202_IRRIG_REPROD00002.asd;B3;CD202;IRRIG;D04M;manha;D04
3;CD202+EMB48;BR16;treino;483;B3_CD202_IRRIG_REPROD00003.asd;B3;CD202;IRRIG;D04M;manha;D04
3;CD202+EMB48;BR16;treino;484;B3_CD202_IRRIG_REPROD00004.asd;B3;CD202;IRRIG;D04M;manha;D04
3;CD202+EMB48;BR16;treino;485;B3_CD202_IRRIG_REPROD00005.asd;B3;CD202;IRRIG;D04M;manha;D04
3;CD202+EMB48;BR16;treino;486;B3_CD202_IRRIG_REPROD00006.asd;B3;CD202;IRRIG;D04M;manha;D04
3;CD202+EMB48;BR16;treino;487;B3_CD202_IRRIG_REPROD00007.asd;B3;CD202;IRRIG;D04M;manha;D04
3;CD202+EMB48;BR16;treino;488;B3_CD202_NIRRIG_REPROD00000.asd;B3;CD202;NIRRIG;D04M;manha;D04
3;CD202+EMB48;BR16;treino;489;B3_CD202_NIRRIG_REPROD00001.asd;B3;CD202;NIRRIG;D04M;manha;D04
3;CD202+EMB48;BR16;treino;490;B3_CD202_NIRRIG_REPROD00002.asd;B3;CD202;NIRRIG;D04M;manha;D04
3;CD202+EMB48;BR16;treino;491;B3_CD202_NIRRIG_REPROD00003.asd;B3;CD202;NIRRIG;D04M;manha;D04
3;CD202+EMB48;BR16;treino;492;B3_CD202_NIRRIG_REPROD00004.asd;B3;CD202;NIRRIG;D04M;manha;D04
3;CD202+EMB48;BR16;treino;493;B3_CD202_NIRRIG_REPROD00005.asd;B3;CD202;NIRRIG;D04M;manha;D04
3;CD202+EMB48;BR16;treino;494;B3_CD202_NIRRIG_REPROD00006.asd;B3;CD202;NIRRIG;D04M;manha;D04
3;CD202+EMB48;BR16;treino;495;B3_CD202_NIRRIG_REPROD00007.asd;B3;CD202;NIRRIG;D04M;manha;D04
3;CD202+EMB48;BR16;treino;496;B4_CD202_IRRIG_REPROD00000.asd;B4;CD202;IRRIG;D04M;manha;D04
3;CD202+EMB48;BR16;treino;497;B4_CD202_IRRIG_REPROD00001.asd;B4;CD202;IRRIG;D04M;manha;D04
3;CD202+EMB48;BR16;treino;498;B4_CD202_IRRIG_REPROD00002.asd;B4;CD202;IRRIG;D04M;manha;D04
3;CD202+EMB48;BR16;treino;499;B4_CD202_IRRIG_REPROD00003.asd;B4;CD202;IRRIG;D04M;manha;D04
3;CD202+EMB48;BR16;treino;500;B4_CD202_IRRIG_REPROD00004.asd;B4;CD202;IRRIG;D04M;manha;D04
3;CD202+EMB48;BR16;treino;501;B4_CD202_IRRIG_REPROD00005.asd;B4;CD202;IRRIG;D04M;manha;D04
3;CD202+EMB48;BR16;treino;502;B4_CD202_IRRIG_REPROD00006.asd;B4;CD202;IRRIG;D04M;manha;D04
3;CD202+EMB48;BR16;treino;503;B4_CD202_IRRIG_REPROD00007.asd;B4;CD202;IRRIG;D04M;manha;D04
3;CD202+EMB48;BR16;treino;504;B4_CD202_NIRRIG_REPROD00000.asd;B4;CD202;NIRRIG;D04M;manha;D04
3;CD202+EMB48;BR16;treino;505;B4_CD202_NIRRIG_REPROD00001.asd;B4;CD202;NIRRIG;D04M;manha;D04
3;CD202+EMB48;BR16;treino;506;B4_CD202_NIRRIG_REPROD00002.asd;B4;CD202;NIRRIG;D04M;manha;D04
3;CD202+EMB48;BR16;treino;507;B4_CD202_NIRRIG_REPROD00003.asd;B4;CD202;NIRRIG;D04M;manha;D04
3;CD202+EMB48;BR16;treino;508;B4_CD202_NIRRIG_REPROD00004.asd;B4;CD202;NIRRIG;D04M;manha;D04
3;CD202+EMB48;BR16;treino;509;B4_CD202_NIRRIG_REPROD00005.asd;B4;CD202;NIRRIG;D04M;manha;D04
3;CD202+EMB48;BR16;treino;510;B4_CD202_NIRRIG_REPROD00006.asd;B4;CD202;NIRRIG;D04M;manha;D04
3;CD202+EMB48;BR16;treino;511;B4_CD202_NIRRIG_REPROD00007.asd;B4;CD202;NIRRIG;D04M;manha;D04
3;CD202+EMB48;BR16;treino;512;B1_EMB48_IRRIG_REPROD00000.asd;B1;EMB48;IRRIG;D04M;manha;D04
3;CD202+EMB48;BR16;treino;513;B1_EMB48_IRRIG_REPROD00001.asd;B1;EMB48;IRRIG;D04M;manha;D04
3;CD202+EMB48;BR16;treino;514;B1_EMB48_IRRIG_REPROD00002.asd;B1;EMB48;IRRIG;D04M;manha;D04
3;CD202+EMB48;BR16;treino;515;B1_EMB48_IRRIG_REPROD00003.asd;B1;EMB48;IRRIG;D04M;manha;D04
3;CD202+EMB48;BR16;treino;516;B1_EMB48_IRRIG_REPROD00004.asd;B1;EMB48;IRRIG;D04M;manha;D04
3;CD202+EMB48;BR16;treino;517;B1_EMB48_IRRIG_REPROD00005.asd;B1;EMB48;IRRIG;D04M;manha;D04
3;CD202+EMB48;BR16;treino;518;B1_EMB48_IRRIG_REPROD00006.asd;B1;EMB48;IRRIG;D04M;manha;D04
3;CD202+EMB48;BR16;treino;519;B1_EMB48_IRRIG_REPROD00007.asd;B1;EMB48;IRRIG;D04M;manha;D04
3;CD202+EMB48;BR16;treino;520;B1_EMB48_NIRRIG_REPROD00000.asd;B1;EMB48;NIRRIG;D04M;manha;D04
3;CD202+EMB48;BR16;treino;521;B1_EMB48_NIRRIG_REPROD00001.asd;B1;EMB48;NIRRIG;D04M;manha;D04
3;CD202+EMB48;BR16;treino;522;B1_EMB48_NIRRIG_REPROD00002.asd;B1;EMB48;NIRRIG;D04M;manha;D04
3;CD202+EMB48;BR16;treino;523;B1_EMB48_NIRRIG_REPROD00003.asd;B1;EMB48;NIRRIG;D04M;manha;D04
3;CD202+EMB48;BR16;treino;524;B1_EMB48_NIRRIG_REPROD00004.asd;B1;EMB48;NIRRIG;D04M;manha;D04
3;CD202+EMB48;BR16;treino;525;B1_EMB48_NIRRIG_REPROD00005.asd;B1;EMB48;NIRRIG;D04M;manha;D04
3;CD202+EMB48;BR16;treino;526;B1_EMB48_NIRRIG_REPROD00006.asd;B1;EMB48;NIRRIG;D04M;manha;D04
3;CD202+EMB48;BR16;treino;527;B1_EMB48_NIRRIG_REPROD00007.asd;B1;EMB48;NIRRIG;D04M;manha;D04
3;CD202+EMB48;BR16;treino;528;B2_EMB48_IRRIG_REPROD00000.asd;B2;EMB48;IRRIG;D04M;manha;D04
3;CD202+EMB48;BR16;treino;529;B2_EMB48_IRRIG_REPROD00001.asd;B2;EMB48;IRRIG;D04M;manha;D04
3;CD202+EMB48;BR16;treino;530;B2_EMB48_IRRIG_REPROD00002.asd;B2;EMB48;IRRIG;D04M;manha;D04
3;CD202+EMB48;BR16;treino;531;B2_EMB48_IRRIG_REPROD00003.asd;B2;EMB48;IRRIG;D04M;manha;D04
3;CD202+EMB48;BR16;treino;532;B2_EMB48_IRRIG_REPROD00004.asd;B2;EMB48;IRRIG;D04M;manha;D04
3;CD202+EMB48;BR16;treino;533;B2_EMB48_IRRIG_REPROD00005.asd;B2;EMB48;IRRIG;D04M;manha;D04
3;CD202+EMB48;BR16;treino;534;B2_EMB48_IRRIG_REPROD00006.asd;B2;EMB48;IRRIG;D04M;manha;D04
3;CD202+EMB48;BR16;treino;535;B2_EMB48_IRRIG_REPROD00007.asd;B2;EMB48;IRRIG;D04M;manha;D04
3;CD202+EMB48;BR16;treino;536;B2_EMB48_NIRRIG_REPROD00000.asd;B2;EMB48;NIRRIG;D04M;manha;D04
3;CD202+EMB48;BR16;treino;537;B2_EMB48_NIRRIG_REPROD00001.asd;B2;EMB48;NIRRIG;D04M;manha;D04
3;CD202+EMB48;BR16;treino;538;B2_EMB48_NIRRIG_REPROD00002.asd;B2;EMB48;NIRRIG;D04M;manha;D04
3;CD202+EMB48;BR16;treino;539;B2_EMB48_NIRRIG_REPROD00003.asd;B2;EMB48;NIRRIG;D04M;manha;D04
3;CD202+EMB48;BR16;treino;540;B2_EMB48_NIRRIG_REPROD00004.asd;B2;EMB48;NIRRIG;D04M;manha;D04
3;CD202+EMB48;BR16;treino;541;B2_EMB48_NIRRIG_REPROD00005.asd;B2;EMB48;NIRRIG;D04M;manha;D04
3;CD202+EMB48;BR16;treino;542;B2_EMB48_NIRRIG_REPROD00006.asd;B2;EMB48;NIRRIG;D04M;manha;D04
3;CD202+EMB48;BR16;treino;543;B2_EMB48_NIRRIG_REPROD00007.asd;B2;EMB48;NIRRIG;D04M;manha;D04
3;CD202+EMB48;BR16;treino;544;B3_EMB48_IRRIG_REPROD00000.asd;B3;EMB48;IRRIG;D04M;manha;D04
3;CD202+EMB48;BR16;treino;545;B3_EMB48_IRRIG_REPROD00001.asd;B3;EMB48;IRRIG;D04M;manha;D04
3;CD202+EMB48;BR16;treino;546;B3_EMB48_IRRIG_REPROD00002.asd;B3;EMB48;IRRIG;D04M;manha;D04
3;CD202+EMB48;BR16;treino;547;B3_EMB48_IRRIG_REPROD00003.asd;B3;EMB48;IRRIG;D04M;manha;D04
3;CD202+EMB48;BR16;treino;548;B3_EMB48_IRRIG_REPROD00004.asd;B3;EMB48;IRRIG;D04M;manha;D04
3;CD202+EMB48;BR16;treino;549;B3_EMB48_IRRIG_REPROD00005.asd;B3;EMB48;IRRIG;D04M;manha;D04
3;CD202+EMB48;BR16;treino;550;B3_EMB48_IRRIG_REPROD00006.asd;B3;EMB48;IRRIG;D04M;manha;D04
3;CD202+EMB48;BR16;treino;551;B3_EMB48_IRRIG_REPROD00007.asd;B3;EMB48;IRRIG;D04M;manha;D04
3;CD202+EMB48;BR16;treino;552;B3_EMB48_NIRRIG_REPROD00000.asd;B3;EMB48;NIRRIG;D04M;manha;D04
3;CD202+EMB48;BR16;treino;553;B3_EMB48_NIRRIG_REPROD00001.asd;B3;EMB48;NIRRIG;D04M;manha;D04
3;CD202+EMB48;BR16;treino;554;B3_EMB48_NIRRIG_REPROD00002.asd;B3;EMB48;NIRRIG;D04M;manha;D04
3;CD202+EMB48;BR16;treino;555;B3_EMB48_NIRRIG_REPROD00003.asd;B3;EMB48;NIRRIG;D04M;manha;D04
3;CD202+EMB48;BR16;treino;556;B3_EMB48_NIRRIG_REPROD00004.asd;B3;EMB48;NIRRIG;D04M;manha;D04
3;CD202+EMB48;BR16;treino;557;B3_EMB48_NIRRIG_REPROD00005.asd;B3;EMB48;NIRRIG;D04M;manha;D04
3;CD202+EMB48;BR16;treino;558;B3_EMB48_NIRRIG_REPROD00006.asd;B3;EMB48;NIRRIG;D04M;manha;D04
3;CD202+EMB48;BR16;treino;559;B3_EMB48_NIRRIG_REPROD00007.asd;B3;EMB48;NIRRIG;D04M;manha;D04
3;CD202+EMB48;BR16;treino;560;B4_EMB48_IRRIG_REPROD00000.asd;B4;EMB48;IRRIG;D04M;manha;D04
3;CD202+EMB48;BR16;treino;561;B4_EMB48_IRRIG_REPROD00001.asd;B4;EMB48;IRRIG;D04M;manha;D04
3;CD202+EMB48;BR16;treino;562;B4_EMB48_IRRIG_REPROD00002.asd;B4;EMB48;IRRIG;D04M;manha;D04
3;CD202+EMB48;BR16;treino;563;B4_EMB48_IRRIG_REPROD00003.asd;B4;EMB48;IRRIG;D04M;manha;D04
3;CD202+EMB48;BR16;treino;564;B4_EMB48_IRRIG_REPROD00004.asd;B4;EMB48;IRRIG;D04M;manha;D04
3;CD202+EMB48;BR16;treino;565;B4_EMB48_IRRIG_REPROD00005.asd;B4;EMB48;IRRIG;D04M;manha;D04
3;CD202+EMB48;BR16;treino;566;B4_EMB48_IRRIG_REPROD00006.asd;B4;EMB48;IRRIG;D04M;manha;D04
3;CD202+EMB48;BR16;treino;567;B4_EMB48_IRRIG_REPROD00007.asd;B4;EMB48;IRRIG;D04M;manha;D04
3;CD202+EMB48;BR16;treino;568;B4_EMB48_NIRRIG_REPROD00000.asd;B4;EMB48;NIRRIG;D04M;manha;D04
3;CD202+EMB48;BR16;treino;569;B4_EMB48_NIRRIG_REPROD00001.asd;B4;EMB48;NIRRIG;D04M;manha;D04
3;CD202+EMB48;BR16;treino;570;B4_EMB48_NIRRIG_REPROD00002.asd;B4;EMB48;NIRRIG;D04M;manha;D04
3;CD202+EMB48;BR16;treino;571;B4_EMB48_NIRRIG_REPROD00003.asd;B4;EMB48;NIRRIG;D04M;manha;D04
3;CD202+EMB48;BR16;treino;572;B4_EMB48_NIRRIG_REPROD00004.asd;B4;EMB48;NIRRIG;D04M;manha;D04
3;CD202+EMB48;BR16;treino;573;B4_EMB48_NIRRIG_REPROD00005.asd;B4;EMB48;NIRRIG;D04M;manha;D04
3;CD202+EMB48;BR16;treino;574;B4_EMB48_NIRRIG_REPROD00006.asd;B4;EMB48;NIRRIG;D04M;manha;D04
3;CD202+EMB48;BR16;treino;575;B4_EMB48_NIRRIG_REPROD00007.asd;B4;EMB48;NIRRIG;D04M;manha;D04
3;CD202+EMB48;BR16;teste;384;B1_BR16_IRRIG_REPROD00000.asd;B1;BR16;IRRIG;D04M;manha;D04
3;CD202+EMB48;BR16;teste;385;B1_BR16_IRRIG_REPROD00001.asd;B1;BR16;IRRIG;D04M;manha;D04
3;CD202+EMB48;BR16;teste;386;B1_BR16_IRRIG_REPROD00002.asd;B1;BR16;IRRIG;D04M;manha;D04
3;CD202+EMB48;BR16;teste;387;B1_BR16_IRRIG_REPROD00003.asd;B1;BR16;IRRIG;D04M;manha;D04
3;CD202+EMB48;BR16;teste;388;B1_BR16_IRRIG_REPROD00004.asd;B1;BR16;IRRIG;D04M;manha;D04
3;CD202+EMB48;BR16;teste;389;B1_BR16_IRRIG_REPROD00005.asd;B1;BR16;IRRIG;D04M;manha;D04
3;CD202+EMB48;BR16;teste;390;B1_BR16_IRRIG_REPROD00006.asd;B1;BR16;IRRIG;D04M;manha;D04
3;CD202+EMB48;BR16;teste;391;B1_BR16_IRRIG_REPROD00007.asd;B1;BR16;IRRIG;D04M;manha;D04
3;CD202+EMB48;BR16;teste;392;B1_BR16_NIRRIG_REPROD00000.asd;B1;BR16;NIRRIG;D04M;manha;D04
3;CD202+EMB48;BR16;teste;393;B1_BR16_NIRRIG_REPROD00001.asd;B1;BR16;NIRRIG;D04M;manha;D04
3;CD202+EMB48;BR16;teste;394;B1_BR16_NIRRIG_REPROD00002.asd;B1;BR16;NIRRIG;D04M;manha;D04
3;CD202+EMB48;BR16;teste;395;B1_BR16_NIRRIG_REPROD00003.asd;B1;BR16;NIRRIG;D04M;manha;D04
3;CD202+EMB48;BR16;teste;396;B1_BR16_NIRRIG_REPROD00004.asd;B1;BR16;NIRRIG;D04M;manha;D04
3;CD202+EMB48;BR16;teste;397;B1_BR16_NIRRIG_REPROD00005.asd;B1;BR16;NIRRIG;D04M;manha;D04
3;CD202+EMB48;BR16;teste;398;B1_BR16_NIRRIG_REPROD00006.asd;B1;BR16;NIRRIG;D04M;manha;D04
3;CD202+EMB48;BR16;teste;399;B1_BR16_NIRRIG_REPROD00007.asd;B1;BR16;NIRRIG;D04M;manha;D04
3;CD202+EMB48;BR16;teste;400;B2_BR16_IRRIG_REPROD00000.asd;B2;BR16;IRRIG;D04M;manha;D04
3;CD202+EMB48;BR16;teste;401;B2_BR16_IRRIG_REPROD00001.asd;B2;BR16;IRRIG;D04M;manha;D04
3;CD202+EMB48;BR16;teste;402;B2_BR16_IRRIG_REPROD00002.asd;B2;BR16;IRRIG;D04M;manha;D04
3;CD202+EMB48;BR16;teste;403;B2_BR16_IRRIG_REPROD00003.asd;B2;BR16;IRRIG;D04M;manha;D04
3;CD202+EMB48;BR16;teste;404;B2_BR16_IRRIG_REPROD00004.asd;B2;BR16;IRRIG;D04M;manha;D04
3;CD202+EMB48;BR16;teste;405;B2_BR16_IRRIG_REPROD00005.asd;B2;BR16;IRRIG;D04M;manha;D04
3;CD202+EMB48;BR16;teste;406;B2_BR16_IRRIG_REPROD00006.asd;B2;BR16;IRRIG;D04M;manha;D04
3;CD202+EMB48;BR16;teste;407;B2_BR16_IRRIG_REPROD00007.asd;B2;BR16;IRRIG;D04M;manha;D04
3;CD202+EMB48;BR16;teste;408;B2_BR16_NIRRIG_REPROD00000.asd;B2;BR16;NIRRIG;D04M;manha;D04
3;CD202+EMB48;BR16;teste;409;B2_BR16_NIRRIG_REPROD00001.asd;B2;BR16;NIRRIG;D04M;manha;D04
3;CD202+EMB48;BR16;teste;410;B2_BR16_NIRRIG_REPROD00002.asd;B2;BR16;NIRRIG;D04M;manha;D04
3;CD202+EMB48;BR16;teste;411;B2_BR16_NIRRIG_REPROD00003.asd;B2;BR16;NIRRIG;D04M;manha;D04
3;CD202+EMB48;BR16;teste;412;B2_BR16_NIRRIG_REPROD00004.asd;B2;BR16;NIRRIG;D04M;manha;D04
3;CD202+EMB48;BR16;teste;413;B2_BR16_NIRRIG_REPROD00005.asd;B2;BR16;NIRRIG;D04M;manha;D04
3;CD202+EMB48;BR16;teste;414;B2_BR16_NIRRIG_REPROD00006.asd;B2;BR16;NIRRIG;D04M;manha;D04
3;CD202+EMB48;BR16;teste;415;B2_BR16_NIRRIG_REPROD00007.asd;B2;BR16;NIRRIG;D04M;manha;D04
3;CD202+EMB48;BR16;teste;416;B3_BR16_IRRIG_REPROD00000.asd;B3;BR16;IRRIG;D04M;manha;D04
3;CD202+EMB48;BR16;teste;417;B3_BR16_IRRIG_REPROD00001.asd;B3;BR16;IRRIG;D04M;manha;D04
3;CD202+EMB48;BR16;teste;418;B3_BR16_IRRIG_REPROD00002.asd;B3;BR16;IRRIG;D04M;manha;D04
3;CD202+EMB48;BR16;teste;419;B3_BR16_IRRIG_REPROD00003.asd;B3;BR16;IRRIG;D04M;manha;D04
3;CD202+EMB48;BR16;teste;420;B3_BR16_IRRIG_REPROD00004.asd;B3;BR16;IRRIG;D04M;manha;D04
3;CD202+EMB48;BR16;teste;421;B3_BR16_IRRIG_REPROD00005.asd;B3;BR16;IRRIG;D04M;manha;D04
3;CD202+EMB48;BR16;teste;422;B3_BR16_IRRIG_REPROD00006.asd;B3;BR16;IRRIG;D04M;manha;D04
3;CD202+EMB48;BR16;teste;423;B3_BR16_IRRIG_REPROD00007.asd;B3;BR16;IRRIG;D04M;manha;D04
3;CD202+EMB48;BR16;teste;424;B3_BR16_NIRRIG_REPROD00000.asd;B3;BR16;NIRRIG;D04M;manha;D04
3;CD202+EMB48;BR16;teste;425;B3_BR16_NIRRIG_REPROD00001.asd;B3;BR16;NIRRIG;D04M;manha;D04
3;CD202+EMB48;BR16;teste;426;B3_BR16_NIRRIG_REPROD00002.asd;B3;BR16;NIRRIG;D04M;manha;D04
3;CD202+EMB48;BR16;teste;427;B3_BR16_NIRRIG_REPROD00003.asd;B3;BR16;NIRRIG;D04M;manha;D04
3;CD202+EMB48;BR16;teste;428;B3_BR16_NIRRIG_REPROD00004.asd;B3;BR16;NIRRIG;D04M;manha;D04
3;CD202+EMB48;BR16;teste;429;B3_BR16_NIRRIG_REPROD00005.asd;B3;BR16;NIRRIG;D04M;manha;D04
3;CD202+EMB48;BR16;teste;430;B3_BR16_NIRRIG_REPROD00006.asd;B3;BR16;NIRRIG;D04M;manha;D04
3;CD202+EMB48;BR16;teste;431;B3_BR16_NIRRIG_REPROD00007.asd;B3;BR16;NIRRIG;D04M;manha;D04
3;CD202+EMB48;BR16;teste;432;B4_BR16_IRRIG_REPROD00000.asd;B4;BR16;IRRIG;D04M;manha;D04
3;CD202+EMB48;BR16;teste;433;B4_BR16_IRRIG_REPROD00001.asd;B4;BR16;IRRIG;D04M;manha;D04
3;CD202+EMB48;BR16;teste;434;B4_BR16_IRRIG_REPROD00002.asd;B4;BR16;IRRIG;D04M;manha;D04
3;CD202+EMB48;BR16;teste;435;B4_BR16_IRRIG_REPROD00003.asd;B4;BR16;IRRIG;D04M;manha;D04
3;CD202+EMB48;BR16;teste;436;B4_BR16_IRRIG_REPROD00004.asd;B4;BR16;IRRIG;D04M;manha;D04
3;CD202+EMB48;BR16;teste;437;B4_BR16_IRRIG_REPROD00005.asd;B4;BR16;IRRIG;D04M;manha;D04
3;CD202+EMB48;BR16;teste;438;B4_BR16_IRRIG_REPROD00006.asd;B4;BR16;IRRIG;D04M;manha;D04
3;CD202+EMB48;BR16;teste;439;B4_BR16_IRRIG_REPROD00007.asd;B4;BR16;IRRIG;D04M;manha;D04
3;CD202+EMB48;BR16;teste;440;B4_BR16_NIRRIG_REPROD00000.asd;B4;BR16;NIRRIG;D04M;manha;D04
3;CD202+EMB48;BR16;teste;441;B4_BR16_NIRRIG_REPROD00001.asd;B4;BR16;NIRRIG;D04M;manha;D04
3;CD202+EMB48;BR16;teste;442;B4_BR16_NIRRIG_REPROD00002.asd;B4;BR16;NIRRIG;D04M;manha;D04
3;CD202+EMB48;BR16;teste;443;B4_BR16_NIRRIG_REPROD00003.asd;B4;BR16;NIRRIG;D04M;manha;D04
3;CD202+EMB48;BR16;teste;444;B4_BR16_NIRRIG_REPROD00004.asd;B4;BR16;NIRRIG;D04M;manha;D04
3;CD202+EMB48;BR16;teste;445;B4_BR16_NIRRIG_REPROD00005.asd;B4;BR16;NIRRIG;D04M;manha;D04
3;CD202+EMB48;BR16;teste;446;B4_BR16_NIRRIG_REPROD00006.asd;B4;BR16;NIRRIG;D04M;manha;D04
3;CD202+EMB48;BR16;teste;447;B4_BR16_NIRRIG_REPROD00007.asd;B4;BR16;NIRRIG;D04M;manha;D04
1;BR16+CD202;EMB48;treino;576;B1_BR16_IRRIG_REPROD00000.asd;B1;BR16;IRRIG;D05M;manha;D05
1;BR16+CD202;EMB48;treino;577;B1_BR16_IRRIG_REPROD00001.asd;B1;BR16;IRRIG;D05M;manha;D05
1;BR16+CD202;EMB48;treino;578;B1_BR16_IRRIG_REPROD00002.asd;B1;BR16;IRRIG;D05M;manha;D05
1;BR16+CD202;EMB48;treino;579;B1_BR16_IRRIG_REPROD00003.asd;B1;BR16;IRRIG;D05M;manha;D05
1;BR16+CD202;EMB48;treino;580;B1_BR16_IRRIG_REPROD00004.asd;B1;BR16;IRRIG;D05M;manha;D05
1;BR16+CD202;EMB48;treino;581;B1_BR16_IRRIG_REPROD00005.asd;B1;BR16;IRRIG;D05M;manha;D05
1;BR16+CD202;EMB48;treino;582;B1_BR16_IRRIG_REPROD00006.asd;B1;BR16;IRRIG;D05M;manha;D05
1;BR16+CD202;EMB48;treino;583;B1_BR16_IRRIG_REPROD00007.asd;B1;BR16;IRRIG;D05M;manha;D05
1;BR16+CD202;EMB48;treino;584;B1_BR16_NIRRIG_REPROD00000.asd;B1;BR16;NIRRIG;D05M;manha;D05
1;BR16+CD202;EMB48;treino;585;B1_BR16_NIRRIG_REPROD00001.asd;B1;BR16;NIRRIG;D05M;manha;D05
1;BR16+CD202;EMB48;treino;586;B1_BR16_NIRRIG_REPROD00002.asd;B1;BR16;NIRRIG;D05M;manha;D05
1;BR16+CD202;EMB48;treino;587;B1_BR16_NIRRIG_REPROD00003.asd;B1;BR16;NIRRIG;D05M;manha;D05
1;BR16+CD202;EMB48;treino;588;B1_BR16_NIRRIG_REPROD00004.asd;B1;BR16;NIRRIG;D05M;manha;D05
1;BR16+CD202;EMB48;treino;589;B1_BR16_NIRRIG_REPROD00005.asd;B1;BR16;NIRRIG;D05M;manha;D05
1;BR16+CD202;EMB48;treino;590;B1_BR16_NIRRIG_REPROD00006.asd;B1;BR16;NIRRIG;D05M;manha;D05
1;BR16+CD202;EMB48;treino;591;B1_BR16_NIRRIG_REPROD00007.asd;B1;BR16;NIRRIG;D05M;manha;D05
1;BR16+CD202;EMB48;treino;592;B2_BR16_IRRIG_REPROD00000.asd;B2;BR16;IRRIG;D05M;manha;D05
1;BR16+CD202;EMB48;treino;593;B2_BR16_IRRIG_REPROD00001.asd;B2;BR16;IRRIG;D05M;manha;D05
1;BR16+CD202;EMB48;treino;594;B2_BR16_IRRIG_REPROD00002.asd;B2;BR16;IRRIG;D05M;manha;D05
1;BR16+CD202;EMB48;treino;595;B2_BR16_IRRIG_REPROD00003.asd;B2;BR16;IRRIG;D05M;manha;D05
1;BR16+CD202;EMB48;treino;596;B2_BR16_IRRIG_REPROD00004.asd;B2;BR16;IRRIG;D05M;manha;D05
1;BR16+CD202;EMB48;treino;597;B2_BR16_IRRIG_REPROD00005.asd;B2;BR16;IRRIG;D05M;manha;D05
1;BR16+CD202;EMB48;treino;598;B2_BR16_IRRIG_REPROD00006.asd;B2;BR16;IRRIG;D05M;manha;D05
1;BR16+CD202;EMB48;treino;599;B2_BR16_IRRIG_REPROD00007.asd;B2;BR16;IRRIG;D05M;manha;D05
1;BR16+CD202;EMB48;treino;600;B2_BR16_NIRRIG_REPROD00000.asd;B2;BR16;NIRRIG;D05M;manha;D05
1;BR16+CD202;EMB48;treino;601;B2_BR16_NIRRIG_REPROD00001.asd;B2;BR16;NIRRIG;D05M;manha;D05
1;BR16+CD202;EMB48;treino;602;B2_BR16_NIRRIG_REPROD00002.asd;B2;BR16;NIRRIG;D05M;manha;D05
1;BR16+CD202;EMB48;treino;603;B2_BR16_NIRRIG_REPROD00003.asd;B2;BR16;NIRRIG;D05M;manha;D05
1;BR16+CD202;EMB48;treino;604;B2_BR16_NIRRIG_REPROD00004.asd;B2;BR16;NIRRIG;D05M;manha;D05
1;BR16+CD202;EMB48;treino;605;B2_BR16_NIRRIG_REPROD00005.asd;B2;BR16;NIRRIG;D05M;manha;D05
1;BR16+CD202;EMB48;treino;606;B2_BR16_NIRRIG_REPROD00006.asd;B2;BR16;NIRRIG;D05M;manha;D05
1;BR16+CD202;EMB48;treino;607;B2_BR16_NIRRIG_REPROD00007.asd;B2;BR16;NIRRIG;D05M;manha;D05
1;BR16+CD202;EMB48;treino;608;B3_BR16_IRRIG_REPROD00000.asd;B3;BR16;IRRIG;D05M;manha;D05
1;BR16+CD202;EMB48;treino;609;B3_BR16_IRRIG_REPROD00001.asd;B3;BR16;IRRIG;D05M;manha;D05
1;BR16+CD202;EMB48;treino;610;B3_BR16_IRRIG_REPROD00002.asd;B3;BR16;IRRIG;D05M;manha;D05
1;BR16+CD202;EMB48;treino;611;B3_BR16_IRRIG_REPROD00003.asd;B3;BR16;IRRIG;D05M;manha;D05
1;BR16+CD202;EMB48;treino;612;B3_BR16_IRRIG_REPROD00004.asd;B3;BR16;IRRIG;D05M;manha;D05
1;BR16+CD202;EMB48;treino;613;B3_BR16_IRRIG_REPROD00005.asd;B3;BR16;IRRIG;D05M;manha;D05
1;BR16+CD202;EMB48;treino;614;B3_BR16_IRRIG_REPROD00006.asd;B3;BR16;IRRIG;D05M;manha;D05
1;BR16+CD202;EMB48;treino;615;B3_BR16_IRRIG_REPROD00007.asd;B3;BR16;IRRIG;D05M;manha;D05
1;BR16+CD202;EMB48;treino;616;B3_BR16_NIRRIG_REPROD00000.asd;B3;BR16;NIRRIG;D05M;manha;D05
1;BR16+CD202;EMB48;treino;617;B3_BR16_NIRRIG_REPROD00001.asd;B3;BR16;NIRRIG;D05M;manha;D05
1;BR16+CD202;EMB48;treino;618;B3_BR16_NIRRIG_REPROD00002.asd;B3;BR16;NIRRIG;D05M;manha;D05
1;BR16+CD202;EMB48;treino;619;B3_BR16_NIRRIG_REPROD00003.asd;B3;BR16;NIRRIG;D05M;manha;D05
1;BR16+CD202;EMB48;treino;620;B3_BR16_NIRRIG_REPROD00004.asd;B3;BR16;NIRRIG;D05M;manha;D05
1;BR16+CD202;EMB48;treino;621;B3_BR16_NIRRIG_REPROD00005.asd;B3;BR16;NIRRIG;D05M;manha;D05
1;BR16+CD202;EMB48;treino;622;B3_BR16_NIRRIG_REPROD00006.asd;B3;BR16;NIRRIG;D05M;manha;D05
1;BR16+CD202;EMB48;treino;623;B3_BR16_NIRRIG_REPROD00007.asd;B3;BR16;NIRRIG;D05M;manha;D05
1;BR16+CD202;EMB48;treino;624;B4_BR16_IRRIG_REPROD00000.asd;B4;BR16;IRRIG;D05M;manha;D05
1;BR16+CD202;EMB48;treino;625;B4_BR16_IRRIG_REPROD00001.asd;B4;BR16;IRRIG;D05M;manha;D05
1;BR16+CD202;EMB48;treino;626;B4_BR16_IRRIG_REPROD00002.asd;B4;BR16;IRRIG;D05M;manha;D05
1;BR16+CD202;EMB48;treino;627;B4_BR16_IRRIG_REPROD00003.asd;B4;BR16;IRRIG;D05M;manha;D05
1;BR16+CD202;EMB48;treino;628;B4_BR16_IRRIG_REPROD00004.asd;B4;BR16;IRRIG;D05M;manha;D05
1;BR16+CD202;EMB48;treino;629;B4_BR16_IRRIG_REPROD00005.asd;B4;BR16;IRRIG;D05M;manha;D05
1;BR16+CD202;EMB48;treino;630;B4_BR16_IRRIG_REPROD00006.asd;B4;BR16;IRRIG;D05M;manha;D05
1;BR16+CD202;EMB48;treino;631;B4_BR16_IRRIG_REPROD00007.asd;B4;BR16;IRRIG;D05M;manha;D05
1;BR16+CD202;EMB48;treino;632;B4_BR16_NIRRIG_REPROD00000.asd;B4;BR16;NIRRIG;D05M;manha;D05
1;BR16+CD202;EMB48;treino;633;B4_BR16_NIRRIG_REPROD00001.asd;B4;BR16;NIRRIG;D05M;manha;D05
1;BR16+CD202;EMB48;treino;634;B4_BR16_NIRRIG_REPROD00002.asd;B4;BR16;NIRRIG;D05M;manha;D05
1;BR16+CD202;EMB48;treino;635;B4_BR16_NIRRIG_REPROD00003.asd;B4;BR16;NIRRIG;D05M;manha;D05
1;BR16+CD202;EMB48;treino;636;B4_BR16_NIRRIG_REPROD00004.asd;B4;BR16;NIRRIG;D05M;manha;D05
1;BR16+CD202;EMB48;treino;637;B4_BR16_NIRRIG_REPROD00005.asd;B4;BR16;NIRRIG;D05M;manha;D05
1;BR16+CD202;EMB48;treino;638;B4_BR16_NIRRIG_REPROD00006.asd;B4;BR16;NIRRIG;D05M;manha;D05
1;BR16+CD202;EMB48;treino;639;B4_BR16_NIRRIG_REPROD00007.asd;B4;BR16;NIRRIG;D05M;manha;D05
1;BR16+CD202;EMB48;treino;640;B1_CD202_IRRIG_REPROD00000.asd;B1;CD202;IRRIG;D05M;manha;D05
1;BR16+CD202;EMB48;treino;641;B1_CD202_IRRIG_REPROD00001.asd;B1;CD202;IRRIG;D05M;manha;D05
1;BR16+CD202;EMB48;treino;642;B1_CD202_IRRIG_REPROD00002.asd;B1;CD202;IRRIG;D05M;manha;D05
1;BR16+CD202;EMB48;treino;643;B1_CD202_IRRIG_REPROD00003.asd;B1;CD202;IRRIG;D05M;manha;D05
1;BR16+CD202;EMB48;treino;644;B1_CD202_IRRIG_REPROD00004.asd;B1;CD202;IRRIG;D05M;manha;D05
1;BR16+CD202;EMB48;treino;645;B1_CD202_IRRIG_REPROD00005.asd;B1;CD202;IRRIG;D05M;manha;D05
1;BR16+CD202;EMB48;treino;646;B1_CD202_IRRIG_REPROD00006.asd;B1;CD202;IRRIG;D05M;manha;D05
1;BR16+CD202;EMB48;treino;647;B1_CD202_IRRIG_REPROD00007.asd;B1;CD202;IRRIG;D05M;manha;D05
1;BR16+CD202;EMB48;treino;648;B1_CD202_NIRRIG_REPROD00000.asd;B1;CD202;NIRRIG;D05M;manha;D05
1;BR16+CD202;EMB48;treino;649;B1_CD202_NIRRIG_REPROD00001.asd;B1;CD202;NIRRIG;D05M;manha;D05
1;BR16+CD202;EMB48;treino;650;B1_CD202_NIRRIG_REPROD00002.asd;B1;CD202;NIRRIG;D05M;manha;D05
1;BR16+CD202;EMB48;treino;651;B1_CD202_NIRRIG_REPROD00003.asd;B1;CD202;NIRRIG;D05M;manha;D05
1;BR16+CD202;EMB48;treino;652;B1_CD202_NIRRIG_REPROD00004.asd;B1;CD202;NIRRIG;D05M;manha;D05
1;BR16+CD202;EMB48;treino;653;B1_CD202_NIRRIG_REPROD00005.asd;B1;CD202;NIRRIG;D05M;manha;D05
1;BR16+CD202;EMB48;treino;654;B1_CD202_NIRRIG_REPROD00006.asd;B1;CD202;NIRRIG;D05M;manha;D05
1;BR16+CD202;EMB48;treino;655;B1_CD202_NIRRIG_REPROD00007.asd;B1;CD202;NIRRIG;D05M;manha;D05
1;BR16+CD202;EMB48;treino;656;B2_CD202_IRRIG_REPROD00000.asd;B2;CD202;IRRIG;D05M;manha;D05
1;BR16+CD202;EMB48;treino;657;B2_CD202_IRRIG_REPROD00001.asd;B2;CD202;IRRIG;D05M;manha;D05
1;BR16+CD202;EMB48;treino;658;B2_CD202_IRRIG_REPROD00002.asd;B2;CD202;IRRIG;D05M;manha;D05
1;BR16+CD202;EMB48;treino;659;B2_CD202_IRRIG_REPROD00003.asd;B2;CD202;IRRIG;D05M;manha;D05
1;BR16+CD202;EMB48;treino;660;B2_CD202_IRRIG_REPROD00004.asd;B2;CD202;IRRIG;D05M;manha;D05
1;BR16+CD202;EMB48;treino;661;B2_CD202_IRRIG_REPROD00005.asd;B2;CD202;IRRIG;D05M;manha;D05
1;BR16+CD202;EMB48;treino;662;B2_CD202_IRRIG_REPROD00006.asd;B2;CD202;IRRIG;D05M;manha;D05
1;BR16+CD202;EMB48;treino;663;B2_CD202_IRRIG_REPROD00007.asd;B2;CD202;IRRIG;D05M;manha;D05
1;BR16+CD202;EMB48;treino;664;B2_CD202_NIRRIG_REPROD00000.asd;B2;CD202;NIRRIG;D05M;manha;D05
1;BR16+CD202;EMB48;treino;665;B2_CD202_NIRRIG_REPROD00001.asd;B2;CD202;NIRRIG;D05M;manha;D05
1;BR16+CD202;EMB48;treino;666;B2_CD202_NIRRIG_REPROD00002.asd;B2;CD202;NIRRIG;D05M;manha;D05
1;BR16+CD202;EMB48;treino;667;B2_CD202_NIRRIG_REPROD00003.asd;B2;CD202;NIRRIG;D05M;manha;D05
1;BR16+CD202;EMB48;treino;668;B2_CD202_NIRRIG_REPROD00004.asd;B2;CD202;NIRRIG;D05M;manha;D05
1;BR16+CD202;EMB48;treino;669;B2_CD202_NIRRIG_REPROD00005.asd;B2;CD202;NIRRIG;D05M;manha;D05
1;BR16+CD202;EMB48;treino;670;B2_CD202_NIRRIG_REPROD00006.asd;B2;CD202;NIRRIG;D05M;manha;D05
1;BR16+CD202;EMB48;treino;671;B2_CD202_NIRRIG_REPROD00007.asd;B2;CD202;NIRRIG;D05M;manha;D05
1;BR16+CD202;EMB48;treino;672;B3_CD202_IRRIG_REPROD00000.asd;B3;CD202;IRRIG;D05M;manha;D05
1;BR16+CD202;EMB48;treino;673;B3_CD202_IRRIG_REPROD00001.asd;B3;CD202;IRRIG;D05M;manha;D05
1;BR16+CD202;EMB48;treino;674;B3_CD202_IRRIG_REPROD00002.asd;B3;CD202;IRRIG;D05M;manha;D05
1;BR16+CD202;EMB48;treino;675;B3_CD202_IRRIG_REPROD00003.asd;B3;CD202;IRRIG;D05M;manha;D05
1;BR16+CD202;EMB48;treino;676;B3_CD202_IRRIG_REPROD00004.asd;B3;CD202;IRRIG;D05M;manha;D05
1;BR16+CD202;EMB48;treino;677;B3_CD202_IRRIG_REPROD00005.asd;B3;CD202;IRRIG;D05M;manha;D05
1;BR16+CD202;EMB48;treino;678;B3_CD202_IRRIG_REPROD00006.asd;B3;CD202;IRRIG;D05M;manha;D05
1;BR16+CD202;EMB48;treino;679;B3_CD202_IRRIG_REPROD00007.asd;B3;CD202;IRRIG;D05M;manha;D05
1;BR16+CD202;EMB48;treino;680;B3_CD202_NIRRIG_REPROD00000.asd;B3;CD202;NIRRIG;D05M;manha;D05
1;BR16+CD202;EMB48;treino;681;B3_CD202_NIRRIG_REPROD00001.asd;B3;CD202;NIRRIG;D05M;manha;D05
1;BR16+CD202;EMB48;treino;682;B3_CD202_NIRRIG_REPROD00002.asd;B3;CD202;NIRRIG;D05M;manha;D05
1;BR16+CD202;EMB48;treino;683;B3_CD202_NIRRIG_REPROD00003.asd;B3;CD202;NIRRIG;D05M;manha;D05
1;BR16+CD202;EMB48;treino;684;B3_CD202_NIRRIG_REPROD00004.asd;B3;CD202;NIRRIG;D05M;manha;D05
1;BR16+CD202;EMB48;treino;685;B3_CD202_NIRRIG_REPROD00005.asd;B3;CD202;NIRRIG;D05M;manha;D05
1;BR16+CD202;EMB48;treino;686;B3_CD202_NIRRIG_REPROD00006.asd;B3;CD202;NIRRIG;D05M;manha;D05
1;BR16+CD202;EMB48;treino;687;B3_CD202_NIRRIG_REPROD00007.asd;B3;CD202;NIRRIG;D05M;manha;D05
1;BR16+CD202;EMB48;treino;688;B4_CD202_IRRIG_REPROD00000.asd;B4;CD202;IRRIG;D05M;manha;D05
1;BR16+CD202;EMB48;treino;689;B4_CD202_IRRIG_REPROD00001.asd;B4;CD202;IRRIG;D05M;manha;D05
1;BR16+CD202;EMB48;treino;690;B4_CD202_IRRIG_REPROD00002.asd;B4;CD202;IRRIG;D05M;manha;D05
1;BR16+CD202;EMB48;treino;691;B4_CD202_IRRIG_REPROD00003.asd;B4;CD202;IRRIG;D05M;manha;D05
1;BR16+CD202;EMB48;treino;692;B4_CD202_IRRIG_REPROD00004.asd;B4;CD202;IRRIG;D05M;manha;D05
1;BR16+CD202;EMB48;treino;693;B4_CD202_IRRIG_REPROD00005.asd;B4;CD202;IRRIG;D05M;manha;D05
1;BR16+CD202;EMB48;treino;694;B4_CD202_IRRIG_REPROD00006.asd;B4;CD202;IRRIG;D05M;manha;D05
1;BR16+CD202;EMB48;treino;695;B4_CD202_IRRIG_REPROD00007.asd;B4;CD202;IRRIG;D05M;manha;D05
1;BR16+CD202;EMB48;treino;696;B4_CD202_NIRRIG_REPROD00000.asd;B4;CD202;NIRRIG;D05M;manha;D05
1;BR16+CD202;EMB48;treino;697;B4_CD202_NIRRIG_REPROD00001.asd;B4;CD202;NIRRIG;D05M;manha;D05
1;BR16+CD202;EMB48;treino;698;B4_CD202_NIRRIG_REPROD00002.asd;B4;CD202;NIRRIG;D05M;manha;D05
1;BR16+CD202;EMB48;treino;699;B4_CD202_NIRRIG_REPROD00003.asd;B4;CD202;NIRRIG;D05M;manha;D05
1;BR16+CD202;EMB48;treino;700;B4_CD202_NIRRIG_REPROD00004.asd;B4;CD202;NIRRIG;D05M;manha;D05
1;BR16+CD202;EMB48;treino;701;B4_CD202_NIRRIG_REPROD00005.asd;B4;CD202;NIRRIG;D05M;manha;D05
1;BR16+CD202;EMB48;treino;702;B4_CD202_NIRRIG_REPROD00006.asd;B4;CD202;NIRRIG;D05M;manha;D05
1;BR16+CD202;EMB48;treino;703;B4_CD202_NIRRIG_REPROD00007.asd;B4;CD202;NIRRIG;D05M;manha;D05
1;BR16+CD202;EMB48;teste;704;B1_EMB48_IRRIG_REPROD00000.asd;B1;EMB48;IRRIG;D05M;manha;D05
1;BR16+CD202;EMB48;teste;705;B1_EMB48_IRRIG_REPROD00001.asd;B1;EMB48;IRRIG;D05M;manha;D05
1;BR16+CD202;EMB48;teste;706;B1_EMB48_IRRIG_REPROD00002.asd;B1;EMB48;IRRIG;D05M;manha;D05
1;BR16+CD202;EMB48;teste;707;B1_EMB48_IRRIG_REPROD00003.asd;B1;EMB48;IRRIG;D05M;manha;D05
1;BR16+CD202;EMB48;teste;708;B1_EMB48_IRRIG_REPROD00004.asd;B1;EMB48;IRRIG;D05M;manha;D05
1;BR16+CD202;EMB48;teste;709;B1_EMB48_IRRIG_REPROD00005.asd;B1;EMB48;IRRIG;D05M;manha;D05
1;BR16+CD202;EMB48;teste;710;B1_EMB48_IRRIG_REPROD00006.asd;B1;EMB48;IRRIG;D05M;manha;D05
1;BR16+CD202;EMB48;teste;711;B1_EMB48_IRRIG_REPROD00007.asd;B1;EMB48;IRRIG;D05M;manha;D05
1;BR16+CD202;EMB48;teste;712;B1_EMB48_NIRRIG_REPROD00000.asd;B1;EMB48;NIRRIG;D05M;manha;D05
1;BR16+CD202;EMB48;teste;713;B1_EMB48_NIRRIG_REPROD00001.asd;B1;EMB48;NIRRIG;D05M;manha;D05
1;BR16+CD202;EMB48;teste;714;B1_EMB48_NIRRIG_REPROD00002.asd;B1;EMB48;NIRRIG;D05M;manha;D05
1;BR16+CD202;EMB48;teste;715;B1_EMB48_NIRRIG_REPROD00003.asd;B1;EMB48;NIRRIG;D05M;manha;D05
1;BR16+CD202;EMB48;teste;716;B1_EMB48_NIRRIG_REPROD00004.asd;B1;EMB48;NIRRIG;D05M;manha;D05
1;BR16+CD202;EMB48;teste;717;B1_EMB48_NIRRIG_REPROD00005.asd;B1;EMB48;NIRRIG;D05M;manha;D05
1;BR16+CD202;EMB48;teste;718;B1_EMB48_NIRRIG_REPROD00006.asd;B1;EMB48;NIRRIG;D05M;manha;D05
1;BR16+CD202;EMB48;teste;719;B1_EMB48_NIRRIG_REPROD00007.asd;B1;EMB48;NIRRIG;D05M;manha;D05
1;BR16+CD202;EMB48;teste;720;B2_EMB48_IRRIG_REPROD00000.asd;B2;EMB48;IRRIG;D05M;manha;D05
1;BR16+CD202;EMB48;teste;721;B2_EMB48_IRRIG_REPROD00001.asd;B2;EMB48;IRRIG;D05M;manha;D05
1;BR16+CD202;EMB48;teste;722;B2_EMB48_IRRIG_REPROD00002.asd;B2;EMB48;IRRIG;D05M;manha;D05
1;BR16+CD202;EMB48;teste;723;B2_EMB48_IRRIG_REPROD00003.asd;B2;EMB48;IRRIG;D05M;manha;D05
1;BR16+CD202;EMB48;teste;724;B2_EMB48_IRRIG_REPROD00004.asd;B2;EMB48;IRRIG;D05M;manha;D05
1;BR16+CD202;EMB48;teste;725;B2_EMB48_IRRIG_REPROD00005.asd;B2;EMB48;IRRIG;D05M;manha;D05
1;BR16+CD202;EMB48;teste;726;B2_EMB48_IRRIG_REPROD00006.asd;B2;EMB48;IRRIG;D05M;manha;D05
1;BR16+CD202;EMB48;teste;727;B2_EMB48_IRRIG_REPROD00007.asd;B2;EMB48;IRRIG;D05M;manha;D05
1;BR16+CD202;EMB48;teste;728;B2_EMB48_NIRRIG_REPROD00000.asd;B2;EMB48;NIRRIG;D05M;manha;D05
1;BR16+CD202;EMB48;teste;729;B2_EMB48_NIRRIG_REPROD00001.asd;B2;EMB48;NIRRIG;D05M;manha;D05
1;BR16+CD202;EMB48;teste;730;B2_EMB48_NIRRIG_REPROD00002.asd;B2;EMB48;NIRRIG;D05M;manha;D05
1;BR16+CD202;EMB48;teste;731;B2_EMB48_NIRRIG_REPROD00003.asd;B2;EMB48;NIRRIG;D05M;manha;D05
1;BR16+CD202;EMB48;teste;732;B2_EMB48_NIRRIG_REPROD00004.asd;B2;EMB48;NIRRIG;D05M;manha;D05
1;BR16+CD202;EMB48;teste;733;B2_EMB48_NIRRIG_REPROD00005.asd;B2;EMB48;NIRRIG;D05M;manha;D05
1;BR16+CD202;EMB48;teste;734;B2_EMB48_NIRRIG_REPROD00006.asd;B2;EMB48;NIRRIG;D05M;manha;D05
1;BR16+CD202;EMB48;teste;735;B2_EMB48_NIRRIG_REPROD00007.asd;B2;EMB48;NIRRIG;D05M;manha;D05
1;BR16+CD202;EMB48;teste;736;B3_EMB48_IRRIG_REPROD00000.asd;B3;EMB48;IRRIG;D05M;manha;D05
1;BR16+CD202;EMB48;teste;737;B3_EMB48_IRRIG_REPROD00001.asd;B3;EMB48;IRRIG;D05M;manha;D05
1;BR16+CD202;EMB48;teste;738;B3_EMB48_IRRIG_REPROD00002.asd;B3;EMB48;IRRIG;D05M;manha;D05
1;BR16+CD202;EMB48;teste;739;B3_EMB48_IRRIG_REPROD00003.asd;B3;EMB48;IRRIG;D05M;manha;D05
1;BR16+CD202;EMB48;teste;740;B3_EMB48_IRRIG_REPROD00004.asd;B3;EMB48;IRRIG;D05M;manha;D05
1;BR16+CD202;EMB48;teste;741;B3_EMB48_IRRIG_REPROD00005.asd;B3;EMB48;IRRIG;D05M;manha;D05
1;BR16+CD202;EMB48;teste;742;B3_EMB48_IRRIG_REPROD00006.asd;B3;EMB48;IRRIG;D05M;manha;D05
1;BR16+CD202;EMB48;teste;743;B3_EMB48_IRRIG_REPROD00007.asd;B3;EMB48;IRRIG;D05M;manha;D05
1;BR16+CD202;EMB48;teste;744;B3_EMB48_NIRRIG_REPROD00000.asd;B3;EMB48;NIRRIG;D05M;manha;D05
1;BR16+CD202;EMB48;teste;745;B3_EMB48_NIRRIG_REPROD00001.asd;B3;EMB48;NIRRIG;D05M;manha;D05
1;BR16+CD202;EMB48;teste;746;B3_EMB48_NIRRIG_REPROD00002.asd;B3;EMB48;NIRRIG;D05M;manha;D05
1;BR16+CD202;EMB48;teste;747;B3_EMB48_NIRRIG_REPROD00003.asd;B3;EMB48;NIRRIG;D05M;manha;D05
1;BR16+CD202;EMB48;teste;748;B3_EMB48_NIRRIG_REPROD00004.asd;B3;EMB48;NIRRIG;D05M;manha;D05
1;BR16+CD202;EMB48;teste;749;B3_EMB48_NIRRIG_REPROD00005.asd;B3;EMB48;NIRRIG;D05M;manha;D05
1;BR16+CD202;EMB48;teste;750;B3_EMB48_NIRRIG_REPROD00006.asd;B3;EMB48;NIRRIG;D05M;manha;D05
1;BR16+CD202;EMB48;teste;751;B3_EMB48_NIRRIG_REPROD00007.asd;B3;EMB48;NIRRIG;D05M;manha;D05
1;BR16+CD202;EMB48;teste;752;B4_EMB48_IRRIG_REPROD00000.asd;B4;EMB48;IRRIG;D05M;manha;D05
1;BR16+CD202;EMB48;teste;753;B4_EMB48_IRRIG_REPROD00001.asd;B4;EMB48;IRRIG;D05M;manha;D05
1;BR16+CD202;EMB48;teste;754;B4_EMB48_IRRIG_REPROD00002.asd;B4;EMB48;IRRIG;D05M;manha;D05
1;BR16+CD202;EMB48;teste;755;B4_EMB48_IRRIG_REPROD00003.asd;B4;EMB48;IRRIG;D05M;manha;D05
1;BR16+CD202;EMB48;teste;756;B4_EMB48_IRRIG_REPROD00004.asd;B4;EMB48;IRRIG;D05M;manha;D05
1;BR16+CD202;EMB48;teste;757;B4_EMB48_IRRIG_REPROD00005.asd;B4;EMB48;IRRIG;D05M;manha;D05
1;BR16+CD202;EMB48;teste;758;B4_EMB48_IRRIG_REPROD00006.asd;B4;EMB48;IRRIG;D05M;manha;D05
1;BR16+CD202;EMB48;teste;759;B4_EMB48_IRRIG_REPROD00007.asd;B4;EMB48;IRRIG;D05M;manha;D05
1;BR16+CD202;EMB48;teste;760;B4_EMB48_NIRRIG_REPROD00000.asd;B4;EMB48;NIRRIG;D05M;manha;D05
1;BR16+CD202;EMB48;teste;761;B4_EMB48_NIRRIG_REPROD00001.asd;B4;EMB48;NIRRIG;D05M;manha;D05
1;BR16+CD202;EMB48;teste;762;B4_EMB48_NIRRIG_REPROD00002.asd;B4;EMB48;NIRRIG;D05M;manha;D05
1;BR16+CD202;EMB48;teste;763;B4_EMB48_NIRRIG_REPROD00003.asd;B4;EMB48;NIRRIG;D05M;manha;D05
1;BR16+CD202;EMB48;teste;764;B4_EMB48_NIRRIG_REPROD00004.asd;B4;EMB48;NIRRIG;D05M;manha;D05
1;BR16+CD202;EMB48;teste;765;B4_EMB48_NIRRIG_REPROD00005.asd;B4;EMB48;NIRRIG;D05M;manha;D05
1;BR16+CD202;EMB48;teste;766;B4_EMB48_NIRRIG_REPROD00006.asd;B4;EMB48;NIRRIG;D05M;manha;D05
1;BR16+CD202;EMB48;teste;767;B4_EMB48_NIRRIG_REPROD00007.asd;B4;EMB48;NIRRIG;D05M;manha;D05
2;BR16+EMB48;CD202;treino;576;B1_BR16_IRRIG_REPROD00000.asd;B1;BR16;IRRIG;D05M;manha;D05
2;BR16+EMB48;CD202;treino;577;B1_BR16_IRRIG_REPROD00001.asd;B1;BR16;IRRIG;D05M;manha;D05
2;BR16+EMB48;CD202;treino;578;B1_BR16_IRRIG_REPROD00002.asd;B1;BR16;IRRIG;D05M;manha;D05
2;BR16+EMB48;CD202;treino;579;B1_BR16_IRRIG_REPROD00003.asd;B1;BR16;IRRIG;D05M;manha;D05
2;BR16+EMB48;CD202;treino;580;B1_BR16_IRRIG_REPROD00004.asd;B1;BR16;IRRIG;D05M;manha;D05
2;BR16+EMB48;CD202;treino;581;B1_BR16_IRRIG_REPROD00005.asd;B1;BR16;IRRIG;D05M;manha;D05
2;BR16+EMB48;CD202;treino;582;B1_BR16_IRRIG_REPROD00006.asd;B1;BR16;IRRIG;D05M;manha;D05
2;BR16+EMB48;CD202;treino;583;B1_BR16_IRRIG_REPROD00007.asd;B1;BR16;IRRIG;D05M;manha;D05
2;BR16+EMB48;CD202;treino;584;B1_BR16_NIRRIG_REPROD00000.asd;B1;BR16;NIRRIG;D05M;manha;D05
2;BR16+EMB48;CD202;treino;585;B1_BR16_NIRRIG_REPROD00001.asd;B1;BR16;NIRRIG;D05M;manha;D05
2;BR16+EMB48;CD202;treino;586;B1_BR16_NIRRIG_REPROD00002.asd;B1;BR16;NIRRIG;D05M;manha;D05
2;BR16+EMB48;CD202;treino;587;B1_BR16_NIRRIG_REPROD00003.asd;B1;BR16;NIRRIG;D05M;manha;D05
2;BR16+EMB48;CD202;treino;588;B1_BR16_NIRRIG_REPROD00004.asd;B1;BR16;NIRRIG;D05M;manha;D05
2;BR16+EMB48;CD202;treino;589;B1_BR16_NIRRIG_REPROD00005.asd;B1;BR16;NIRRIG;D05M;manha;D05
2;BR16+EMB48;CD202;treino;590;B1_BR16_NIRRIG_REPROD00006.asd;B1;BR16;NIRRIG;D05M;manha;D05
2;BR16+EMB48;CD202;treino;591;B1_BR16_NIRRIG_REPROD00007.asd;B1;BR16;NIRRIG;D05M;manha;D05
2;BR16+EMB48;CD202;treino;592;B2_BR16_IRRIG_REPROD00000.asd;B2;BR16;IRRIG;D05M;manha;D05
2;BR16+EMB48;CD202;treino;593;B2_BR16_IRRIG_REPROD00001.asd;B2;BR16;IRRIG;D05M;manha;D05
2;BR16+EMB48;CD202;treino;594;B2_BR16_IRRIG_REPROD00002.asd;B2;BR16;IRRIG;D05M;manha;D05
2;BR16+EMB48;CD202;treino;595;B2_BR16_IRRIG_REPROD00003.asd;B2;BR16;IRRIG;D05M;manha;D05
2;BR16+EMB48;CD202;treino;596;B2_BR16_IRRIG_REPROD00004.asd;B2;BR16;IRRIG;D05M;manha;D05
2;BR16+EMB48;CD202;treino;597;B2_BR16_IRRIG_REPROD00005.asd;B2;BR16;IRRIG;D05M;manha;D05
2;BR16+EMB48;CD202;treino;598;B2_BR16_IRRIG_REPROD00006.asd;B2;BR16;IRRIG;D05M;manha;D05
2;BR16+EMB48;CD202;treino;599;B2_BR16_IRRIG_REPROD00007.asd;B2;BR16;IRRIG;D05M;manha;D05
2;BR16+EMB48;CD202;treino;600;B2_BR16_NIRRIG_REPROD00000.asd;B2;BR16;NIRRIG;D05M;manha;D05
2;BR16+EMB48;CD202;treino;601;B2_BR16_NIRRIG_REPROD00001.asd;B2;BR16;NIRRIG;D05M;manha;D05
2;BR16+EMB48;CD202;treino;602;B2_BR16_NIRRIG_REPROD00002.asd;B2;BR16;NIRRIG;D05M;manha;D05
2;BR16+EMB48;CD202;treino;603;B2_BR16_NIRRIG_REPROD00003.asd;B2;BR16;NIRRIG;D05M;manha;D05
2;BR16+EMB48;CD202;treino;604;B2_BR16_NIRRIG_REPROD00004.asd;B2;BR16;NIRRIG;D05M;manha;D05
2;BR16+EMB48;CD202;treino;605;B2_BR16_NIRRIG_REPROD00005.asd;B2;BR16;NIRRIG;D05M;manha;D05
2;BR16+EMB48;CD202;treino;606;B2_BR16_NIRRIG_REPROD00006.asd;B2;BR16;NIRRIG;D05M;manha;D05
2;BR16+EMB48;CD202;treino;607;B2_BR16_NIRRIG_REPROD00007.asd;B2;BR16;NIRRIG;D05M;manha;D05
2;BR16+EMB48;CD202;treino;608;B3_BR16_IRRIG_REPROD00000.asd;B3;BR16;IRRIG;D05M;manha;D05
2;BR16+EMB48;CD202;treino;609;B3_BR16_IRRIG_REPROD00001.asd;B3;BR16;IRRIG;D05M;manha;D05
2;BR16+EMB48;CD202;treino;610;B3_BR16_IRRIG_REPROD00002.asd;B3;BR16;IRRIG;D05M;manha;D05
2;BR16+EMB48;CD202;treino;611;B3_BR16_IRRIG_REPROD00003.asd;B3;BR16;IRRIG;D05M;manha;D05
2;BR16+EMB48;CD202;treino;612;B3_BR16_IRRIG_REPROD00004.asd;B3;BR16;IRRIG;D05M;manha;D05
2;BR16+EMB48;CD202;treino;613;B3_BR16_IRRIG_REPROD00005.asd;B3;BR16;IRRIG;D05M;manha;D05
2;BR16+EMB48;CD202;treino;614;B3_BR16_IRRIG_REPROD00006.asd;B3;BR16;IRRIG;D05M;manha;D05
2;BR16+EMB48;CD202;treino;615;B3_BR16_IRRIG_REPROD00007.asd;B3;BR16;IRRIG;D05M;manha;D05
2;BR16+EMB48;CD202;treino;616;B3_BR16_NIRRIG_REPROD00000.asd;B3;BR16;NIRRIG;D05M;manha;D05
2;BR16+EMB48;CD202;treino;617;B3_BR16_NIRRIG_REPROD00001.asd;B3;BR16;NIRRIG;D05M;manha;D05
2;BR16+EMB48;CD202;treino;618;B3_BR16_NIRRIG_REPROD00002.asd;B3;BR16;NIRRIG;D05M;manha;D05
2;BR16+EMB48;CD202;treino;619;B3_BR16_NIRRIG_REPROD00003.asd;B3;BR16;NIRRIG;D05M;manha;D05
2;BR16+EMB48;CD202;treino;620;B3_BR16_NIRRIG_REPROD00004.asd;B3;BR16;NIRRIG;D05M;manha;D05
2;BR16+EMB48;CD202;treino;621;B3_BR16_NIRRIG_REPROD00005.asd;B3;BR16;NIRRIG;D05M;manha;D05
2;BR16+EMB48;CD202;treino;622;B3_BR16_NIRRIG_REPROD00006.asd;B3;BR16;NIRRIG;D05M;manha;D05
2;BR16+EMB48;CD202;treino;623;B3_BR16_NIRRIG_REPROD00007.asd;B3;BR16;NIRRIG;D05M;manha;D05
2;BR16+EMB48;CD202;treino;624;B4_BR16_IRRIG_REPROD00000.asd;B4;BR16;IRRIG;D05M;manha;D05
2;BR16+EMB48;CD202;treino;625;B4_BR16_IRRIG_REPROD00001.asd;B4;BR16;IRRIG;D05M;manha;D05
2;BR16+EMB48;CD202;treino;626;B4_BR16_IRRIG_REPROD00002.asd;B4;BR16;IRRIG;D05M;manha;D05
2;BR16+EMB48;CD202;treino;627;B4_BR16_IRRIG_REPROD00003.asd;B4;BR16;IRRIG;D05M;manha;D05
2;BR16+EMB48;CD202;treino;628;B4_BR16_IRRIG_REPROD00004.asd;B4;BR16;IRRIG;D05M;manha;D05
2;BR16+EMB48;CD202;treino;629;B4_BR16_IRRIG_REPROD00005.asd;B4;BR16;IRRIG;D05M;manha;D05
2;BR16+EMB48;CD202;treino;630;B4_BR16_IRRIG_REPROD00006.asd;B4;BR16;IRRIG;D05M;manha;D05
2;BR16+EMB48;CD202;treino;631;B4_BR16_IRRIG_REPROD00007.asd;B4;BR16;IRRIG;D05M;manha;D05
2;BR16+EMB48;CD202;treino;632;B4_BR16_NIRRIG_REPROD00000.asd;B4;BR16;NIRRIG;D05M;manha;D05
2;BR16+EMB48;CD202;treino;633;B4_BR16_NIRRIG_REPROD00001.asd;B4;BR16;NIRRIG;D05M;manha;D05
2;BR16+EMB48;CD202;treino;634;B4_BR16_NIRRIG_REPROD00002.asd;B4;BR16;NIRRIG;D05M;manha;D05
2;BR16+EMB48;CD202;treino;635;B4_BR16_NIRRIG_REPROD00003.asd;B4;BR16;NIRRIG;D05M;manha;D05
2;BR16+EMB48;CD202;treino;636;B4_BR16_NIRRIG_REPROD00004.asd;B4;BR16;NIRRIG;D05M;manha;D05
2;BR16+EMB48;CD202;treino;637;B4_BR16_NIRRIG_REPROD00005.asd;B4;BR16;NIRRIG;D05M;manha;D05
2;BR16+EMB48;CD202;treino;638;B4_BR16_NIRRIG_REPROD00006.asd;B4;BR16;NIRRIG;D05M;manha;D05
2;BR16+EMB48;CD202;treino;639;B4_BR16_NIRRIG_REPROD00007.asd;B4;BR16;NIRRIG;D05M;manha;D05
2;BR16+EMB48;CD202;treino;704;B1_EMB48_IRRIG_REPROD00000.asd;B1;EMB48;IRRIG;D05M;manha;D05
2;BR16+EMB48;CD202;treino;705;B1_EMB48_IRRIG_REPROD00001.asd;B1;EMB48;IRRIG;D05M;manha;D05
2;BR16+EMB48;CD202;treino;706;B1_EMB48_IRRIG_REPROD00002.asd;B1;EMB48;IRRIG;D05M;manha;D05
2;BR16+EMB48;CD202;treino;707;B1_EMB48_IRRIG_REPROD00003.asd;B1;EMB48;IRRIG;D05M;manha;D05
2;BR16+EMB48;CD202;treino;708;B1_EMB48_IRRIG_REPROD00004.asd;B1;EMB48;IRRIG;D05M;manha;D05
2;BR16+EMB48;CD202;treino;709;B1_EMB48_IRRIG_REPROD00005.asd;B1;EMB48;IRRIG;D05M;manha;D05
2;BR16+EMB48;CD202;treino;710;B1_EMB48_IRRIG_REPROD00006.asd;B1;EMB48;IRRIG;D05M;manha;D05
2;BR16+EMB48;CD202;treino;711;B1_EMB48_IRRIG_REPROD00007.asd;B1;EMB48;IRRIG;D05M;manha;D05
2;BR16+EMB48;CD202;treino;712;B1_EMB48_NIRRIG_REPROD00000.asd;B1;EMB48;NIRRIG;D05M;manha;D05
2;BR16+EMB48;CD202;treino;713;B1_EMB48_NIRRIG_REPROD00001.asd;B1;EMB48;NIRRIG;D05M;manha;D05
2;BR16+EMB48;CD202;treino;714;B1_EMB48_NIRRIG_REPROD00002.asd;B1;EMB48;NIRRIG;D05M;manha;D05
2;BR16+EMB48;CD202;treino;715;B1_EMB48_NIRRIG_REPROD00003.asd;B1;EMB48;NIRRIG;D05M;manha;D05
2;BR16+EMB48;CD202;treino;716;B1_EMB48_NIRRIG_REPROD00004.asd;B1;EMB48;NIRRIG;D05M;manha;D05
2;BR16+EMB48;CD202;treino;717;B1_EMB48_NIRRIG_REPROD00005.asd;B1;EMB48;NIRRIG;D05M;manha;D05
2;BR16+EMB48;CD202;treino;718;B1_EMB48_NIRRIG_REPROD00006.asd;B1;EMB48;NIRRIG;D05M;manha;D05
2;BR16+EMB48;CD202;treino;719;B1_EMB48_NIRRIG_REPROD00007.asd;B1;EMB48;NIRRIG;D05M;manha;D05
2;BR16+EMB48;CD202;treino;720;B2_EMB48_IRRIG_REPROD00000.asd;B2;EMB48;IRRIG;D05M;manha;D05
2;BR16+EMB48;CD202;treino;721;B2_EMB48_IRRIG_REPROD00001.asd;B2;EMB48;IRRIG;D05M;manha;D05
2;BR16+EMB48;CD202;treino;722;B2_EMB48_IRRIG_REPROD00002.asd;B2;EMB48;IRRIG;D05M;manha;D05
2;BR16+EMB48;CD202;treino;723;B2_EMB48_IRRIG_REPROD00003.asd;B2;EMB48;IRRIG;D05M;manha;D05
2;BR16+EMB48;CD202;treino;724;B2_EMB48_IRRIG_REPROD00004.asd;B2;EMB48;IRRIG;D05M;manha;D05
2;BR16+EMB48;CD202;treino;725;B2_EMB48_IRRIG_REPROD00005.asd;B2;EMB48;IRRIG;D05M;manha;D05
2;BR16+EMB48;CD202;treino;726;B2_EMB48_IRRIG_REPROD00006.asd;B2;EMB48;IRRIG;D05M;manha;D05
2;BR16+EMB48;CD202;treino;727;B2_EMB48_IRRIG_REPROD00007.asd;B2;EMB48;IRRIG;D05M;manha;D05
2;BR16+EMB48;CD202;treino;728;B2_EMB48_NIRRIG_REPROD00000.asd;B2;EMB48;NIRRIG;D05M;manha;D05
2;BR16+EMB48;CD202;treino;729;B2_EMB48_NIRRIG_REPROD00001.asd;B2;EMB48;NIRRIG;D05M;manha;D05
2;BR16+EMB48;CD202;treino;730;B2_EMB48_NIRRIG_REPROD00002.asd;B2;EMB48;NIRRIG;D05M;manha;D05
2;BR16+EMB48;CD202;treino;731;B2_EMB48_NIRRIG_REPROD00003.asd;B2;EMB48;NIRRIG;D05M;manha;D05
2;BR16+EMB48;CD202;treino;732;B2_EMB48_NIRRIG_REPROD00004.asd;B2;EMB48;NIRRIG;D05M;manha;D05
2;BR16+EMB48;CD202;treino;733;B2_EMB48_NIRRIG_REPROD00005.asd;B2;EMB48;NIRRIG;D05M;manha;D05
2;BR16+EMB48;CD202;treino;734;B2_EMB48_NIRRIG_REPROD00006.asd;B2;EMB48;NIRRIG;D05M;manha;D05
2;BR16+EMB48;CD202;treino;735;B2_EMB48_NIRRIG_REPROD00007.asd;B2;EMB48;NIRRIG;D05M;manha;D05
2;BR16+EMB48;CD202;treino;736;B3_EMB48_IRRIG_REPROD00000.asd;B3;EMB48;IRRIG;D05M;manha;D05
2;BR16+EMB48;CD202;treino;737;B3_EMB48_IRRIG_REPROD00001.asd;B3;EMB48;IRRIG;D05M;manha;D05
2;BR16+EMB48;CD202;treino;738;B3_EMB48_IRRIG_REPROD00002.asd;B3;EMB48;IRRIG;D05M;manha;D05
2;BR16+EMB48;CD202;treino;739;B3_EMB48_IRRIG_REPROD00003.asd;B3;EMB48;IRRIG;D05M;manha;D05
2;BR16+EMB48;CD202;treino;740;B3_EMB48_IRRIG_REPROD00004.asd;B3;EMB48;IRRIG;D05M;manha;D05
2;BR16+EMB48;CD202;treino;741;B3_EMB48_IRRIG_REPROD00005.asd;B3;EMB48;IRRIG;D05M;manha;D05
2;BR16+EMB48;CD202;treino;742;B3_EMB48_IRRIG_REPROD00006.asd;B3;EMB48;IRRIG;D05M;manha;D05
2;BR16+EMB48;CD202;treino;743;B3_EMB48_IRRIG_REPROD00007.asd;B3;EMB48;IRRIG;D05M;manha;D05
2;BR16+EMB48;CD202;treino;744;B3_EMB48_NIRRIG_REPROD00000.asd;B3;EMB48;NIRRIG;D05M;manha;D05
2;BR16+EMB48;CD202;treino;745;B3_EMB48_NIRRIG_REPROD00001.asd;B3;EMB48;NIRRIG;D05M;manha;D05
2;BR16+EMB48;CD202;treino;746;B3_EMB48_NIRRIG_REPROD00002.asd;B3;EMB48;NIRRIG;D05M;manha;D05
2;BR16+EMB48;CD202;treino;747;B3_EMB48_NIRRIG_REPROD00003.asd;B3;EMB48;NIRRIG;D05M;manha;D05
2;BR16+EMB48;CD202;treino;748;B3_EMB48_NIRRIG_REPROD00004.asd;B3;EMB48;NIRRIG;D05M;manha;D05
2;BR16+EMB48;CD202;treino;749;B3_EMB48_NIRRIG_REPROD00005.asd;B3;EMB48;NIRRIG;D05M;manha;D05
2;BR16+EMB48;CD202;treino;750;B3_EMB48_NIRRIG_REPROD00006.asd;B3;EMB48;NIRRIG;D05M;manha;D05
2;BR16+EMB48;CD202;treino;751;B3_EMB48_NIRRIG_REPROD00007.asd;B3;EMB48;NIRRIG;D05M;manha;D05
2;BR16+EMB48;CD202;treino;752;B4_EMB48_IRRIG_REPROD00000.asd;B4;EMB48;IRRIG;D05M;manha;D05
2;BR16+EMB48;CD202;treino;753;B4_EMB48_IRRIG_REPROD00001.asd;B4;EMB48;IRRIG;D05M;manha;D05
2;BR16+EMB48;CD202;treino;754;B4_EMB48_IRRIG_REPROD00002.asd;B4;EMB48;IRRIG;D05M;manha;D05
2;BR16+EMB48;CD202;treino;755;B4_EMB48_IRRIG_REPROD00003.asd;B4;EMB48;IRRIG;D05M;manha;D05
2;BR16+EMB48;CD202;treino;756;B4_EMB48_IRRIG_REPROD00004.asd;B4;EMB48;IRRIG;D05M;manha;D05
2;BR16+EMB48;CD202;treino;757;B4_EMB48_IRRIG_REPROD00005.asd;B4;EMB48;IRRIG;D05M;manha;D05
2;BR16+EMB48;CD202;treino;758;B4_EMB48_IRRIG_REPROD00006.asd;B4;EMB48;IRRIG;D05M;manha;D05
2;BR16+EMB48;CD202;treino;759;B4_EMB48_IRRIG_REPROD00007.asd;B4;EMB48;IRRIG;D05M;manha;D05
2;BR16+EMB48;CD202;treino;760;B4_EMB48_NIRRIG_REPROD00000.asd;B4;EMB48;NIRRIG;D05M;manha;D05
2;BR16+EMB48;CD202;treino;761;B4_EMB48_NIRRIG_REPROD00001.asd;B4;EMB48;NIRRIG;D05M;manha;D05
2;BR16+EMB48;CD202;treino;762;B4_EMB48_NIRRIG_REPROD00002.asd;B4;EMB48;NIRRIG;D05M;manha;D05
2;BR16+EMB48;CD202;treino;763;B4_EMB48_NIRRIG_REPROD00003.asd;B4;EMB48;NIRRIG;D05M;manha;D05
2;BR16+EMB48;CD202;treino;764;B4_EMB48_NIRRIG_REPROD00004.asd;B4;EMB48;NIRRIG;D05M;manha;D05
2;BR16+EMB48;CD202;treino;765;B4_EMB48_NIRRIG_REPROD00005.asd;B4;EMB48;NIRRIG;D05M;manha;D05
2;BR16+EMB48;CD202;treino;766;B4_EMB48_NIRRIG_REPROD00006.asd;B4;EMB48;NIRRIG;D05M;manha;D05
2;BR16+EMB48;CD202;treino;767;B4_EMB48_NIRRIG_REPROD00007.asd;B4;EMB48;NIRRIG;D05M;manha;D05
2;BR16+EMB48;CD202;teste;640;B1_CD202_IRRIG_REPROD00000.asd;B1;CD202;IRRIG;D05M;manha;D05
2;BR16+EMB48;CD202;teste;641;B1_CD202_IRRIG_REPROD00001.asd;B1;CD202;IRRIG;D05M;manha;D05
2;BR16+EMB48;CD202;teste;642;B1_CD202_IRRIG_REPROD00002.asd;B1;CD202;IRRIG;D05M;manha;D05
2;BR16+EMB48;CD202;teste;643;B1_CD202_IRRIG_REPROD00003.asd;B1;CD202;IRRIG;D05M;manha;D05
2;BR16+EMB48;CD202;teste;644;B1_CD202_IRRIG_REPROD00004.asd;B1;CD202;IRRIG;D05M;manha;D05
2;BR16+EMB48;CD202;teste;645;B1_CD202_IRRIG_REPROD00005.asd;B1;CD202;IRRIG;D05M;manha;D05
2;BR16+EMB48;CD202;teste;646;B1_CD202_IRRIG_REPROD00006.asd;B1;CD202;IRRIG;D05M;manha;D05
2;BR16+EMB48;CD202;teste;647;B1_CD202_IRRIG_REPROD00007.asd;B1;CD202;IRRIG;D05M;manha;D05
2;BR16+EMB48;CD202;teste;648;B1_CD202_NIRRIG_REPROD00000.asd;B1;CD202;NIRRIG;D05M;manha;D05
2;BR16+EMB48;CD202;teste;649;B1_CD202_NIRRIG_REPROD00001.asd;B1;CD202;NIRRIG;D05M;manha;D05
2;BR16+EMB48;CD202;teste;650;B1_CD202_NIRRIG_REPROD00002.asd;B1;CD202;NIRRIG;D05M;manha;D05
2;BR16+EMB48;CD202;teste;651;B1_CD202_NIRRIG_REPROD00003.asd;B1;CD202;NIRRIG;D05M;manha;D05
2;BR16+EMB48;CD202;teste;652;B1_CD202_NIRRIG_REPROD00004.asd;B1;CD202;NIRRIG;D05M;manha;D05
2;BR16+EMB48;CD202;teste;653;B1_CD202_NIRRIG_REPROD00005.asd;B1;CD202;NIRRIG;D05M;manha;D05
2;BR16+EMB48;CD202;teste;654;B1_CD202_NIRRIG_REPROD00006.asd;B1;CD202;NIRRIG;D05M;manha;D05
2;BR16+EMB48;CD202;teste;655;B1_CD202_NIRRIG_REPROD00007.asd;B1;CD202;NIRRIG;D05M;manha;D05
2;BR16+EMB48;CD202;teste;656;B2_CD202_IRRIG_REPROD00000.asd;B2;CD202;IRRIG;D05M;manha;D05
2;BR16+EMB48;CD202;teste;657;B2_CD202_IRRIG_REPROD00001.asd;B2;CD202;IRRIG;D05M;manha;D05
2;BR16+EMB48;CD202;teste;658;B2_CD202_IRRIG_REPROD00002.asd;B2;CD202;IRRIG;D05M;manha;D05
2;BR16+EMB48;CD202;teste;659;B2_CD202_IRRIG_REPROD00003.asd;B2;CD202;IRRIG;D05M;manha;D05
2;BR16+EMB48;CD202;teste;660;B2_CD202_IRRIG_REPROD00004.asd;B2;CD202;IRRIG;D05M;manha;D05
2;BR16+EMB48;CD202;teste;661;B2_CD202_IRRIG_REPROD00005.asd;B2;CD202;IRRIG;D05M;manha;D05
2;BR16+EMB48;CD202;teste;662;B2_CD202_IRRIG_REPROD00006.asd;B2;CD202;IRRIG;D05M;manha;D05
2;BR16+EMB48;CD202;teste;663;B2_CD202_IRRIG_REPROD00007.asd;B2;CD202;IRRIG;D05M;manha;D05
2;BR16+EMB48;CD202;teste;664;B2_CD202_NIRRIG_REPROD00000.asd;B2;CD202;NIRRIG;D05M;manha;D05
2;BR16+EMB48;CD202;teste;665;B2_CD202_NIRRIG_REPROD00001.asd;B2;CD202;NIRRIG;D05M;manha;D05
2;BR16+EMB48;CD202;teste;666;B2_CD202_NIRRIG_REPROD00002.asd;B2;CD202;NIRRIG;D05M;manha;D05
2;BR16+EMB48;CD202;teste;667;B2_CD202_NIRRIG_REPROD00003.asd;B2;CD202;NIRRIG;D05M;manha;D05
2;BR16+EMB48;CD202;teste;668;B2_CD202_NIRRIG_REPROD00004.asd;B2;CD202;NIRRIG;D05M;manha;D05
2;BR16+EMB48;CD202;teste;669;B2_CD202_NIRRIG_REPROD00005.asd;B2;CD202;NIRRIG;D05M;manha;D05
2;BR16+EMB48;CD202;teste;670;B2_CD202_NIRRIG_REPROD00006.asd;B2;CD202;NIRRIG;D05M;manha;D05
2;BR16+EMB48;CD202;teste;671;B2_CD202_NIRRIG_REPROD00007.asd;B2;CD202;NIRRIG;D05M;manha;D05
2;BR16+EMB48;CD202;teste;672;B3_CD202_IRRIG_REPROD00000.asd;B3;CD202;IRRIG;D05M;manha;D05
2;BR16+EMB48;CD202;teste;673;B3_CD202_IRRIG_REPROD00001.asd;B3;CD202;IRRIG;D05M;manha;D05
2;BR16+EMB48;CD202;teste;674;B3_CD202_IRRIG_REPROD00002.asd;B3;CD202;IRRIG;D05M;manha;D05
2;BR16+EMB48;CD202;teste;675;B3_CD202_IRRIG_REPROD00003.asd;B3;CD202;IRRIG;D05M;manha;D05
2;BR16+EMB48;CD202;teste;676;B3_CD202_IRRIG_REPROD00004.asd;B3;CD202;IRRIG;D05M;manha;D05
2;BR16+EMB48;CD202;teste;677;B3_CD202_IRRIG_REPROD00005.asd;B3;CD202;IRRIG;D05M;manha;D05
2;BR16+EMB48;CD202;teste;678;B3_CD202_IRRIG_REPROD00006.asd;B3;CD202;IRRIG;D05M;manha;D05
2;BR16+EMB48;CD202;teste;679;B3_CD202_IRRIG_REPROD00007.asd;B3;CD202;IRRIG;D05M;manha;D05
2;BR16+EMB48;CD202;teste;680;B3_CD202_NIRRIG_REPROD00000.asd;B3;CD202;NIRRIG;D05M;manha;D05
2;BR16+EMB48;CD202;teste;681;B3_CD202_NIRRIG_REPROD00001.asd;B3;CD202;NIRRIG;D05M;manha;D05
2;BR16+EMB48;CD202;teste;682;B3_CD202_NIRRIG_REPROD00002.asd;B3;CD202;NIRRIG;D05M;manha;D05
2;BR16+EMB48;CD202;teste;683;B3_CD202_NIRRIG_REPROD00003.asd;B3;CD202;NIRRIG;D05M;manha;D05
2;BR16+EMB48;CD202;teste;684;B3_CD202_NIRRIG_REPROD00004.asd;B3;CD202;NIRRIG;D05M;manha;D05
2;BR16+EMB48;CD202;teste;685;B3_CD202_NIRRIG_REPROD00005.asd;B3;CD202;NIRRIG;D05M;manha;D05
2;BR16+EMB48;CD202;teste;686;B3_CD202_NIRRIG_REPROD00006.asd;B3;CD202;NIRRIG;D05M;manha;D05
2;BR16+EMB48;CD202;teste;687;B3_CD202_NIRRIG_REPROD00007.asd;B3;CD202;NIRRIG;D05M;manha;D05
2;BR16+EMB48;CD202;teste;688;B4_CD202_IRRIG_REPROD00000.asd;B4;CD202;IRRIG;D05M;manha;D05
2;BR16+EMB48;CD202;teste;689;B4_CD202_IRRIG_REPROD00001.asd;B4;CD202;IRRIG;D05M;manha;D05
2;BR16+EMB48;CD202;teste;690;B4_CD202_IRRIG_REPROD00002.asd;B4;CD202;IRRIG;D05M;manha;D05
2;BR16+EMB48;CD202;teste;691;B4_CD202_IRRIG_REPROD00003.asd;B4;CD202;IRRIG;D05M;manha;D05
2;BR16+EMB48;CD202;teste;692;B4_CD202_IRRIG_REPROD00004.asd;B4;CD202;IRRIG;D05M;manha;D05
2;BR16+EMB48;CD202;teste;693;B4_CD202_IRRIG_REPROD00005.asd;B4;CD202;IRRIG;D05M;manha;D05
2;BR16+EMB48;CD202;teste;694;B4_CD202_IRRIG_REPROD00006.asd;B4;CD202;IRRIG;D05M;manha;D05
2;BR16+EMB48;CD202;teste;695;B4_CD202_IRRIG_REPROD00007.asd;B4;CD202;IRRIG;D05M;manha;D05
2;BR16+EMB48;CD202;teste;696;B4_CD202_NIRRIG_REPROD00000.asd;B4;CD202;NIRRIG;D05M;manha;D05
2;BR16+EMB48;CD202;teste;697;B4_CD202_NIRRIG_REPROD00001.asd;B4;CD202;NIRRIG;D05M;manha;D05
2;BR16+EMB48;CD202;teste;698;B4_CD202_NIRRIG_REPROD00002.asd;B4;CD202;NIRRIG;D05M;manha;D05
2;BR16+EMB48;CD202;teste;699;B4_CD202_NIRRIG_REPROD00003.asd;B4;CD202;NIRRIG;D05M;manha;D05
2;BR16+EMB48;CD202;teste;700;B4_CD202_NIRRIG_REPROD00004.asd;B4;CD202;NIRRIG;D05M;manha;D05
2;BR16+EMB48;CD202;teste;701;B4_CD202_NIRRIG_REPROD00005.asd;B4;CD202;NIRRIG;D05M;manha;D05
2;BR16+EMB48;CD202;teste;702;B4_CD202_NIRRIG_REPROD00006.asd;B4;CD202;NIRRIG;D05M;manha;D05
2;BR16+EMB48;CD202;teste;703;B4_CD202_NIRRIG_REPROD00007.asd;B4;CD202;NIRRIG;D05M;manha;D05
3;CD202+EMB48;BR16;treino;640;B1_CD202_IRRIG_REPROD00000.asd;B1;CD202;IRRIG;D05M;manha;D05
3;CD202+EMB48;BR16;treino;641;B1_CD202_IRRIG_REPROD00001.asd;B1;CD202;IRRIG;D05M;manha;D05
3;CD202+EMB48;BR16;treino;642;B1_CD202_IRRIG_REPROD00002.asd;B1;CD202;IRRIG;D05M;manha;D05
3;CD202+EMB48;BR16;treino;643;B1_CD202_IRRIG_REPROD00003.asd;B1;CD202;IRRIG;D05M;manha;D05
3;CD202+EMB48;BR16;treino;644;B1_CD202_IRRIG_REPROD00004.asd;B1;CD202;IRRIG;D05M;manha;D05
3;CD202+EMB48;BR16;treino;645;B1_CD202_IRRIG_REPROD00005.asd;B1;CD202;IRRIG;D05M;manha;D05
3;CD202+EMB48;BR16;treino;646;B1_CD202_IRRIG_REPROD00006.asd;B1;CD202;IRRIG;D05M;manha;D05
3;CD202+EMB48;BR16;treino;647;B1_CD202_IRRIG_REPROD00007.asd;B1;CD202;IRRIG;D05M;manha;D05
3;CD202+EMB48;BR16;treino;648;B1_CD202_NIRRIG_REPROD00000.asd;B1;CD202;NIRRIG;D05M;manha;D05
3;CD202+EMB48;BR16;treino;649;B1_CD202_NIRRIG_REPROD00001.asd;B1;CD202;NIRRIG;D05M;manha;D05
3;CD202+EMB48;BR16;treino;650;B1_CD202_NIRRIG_REPROD00002.asd;B1;CD202;NIRRIG;D05M;manha;D05
3;CD202+EMB48;BR16;treino;651;B1_CD202_NIRRIG_REPROD00003.asd;B1;CD202;NIRRIG;D05M;manha;D05
3;CD202+EMB48;BR16;treino;652;B1_CD202_NIRRIG_REPROD00004.asd;B1;CD202;NIRRIG;D05M;manha;D05
3;CD202+EMB48;BR16;treino;653;B1_CD202_NIRRIG_REPROD00005.asd;B1;CD202;NIRRIG;D05M;manha;D05
3;CD202+EMB48;BR16;treino;654;B1_CD202_NIRRIG_REPROD00006.asd;B1;CD202;NIRRIG;D05M;manha;D05
3;CD202+EMB48;BR16;treino;655;B1_CD202_NIRRIG_REPROD00007.asd;B1;CD202;NIRRIG;D05M;manha;D05
3;CD202+EMB48;BR16;treino;656;B2_CD202_IRRIG_REPROD00000.asd;B2;CD202;IRRIG;D05M;manha;D05
3;CD202+EMB48;BR16;treino;657;B2_CD202_IRRIG_REPROD00001.asd;B2;CD202;IRRIG;D05M;manha;D05
3;CD202+EMB48;BR16;treino;658;B2_CD202_IRRIG_REPROD00002.asd;B2;CD202;IRRIG;D05M;manha;D05
3;CD202+EMB48;BR16;treino;659;B2_CD202_IRRIG_REPROD00003.asd;B2;CD202;IRRIG;D05M;manha;D05
3;CD202+EMB48;BR16;treino;660;B2_CD202_IRRIG_REPROD00004.asd;B2;CD202;IRRIG;D05M;manha;D05
3;CD202+EMB48;BR16;treino;661;B2_CD202_IRRIG_REPROD00005.asd;B2;CD202;IRRIG;D05M;manha;D05
3;CD202+EMB48;BR16;treino;662;B2_CD202_IRRIG_REPROD00006.asd;B2;CD202;IRRIG;D05M;manha;D05
3;CD202+EMB48;BR16;treino;663;B2_CD202_IRRIG_REPROD00007.asd;B2;CD202;IRRIG;D05M;manha;D05
3;CD202+EMB48;BR16;treino;664;B2_CD202_NIRRIG_REPROD00000.asd;B2;CD202;NIRRIG;D05M;manha;D05
3;CD202+EMB48;BR16;treino;665;B2_CD202_NIRRIG_REPROD00001.asd;B2;CD202;NIRRIG;D05M;manha;D05
3;CD202+EMB48;BR16;treino;666;B2_CD202_NIRRIG_REPROD00002.asd;B2;CD202;NIRRIG;D05M;manha;D05
3;CD202+EMB48;BR16;treino;667;B2_CD202_NIRRIG_REPROD00003.asd;B2;CD202;NIRRIG;D05M;manha;D05
3;CD202+EMB48;BR16;treino;668;B2_CD202_NIRRIG_REPROD00004.asd;B2;CD202;NIRRIG;D05M;manha;D05
3;CD202+EMB48;BR16;treino;669;B2_CD202_NIRRIG_REPROD00005.asd;B2;CD202;NIRRIG;D05M;manha;D05
3;CD202+EMB48;BR16;treino;670;B2_CD202_NIRRIG_REPROD00006.asd;B2;CD202;NIRRIG;D05M;manha;D05
3;CD202+EMB48;BR16;treino;671;B2_CD202_NIRRIG_REPROD00007.asd;B2;CD202;NIRRIG;D05M;manha;D05
3;CD202+EMB48;BR16;treino;672;B3_CD202_IRRIG_REPROD00000.asd;B3;CD202;IRRIG;D05M;manha;D05
3;CD202+EMB48;BR16;treino;673;B3_CD202_IRRIG_REPROD00001.asd;B3;CD202;IRRIG;D05M;manha;D05
3;CD202+EMB48;BR16;treino;674;B3_CD202_IRRIG_REPROD00002.asd;B3;CD202;IRRIG;D05M;manha;D05
3;CD202+EMB48;BR16;treino;675;B3_CD202_IRRIG_REPROD00003.asd;B3;CD202;IRRIG;D05M;manha;D05
3;CD202+EMB48;BR16;treino;676;B3_CD202_IRRIG_REPROD00004.asd;B3;CD202;IRRIG;D05M;manha;D05
3;CD202+EMB48;BR16;treino;677;B3_CD202_IRRIG_REPROD00005.asd;B3;CD202;IRRIG;D05M;manha;D05
3;CD202+EMB48;BR16;treino;678;B3_CD202_IRRIG_REPROD00006.asd;B3;CD202;IRRIG;D05M;manha;D05
3;CD202+EMB48;BR16;treino;679;B3_CD202_IRRIG_REPROD00007.asd;B3;CD202;IRRIG;D05M;manha;D05
3;CD202+EMB48;BR16;treino;680;B3_CD202_NIRRIG_REPROD00000.asd;B3;CD202;NIRRIG;D05M;manha;D05
3;CD202+EMB48;BR16;treino;681;B3_CD202_NIRRIG_REPROD00001.asd;B3;CD202;NIRRIG;D05M;manha;D05
3;CD202+EMB48;BR16;treino;682;B3_CD202_NIRRIG_REPROD00002.asd;B3;CD202;NIRRIG;D05M;manha;D05
3;CD202+EMB48;BR16;treino;683;B3_CD202_NIRRIG_REPROD00003.asd;B3;CD202;NIRRIG;D05M;manha;D05
3;CD202+EMB48;BR16;treino;684;B3_CD202_NIRRIG_REPROD00004.asd;B3;CD202;NIRRIG;D05M;manha;D05
3;CD202+EMB48;BR16;treino;685;B3_CD202_NIRRIG_REPROD00005.asd;B3;CD202;NIRRIG;D05M;manha;D05
3;CD202+EMB48;BR16;treino;686;B3_CD202_NIRRIG_REPROD00006.asd;B3;CD202;NIRRIG;D05M;manha;D05
3;CD202+EMB48;BR16;treino;687;B3_CD202_NIRRIG_REPROD00007.asd;B3;CD202;NIRRIG;D05M;manha;D05
3;CD202+EMB48;BR16;treino;688;B4_CD202_IRRIG_REPROD00000.asd;B4;CD202;IRRIG;D05M;manha;D05
3;CD202+EMB48;BR16;treino;689;B4_CD202_IRRIG_REPROD00001.asd;B4;CD202;IRRIG;D05M;manha;D05
3;CD202+EMB48;BR16;treino;690;B4_CD202_IRRIG_REPROD00002.asd;B4;CD202;IRRIG;D05M;manha;D05
3;CD202+EMB48;BR16;treino;691;B4_CD202_IRRIG_REPROD00003.asd;B4;CD202;IRRIG;D05M;manha;D05
3;CD202+EMB48;BR16;treino;692;B4_CD202_IRRIG_REPROD00004.asd;B4;CD202;IRRIG;D05M;manha;D05
3;CD202+EMB48;BR16;treino;693;B4_CD202_IRRIG_REPROD00005.asd;B4;CD202;IRRIG;D05M;manha;D05
3;CD202+EMB48;BR16;treino;694;B4_CD202_IRRIG_REPROD00006.asd;B4;CD202;IRRIG;D05M;manha;D05
3;CD202+EMB48;BR16;treino;695;B4_CD202_IRRIG_REPROD00007.asd;B4;CD202;IRRIG;D05M;manha;D05
3;CD202+EMB48;BR16;treino;696;B4_CD202_NIRRIG_REPROD00000.asd;B4;CD202;NIRRIG;D05M;manha;D05
3;CD202+EMB48;BR16;treino;697;B4_CD202_NIRRIG_REPROD00001.asd;B4;CD202;NIRRIG;D05M;manha;D05
3;CD202+EMB48;BR16;treino;698;B4_CD202_NIRRIG_REPROD00002.asd;B4;CD202;NIRRIG;D05M;manha;D05
3;CD202+EMB48;BR16;treino;699;B4_CD202_NIRRIG_REPROD00003.asd;B4;CD202;NIRRIG;D05M;manha;D05
3;CD202+EMB48;BR16;treino;700;B4_CD202_NIRRIG_REPROD00004.asd;B4;CD202;NIRRIG;D05M;manha;D05
3;CD202+EMB48;BR16;treino;701;B4_CD202_NIRRIG_REPROD00005.asd;B4;CD202;NIRRIG;D05M;manha;D05
3;CD202+EMB48;BR16;treino;702;B4_CD202_NIRRIG_REPROD00006.asd;B4;CD202;NIRRIG;D05M;manha;D05
3;CD202+EMB48;BR16;treino;703;B4_CD202_NIRRIG_REPROD00007.asd;B4;CD202;NIRRIG;D05M;manha;D05
3;CD202+EMB48;BR16;treino;704;B1_EMB48_IRRIG_REPROD00000.asd;B1;EMB48;IRRIG;D05M;manha;D05
3;CD202+EMB48;BR16;treino;705;B1_EMB48_IRRIG_REPROD00001.asd;B1;EMB48;IRRIG;D05M;manha;D05
3;CD202+EMB48;BR16;treino;706;B1_EMB48_IRRIG_REPROD00002.asd;B1;EMB48;IRRIG;D05M;manha;D05
3;CD202+EMB48;BR16;treino;707;B1_EMB48_IRRIG_REPROD00003.asd;B1;EMB48;IRRIG;D05M;manha;D05
3;CD202+EMB48;BR16;treino;708;B1_EMB48_IRRIG_REPROD00004.asd;B1;EMB48;IRRIG;D05M;manha;D05
3;CD202+EMB48;BR16;treino;709;B1_EMB48_IRRIG_REPROD00005.asd;B1;EMB48;IRRIG;D05M;manha;D05
3;CD202+EMB48;BR16;treino;710;B1_EMB48_IRRIG_REPROD00006.asd;B1;EMB48;IRRIG;D05M;manha;D05
3;CD202+EMB48;BR16;treino;711;B1_EMB48_IRRIG_REPROD00007.asd;B1;EMB48;IRRIG;D05M;manha;D05
3;CD202+EMB48;BR16;treino;712;B1_EMB48_NIRRIG_REPROD00000.asd;B1;EMB48;NIRRIG;D05M;manha;D05
3;CD202+EMB48;BR16;treino;713;B1_EMB48_NIRRIG_REPROD00001.asd;B1;EMB48;NIRRIG;D05M;manha;D05
3;CD202+EMB48;BR16;treino;714;B1_EMB48_NIRRIG_REPROD00002.asd;B1;EMB48;NIRRIG;D05M;manha;D05
3;CD202+EMB48;BR16;treino;715;B1_EMB48_NIRRIG_REPROD00003.asd;B1;EMB48;NIRRIG;D05M;manha;D05
3;CD202+EMB48;BR16;treino;716;B1_EMB48_NIRRIG_REPROD00004.asd;B1;EMB48;NIRRIG;D05M;manha;D05
3;CD202+EMB48;BR16;treino;717;B1_EMB48_NIRRIG_REPROD00005.asd;B1;EMB48;NIRRIG;D05M;manha;D05
3;CD202+EMB48;BR16;treino;718;B1_EMB48_NIRRIG_REPROD00006.asd;B1;EMB48;NIRRIG;D05M;manha;D05
3;CD202+EMB48;BR16;treino;719;B1_EMB48_NIRRIG_REPROD00007.asd;B1;EMB48;NIRRIG;D05M;manha;D05
3;CD202+EMB48;BR16;treino;720;B2_EMB48_IRRIG_REPROD00000.asd;B2;EMB48;IRRIG;D05M;manha;D05
3;CD202+EMB48;BR16;treino;721;B2_EMB48_IRRIG_REPROD00001.asd;B2;EMB48;IRRIG;D05M;manha;D05
3;CD202+EMB48;BR16;treino;722;B2_EMB48_IRRIG_REPROD00002.asd;B2;EMB48;IRRIG;D05M;manha;D05
3;CD202+EMB48;BR16;treino;723;B2_EMB48_IRRIG_REPROD00003.asd;B2;EMB48;IRRIG;D05M;manha;D05
3;CD202+EMB48;BR16;treino;724;B2_EMB48_IRRIG_REPROD00004.asd;B2;EMB48;IRRIG;D05M;manha;D05
3;CD202+EMB48;BR16;treino;725;B2_EMB48_IRRIG_REPROD00005.asd;B2;EMB48;IRRIG;D05M;manha;D05
3;CD202+EMB48;BR16;treino;726;B2_EMB48_IRRIG_REPROD00006.asd;B2;EMB48;IRRIG;D05M;manha;D05
3;CD202+EMB48;BR16;treino;727;B2_EMB48_IRRIG_REPROD00007.asd;B2;EMB48;IRRIG;D05M;manha;D05
3;CD202+EMB48;BR16;treino;728;B2_EMB48_NIRRIG_REPROD00000.asd;B2;EMB48;NIRRIG;D05M;manha;D05
3;CD202+EMB48;BR16;treino;729;B2_EMB48_NIRRIG_REPROD00001.asd;B2;EMB48;NIRRIG;D05M;manha;D05
3;CD202+EMB48;BR16;treino;730;B2_EMB48_NIRRIG_REPROD00002.asd;B2;EMB48;NIRRIG;D05M;manha;D05
3;CD202+EMB48;BR16;treino;731;B2_EMB48_NIRRIG_REPROD00003.asd;B2;EMB48;NIRRIG;D05M;manha;D05
3;CD202+EMB48;BR16;treino;732;B2_EMB48_NIRRIG_REPROD00004.asd;B2;EMB48;NIRRIG;D05M;manha;D05
3;CD202+EMB48;BR16;treino;733;B2_EMB48_NIRRIG_REPROD00005.asd;B2;EMB48;NIRRIG;D05M;manha;D05
3;CD202+EMB48;BR16;treino;734;B2_EMB48_NIRRIG_REPROD00006.asd;B2;EMB48;NIRRIG;D05M;manha;D05
3;CD202+EMB48;BR16;treino;735;B2_EMB48_NIRRIG_REPROD00007.asd;B2;EMB48;NIRRIG;D05M;manha;D05
3;CD202+EMB48;BR16;treino;736;B3_EMB48_IRRIG_REPROD00000.asd;B3;EMB48;IRRIG;D05M;manha;D05
3;CD202+EMB48;BR16;treino;737;B3_EMB48_IRRIG_REPROD00001.asd;B3;EMB48;IRRIG;D05M;manha;D05
3;CD202+EMB48;BR16;treino;738;B3_EMB48_IRRIG_REPROD00002.asd;B3;EMB48;IRRIG;D05M;manha;D05
3;CD202+EMB48;BR16;treino;739;B3_EMB48_IRRIG_REPROD00003.asd;B3;EMB48;IRRIG;D05M;manha;D05
3;CD202+EMB48;BR16;treino;740;B3_EMB48_IRRIG_REPROD00004.asd;B3;EMB48;IRRIG;D05M;manha;D05
3;CD202+EMB48;BR16;treino;741;B3_EMB48_IRRIG_REPROD00005.asd;B3;EMB48;IRRIG;D05M;manha;D05
3;CD202+EMB48;BR16;treino;742;B3_EMB48_IRRIG_REPROD00006.asd;B3;EMB48;IRRIG;D05M;manha;D05
3;CD202+EMB48;BR16;treino;743;B3_EMB48_IRRIG_REPROD00007.asd;B3;EMB48;IRRIG;D05M;manha;D05
3;CD202+EMB48;BR16;treino;744;B3_EMB48_NIRRIG_REPROD00000.asd;B3;EMB48;NIRRIG;D05M;manha;D05
3;CD202+EMB48;BR16;treino;745;B3_EMB48_NIRRIG_REPROD00001.asd;B3;EMB48;NIRRIG;D05M;manha;D05
3;CD202+EMB48;BR16;treino;746;B3_EMB48_NIRRIG_REPROD00002.asd;B3;EMB48;NIRRIG;D05M;manha;D05
3;CD202+EMB48;BR16;treino;747;B3_EMB48_NIRRIG_REPROD00003.asd;B3;EMB48;NIRRIG;D05M;manha;D05
3;CD202+EMB48;BR16;treino;748;B3_EMB48_NIRRIG_REPROD00004.asd;B3;EMB48;NIRRIG;D05M;manha;D05
3;CD202+EMB48;BR16;treino;749;B3_EMB48_NIRRIG_REPROD00005.asd;B3;EMB48;NIRRIG;D05M;manha;D05
3;CD202+EMB48;BR16;treino;750;B3_EMB48_NIRRIG_REPROD00006.asd;B3;EMB48;NIRRIG;D05M;manha;D05
3;CD202+EMB48;BR16;treino;751;B3_EMB48_NIRRIG_REPROD00007.asd;B3;EMB48;NIRRIG;D05M;manha;D05
3;CD202+EMB48;BR16;treino;752;B4_EMB48_IRRIG_REPROD00000.asd;B4;EMB48;IRRIG;D05M;manha;D05
3;CD202+EMB48;BR16;treino;753;B4_EMB48_IRRIG_REPROD00001.asd;B4;EMB48;IRRIG;D05M;manha;D05
3;CD202+EMB48;BR16;treino;754;B4_EMB48_IRRIG_REPROD00002.asd;B4;EMB48;IRRIG;D05M;manha;D05
3;CD202+EMB48;BR16;treino;755;B4_EMB48_IRRIG_REPROD00003.asd;B4;EMB48;IRRIG;D05M;manha;D05
3;CD202+EMB48;BR16;treino;756;B4_EMB48_IRRIG_REPROD00004.asd;B4;EMB48;IRRIG;D05M;manha;D05
3;CD202+EMB48;BR16;treino;757;B4_EMB48_IRRIG_REPROD00005.asd;B4;EMB48;IRRIG;D05M;manha;D05
3;CD202+EMB48;BR16;treino;758;B4_EMB48_IRRIG_REPROD00006.asd;B4;EMB48;IRRIG;D05M;manha;D05
3;CD202+EMB48;BR16;treino;759;B4_EMB48_IRRIG_REPROD00007.asd;B4;EMB48;IRRIG;D05M;manha;D05
3;CD202+EMB48;BR16;treino;760;B4_EMB48_NIRRIG_REPROD00000.asd;B4;EMB48;NIRRIG;D05M;manha;D05
3;CD202+EMB48;BR16;treino;761;B4_EMB48_NIRRIG_REPROD00001.asd;B4;EMB48;NIRRIG;D05M;manha;D05
3;CD202+EMB48;BR16;treino;762;B4_EMB48_NIRRIG_REPROD00002.asd;B4;EMB48;NIRRIG;D05M;manha;D05
3;CD202+EMB48;BR16;treino;763;B4_EMB48_NIRRIG_REPROD00003.asd;B4;EMB48;NIRRIG;D05M;manha;D05
3;CD202+EMB48;BR16;treino;764;B4_EMB48_NIRRIG_REPROD00004.asd;B4;EMB48;NIRRIG;D05M;manha;D05
3;CD202+EMB48;BR16;treino;765;B4_EMB48_NIRRIG_REPROD00005.asd;B4;EMB48;NIRRIG;D05M;manha;D05
3;CD202+EMB48;BR16;treino;766;B4_EMB48_NIRRIG_REPROD00006.asd;B4;EMB48;NIRRIG;D05M;manha;D05
3;CD202+EMB48;BR16;treino;767;B4_EMB48_NIRRIG_REPROD00007.asd;B4;EMB48;NIRRIG;D05M;manha;D05
3;CD202+EMB48;BR16;teste;576;B1_BR16_IRRIG_REPROD00000.asd;B1;BR16;IRRIG;D05M;manha;D05
3;CD202+EMB48;BR16;teste;577;B1_BR16_IRRIG_REPROD00001.asd;B1;BR16;IRRIG;D05M;manha;D05
3;CD202+EMB48;BR16;teste;578;B1_BR16_IRRIG_REPROD00002.asd;B1;BR16;IRRIG;D05M;manha;D05
3;CD202+EMB48;BR16;teste;579;B1_BR16_IRRIG_REPROD00003.asd;B1;BR16;IRRIG;D05M;manha;D05
3;CD202+EMB48;BR16;teste;580;B1_BR16_IRRIG_REPROD00004.asd;B1;BR16;IRRIG;D05M;manha;D05
3;CD202+EMB48;BR16;teste;581;B1_BR16_IRRIG_REPROD00005.asd;B1;BR16;IRRIG;D05M;manha;D05
3;CD202+EMB48;BR16;teste;582;B1_BR16_IRRIG_REPROD00006.asd;B1;BR16;IRRIG;D05M;manha;D05
3;CD202+EMB48;BR16;teste;583;B1_BR16_IRRIG_REPROD00007.asd;B1;BR16;IRRIG;D05M;manha;D05
3;CD202+EMB48;BR16;teste;584;B1_BR16_NIRRIG_REPROD00000.asd;B1;BR16;NIRRIG;D05M;manha;D05
3;CD202+EMB48;BR16;teste;585;B1_BR16_NIRRIG_REPROD00001.asd;B1;BR16;NIRRIG;D05M;manha;D05
3;CD202+EMB48;BR16;teste;586;B1_BR16_NIRRIG_REPROD00002.asd;B1;BR16;NIRRIG;D05M;manha;D05
3;CD202+EMB48;BR16;teste;587;B1_BR16_NIRRIG_REPROD00003.asd;B1;BR16;NIRRIG;D05M;manha;D05
3;CD202+EMB48;BR16;teste;588;B1_BR16_NIRRIG_REPROD00004.asd;B1;BR16;NIRRIG;D05M;manha;D05
3;CD202+EMB48;BR16;teste;589;B1_BR16_NIRRIG_REPROD00005.asd;B1;BR16;NIRRIG;D05M;manha;D05
3;CD202+EMB48;BR16;teste;590;B1_BR16_NIRRIG_REPROD00006.asd;B1;BR16;NIRRIG;D05M;manha;D05
3;CD202+EMB48;BR16;teste;591;B1_BR16_NIRRIG_REPROD00007.asd;B1;BR16;NIRRIG;D05M;manha;D05
3;CD202+EMB48;BR16;teste;592;B2_BR16_IRRIG_REPROD00000.asd;B2;BR16;IRRIG;D05M;manha;D05
3;CD202+EMB48;BR16;teste;593;B2_BR16_IRRIG_REPROD00001.asd;B2;BR16;IRRIG;D05M;manha;D05
3;CD202+EMB48;BR16;teste;594;B2_BR16_IRRIG_REPROD00002.asd;B2;BR16;IRRIG;D05M;manha;D05
3;CD202+EMB48;BR16;teste;595;B2_BR16_IRRIG_REPROD00003.asd;B2;BR16;IRRIG;D05M;manha;D05
3;CD202+EMB48;BR16;teste;596;B2_BR16_IRRIG_REPROD00004.asd;B2;BR16;IRRIG;D05M;manha;D05
3;CD202+EMB48;BR16;teste;597;B2_BR16_IRRIG_REPROD00005.asd;B2;BR16;IRRIG;D05M;manha;D05
3;CD202+EMB48;BR16;teste;598;B2_BR16_IRRIG_REPROD00006.asd;B2;BR16;IRRIG;D05M;manha;D05
3;CD202+EMB48;BR16;teste;599;B2_BR16_IRRIG_REPROD00007.asd;B2;BR16;IRRIG;D05M;manha;D05
3;CD202+EMB48;BR16;teste;600;B2_BR16_NIRRIG_REPROD00000.asd;B2;BR16;NIRRIG;D05M;manha;D05
3;CD202+EMB48;BR16;teste;601;B2_BR16_NIRRIG_REPROD00001.asd;B2;BR16;NIRRIG;D05M;manha;D05
3;CD202+EMB48;BR16;teste;602;B2_BR16_NIRRIG_REPROD00002.asd;B2;BR16;NIRRIG;D05M;manha;D05
3;CD202+EMB48;BR16;teste;603;B2_BR16_NIRRIG_REPROD00003.asd;B2;BR16;NIRRIG;D05M;manha;D05
3;CD202+EMB48;BR16;teste;604;B2_BR16_NIRRIG_REPROD00004.asd;B2;BR16;NIRRIG;D05M;manha;D05
3;CD202+EMB48;BR16;teste;605;B2_BR16_NIRRIG_REPROD00005.asd;B2;BR16;NIRRIG;D05M;manha;D05
3;CD202+EMB48;BR16;teste;606;B2_BR16_NIRRIG_REPROD00006.asd;B2;BR16;NIRRIG;D05M;manha;D05
3;CD202+EMB48;BR16;teste;607;B2_BR16_NIRRIG_REPROD00007.asd;B2;BR16;NIRRIG;D05M;manha;D05
3;CD202+EMB48;BR16;teste;608;B3_BR16_IRRIG_REPROD00000.asd;B3;BR16;IRRIG;D05M;manha;D05
3;CD202+EMB48;BR16;teste;609;B3_BR16_IRRIG_REPROD00001.asd;B3;BR16;IRRIG;D05M;manha;D05
3;CD202+EMB48;BR16;teste;610;B3_BR16_IRRIG_REPROD00002.asd;B3;BR16;IRRIG;D05M;manha;D05
3;CD202+EMB48;BR16;teste;611;B3_BR16_IRRIG_REPROD00003.asd;B3;BR16;IRRIG;D05M;manha;D05
3;CD202+EMB48;BR16;teste;612;B3_BR16_IRRIG_REPROD00004.asd;B3;BR16;IRRIG;D05M;manha;D05
3;CD202+EMB48;BR16;teste;613;B3_BR16_IRRIG_REPROD00005.asd;B3;BR16;IRRIG;D05M;manha;D05
3;CD202+EMB48;BR16;teste;614;B3_BR16_IRRIG_REPROD00006.asd;B3;BR16;IRRIG;D05M;manha;D05
3;CD202+EMB48;BR16;teste;615;B3_BR16_IRRIG_REPROD00007.asd;B3;BR16;IRRIG;D05M;manha;D05
3;CD202+EMB48;BR16;teste;616;B3_BR16_NIRRIG_REPROD00000.asd;B3;BR16;NIRRIG;D05M;manha;D05
3;CD202+EMB48;BR16;teste;617;B3_BR16_NIRRIG_REPROD00001.asd;B3;BR16;NIRRIG;D05M;manha;D05
3;CD202+EMB48;BR16;teste;618;B3_BR16_NIRRIG_REPROD00002.asd;B3;BR16;NIRRIG;D05M;manha;D05
3;CD202+EMB48;BR16;teste;619;B3_BR16_NIRRIG_REPROD00003.asd;B3;BR16;NIRRIG;D05M;manha;D05
3;CD202+EMB48;BR16;teste;620;B3_BR16_NIRRIG_REPROD00004.asd;B3;BR16;NIRRIG;D05M;manha;D05
3;CD202+EMB48;BR16;teste;621;B3_BR16_NIRRIG_REPROD00005.asd;B3;BR16;NIRRIG;D05M;manha;D05
3;CD202+EMB48;BR16;teste;622;B3_BR16_NIRRIG_REPROD00006.asd;B3;BR16;NIRRIG;D05M;manha;D05
3;CD202+EMB48;BR16;teste;623;B3_BR16_NIRRIG_REPROD00007.asd;B3;BR16;NIRRIG;D05M;manha;D05
3;CD202+EMB48;BR16;teste;624;B4_BR16_IRRIG_REPROD00000.asd;B4;BR16;IRRIG;D05M;manha;D05
3;CD202+EMB48;BR16;teste;625;B4_BR16_IRRIG_REPROD00001.asd;B4;BR16;IRRIG;D05M;manha;D05
3;CD202+EMB48;BR16;teste;626;B4_BR16_IRRIG_REPROD00002.asd;B4;BR16;IRRIG;D05M;manha;D05
3;CD202+EMB48;BR16;teste;627;B4_BR16_IRRIG_REPROD00003.asd;B4;BR16;IRRIG;D05M;manha;D05
3;CD202+EMB48;BR16;teste;628;B4_BR16_IRRIG_REPROD00004.asd;B4;BR16;IRRIG;D05M;manha;D05
3;CD202+EMB48;BR16;teste;629;B4_BR16_IRRIG_REPROD00005.asd;B4;BR16;IRRIG;D05M;manha;D05
3;CD202+EMB48;BR16;teste;630;B4_BR16_IRRIG_REPROD00006.asd;B4;BR16;IRRIG;D05M;manha;D05
3;CD202+EMB48;BR16;teste;631;B4_BR16_IRRIG_REPROD00007.asd;B4;BR16;IRRIG;D05M;manha;D05
3;CD202+EMB48;BR16;teste;632;B4_BR16_NIRRIG_REPROD00000.asd;B4;BR16;NIRRIG;D05M;manha;D05
3;CD202+EMB48;BR16;teste;633;B4_BR16_NIRRIG_REPROD00001.asd;B4;BR16;NIRRIG;D05M;manha;D05
3;CD202+EMB48;BR16;teste;634;B4_BR16_NIRRIG_REPROD00002.asd;B4;BR16;NIRRIG;D05M;manha;D05
3;CD202+EMB48;BR16;teste;635;B4_BR16_NIRRIG_REPROD00003.asd;B4;BR16;NIRRIG;D05M;manha;D05
3;CD202+EMB48;BR16;teste;636;B4_BR16_NIRRIG_REPROD00004.asd;B4;BR16;NIRRIG;D05M;manha;D05
3;CD202+EMB48;BR16;teste;637;B4_BR16_NIRRIG_REPROD00005.asd;B4;BR16;NIRRIG;D05M;manha;D05
3;CD202+EMB48;BR16;teste;638;B4_BR16_NIRRIG_REPROD00006.asd;B4;BR16;NIRRIG;D05M;manha;D05
3;CD202+EMB48;BR16;teste;639;B4_BR16_NIRRIG_REPROD00007.asd;B4;BR16;NIRRIG;D05M;manha;D05
1;BR16+CD202;EMB48;treino;768;B1_BR16_IRRIG_REPROD00000.asd;B1;BR16;IRRIG;D06M;manha;D06
1;BR16+CD202;EMB48;treino;769;B1_BR16_IRRIG_REPROD00001.asd;B1;BR16;IRRIG;D06M;manha;D06
1;BR16+CD202;EMB48;treino;770;B1_BR16_IRRIG_REPROD00002.asd;B1;BR16;IRRIG;D06M;manha;D06
1;BR16+CD202;EMB48;treino;771;B1_BR16_IRRIG_REPROD00003.asd;B1;BR16;IRRIG;D06M;manha;D06
1;BR16+CD202;EMB48;treino;772;B1_BR16_IRRIG_REPROD00004.asd;B1;BR16;IRRIG;D06M;manha;D06
1;BR16+CD202;EMB48;treino;773;B1_BR16_IRRIG_REPROD00005.asd;B1;BR16;IRRIG;D06M;manha;D06
1;BR16+CD202;EMB48;treino;774;B1_BR16_IRRIG_REPROD00006.asd;B1;BR16;IRRIG;D06M;manha;D06
1;BR16+CD202;EMB48;treino;775;B1_BR16_IRRIG_REPROD00007.asd;B1;BR16;IRRIG;D06M;manha;D06
1;BR16+CD202;EMB48;treino;776;B1_BR16_NIRRIG_REPROD00000.asd;B1;BR16;NIRRIG;D06M;manha;D06
1;BR16+CD202;EMB48;treino;777;B1_BR16_NIRRIG_REPROD00001.asd;B1;BR16;NIRRIG;D06M;manha;D06
1;BR16+CD202;EMB48;treino;778;B1_BR16_NIRRIG_REPROD00002.asd;B1;BR16;NIRRIG;D06M;manha;D06
1;BR16+CD202;EMB48;treino;779;B1_BR16_NIRRIG_REPROD00003.asd;B1;BR16;NIRRIG;D06M;manha;D06
1;BR16+CD202;EMB48;treino;780;B1_BR16_NIRRIG_REPROD00004.asd;B1;BR16;NIRRIG;D06M;manha;D06
1;BR16+CD202;EMB48;treino;781;B1_BR16_NIRRIG_REPROD00005.asd;B1;BR16;NIRRIG;D06M;manha;D06
1;BR16+CD202;EMB48;treino;782;B1_BR16_NIRRIG_REPROD00006.asd;B1;BR16;NIRRIG;D06M;manha;D06
1;BR16+CD202;EMB48;treino;783;B1_BR16_NIRRIG_REPROD00007.asd;B1;BR16;NIRRIG;D06M;manha;D06
1;BR16+CD202;EMB48;treino;784;B2_BR16_IRRIG_REPROD00000.asd;B2;BR16;IRRIG;D06M;manha;D06
1;BR16+CD202;EMB48;treino;785;B2_BR16_IRRIG_REPROD00001.asd;B2;BR16;IRRIG;D06M;manha;D06
1;BR16+CD202;EMB48;treino;786;B2_BR16_IRRIG_REPROD00002.asd;B2;BR16;IRRIG;D06M;manha;D06
1;BR16+CD202;EMB48;treino;787;B2_BR16_IRRIG_REPROD00003.asd;B2;BR16;IRRIG;D06M;manha;D06
1;BR16+CD202;EMB48;treino;788;B2_BR16_IRRIG_REPROD00004.asd;B2;BR16;IRRIG;D06M;manha;D06
1;BR16+CD202;EMB48;treino;789;B2_BR16_IRRIG_REPROD00005.asd;B2;BR16;IRRIG;D06M;manha;D06
1;BR16+CD202;EMB48;treino;790;B2_BR16_IRRIG_REPROD00006.asd;B2;BR16;IRRIG;D06M;manha;D06
1;BR16+CD202;EMB48;treino;791;B2_BR16_IRRIG_REPROD00007.asd;B2;BR16;IRRIG;D06M;manha;D06
1;BR16+CD202;EMB48;treino;792;B2_BR16_NIRRIG_REPROD00000.asd;B2;BR16;NIRRIG;D06M;manha;D06
1;BR16+CD202;EMB48;treino;793;B2_BR16_NIRRIG_REPROD00001.asd;B2;BR16;NIRRIG;D06M;manha;D06
1;BR16+CD202;EMB48;treino;794;B2_BR16_NIRRIG_REPROD00002.asd;B2;BR16;NIRRIG;D06M;manha;D06
1;BR16+CD202;EMB48;treino;795;B2_BR16_NIRRIG_REPROD00003.asd;B2;BR16;NIRRIG;D06M;manha;D06
1;BR16+CD202;EMB48;treino;796;B2_BR16_NIRRIG_REPROD00004.asd;B2;BR16;NIRRIG;D06M;manha;D06
1;BR16+CD202;EMB48;treino;797;B2_BR16_NIRRIG_REPROD00005.asd;B2;BR16;NIRRIG;D06M;manha;D06
1;BR16+CD202;EMB48;treino;798;B2_BR16_NIRRIG_REPROD00006.asd;B2;BR16;NIRRIG;D06M;manha;D06
1;BR16+CD202;EMB48;treino;799;B2_BR16_NIRRIG_REPROD00007.asd;B2;BR16;NIRRIG;D06M;manha;D06
1;BR16+CD202;EMB48;treino;800;B3_BR16_IRRIG_REPROD00000.asd;B3;BR16;IRRIG;D06M;manha;D06
1;BR16+CD202;EMB48;treino;801;B3_BR16_IRRIG_REPROD00001.asd;B3;BR16;IRRIG;D06M;manha;D06
1;BR16+CD202;EMB48;treino;802;B3_BR16_IRRIG_REPROD00002.asd;B3;BR16;IRRIG;D06M;manha;D06
1;BR16+CD202;EMB48;treino;803;B3_BR16_IRRIG_REPROD00003.asd;B3;BR16;IRRIG;D06M;manha;D06
1;BR16+CD202;EMB48;treino;804;B3_BR16_IRRIG_REPROD00004.asd;B3;BR16;IRRIG;D06M;manha;D06
1;BR16+CD202;EMB48;treino;805;B3_BR16_IRRIG_REPROD00005.asd;B3;BR16;IRRIG;D06M;manha;D06
1;BR16+CD202;EMB48;treino;806;B3_BR16_IRRIG_REPROD00006.asd;B3;BR16;IRRIG;D06M;manha;D06
1;BR16+CD202;EMB48;treino;807;B3_BR16_IRRIG_REPROD00007.asd;B3;BR16;IRRIG;D06M;manha;D06
1;BR16+CD202;EMB48;treino;808;B3_BR16_NIRRIG_REPROD00000.asd;B3;BR16;NIRRIG;D06M;manha;D06
1;BR16+CD202;EMB48;treino;809;B3_BR16_NIRRIG_REPROD00001.asd;B3;BR16;NIRRIG;D06M;manha;D06
1;BR16+CD202;EMB48;treino;810;B3_BR16_NIRRIG_REPROD00002.asd;B3;BR16;NIRRIG;D06M;manha;D06
1;BR16+CD202;EMB48;treino;811;B3_BR16_NIRRIG_REPROD00003.asd;B3;BR16;NIRRIG;D06M;manha;D06
1;BR16+CD202;EMB48;treino;812;B3_BR16_NIRRIG_REPROD00004.asd;B3;BR16;NIRRIG;D06M;manha;D06
1;BR16+CD202;EMB48;treino;813;B3_BR16_NIRRIG_REPROD00005.asd;B3;BR16;NIRRIG;D06M;manha;D06
1;BR16+CD202;EMB48;treino;814;B3_BR16_NIRRIG_REPROD00006.asd;B3;BR16;NIRRIG;D06M;manha;D06
1;BR16+CD202;EMB48;treino;815;B3_BR16_NIRRIG_REPROD00007.asd;B3;BR16;NIRRIG;D06M;manha;D06
1;BR16+CD202;EMB48;treino;816;B4_BR16_IRRIG_REPROD00000.asd;B4;BR16;IRRIG;D06M;manha;D06
1;BR16+CD202;EMB48;treino;817;B4_BR16_IRRIG_REPROD00001.asd;B4;BR16;IRRIG;D06M;manha;D06
1;BR16+CD202;EMB48;treino;818;B4_BR16_IRRIG_REPROD00002.asd;B4;BR16;IRRIG;D06M;manha;D06
1;BR16+CD202;EMB48;treino;819;B4_BR16_IRRIG_REPROD00003.asd;B4;BR16;IRRIG;D06M;manha;D06
1;BR16+CD202;EMB48;treino;820;B4_BR16_IRRIG_REPROD00004.asd;B4;BR16;IRRIG;D06M;manha;D06
1;BR16+CD202;EMB48;treino;821;B4_BR16_IRRIG_REPROD00005.asd;B4;BR16;IRRIG;D06M;manha;D06
1;BR16+CD202;EMB48;treino;822;B4_BR16_IRRIG_REPROD00006.asd;B4;BR16;IRRIG;D06M;manha;D06
1;BR16+CD202;EMB48;treino;823;B4_BR16_IRRIG_REPROD00007.asd;B4;BR16;IRRIG;D06M;manha;D06
1;BR16+CD202;EMB48;treino;824;B4_BR16_NIRRIG_REPROD00000.asd;B4;BR16;NIRRIG;D06M;manha;D06
1;BR16+CD202;EMB48;treino;825;B4_BR16_NIRRIG_REPROD00001.asd;B4;BR16;NIRRIG;D06M;manha;D06
1;BR16+CD202;EMB48;treino;826;B4_BR16_NIRRIG_REPROD00002.asd;B4;BR16;NIRRIG;D06M;manha;D06
1;BR16+CD202;EMB48;treino;827;B4_BR16_NIRRIG_REPROD00003.asd;B4;BR16;NIRRIG;D06M;manha;D06
1;BR16+CD202;EMB48;treino;828;B4_BR16_NIRRIG_REPROD00004.asd;B4;BR16;NIRRIG;D06M;manha;D06
1;BR16+CD202;EMB48;treino;829;B4_BR16_NIRRIG_REPROD00005.asd;B4;BR16;NIRRIG;D06M;manha;D06
1;BR16+CD202;EMB48;treino;830;B4_BR16_NIRRIG_REPROD00006.asd;B4;BR16;NIRRIG;D06M;manha;D06
1;BR16+CD202;EMB48;treino;831;B4_BR16_NIRRIG_REPROD00007.asd;B4;BR16;NIRRIG;D06M;manha;D06
1;BR16+CD202;EMB48;treino;832;B1_CD202_IRRIG_REPROD00000.asd;B1;CD202;IRRIG;D06M;manha;D06
1;BR16+CD202;EMB48;treino;833;B1_CD202_IRRIG_REPROD00001.asd;B1;CD202;IRRIG;D06M;manha;D06
1;BR16+CD202;EMB48;treino;834;B1_CD202_IRRIG_REPROD00002.asd;B1;CD202;IRRIG;D06M;manha;D06
1;BR16+CD202;EMB48;treino;835;B1_CD202_IRRIG_REPROD00003.asd;B1;CD202;IRRIG;D06M;manha;D06
1;BR16+CD202;EMB48;treino;836;B1_CD202_IRRIG_REPROD00004.asd;B1;CD202;IRRIG;D06M;manha;D06
1;BR16+CD202;EMB48;treino;837;B1_CD202_IRRIG_REPROD00005.asd;B1;CD202;IRRIG;D06M;manha;D06
1;BR16+CD202;EMB48;treino;838;B1_CD202_IRRIG_REPROD00006.asd;B1;CD202;IRRIG;D06M;manha;D06
1;BR16+CD202;EMB48;treino;839;B1_CD202_IRRIG_REPROD00007.asd;B1;CD202;IRRIG;D06M;manha;D06
1;BR16+CD202;EMB48;treino;840;B1_CD202_NIRRIG_REPROD00000.asd;B1;CD202;NIRRIG;D06M;manha;D06
1;BR16+CD202;EMB48;treino;841;B1_CD202_NIRRIG_REPROD00001.asd;B1;CD202;NIRRIG;D06M;manha;D06
1;BR16+CD202;EMB48;treino;842;B1_CD202_NIRRIG_REPROD00002.asd;B1;CD202;NIRRIG;D06M;manha;D06
1;BR16+CD202;EMB48;treino;843;B1_CD202_NIRRIG_REPROD00003.asd;B1;CD202;NIRRIG;D06M;manha;D06
1;BR16+CD202;EMB48;treino;844;B1_CD202_NIRRIG_REPROD00004.asd;B1;CD202;NIRRIG;D06M;manha;D06
1;BR16+CD202;EMB48;treino;845;B1_CD202_NIRRIG_REPROD00005.asd;B1;CD202;NIRRIG;D06M;manha;D06
1;BR16+CD202;EMB48;treino;846;B1_CD202_NIRRIG_REPROD00006.asd;B1;CD202;NIRRIG;D06M;manha;D06
1;BR16+CD202;EMB48;treino;847;B1_CD202_NIRRIG_REPROD00007.asd;B1;CD202;NIRRIG;D06M;manha;D06
1;BR16+CD202;EMB48;treino;848;B2_CD202_IRRIG_REPROD00000.asd;B2;CD202;IRRIG;D06M;manha;D06
1;BR16+CD202;EMB48;treino;849;B2_CD202_IRRIG_REPROD00001.asd;B2;CD202;IRRIG;D06M;manha;D06
1;BR16+CD202;EMB48;treino;850;B2_CD202_IRRIG_REPROD00002.asd;B2;CD202;IRRIG;D06M;manha;D06
1;BR16+CD202;EMB48;treino;851;B2_CD202_IRRIG_REPROD00003.asd;B2;CD202;IRRIG;D06M;manha;D06
1;BR16+CD202;EMB48;treino;852;B2_CD202_IRRIG_REPROD00004.asd;B2;CD202;IRRIG;D06M;manha;D06
1;BR16+CD202;EMB48;treino;853;B2_CD202_IRRIG_REPROD00005.asd;B2;CD202;IRRIG;D06M;manha;D06
1;BR16+CD202;EMB48;treino;854;B2_CD202_IRRIG_REPROD00006.asd;B2;CD202;IRRIG;D06M;manha;D06
1;BR16+CD202;EMB48;treino;855;B2_CD202_IRRIG_REPROD00007.asd;B2;CD202;IRRIG;D06M;manha;D06
1;BR16+CD202;EMB48;treino;856;B2_CD202_NIRRIG_REPROD00000.asd;B2;CD202;NIRRIG;D06M;manha;D06
1;BR16+CD202;EMB48;treino;857;B2_CD202_NIRRIG_REPROD00001.asd;B2;CD202;NIRRIG;D06M;manha;D06
1;BR16+CD202;EMB48;treino;858;B2_CD202_NIRRIG_REPROD00002.asd;B2;CD202;NIRRIG;D06M;manha;D06
1;BR16+CD202;EMB48;treino;859;B2_CD202_NIRRIG_REPROD00003.asd;B2;CD202;NIRRIG;D06M;manha;D06
1;BR16+CD202;EMB48;treino;860;B2_CD202_NIRRIG_REPROD00004.asd;B2;CD202;NIRRIG;D06M;manha;D06
1;BR16+CD202;EMB48;treino;861;B2_CD202_NIRRIG_REPROD00005.asd;B2;CD202;NIRRIG;D06M;manha;D06
1;BR16+CD202;EMB48;treino;862;B2_CD202_NIRRIG_REPROD00006.asd;B2;CD202;NIRRIG;D06M;manha;D06
1;BR16+CD202;EMB48;treino;863;B2_CD202_NIRRIG_REPROD00007.asd;B2;CD202;NIRRIG;D06M;manha;D06
1;BR16+CD202;EMB48;treino;864;B3_CD202_IRRIG_REPROD00000.asd;B3;CD202;IRRIG;D06M;manha;D06
1;BR16+CD202;EMB48;treino;865;B3_CD202_IRRIG_REPROD00001.asd;B3;CD202;IRRIG;D06M;manha;D06
1;BR16+CD202;EMB48;treino;866;B3_CD202_IRRIG_REPROD00002.asd;B3;CD202;IRRIG;D06M;manha;D06
1;BR16+CD202;EMB48;treino;867;B3_CD202_IRRIG_REPROD00003.asd;B3;CD202;IRRIG;D06M;manha;D06
1;BR16+CD202;EMB48;treino;868;B3_CD202_IRRIG_REPROD00004.asd;B3;CD202;IRRIG;D06M;manha;D06
1;BR16+CD202;EMB48;treino;869;B3_CD202_IRRIG_REPROD00005.asd;B3;CD202;IRRIG;D06M;manha;D06
1;BR16+CD202;EMB48;treino;870;B3_CD202_IRRIG_REPROD00006.asd;B3;CD202;IRRIG;D06M;manha;D06
1;BR16+CD202;EMB48;treino;871;B3_CD202_IRRIG_REPROD00007.asd;B3;CD202;IRRIG;D06M;manha;D06
1;BR16+CD202;EMB48;treino;872;B3_CD202_NIRRIG_REPROD00000.asd;B3;CD202;NIRRIG;D06M;manha;D06
1;BR16+CD202;EMB48;treino;873;B3_CD202_NIRRIG_REPROD00001.asd;B3;CD202;NIRRIG;D06M;manha;D06
1;BR16+CD202;EMB48;treino;874;B3_CD202_NIRRIG_REPROD00002.asd;B3;CD202;NIRRIG;D06M;manha;D06
1;BR16+CD202;EMB48;treino;875;B3_CD202_NIRRIG_REPROD00003.asd;B3;CD202;NIRRIG;D06M;manha;D06
1;BR16+CD202;EMB48;treino;876;B3_CD202_NIRRIG_REPROD00004.asd;B3;CD202;NIRRIG;D06M;manha;D06
1;BR16+CD202;EMB48;treino;877;B3_CD202_NIRRIG_REPROD00005.asd;B3;CD202;NIRRIG;D06M;manha;D06
1;BR16+CD202;EMB48;treino;878;B3_CD202_NIRRIG_REPROD00006.asd;B3;CD202;NIRRIG;D06M;manha;D06
1;BR16+CD202;EMB48;treino;879;B3_CD202_NIRRIG_REPROD00007.asd;B3;CD202;NIRRIG;D06M;manha;D06
1;BR16+CD202;EMB48;treino;880;B4_CD202_IRRIG_REPROD00000.asd;B4;CD202;IRRIG;D06M;manha;D06
1;BR16+CD202;EMB48;treino;881;B4_CD202_IRRIG_REPROD00001.asd;B4;CD202;IRRIG;D06M;manha;D06
1;BR16+CD202;EMB48;treino;882;B4_CD202_IRRIG_REPROD00002.asd;B4;CD202;IRRIG;D06M;manha;D06
1;BR16+CD202;EMB48;treino;883;B4_CD202_IRRIG_REPROD00003.asd;B4;CD202;IRRIG;D06M;manha;D06
1;BR16+CD202;EMB48;treino;884;B4_CD202_IRRIG_REPROD00004.asd;B4;CD202;IRRIG;D06M;manha;D06
1;BR16+CD202;EMB48;treino;885;B4_CD202_IRRIG_REPROD00005.asd;B4;CD202;IRRIG;D06M;manha;D06
1;BR16+CD202;EMB48;treino;886;B4_CD202_IRRIG_REPROD00006.asd;B4;CD202;IRRIG;D06M;manha;D06
1;BR16+CD202;EMB48;treino;887;B4_CD202_IRRIG_REPROD00007.asd;B4;CD202;IRRIG;D06M;manha;D06
1;BR16+CD202;EMB48;treino;888;B4_CD202_NIRRIG_REPROD00000.asd;B4;CD202;NIRRIG;D06M;manha;D06
1;BR16+CD202;EMB48;treino;889;B4_CD202_NIRRIG_REPROD00001.asd;B4;CD202;NIRRIG;D06M;manha;D06
1;BR16+CD202;EMB48;treino;890;B4_CD202_NIRRIG_REPROD00002.asd;B4;CD202;NIRRIG;D06M;manha;D06
1;BR16+CD202;EMB48;treino;891;B4_CD202_NIRRIG_REPROD00003.asd;B4;CD202;NIRRIG;D06M;manha;D06
1;BR16+CD202;EMB48;treino;892;B4_CD202_NIRRIG_REPROD00004.asd;B4;CD202;NIRRIG;D06M;manha;D06
1;BR16+CD202;EMB48;treino;893;B4_CD202_NIRRIG_REPROD00005.asd;B4;CD202;NIRRIG;D06M;manha;D06
1;BR16+CD202;EMB48;treino;894;B4_CD202_NIRRIG_REPROD00006.asd;B4;CD202;NIRRIG;D06M;manha;D06
1;BR16+CD202;EMB48;treino;895;B4_CD202_NIRRIG_REPROD00007.asd;B4;CD202;NIRRIG;D06M;manha;D06
1;BR16+CD202;EMB48;teste;896;B1_EMB48_IRRIG_REPROD00000.asd;B1;EMB48;IRRIG;D06M;manha;D06
1;BR16+CD202;EMB48;teste;897;B1_EMB48_IRRIG_REPROD00001.asd;B1;EMB48;IRRIG;D06M;manha;D06
1;BR16+CD202;EMB48;teste;898;B1_EMB48_IRRIG_REPROD00002.asd;B1;EMB48;IRRIG;D06M;manha;D06
1;BR16+CD202;EMB48;teste;899;B1_EMB48_IRRIG_REPROD00003.asd;B1;EMB48;IRRIG;D06M;manha;D06
1;BR16+CD202;EMB48;teste;900;B1_EMB48_IRRIG_REPROD00004.asd;B1;EMB48;IRRIG;D06M;manha;D06
1;BR16+CD202;EMB48;teste;901;B1_EMB48_IRRIG_REPROD00005.asd;B1;EMB48;IRRIG;D06M;manha;D06
1;BR16+CD202;EMB48;teste;902;B1_EMB48_IRRIG_REPROD00006.asd;B1;EMB48;IRRIG;D06M;manha;D06
1;BR16+CD202;EMB48;teste;903;B1_EMB48_IRRIG_REPROD00007.asd;B1;EMB48;IRRIG;D06M;manha;D06
1;BR16+CD202;EMB48;teste;904;B1_EMB48_NIRRIG_REPROD00000.asd;B1;EMB48;NIRRIG;D06M;manha;D06
1;BR16+CD202;EMB48;teste;905;B1_EMB48_NIRRIG_REPROD00001.asd;B1;EMB48;NIRRIG;D06M;manha;D06
1;BR16+CD202;EMB48;teste;906;B1_EMB48_NIRRIG_REPROD00002.asd;B1;EMB48;NIRRIG;D06M;manha;D06
1;BR16+CD202;EMB48;teste;907;B1_EMB48_NIRRIG_REPROD00003.asd;B1;EMB48;NIRRIG;D06M;manha;D06
1;BR16+CD202;EMB48;teste;908;B1_EMB48_NIRRIG_REPROD00004.asd;B1;EMB48;NIRRIG;D06M;manha;D06
1;BR16+CD202;EMB48;teste;909;B1_EMB48_NIRRIG_REPROD00005.asd;B1;EMB48;NIRRIG;D06M;manha;D06
1;BR16+CD202;EMB48;teste;910;B1_EMB48_NIRRIG_REPROD00006.asd;B1;EMB48;NIRRIG;D06M;manha;D06
1;BR16+CD202;EMB48;teste;911;B1_EMB48_NIRRIG_REPROD00007.asd;B1;EMB48;NIRRIG;D06M;manha;D06
1;BR16+CD202;EMB48;teste;912;B2_EMB48_IRRIG_REPROD00000.asd;B2;EMB48;IRRIG;D06M;manha;D06
1;BR16+CD202;EMB48;teste;913;B2_EMB48_IRRIG_REPROD00001.asd;B2;EMB48;IRRIG;D06M;manha;D06
1;BR16+CD202;EMB48;teste;914;B2_EMB48_IRRIG_REPROD00002.asd;B2;EMB48;IRRIG;D06M;manha;D06
1;BR16+CD202;EMB48;teste;915;B2_EMB48_IRRIG_REPROD00003.asd;B2;EMB48;IRRIG;D06M;manha;D06
1;BR16+CD202;EMB48;teste;916;B2_EMB48_IRRIG_REPROD00004.asd;B2;EMB48;IRRIG;D06M;manha;D06
1;BR16+CD202;EMB48;teste;917;B2_EMB48_IRRIG_REPROD00005.asd;B2;EMB48;IRRIG;D06M;manha;D06
1;BR16+CD202;EMB48;teste;918;B2_EMB48_IRRIG_REPROD00006.asd;B2;EMB48;IRRIG;D06M;manha;D06
1;BR16+CD202;EMB48;teste;919;B2_EMB48_IRRIG_REPROD00007.asd;B2;EMB48;IRRIG;D06M;manha;D06
1;BR16+CD202;EMB48;teste;920;B2_EMB48_NIRRIG_REPROD00000.asd;B2;EMB48;NIRRIG;D06M;manha;D06
1;BR16+CD202;EMB48;teste;921;B2_EMB48_NIRRIG_REPROD00001.asd;B2;EMB48;NIRRIG;D06M;manha;D06
1;BR16+CD202;EMB48;teste;922;B2_EMB48_NIRRIG_REPROD00002.asd;B2;EMB48;NIRRIG;D06M;manha;D06
1;BR16+CD202;EMB48;teste;923;B2_EMB48_NIRRIG_REPROD00003.asd;B2;EMB48;NIRRIG;D06M;manha;D06
1;BR16+CD202;EMB48;teste;924;B2_EMB48_NIRRIG_REPROD00004.asd;B2;EMB48;NIRRIG;D06M;manha;D06
1;BR16+CD202;EMB48;teste;925;B2_EMB48_NIRRIG_REPROD00005.asd;B2;EMB48;NIRRIG;D06M;manha;D06
1;BR16+CD202;EMB48;teste;926;B2_EMB48_NIRRIG_REPROD00006.asd;B2;EMB48;NIRRIG;D06M;manha;D06
1;BR16+CD202;EMB48;teste;927;B2_EMB48_NIRRIG_REPROD00007.asd;B2;EMB48;NIRRIG;D06M;manha;D06
1;BR16+CD202;EMB48;teste;928;B3_EMB48_IRRIG_REPROD00000.asd;B3;EMB48;IRRIG;D06M;manha;D06
1;BR16+CD202;EMB48;teste;929;B3_EMB48_IRRIG_REPROD00001.asd;B3;EMB48;IRRIG;D06M;manha;D06
1;BR16+CD202;EMB48;teste;930;B3_EMB48_IRRIG_REPROD00002.asd;B3;EMB48;IRRIG;D06M;manha;D06
1;BR16+CD202;EMB48;teste;931;B3_EMB48_IRRIG_REPROD00003.asd;B3;EMB48;IRRIG;D06M;manha;D06
1;BR16+CD202;EMB48;teste;932;B3_EMB48_IRRIG_REPROD00004.asd;B3;EMB48;IRRIG;D06M;manha;D06
1;BR16+CD202;EMB48;teste;933;B3_EMB48_IRRIG_REPROD00005.asd;B3;EMB48;IRRIG;D06M;manha;D06
1;BR16+CD202;EMB48;teste;934;B3_EMB48_IRRIG_REPROD00006.asd;B3;EMB48;IRRIG;D06M;manha;D06
1;BR16+CD202;EMB48;teste;935;B3_EMB48_IRRIG_REPROD00007.asd;B3;EMB48;IRRIG;D06M;manha;D06
1;BR16+CD202;EMB48;teste;936;B3_EMB48_NIRRIG_REPROD00000.asd;B3;EMB48;NIRRIG;D06M;manha;D06
1;BR16+CD202;EMB48;teste;937;B3_EMB48_NIRRIG_REPROD00001.asd;B3;EMB48;NIRRIG;D06M;manha;D06
1;BR16+CD202;EMB48;teste;938;B3_EMB48_NIRRIG_REPROD00002.asd;B3;EMB48;NIRRIG;D06M;manha;D06
1;BR16+CD202;EMB48;teste;939;B3_EMB48_NIRRIG_REPROD00003.asd;B3;EMB48;NIRRIG;D06M;manha;D06
1;BR16+CD202;EMB48;teste;940;B3_EMB48_NIRRIG_REPROD00004.asd;B3;EMB48;NIRRIG;D06M;manha;D06
1;BR16+CD202;EMB48;teste;941;B3_EMB48_NIRRIG_REPROD00005.asd;B3;EMB48;NIRRIG;D06M;manha;D06
1;BR16+CD202;EMB48;teste;942;B3_EMB48_NIRRIG_REPROD00006.asd;B3;EMB48;NIRRIG;D06M;manha;D06
1;BR16+CD202;EMB48;teste;943;B3_EMB48_NIRRIG_REPROD00007.asd;B3;EMB48;NIRRIG;D06M;manha;D06
1;BR16+CD202;EMB48;teste;944;B4_EMB48_IRRIG_REPROD00000.asd;B4;EMB48;IRRIG;D06M;manha;D06
1;BR16+CD202;EMB48;teste;945;B4_EMB48_IRRIG_REPROD00001.asd;B4;EMB48;IRRIG;D06M;manha;D06
1;BR16+CD202;EMB48;teste;946;B4_EMB48_IRRIG_REPROD00002.asd;B4;EMB48;IRRIG;D06M;manha;D06
1;BR16+CD202;EMB48;teste;947;B4_EMB48_IRRIG_REPROD00003.asd;B4;EMB48;IRRIG;D06M;manha;D06
1;BR16+CD202;EMB48;teste;948;B4_EMB48_IRRIG_REPROD00004.asd;B4;EMB48;IRRIG;D06M;manha;D06
1;BR16+CD202;EMB48;teste;949;B4_EMB48_IRRIG_REPROD00005.asd;B4;EMB48;IRRIG;D06M;manha;D06
1;BR16+CD202;EMB48;teste;950;B4_EMB48_IRRIG_REPROD00006.asd;B4;EMB48;IRRIG;D06M;manha;D06
1;BR16+CD202;EMB48;teste;951;B4_EMB48_IRRIG_REPROD00007.asd;B4;EMB48;IRRIG;D06M;manha;D06
1;BR16+CD202;EMB48;teste;952;B4_EMB48_NIRRIG_REPROD00000.asd;B4;EMB48;NIRRIG;D06M;manha;D06
1;BR16+CD202;EMB48;teste;953;B4_EMB48_NIRRIG_REPROD00001.asd;B4;EMB48;NIRRIG;D06M;manha;D06
1;BR16+CD202;EMB48;teste;954;B4_EMB48_NIRRIG_REPROD00002.asd;B4;EMB48;NIRRIG;D06M;manha;D06
1;BR16+CD202;EMB48;teste;955;B4_EMB48_NIRRIG_REPROD00003.asd;B4;EMB48;NIRRIG;D06M;manha;D06
1;BR16+CD202;EMB48;teste;956;B4_EMB48_NIRRIG_REPROD00004.asd;B4;EMB48;NIRRIG;D06M;manha;D06
1;BR16+CD202;EMB48;teste;957;B4_EMB48_NIRRIG_REPROD00005.asd;B4;EMB48;NIRRIG;D06M;manha;D06
1;BR16+CD202;EMB48;teste;958;B4_EMB48_NIRRIG_REPROD00006.asd;B4;EMB48;NIRRIG;D06M;manha;D06
1;BR16+CD202;EMB48;teste;959;B4_EMB48_NIRRIG_REPROD00007.asd;B4;EMB48;NIRRIG;D06M;manha;D06
2;BR16+EMB48;CD202;treino;768;B1_BR16_IRRIG_REPROD00000.asd;B1;BR16;IRRIG;D06M;manha;D06
2;BR16+EMB48;CD202;treino;769;B1_BR16_IRRIG_REPROD00001.asd;B1;BR16;IRRIG;D06M;manha;D06
2;BR16+EMB48;CD202;treino;770;B1_BR16_IRRIG_REPROD00002.asd;B1;BR16;IRRIG;D06M;manha;D06
2;BR16+EMB48;CD202;treino;771;B1_BR16_IRRIG_REPROD00003.asd;B1;BR16;IRRIG;D06M;manha;D06
2;BR16+EMB48;CD202;treino;772;B1_BR16_IRRIG_REPROD00004.asd;B1;BR16;IRRIG;D06M;manha;D06
2;BR16+EMB48;CD202;treino;773;B1_BR16_IRRIG_REPROD00005.asd;B1;BR16;IRRIG;D06M;manha;D06
2;BR16+EMB48;CD202;treino;774;B1_BR16_IRRIG_REPROD00006.asd;B1;BR16;IRRIG;D06M;manha;D06
2;BR16+EMB48;CD202;treino;775;B1_BR16_IRRIG_REPROD00007.asd;B1;BR16;IRRIG;D06M;manha;D06
2;BR16+EMB48;CD202;treino;776;B1_BR16_NIRRIG_REPROD00000.asd;B1;BR16;NIRRIG;D06M;manha;D06
2;BR16+EMB48;CD202;treino;777;B1_BR16_NIRRIG_REPROD00001.asd;B1;BR16;NIRRIG;D06M;manha;D06
2;BR16+EMB48;CD202;treino;778;B1_BR16_NIRRIG_REPROD00002.asd;B1;BR16;NIRRIG;D06M;manha;D06
2;BR16+EMB48;CD202;treino;779;B1_BR16_NIRRIG_REPROD00003.asd;B1;BR16;NIRRIG;D06M;manha;D06
2;BR16+EMB48;CD202;treino;780;B1_BR16_NIRRIG_REPROD00004.asd;B1;BR16;NIRRIG;D06M;manha;D06
2;BR16+EMB48;CD202;treino;781;B1_BR16_NIRRIG_REPROD00005.asd;B1;BR16;NIRRIG;D06M;manha;D06
2;BR16+EMB48;CD202;treino;782;B1_BR16_NIRRIG_REPROD00006.asd;B1;BR16;NIRRIG;D06M;manha;D06
2;BR16+EMB48;CD202;treino;783;B1_BR16_NIRRIG_REPROD00007.asd;B1;BR16;NIRRIG;D06M;manha;D06
2;BR16+EMB48;CD202;treino;784;B2_BR16_IRRIG_REPROD00000.asd;B2;BR16;IRRIG;D06M;manha;D06
2;BR16+EMB48;CD202;treino;785;B2_BR16_IRRIG_REPROD00001.asd;B2;BR16;IRRIG;D06M;manha;D06
2;BR16+EMB48;CD202;treino;786;B2_BR16_IRRIG_REPROD00002.asd;B2;BR16;IRRIG;D06M;manha;D06
2;BR16+EMB48;CD202;treino;787;B2_BR16_IRRIG_REPROD00003.asd;B2;BR16;IRRIG;D06M;manha;D06
2;BR16+EMB48;CD202;treino;788;B2_BR16_IRRIG_REPROD00004.asd;B2;BR16;IRRIG;D06M;manha;D06
2;BR16+EMB48;CD202;treino;789;B2_BR16_IRRIG_REPROD00005.asd;B2;BR16;IRRIG;D06M;manha;D06
2;BR16+EMB48;CD202;treino;790;B2_BR16_IRRIG_REPROD00006.asd;B2;BR16;IRRIG;D06M;manha;D06
2;BR16+EMB48;CD202;treino;791;B2_BR16_IRRIG_REPROD00007.asd;B2;BR16;IRRIG;D06M;manha;D06
2;BR16+EMB48;CD202;treino;792;B2_BR16_NIRRIG_REPROD00000.asd;B2;BR16;NIRRIG;D06M;manha;D06
2;BR16+EMB48;CD202;treino;793;B2_BR16_NIRRIG_REPROD00001.asd;B2;BR16;NIRRIG;D06M;manha;D06
2;BR16+EMB48;CD202;treino;794;B2_BR16_NIRRIG_REPROD00002.asd;B2;BR16;NIRRIG;D06M;manha;D06
2;BR16+EMB48;CD202;treino;795;B2_BR16_NIRRIG_REPROD00003.asd;B2;BR16;NIRRIG;D06M;manha;D06
2;BR16+EMB48;CD202;treino;796;B2_BR16_NIRRIG_REPROD00004.asd;B2;BR16;NIRRIG;D06M;manha;D06
2;BR16+EMB48;CD202;treino;797;B2_BR16_NIRRIG_REPROD00005.asd;B2;BR16;NIRRIG;D06M;manha;D06
2;BR16+EMB48;CD202;treino;798;B2_BR16_NIRRIG_REPROD00006.asd;B2;BR16;NIRRIG;D06M;manha;D06
2;BR16+EMB48;CD202;treino;799;B2_BR16_NIRRIG_REPROD00007.asd;B2;BR16;NIRRIG;D06M;manha;D06
2;BR16+EMB48;CD202;treino;800;B3_BR16_IRRIG_REPROD00000.asd;B3;BR16;IRRIG;D06M;manha;D06
2;BR16+EMB48;CD202;treino;801;B3_BR16_IRRIG_REPROD00001.asd;B3;BR16;IRRIG;D06M;manha;D06
2;BR16+EMB48;CD202;treino;802;B3_BR16_IRRIG_REPROD00002.asd;B3;BR16;IRRIG;D06M;manha;D06
2;BR16+EMB48;CD202;treino;803;B3_BR16_IRRIG_REPROD00003.asd;B3;BR16;IRRIG;D06M;manha;D06
2;BR16+EMB48;CD202;treino;804;B3_BR16_IRRIG_REPROD00004.asd;B3;BR16;IRRIG;D06M;manha;D06
2;BR16+EMB48;CD202;treino;805;B3_BR16_IRRIG_REPROD00005.asd;B3;BR16;IRRIG;D06M;manha;D06
2;BR16+EMB48;CD202;treino;806;B3_BR16_IRRIG_REPROD00006.asd;B3;BR16;IRRIG;D06M;manha;D06
2;BR16+EMB48;CD202;treino;807;B3_BR16_IRRIG_REPROD00007.asd;B3;BR16;IRRIG;D06M;manha;D06
2;BR16+EMB48;CD202;treino;808;B3_BR16_NIRRIG_REPROD00000.asd;B3;BR16;NIRRIG;D06M;manha;D06
2;BR16+EMB48;CD202;treino;809;B3_BR16_NIRRIG_REPROD00001.asd;B3;BR16;NIRRIG;D06M;manha;D06
2;BR16+EMB48;CD202;treino;810;B3_BR16_NIRRIG_REPROD00002.asd;B3;BR16;NIRRIG;D06M;manha;D06
2;BR16+EMB48;CD202;treino;811;B3_BR16_NIRRIG_REPROD00003.asd;B3;BR16;NIRRIG;D06M;manha;D06
2;BR16+EMB48;CD202;treino;812;B3_BR16_NIRRIG_REPROD00004.asd;B3;BR16;NIRRIG;D06M;manha;D06
2;BR16+EMB48;CD202;treino;813;B3_BR16_NIRRIG_REPROD00005.asd;B3;BR16;NIRRIG;D06M;manha;D06
2;BR16+EMB48;CD202;treino;814;B3_BR16_NIRRIG_REPROD00006.asd;B3;BR16;NIRRIG;D06M;manha;D06
2;BR16+EMB48;CD202;treino;815;B3_BR16_NIRRIG_REPROD00007.asd;B3;BR16;NIRRIG;D06M;manha;D06
2;BR16+EMB48;CD202;treino;816;B4_BR16_IRRIG_REPROD00000.asd;B4;BR16;IRRIG;D06M;manha;D06
2;BR16+EMB48;CD202;treino;817;B4_BR16_IRRIG_REPROD00001.asd;B4;BR16;IRRIG;D06M;manha;D06
2;BR16+EMB48;CD202;treino;818;B4_BR16_IRRIG_REPROD00002.asd;B4;BR16;IRRIG;D06M;manha;D06
2;BR16+EMB48;CD202;treino;819;B4_BR16_IRRIG_REPROD00003.asd;B4;BR16;IRRIG;D06M;manha;D06
2;BR16+EMB48;CD202;treino;820;B4_BR16_IRRIG_REPROD00004.asd;B4;BR16;IRRIG;D06M;manha;D06
2;BR16+EMB48;CD202;treino;821;B4_BR16_IRRIG_REPROD00005.asd;B4;BR16;IRRIG;D06M;manha;D06
2;BR16+EMB48;CD202;treino;822;B4_BR16_IRRIG_REPROD00006.asd;B4;BR16;IRRIG;D06M;manha;D06
2;BR16+EMB48;CD202;treino;823;B4_BR16_IRRIG_REPROD00007.asd;B4;BR16;IRRIG;D06M;manha;D06
2;BR16+EMB48;CD202;treino;824;B4_BR16_NIRRIG_REPROD00000.asd;B4;BR16;NIRRIG;D06M;manha;D06
2;BR16+EMB48;CD202;treino;825;B4_BR16_NIRRIG_REPROD00001.asd;B4;BR16;NIRRIG;D06M;manha;D06
2;BR16+EMB48;CD202;treino;826;B4_BR16_NIRRIG_REPROD00002.asd;B4;BR16;NIRRIG;D06M;manha;D06
2;BR16+EMB48;CD202;treino;827;B4_BR16_NIRRIG_REPROD00003.asd;B4;BR16;NIRRIG;D06M;manha;D06
2;BR16+EMB48;CD202;treino;828;B4_BR16_NIRRIG_REPROD00004.asd;B4;BR16;NIRRIG;D06M;manha;D06
2;BR16+EMB48;CD202;treino;829;B4_BR16_NIRRIG_REPROD00005.asd;B4;BR16;NIRRIG;D06M;manha;D06
2;BR16+EMB48;CD202;treino;830;B4_BR16_NIRRIG_REPROD00006.asd;B4;BR16;NIRRIG;D06M;manha;D06
2;BR16+EMB48;CD202;treino;831;B4_BR16_NIRRIG_REPROD00007.asd;B4;BR16;NIRRIG;D06M;manha;D06
2;BR16+EMB48;CD202;treino;896;B1_EMB48_IRRIG_REPROD00000.asd;B1;EMB48;IRRIG;D06M;manha;D06
2;BR16+EMB48;CD202;treino;897;B1_EMB48_IRRIG_REPROD00001.asd;B1;EMB48;IRRIG;D06M;manha;D06
2;BR16+EMB48;CD202;treino;898;B1_EMB48_IRRIG_REPROD00002.asd;B1;EMB48;IRRIG;D06M;manha;D06
2;BR16+EMB48;CD202;treino;899;B1_EMB48_IRRIG_REPROD00003.asd;B1;EMB48;IRRIG;D06M;manha;D06
2;BR16+EMB48;CD202;treino;900;B1_EMB48_IRRIG_REPROD00004.asd;B1;EMB48;IRRIG;D06M;manha;D06
2;BR16+EMB48;CD202;treino;901;B1_EMB48_IRRIG_REPROD00005.asd;B1;EMB48;IRRIG;D06M;manha;D06
2;BR16+EMB48;CD202;treino;902;B1_EMB48_IRRIG_REPROD00006.asd;B1;EMB48;IRRIG;D06M;manha;D06
2;BR16+EMB48;CD202;treino;903;B1_EMB48_IRRIG_REPROD00007.asd;B1;EMB48;IRRIG;D06M;manha;D06
2;BR16+EMB48;CD202;treino;904;B1_EMB48_NIRRIG_REPROD00000.asd;B1;EMB48;NIRRIG;D06M;manha;D06
2;BR16+EMB48;CD202;treino;905;B1_EMB48_NIRRIG_REPROD00001.asd;B1;EMB48;NIRRIG;D06M;manha;D06
2;BR16+EMB48;CD202;treino;906;B1_EMB48_NIRRIG_REPROD00002.asd;B1;EMB48;NIRRIG;D06M;manha;D06
2;BR16+EMB48;CD202;treino;907;B1_EMB48_NIRRIG_REPROD00003.asd;B1;EMB48;NIRRIG;D06M;manha;D06
2;BR16+EMB48;CD202;treino;908;B1_EMB48_NIRRIG_REPROD00004.asd;B1;EMB48;NIRRIG;D06M;manha;D06
2;BR16+EMB48;CD202;treino;909;B1_EMB48_NIRRIG_REPROD00005.asd;B1;EMB48;NIRRIG;D06M;manha;D06
2;BR16+EMB48;CD202;treino;910;B1_EMB48_NIRRIG_REPROD00006.asd;B1;EMB48;NIRRIG;D06M;manha;D06
2;BR16+EMB48;CD202;treino;911;B1_EMB48_NIRRIG_REPROD00007.asd;B1;EMB48;NIRRIG;D06M;manha;D06
2;BR16+EMB48;CD202;treino;912;B2_EMB48_IRRIG_REPROD00000.asd;B2;EMB48;IRRIG;D06M;manha;D06
2;BR16+EMB48;CD202;treino;913;B2_EMB48_IRRIG_REPROD00001.asd;B2;EMB48;IRRIG;D06M;manha;D06
2;BR16+EMB48;CD202;treino;914;B2_EMB48_IRRIG_REPROD00002.asd;B2;EMB48;IRRIG;D06M;manha;D06
2;BR16+EMB48;CD202;treino;915;B2_EMB48_IRRIG_REPROD00003.asd;B2;EMB48;IRRIG;D06M;manha;D06
2;BR16+EMB48;CD202;treino;916;B2_EMB48_IRRIG_REPROD00004.asd;B2;EMB48;IRRIG;D06M;manha;D06
2;BR16+EMB48;CD202;treino;917;B2_EMB48_IRRIG_REPROD00005.asd;B2;EMB48;IRRIG;D06M;manha;D06
2;BR16+EMB48;CD202;treino;918;B2_EMB48_IRRIG_REPROD00006.asd;B2;EMB48;IRRIG;D06M;manha;D06
2;BR16+EMB48;CD202;treino;919;B2_EMB48_IRRIG_REPROD00007.asd;B2;EMB48;IRRIG;D06M;manha;D06
2;BR16+EMB48;CD202;treino;920;B2_EMB48_NIRRIG_REPROD00000.asd;B2;EMB48;NIRRIG;D06M;manha;D06
2;BR16+EMB48;CD202;treino;921;B2_EMB48_NIRRIG_REPROD00001.asd;B2;EMB48;NIRRIG;D06M;manha;D06
2;BR16+EMB48;CD202;treino;922;B2_EMB48_NIRRIG_REPROD00002.asd;B2;EMB48;NIRRIG;D06M;manha;D06
2;BR16+EMB48;CD202;treino;923;B2_EMB48_NIRRIG_REPROD00003.asd;B2;EMB48;NIRRIG;D06M;manha;D06
2;BR16+EMB48;CD202;treino;924;B2_EMB48_NIRRIG_REPROD00004.asd;B2;EMB48;NIRRIG;D06M;manha;D06
2;BR16+EMB48;CD202;treino;925;B2_EMB48_NIRRIG_REPROD00005.asd;B2;EMB48;NIRRIG;D06M;manha;D06
2;BR16+EMB48;CD202;treino;926;B2_EMB48_NIRRIG_REPROD00006.asd;B2;EMB48;NIRRIG;D06M;manha;D06
2;BR16+EMB48;CD202;treino;927;B2_EMB48_NIRRIG_REPROD00007.asd;B2;EMB48;NIRRIG;D06M;manha;D06
2;BR16+EMB48;CD202;treino;928;B3_EMB48_IRRIG_REPROD00000.asd;B3;EMB48;IRRIG;D06M;manha;D06
2;BR16+EMB48;CD202;treino;929;B3_EMB48_IRRIG_REPROD00001.asd;B3;EMB48;IRRIG;D06M;manha;D06
2;BR16+EMB48;CD202;treino;930;B3_EMB48_IRRIG_REPROD00002.asd;B3;EMB48;IRRIG;D06M;manha;D06
2;BR16+EMB48;CD202;treino;931;B3_EMB48_IRRIG_REPROD00003.asd;B3;EMB48;IRRIG;D06M;manha;D06
2;BR16+EMB48;CD202;treino;932;B3_EMB48_IRRIG_REPROD00004.asd;B3;EMB48;IRRIG;D06M;manha;D06
2;BR16+EMB48;CD202;treino;933;B3_EMB48_IRRIG_REPROD00005.asd;B3;EMB48;IRRIG;D06M;manha;D06
2;BR16+EMB48;CD202;treino;934;B3_EMB48_IRRIG_REPROD00006.asd;B3;EMB48;IRRIG;D06M;manha;D06
2;BR16+EMB48;CD202;treino;935;B3_EMB48_IRRIG_REPROD00007.asd;B3;EMB48;IRRIG;D06M;manha;D06
2;BR16+EMB48;CD202;treino;936;B3_EMB48_NIRRIG_REPROD00000.asd;B3;EMB48;NIRRIG;D06M;manha;D06
2;BR16+EMB48;CD202;treino;937;B3_EMB48_NIRRIG_REPROD00001.asd;B3;EMB48;NIRRIG;D06M;manha;D06
2;BR16+EMB48;CD202;treino;938;B3_EMB48_NIRRIG_REPROD00002.asd;B3;EMB48;NIRRIG;D06M;manha;D06
2;BR16+EMB48;CD202;treino;939;B3_EMB48_NIRRIG_REPROD00003.asd;B3;EMB48;NIRRIG;D06M;manha;D06
2;BR16+EMB48;CD202;treino;940;B3_EMB48_NIRRIG_REPROD00004.asd;B3;EMB48;NIRRIG;D06M;manha;D06
2;BR16+EMB48;CD202;treino;941;B3_EMB48_NIRRIG_REPROD00005.asd;B3;EMB48;NIRRIG;D06M;manha;D06
2;BR16+EMB48;CD202;treino;942;B3_EMB48_NIRRIG_REPROD00006.asd;B3;EMB48;NIRRIG;D06M;manha;D06
2;BR16+EMB48;CD202;treino;943;B3_EMB48_NIRRIG_REPROD00007.asd;B3;EMB48;NIRRIG;D06M;manha;D06
2;BR16+EMB48;CD202;treino;944;B4_EMB48_IRRIG_REPROD00000.asd;B4;EMB48;IRRIG;D06M;manha;D06
2;BR16+EMB48;CD202;treino;945;B4_EMB48_IRRIG_REPROD00001.asd;B4;EMB48;IRRIG;D06M;manha;D06
2;BR16+EMB48;CD202;treino;946;B4_EMB48_IRRIG_REPROD00002.asd;B4;EMB48;IRRIG;D06M;manha;D06
2;BR16+EMB48;CD202;treino;947;B4_EMB48_IRRIG_REPROD00003.asd;B4;EMB48;IRRIG;D06M;manha;D06
2;BR16+EMB48;CD202;treino;948;B4_EMB48_IRRIG_REPROD00004.asd;B4;EMB48;IRRIG;D06M;manha;D06
2;BR16+EMB48;CD202;treino;949;B4_EMB48_IRRIG_REPROD00005.asd;B4;EMB48;IRRIG;D06M;manha;D06
2;BR16+EMB48;CD202;treino;950;B4_EMB48_IRRIG_REPROD00006.asd;B4;EMB48;IRRIG;D06M;manha;D06
2;BR16+EMB48;CD202;treino;951;B4_EMB48_IRRIG_REPROD00007.asd;B4;EMB48;IRRIG;D06M;manha;D06
2;BR16+EMB48;CD202;treino;952;B4_EMB48_NIRRIG_REPROD00000.asd;B4;EMB48;NIRRIG;D06M;manha;D06
2;BR16+EMB48;CD202;treino;953;B4_EMB48_NIRRIG_REPROD00001.asd;B4;EMB48;NIRRIG;D06M;manha;D06
2;BR16+EMB48;CD202;treino;954;B4_EMB48_NIRRIG_REPROD00002.asd;B4;EMB48;NIRRIG;D06M;manha;D06
2;BR16+EMB48;CD202;treino;955;B4_EMB48_NIRRIG_REPROD00003.asd;B4;EMB48;NIRRIG;D06M;manha;D06
2;BR16+EMB48;CD202;treino;956;B4_EMB48_NIRRIG_REPROD00004.asd;B4;EMB48;NIRRIG;D06M;manha;D06
2;BR16+EMB48;CD202;treino;957;B4_EMB48_NIRRIG_REPROD00005.asd;B4;EMB48;NIRRIG;D06M;manha;D06
2;BR16+EMB48;CD202;treino;958;B4_EMB48_NIRRIG_REPROD00006.asd;B4;EMB48;NIRRIG;D06M;manha;D06
2;BR16+EMB48;CD202;treino;959;B4_EMB48_NIRRIG_REPROD00007.asd;B4;EMB48;NIRRIG;D06M;manha;D06
2;BR16+EMB48;CD202;teste;832;B1_CD202_IRRIG_REPROD00000.asd;B1;CD202;IRRIG;D06M;manha;D06
2;BR16+EMB48;CD202;teste;833;B1_CD202_IRRIG_REPROD00001.asd;B1;CD202;IRRIG;D06M;manha;D06
2;BR16+EMB48;CD202;teste;834;B1_CD202_IRRIG_REPROD00002.asd;B1;CD202;IRRIG;D06M;manha;D06
2;BR16+EMB48;CD202;teste;835;B1_CD202_IRRIG_REPROD00003.asd;B1;CD202;IRRIG;D06M;manha;D06
2;BR16+EMB48;CD202;teste;836;B1_CD202_IRRIG_REPROD00004.asd;B1;CD202;IRRIG;D06M;manha;D06
2;BR16+EMB48;CD202;teste;837;B1_CD202_IRRIG_REPROD00005.asd;B1;CD202;IRRIG;D06M;manha;D06
2;BR16+EMB48;CD202;teste;838;B1_CD202_IRRIG_REPROD00006.asd;B1;CD202;IRRIG;D06M;manha;D06
2;BR16+EMB48;CD202;teste;839;B1_CD202_IRRIG_REPROD00007.asd;B1;CD202;IRRIG;D06M;manha;D06
2;BR16+EMB48;CD202;teste;840;B1_CD202_NIRRIG_REPROD00000.asd;B1;CD202;NIRRIG;D06M;manha;D06
2;BR16+EMB48;CD202;teste;841;B1_CD202_NIRRIG_REPROD00001.asd;B1;CD202;NIRRIG;D06M;manha;D06
2;BR16+EMB48;CD202;teste;842;B1_CD202_NIRRIG_REPROD00002.asd;B1;CD202;NIRRIG;D06M;manha;D06
2;BR16+EMB48;CD202;teste;843;B1_CD202_NIRRIG_REPROD00003.asd;B1;CD202;NIRRIG;D06M;manha;D06
2;BR16+EMB48;CD202;teste;844;B1_CD202_NIRRIG_REPROD00004.asd;B1;CD202;NIRRIG;D06M;manha;D06
2;BR16+EMB48;CD202;teste;845;B1_CD202_NIRRIG_REPROD00005.asd;B1;CD202;NIRRIG;D06M;manha;D06
2;BR16+EMB48;CD202;teste;846;B1_CD202_NIRRIG_REPROD00006.asd;B1;CD202;NIRRIG;D06M;manha;D06
2;BR16+EMB48;CD202;teste;847;B1_CD202_NIRRIG_REPROD00007.asd;B1;CD202;NIRRIG;D06M;manha;D06
2;BR16+EMB48;CD202;teste;848;B2_CD202_IRRIG_REPROD00000.asd;B2;CD202;IRRIG;D06M;manha;D06
2;BR16+EMB48;CD202;teste;849;B2_CD202_IRRIG_REPROD00001.asd;B2;CD202;IRRIG;D06M;manha;D06
2;BR16+EMB48;CD202;teste;850;B2_CD202_IRRIG_REPROD00002.asd;B2;CD202;IRRIG;D06M;manha;D06
2;BR16+EMB48;CD202;teste;851;B2_CD202_IRRIG_REPROD00003.asd;B2;CD202;IRRIG;D06M;manha;D06
2;BR16+EMB48;CD202;teste;852;B2_CD202_IRRIG_REPROD00004.asd;B2;CD202;IRRIG;D06M;manha;D06
2;BR16+EMB48;CD202;teste;853;B2_CD202_IRRIG_REPROD00005.asd;B2;CD202;IRRIG;D06M;manha;D06
2;BR16+EMB48;CD202;teste;854;B2_CD202_IRRIG_REPROD00006.asd;B2;CD202;IRRIG;D06M;manha;D06
2;BR16+EMB48;CD202;teste;855;B2_CD202_IRRIG_REPROD00007.asd;B2;CD202;IRRIG;D06M;manha;D06
2;BR16+EMB48;CD202;teste;856;B2_CD202_NIRRIG_REPROD00000.asd;B2;CD202;NIRRIG;D06M;manha;D06
2;BR16+EMB48;CD202;teste;857;B2_CD202_NIRRIG_REPROD00001.asd;B2;CD202;NIRRIG;D06M;manha;D06
2;BR16+EMB48;CD202;teste;858;B2_CD202_NIRRIG_REPROD00002.asd;B2;CD202;NIRRIG;D06M;manha;D06
2;BR16+EMB48;CD202;teste;859;B2_CD202_NIRRIG_REPROD00003.asd;B2;CD202;NIRRIG;D06M;manha;D06
2;BR16+EMB48;CD202;teste;860;B2_CD202_NIRRIG_REPROD00004.asd;B2;CD202;NIRRIG;D06M;manha;D06
2;BR16+EMB48;CD202;teste;861;B2_CD202_NIRRIG_REPROD00005.asd;B2;CD202;NIRRIG;D06M;manha;D06
2;BR16+EMB48;CD202;teste;862;B2_CD202_NIRRIG_REPROD00006.asd;B2;CD202;NIRRIG;D06M;manha;D06
2;BR16+EMB48;CD202;teste;863;B2_CD202_NIRRIG_REPROD00007.asd;B2;CD202;NIRRIG;D06M;manha;D06
2;BR16+EMB48;CD202;teste;864;B3_CD202_IRRIG_REPROD00000.asd;B3;CD202;IRRIG;D06M;manha;D06
2;BR16+EMB48;CD202;teste;865;B3_CD202_IRRIG_REPROD00001.asd;B3;CD202;IRRIG;D06M;manha;D06
2;BR16+EMB48;CD202;teste;866;B3_CD202_IRRIG_REPROD00002.asd;B3;CD202;IRRIG;D06M;manha;D06
2;BR16+EMB48;CD202;teste;867;B3_CD202_IRRIG_REPROD00003.asd;B3;CD202;IRRIG;D06M;manha;D06
2;BR16+EMB48;CD202;teste;868;B3_CD202_IRRIG_REPROD00004.asd;B3;CD202;IRRIG;D06M;manha;D06
2;BR16+EMB48;CD202;teste;869;B3_CD202_IRRIG_REPROD00005.asd;B3;CD202;IRRIG;D06M;manha;D06
2;BR16+EMB48;CD202;teste;870;B3_CD202_IRRIG_REPROD00006.asd;B3;CD202;IRRIG;D06M;manha;D06
2;BR16+EMB48;CD202;teste;871;B3_CD202_IRRIG_REPROD00007.asd;B3;CD202;IRRIG;D06M;manha;D06
2;BR16+EMB48;CD202;teste;872;B3_CD202_NIRRIG_REPROD00000.asd;B3;CD202;NIRRIG;D06M;manha;D06
2;BR16+EMB48;CD202;teste;873;B3_CD202_NIRRIG_REPROD00001.asd;B3;CD202;NIRRIG;D06M;manha;D06
2;BR16+EMB48;CD202;teste;874;B3_CD202_NIRRIG_REPROD00002.asd;B3;CD202;NIRRIG;D06M;manha;D06
2;BR16+EMB48;CD202;teste;875;B3_CD202_NIRRIG_REPROD00003.asd;B3;CD202;NIRRIG;D06M;manha;D06
2;BR16+EMB48;CD202;teste;876;B3_CD202_NIRRIG_REPROD00004.asd;B3;CD202;NIRRIG;D06M;manha;D06
2;BR16+EMB48;CD202;teste;877;B3_CD202_NIRRIG_REPROD00005.asd;B3;CD202;NIRRIG;D06M;manha;D06
2;BR16+EMB48;CD202;teste;878;B3_CD202_NIRRIG_REPROD00006.asd;B3;CD202;NIRRIG;D06M;manha;D06
2;BR16+EMB48;CD202;teste;879;B3_CD202_NIRRIG_REPROD00007.asd;B3;CD202;NIRRIG;D06M;manha;D06
2;BR16+EMB48;CD202;teste;880;B4_CD202_IRRIG_REPROD00000.asd;B4;CD202;IRRIG;D06M;manha;D06
2;BR16+EMB48;CD202;teste;881;B4_CD202_IRRIG_REPROD00001.asd;B4;CD202;IRRIG;D06M;manha;D06
2;BR16+EMB48;CD202;teste;882;B4_CD202_IRRIG_REPROD00002.asd;B4;CD202;IRRIG;D06M;manha;D06
2;BR16+EMB48;CD202;teste;883;B4_CD202_IRRIG_REPROD00003.asd;B4;CD202;IRRIG;D06M;manha;D06
2;BR16+EMB48;CD202;teste;884;B4_CD202_IRRIG_REPROD00004.asd;B4;CD202;IRRIG;D06M;manha;D06
2;BR16+EMB48;CD202;teste;885;B4_CD202_IRRIG_REPROD00005.asd;B4;CD202;IRRIG;D06M;manha;D06
2;BR16+EMB48;CD202;teste;886;B4_CD202_IRRIG_REPROD00006.asd;B4;CD202;IRRIG;D06M;manha;D06
2;BR16+EMB48;CD202;teste;887;B4_CD202_IRRIG_REPROD00007.asd;B4;CD202;IRRIG;D06M;manha;D06
2;BR16+EMB48;CD202;teste;888;B4_CD202_NIRRIG_REPROD00000.asd;B4;CD202;NIRRIG;D06M;manha;D06
2;BR16+EMB48;CD202;teste;889;B4_CD202_NIRRIG_REPROD00001.asd;B4;CD202;NIRRIG;D06M;manha;D06
2;BR16+EMB48;CD202;teste;890;B4_CD202_NIRRIG_REPROD00002.asd;B4;CD202;NIRRIG;D06M;manha;D06
2;BR16+EMB48;CD202;teste;891;B4_CD202_NIRRIG_REPROD00003.asd;B4;CD202;NIRRIG;D06M;manha;D06
2;BR16+EMB48;CD202;teste;892;B4_CD202_NIRRIG_REPROD00004.asd;B4;CD202;NIRRIG;D06M;manha;D06
2;BR16+EMB48;CD202;teste;893;B4_CD202_NIRRIG_REPROD00005.asd;B4;CD202;NIRRIG;D06M;manha;D06
2;BR16+EMB48;CD202;teste;894;B4_CD202_NIRRIG_REPROD00006.asd;B4;CD202;NIRRIG;D06M;manha;D06
2;BR16+EMB48;CD202;teste;895;B4_CD202_NIRRIG_REPROD00007.asd;B4;CD202;NIRRIG;D06M;manha;D06
3;CD202+EMB48;BR16;treino;832;B1_CD202_IRRIG_REPROD00000.asd;B1;CD202;IRRIG;D06M;manha;D06
3;CD202+EMB48;BR16;treino;833;B1_CD202_IRRIG_REPROD00001.asd;B1;CD202;IRRIG;D06M;manha;D06
3;CD202+EMB48;BR16;treino;834;B1_CD202_IRRIG_REPROD00002.asd;B1;CD202;IRRIG;D06M;manha;D06
3;CD202+EMB48;BR16;treino;835;B1_CD202_IRRIG_REPROD00003.asd;B1;CD202;IRRIG;D06M;manha;D06
3;CD202+EMB48;BR16;treino;836;B1_CD202_IRRIG_REPROD00004.asd;B1;CD202;IRRIG;D06M;manha;D06
3;CD202+EMB48;BR16;treino;837;B1_CD202_IRRIG_REPROD00005.asd;B1;CD202;IRRIG;D06M;manha;D06
3;CD202+EMB48;BR16;treino;838;B1_CD202_IRRIG_REPROD00006.asd;B1;CD202;IRRIG;D06M;manha;D06
3;CD202+EMB48;BR16;treino;839;B1_CD202_IRRIG_REPROD00007.asd;B1;CD202;IRRIG;D06M;manha;D06
3;CD202+EMB48;BR16;treino;840;B1_CD202_NIRRIG_REPROD00000.asd;B1;CD202;NIRRIG;D06M;manha;D06
3;CD202+EMB48;BR16;treino;841;B1_CD202_NIRRIG_REPROD00001.asd;B1;CD202;NIRRIG;D06M;manha;D06
3;CD202+EMB48;BR16;treino;842;B1_CD202_NIRRIG_REPROD00002.asd;B1;CD202;NIRRIG;D06M;manha;D06
3;CD202+EMB48;BR16;treino;843;B1_CD202_NIRRIG_REPROD00003.asd;B1;CD202;NIRRIG;D06M;manha;D06
3;CD202+EMB48;BR16;treino;844;B1_CD202_NIRRIG_REPROD00004.asd;B1;CD202;NIRRIG;D06M;manha;D06
3;CD202+EMB48;BR16;treino;845;B1_CD202_NIRRIG_REPROD00005.asd;B1;CD202;NIRRIG;D06M;manha;D06
3;CD202+EMB48;BR16;treino;846;B1_CD202_NIRRIG_REPROD00006.asd;B1;CD202;NIRRIG;D06M;manha;D06
3;CD202+EMB48;BR16;treino;847;B1_CD202_NIRRIG_REPROD00007.asd;B1;CD202;NIRRIG;D06M;manha;D06
3;CD202+EMB48;BR16;treino;848;B2_CD202_IRRIG_REPROD00000.asd;B2;CD202;IRRIG;D06M;manha;D06
3;CD202+EMB48;BR16;treino;849;B2_CD202_IRRIG_REPROD00001.asd;B2;CD202;IRRIG;D06M;manha;D06
3;CD202+EMB48;BR16;treino;850;B2_CD202_IRRIG_REPROD00002.asd;B2;CD202;IRRIG;D06M;manha;D06
3;CD202+EMB48;BR16;treino;851;B2_CD202_IRRIG_REPROD00003.asd;B2;CD202;IRRIG;D06M;manha;D06
3;CD202+EMB48;BR16;treino;852;B2_CD202_IRRIG_REPROD00004.asd;B2;CD202;IRRIG;D06M;manha;D06
3;CD202+EMB48;BR16;treino;853;B2_CD202_IRRIG_REPROD00005.asd;B2;CD202;IRRIG;D06M;manha;D06
3;CD202+EMB48;BR16;treino;854;B2_CD202_IRRIG_REPROD00006.asd;B2;CD202;IRRIG;D06M;manha;D06
3;CD202+EMB48;BR16;treino;855;B2_CD202_IRRIG_REPROD00007.asd;B2;CD202;IRRIG;D06M;manha;D06
3;CD202+EMB48;BR16;treino;856;B2_CD202_NIRRIG_REPROD00000.asd;B2;CD202;NIRRIG;D06M;manha;D06
3;CD202+EMB48;BR16;treino;857;B2_CD202_NIRRIG_REPROD00001.asd;B2;CD202;NIRRIG;D06M;manha;D06
3;CD202+EMB48;BR16;treino;858;B2_CD202_NIRRIG_REPROD00002.asd;B2;CD202;NIRRIG;D06M;manha;D06
3;CD202+EMB48;BR16;treino;859;B2_CD202_NIRRIG_REPROD00003.asd;B2;CD202;NIRRIG;D06M;manha;D06
3;CD202+EMB48;BR16;treino;860;B2_CD202_NIRRIG_REPROD00004.asd;B2;CD202;NIRRIG;D06M;manha;D06
3;CD202+EMB48;BR16;treino;861;B2_CD202_NIRRIG_REPROD00005.asd;B2;CD202;NIRRIG;D06M;manha;D06
3;CD202+EMB48;BR16;treino;862;B2_CD202_NIRRIG_REPROD00006.asd;B2;CD202;NIRRIG;D06M;manha;D06
3;CD202+EMB48;BR16;treino;863;B2_CD202_NIRRIG_REPROD00007.asd;B2;CD202;NIRRIG;D06M;manha;D06
3;CD202+EMB48;BR16;treino;864;B3_CD202_IRRIG_REPROD00000.asd;B3;CD202;IRRIG;D06M;manha;D06
3;CD202+EMB48;BR16;treino;865;B3_CD202_IRRIG_REPROD00001.asd;B3;CD202;IRRIG;D06M;manha;D06
3;CD202+EMB48;BR16;treino;866;B3_CD202_IRRIG_REPROD00002.asd;B3;CD202;IRRIG;D06M;manha;D06
3;CD202+EMB48;BR16;treino;867;B3_CD202_IRRIG_REPROD00003.asd;B3;CD202;IRRIG;D06M;manha;D06
3;CD202+EMB48;BR16;treino;868;B3_CD202_IRRIG_REPROD00004.asd;B3;CD202;IRRIG;D06M;manha;D06
3;CD202+EMB48;BR16;treino;869;B3_CD202_IRRIG_REPROD00005.asd;B3;CD202;IRRIG;D06M;manha;D06
3;CD202+EMB48;BR16;treino;870;B3_CD202_IRRIG_REPROD00006.asd;B3;CD202;IRRIG;D06M;manha;D06
3;CD202+EMB48;BR16;treino;871;B3_CD202_IRRIG_REPROD00007.asd;B3;CD202;IRRIG;D06M;manha;D06
3;CD202+EMB48;BR16;treino;872;B3_CD202_NIRRIG_REPROD00000.asd;B3;CD202;NIRRIG;D06M;manha;D06
3;CD202+EMB48;BR16;treino;873;B3_CD202_NIRRIG_REPROD00001.asd;B3;CD202;NIRRIG;D06M;manha;D06
3;CD202+EMB48;BR16;treino;874;B3_CD202_NIRRIG_REPROD00002.asd;B3;CD202;NIRRIG;D06M;manha;D06
3;CD202+EMB48;BR16;treino;875;B3_CD202_NIRRIG_REPROD00003.asd;B3;CD202;NIRRIG;D06M;manha;D06
3;CD202+EMB48;BR16;treino;876;B3_CD202_NIRRIG_REPROD00004.asd;B3;CD202;NIRRIG;D06M;manha;D06
3;CD202+EMB48;BR16;treino;877;B3_CD202_NIRRIG_REPROD00005.asd;B3;CD202;NIRRIG;D06M;manha;D06
3;CD202+EMB48;BR16;treino;878;B3_CD202_NIRRIG_REPROD00006.asd;B3;CD202;NIRRIG;D06M;manha;D06
3;CD202+EMB48;BR16;treino;879;B3_CD202_NIRRIG_REPROD00007.asd;B3;CD202;NIRRIG;D06M;manha;D06
3;CD202+EMB48;BR16;treino;880;B4_CD202_IRRIG_REPROD00000.asd;B4;CD202;IRRIG;D06M;manha;D06
3;CD202+EMB48;BR16;treino;881;B4_CD202_IRRIG_REPROD00001.asd;B4;CD202;IRRIG;D06M;manha;D06
3;CD202+EMB48;BR16;treino;882;B4_CD202_IRRIG_REPROD00002.asd;B4;CD202;IRRIG;D06M;manha;D06
3;CD202+EMB48;BR16;treino;883;B4_CD202_IRRIG_REPROD00003.asd;B4;CD202;IRRIG;D06M;manha;D06
3;CD202+EMB48;BR16;treino;884;B4_CD202_IRRIG_REPROD00004.asd;B4;CD202;IRRIG;D06M;manha;D06
3;CD202+EMB48;BR16;treino;885;B4_CD202_IRRIG_REPROD00005.asd;B4;CD202;IRRIG;D06M;manha;D06
3;CD202+EMB48;BR16;treino;886;B4_CD202_IRRIG_REPROD00006.asd;B4;CD202;IRRIG;D06M;manha;D06
3;CD202+EMB48;BR16;treino;887;B4_CD202_IRRIG_REPROD00007.asd;B4;CD202;IRRIG;D06M;manha;D06
3;CD202+EMB48;BR16;treino;888;B4_CD202_NIRRIG_REPROD00000.asd;B4;CD202;NIRRIG;D06M;manha;D06
3;CD202+EMB48;BR16;treino;889;B4_CD202_NIRRIG_REPROD00001.asd;B4;CD202;NIRRIG;D06M;manha;D06
3;CD202+EMB48;BR16;treino;890;B4_CD202_NIRRIG_REPROD00002.asd;B4;CD202;NIRRIG;D06M;manha;D06
3;CD202+EMB48;BR16;treino;891;B4_CD202_NIRRIG_REPROD00003.asd;B4;CD202;NIRRIG;D06M;manha;D06
3;CD202+EMB48;BR16;treino;892;B4_CD202_NIRRIG_REPROD00004.asd;B4;CD202;NIRRIG;D06M;manha;D06
3;CD202+EMB48;BR16;treino;893;B4_CD202_NIRRIG_REPROD00005.asd;B4;CD202;NIRRIG;D06M;manha;D06
3;CD202+EMB48;BR16;treino;894;B4_CD202_NIRRIG_REPROD00006.asd;B4;CD202;NIRRIG;D06M;manha;D06
3;CD202+EMB48;BR16;treino;895;B4_CD202_NIRRIG_REPROD00007.asd;B4;CD202;NIRRIG;D06M;manha;D06
3;CD202+EMB48;BR16;treino;896;B1_EMB48_IRRIG_REPROD00000.asd;B1;EMB48;IRRIG;D06M;manha;D06
3;CD202+EMB48;BR16;treino;897;B1_EMB48_IRRIG_REPROD00001.asd;B1;EMB48;IRRIG;D06M;manha;D06
3;CD202+EMB48;BR16;treino;898;B1_EMB48_IRRIG_REPROD00002.asd;B1;EMB48;IRRIG;D06M;manha;D06
3;CD202+EMB48;BR16;treino;899;B1_EMB48_IRRIG_REPROD00003.asd;B1;EMB48;IRRIG;D06M;manha;D06
3;CD202+EMB48;BR16;treino;900;B1_EMB48_IRRIG_REPROD00004.asd;B1;EMB48;IRRIG;D06M;manha;D06
3;CD202+EMB48;BR16;treino;901;B1_EMB48_IRRIG_REPROD00005.asd;B1;EMB48;IRRIG;D06M;manha;D06
3;CD202+EMB48;BR16;treino;902;B1_EMB48_IRRIG_REPROD00006.asd;B1;EMB48;IRRIG;D06M;manha;D06
3;CD202+EMB48;BR16;treino;903;B1_EMB48_IRRIG_REPROD00007.asd;B1;EMB48;IRRIG;D06M;manha;D06
3;CD202+EMB48;BR16;treino;904;B1_EMB48_NIRRIG_REPROD00000.asd;B1;EMB48;NIRRIG;D06M;manha;D06
3;CD202+EMB48;BR16;treino;905;B1_EMB48_NIRRIG_REPROD00001.asd;B1;EMB48;NIRRIG;D06M;manha;D06
3;CD202+EMB48;BR16;treino;906;B1_EMB48_NIRRIG_REPROD00002.asd;B1;EMB48;NIRRIG;D06M;manha;D06
3;CD202+EMB48;BR16;treino;907;B1_EMB48_NIRRIG_REPROD00003.asd;B1;EMB48;NIRRIG;D06M;manha;D06
3;CD202+EMB48;BR16;treino;908;B1_EMB48_NIRRIG_REPROD00004.asd;B1;EMB48;NIRRIG;D06M;manha;D06
3;CD202+EMB48;BR16;treino;909;B1_EMB48_NIRRIG_REPROD00005.asd;B1;EMB48;NIRRIG;D06M;manha;D06
3;CD202+EMB48;BR16;treino;910;B1_EMB48_NIRRIG_REPROD00006.asd;B1;EMB48;NIRRIG;D06M;manha;D06
3;CD202+EMB48;BR16;treino;911;B1_EMB48_NIRRIG_REPROD00007.asd;B1;EMB48;NIRRIG;D06M;manha;D06
3;CD202+EMB48;BR16;treino;912;B2_EMB48_IRRIG_REPROD00000.asd;B2;EMB48;IRRIG;D06M;manha;D06
3;CD202+EMB48;BR16;treino;913;B2_EMB48_IRRIG_REPROD00001.asd;B2;EMB48;IRRIG;D06M;manha;D06
3;CD202+EMB48;BR16;treino;914;B2_EMB48_IRRIG_REPROD00002.asd;B2;EMB48;IRRIG;D06M;manha;D06
3;CD202+EMB48;BR16;treino;915;B2_EMB48_IRRIG_REPROD00003.asd;B2;EMB48;IRRIG;D06M;manha;D06
3;CD202+EMB48;BR16;treino;916;B2_EMB48_IRRIG_REPROD00004.asd;B2;EMB48;IRRIG;D06M;manha;D06
3;CD202+EMB48;BR16;treino;917;B2_EMB48_IRRIG_REPROD00005.asd;B2;EMB48;IRRIG;D06M;manha;D06
3;CD202+EMB48;BR16;treino;918;B2_EMB48_IRRIG_REPROD00006.asd;B2;EMB48;IRRIG;D06M;manha;D06
3;CD202+EMB48;BR16;treino;919;B2_EMB48_IRRIG_REPROD00007.asd;B2;EMB48;IRRIG;D06M;manha;D06
3;CD202+EMB48;BR16;treino;920;B2_EMB48_NIRRIG_REPROD00000.asd;B2;EMB48;NIRRIG;D06M;manha;D06
3;CD202+EMB48;BR16;treino;921;B2_EMB48_NIRRIG_REPROD00001.asd;B2;EMB48;NIRRIG;D06M;manha;D06
3;CD202+EMB48;BR16;treino;922;B2_EMB48_NIRRIG_REPROD00002.asd;B2;EMB48;NIRRIG;D06M;manha;D06
3;CD202+EMB48;BR16;treino;923;B2_EMB48_NIRRIG_REPROD00003.asd;B2;EMB48;NIRRIG;D06M;manha;D06
3;CD202+EMB48;BR16;treino;924;B2_EMB48_NIRRIG_REPROD00004.asd;B2;EMB48;NIRRIG;D06M;manha;D06
3;CD202+EMB48;BR16;treino;925;B2_EMB48_NIRRIG_REPROD00005.asd;B2;EMB48;NIRRIG;D06M;manha;D06
3;CD202+EMB48;BR16;treino;926;B2_EMB48_NIRRIG_REPROD00006.asd;B2;EMB48;NIRRIG;D06M;manha;D06
3;CD202+EMB48;BR16;treino;927;B2_EMB48_NIRRIG_REPROD00007.asd;B2;EMB48;NIRRIG;D06M;manha;D06
3;CD202+EMB48;BR16;treino;928;B3_EMB48_IRRIG_REPROD00000.asd;B3;EMB48;IRRIG;D06M;manha;D06
3;CD202+EMB48;BR16;treino;929;B3_EMB48_IRRIG_REPROD00001.asd;B3;EMB48;IRRIG;D06M;manha;D06
3;CD202+EMB48;BR16;treino;930;B3_EMB48_IRRIG_REPROD00002.asd;B3;EMB48;IRRIG;D06M;manha;D06
3;CD202+EMB48;BR16;treino;931;B3_EMB48_IRRIG_REPROD00003.asd;B3;EMB48;IRRIG;D06M;manha;D06
3;CD202+EMB48;BR16;treino;932;B3_EMB48_IRRIG_REPROD00004.asd;B3;EMB48;IRRIG;D06M;manha;D06
3;CD202+EMB48;BR16;treino;933;B3_EMB48_IRRIG_REPROD00005.asd;B3;EMB48;IRRIG;D06M;manha;D06
3;CD202+EMB48;BR16;treino;934;B3_EMB48_IRRIG_REPROD00006.asd;B3;EMB48;IRRIG;D06M;manha;D06
3;CD202+EMB48;BR16;treino;935;B3_EMB48_IRRIG_REPROD00007.asd;B3;EMB48;IRRIG;D06M;manha;D06
3;CD202+EMB48;BR16;treino;936;B3_EMB48_NIRRIG_REPROD00000.asd;B3;EMB48;NIRRIG;D06M;manha;D06
3;CD202+EMB48;BR16;treino;937;B3_EMB48_NIRRIG_REPROD00001.asd;B3;EMB48;NIRRIG;D06M;manha;D06
3;CD202+EMB48;BR16;treino;938;B3_EMB48_NIRRIG_REPROD00002.asd;B3;EMB48;NIRRIG;D06M;manha;D06
3;CD202+EMB48;BR16;treino;939;B3_EMB48_NIRRIG_REPROD00003.asd;B3;EMB48;NIRRIG;D06M;manha;D06
3;CD202+EMB48;BR16;treino;940;B3_EMB48_NIRRIG_REPROD00004.asd;B3;EMB48;NIRRIG;D06M;manha;D06
3;CD202+EMB48;BR16;treino;941;B3_EMB48_NIRRIG_REPROD00005.asd;B3;EMB48;NIRRIG;D06M;manha;D06
3;CD202+EMB48;BR16;treino;942;B3_EMB48_NIRRIG_REPROD00006.asd;B3;EMB48;NIRRIG;D06M;manha;D06
3;CD202+EMB48;BR16;treino;943;B3_EMB48_NIRRIG_REPROD00007.asd;B3;EMB48;NIRRIG;D06M;manha;D06
3;CD202+EMB48;BR16;treino;944;B4_EMB48_IRRIG_REPROD00000.asd;B4;EMB48;IRRIG;D06M;manha;D06
3;CD202+EMB48;BR16;treino;945;B4_EMB48_IRRIG_REPROD00001.asd;B4;EMB48;IRRIG;D06M;manha;D06
3;CD202+EMB48;BR16;treino;946;B4_EMB48_IRRIG_REPROD00002.asd;B4;EMB48;IRRIG;D06M;manha;D06
3;CD202+EMB48;BR16;treino;947;B4_EMB48_IRRIG_REPROD00003.asd;B4;EMB48;IRRIG;D06M;manha;D06
3;CD202+EMB48;BR16;treino;948;B4_EMB48_IRRIG_REPROD00004.asd;B4;EMB48;IRRIG;D06M;manha;D06
3;CD202+EMB48;BR16;treino;949;B4_EMB48_IRRIG_REPROD00005.asd;B4;EMB48;IRRIG;D06M;manha;D06
3;CD202+EMB48;BR16;treino;950;B4_EMB48_IRRIG_REPROD00006.asd;B4;EMB48;IRRIG;D06M;manha;D06
3;CD202+EMB48;BR16;treino;951;B4_EMB48_IRRIG_REPROD00007.asd;B4;EMB48;IRRIG;D06M;manha;D06
3;CD202+EMB48;BR16;treino;952;B4_EMB48_NIRRIG_REPROD00000.asd;B4;EMB48;NIRRIG;D06M;manha;D06
3;CD202+EMB48;BR16;treino;953;B4_EMB48_NIRRIG_REPROD00001.asd;B4;EMB48;NIRRIG;D06M;manha;D06
3;CD202+EMB48;BR16;treino;954;B4_EMB48_NIRRIG_REPROD00002.asd;B4;EMB48;NIRRIG;D06M;manha;D06
3;CD202+EMB48;BR16;treino;955;B4_EMB48_NIRRIG_REPROD00003.asd;B4;EMB48;NIRRIG;D06M;manha;D06
3;CD202+EMB48;BR16;treino;956;B4_EMB48_NIRRIG_REPROD00004.asd;B4;EMB48;NIRRIG;D06M;manha;D06
3;CD202+EMB48;BR16;treino;957;B4_EMB48_NIRRIG_REPROD00005.asd;B4;EMB48;NIRRIG;D06M;manha;D06
3;CD202+EMB48;BR16;treino;958;B4_EMB48_NIRRIG_REPROD00006.asd;B4;EMB48;NIRRIG;D06M;manha;D06
3;CD202+EMB48;BR16;treino;959;B4_EMB48_NIRRIG_REPROD00007.asd;B4;EMB48;NIRRIG;D06M;manha;D06
3;CD202+EMB48;BR16;teste;768;B1_BR16_IRRIG_REPROD00000.asd;B1;BR16;IRRIG;D06M;manha;D06
3;CD202+EMB48;BR16;teste;769;B1_BR16_IRRIG_REPROD00001.asd;B1;BR16;IRRIG;D06M;manha;D06
3;CD202+EMB48;BR16;teste;770;B1_BR16_IRRIG_REPROD00002.asd;B1;BR16;IRRIG;D06M;manha;D06
3;CD202+EMB48;BR16;teste;771;B1_BR16_IRRIG_REPROD00003.asd;B1;BR16;IRRIG;D06M;manha;D06
3;CD202+EMB48;BR16;teste;772;B1_BR16_IRRIG_REPROD00004.asd;B1;BR16;IRRIG;D06M;manha;D06
3;CD202+EMB48;BR16;teste;773;B1_BR16_IRRIG_REPROD00005.asd;B1;BR16;IRRIG;D06M;manha;D06
3;CD202+EMB48;BR16;teste;774;B1_BR16_IRRIG_REPROD00006.asd;B1;BR16;IRRIG;D06M;manha;D06
3;CD202+EMB48;BR16;teste;775;B1_BR16_IRRIG_REPROD00007.asd;B1;BR16;IRRIG;D06M;manha;D06
3;CD202+EMB48;BR16;teste;776;B1_BR16_NIRRIG_REPROD00000.asd;B1;BR16;NIRRIG;D06M;manha;D06
3;CD202+EMB48;BR16;teste;777;B1_BR16_NIRRIG_REPROD00001.asd;B1;BR16;NIRRIG;D06M;manha;D06
3;CD202+EMB48;BR16;teste;778;B1_BR16_NIRRIG_REPROD00002.asd;B1;BR16;NIRRIG;D06M;manha;D06
3;CD202+EMB48;BR16;teste;779;B1_BR16_NIRRIG_REPROD00003.asd;B1;BR16;NIRRIG;D06M;manha;D06
3;CD202+EMB48;BR16;teste;780;B1_BR16_NIRRIG_REPROD00004.asd;B1;BR16;NIRRIG;D06M;manha;D06
3;CD202+EMB48;BR16;teste;781;B1_BR16_NIRRIG_REPROD00005.asd;B1;BR16;NIRRIG;D06M;manha;D06
3;CD202+EMB48;BR16;teste;782;B1_BR16_NIRRIG_REPROD00006.asd;B1;BR16;NIRRIG;D06M;manha;D06
3;CD202+EMB48;BR16;teste;783;B1_BR16_NIRRIG_REPROD00007.asd;B1;BR16;NIRRIG;D06M;manha;D06
3;CD202+EMB48;BR16;teste;784;B2_BR16_IRRIG_REPROD00000.asd;B2;BR16;IRRIG;D06M;manha;D06
3;CD202+EMB48;BR16;teste;785;B2_BR16_IRRIG_REPROD00001.asd;B2;BR16;IRRIG;D06M;manha;D06
3;CD202+EMB48;BR16;teste;786;B2_BR16_IRRIG_REPROD00002.asd;B2;BR16;IRRIG;D06M;manha;D06
3;CD202+EMB48;BR16;teste;787;B2_BR16_IRRIG_REPROD00003.asd;B2;BR16;IRRIG;D06M;manha;D06
3;CD202+EMB48;BR16;teste;788;B2_BR16_IRRIG_REPROD00004.asd;B2;BR16;IRRIG;D06M;manha;D06
3;CD202+EMB48;BR16;teste;789;B2_BR16_IRRIG_REPROD00005.asd;B2;BR16;IRRIG;D06M;manha;D06
3;CD202+EMB48;BR16;teste;790;B2_BR16_IRRIG_REPROD00006.asd;B2;BR16;IRRIG;D06M;manha;D06
3;CD202+EMB48;BR16;teste;791;B2_BR16_IRRIG_REPROD00007.asd;B2;BR16;IRRIG;D06M;manha;D06
3;CD202+EMB48;BR16;teste;792;B2_BR16_NIRRIG_REPROD00000.asd;B2;BR16;NIRRIG;D06M;manha;D06
3;CD202+EMB48;BR16;teste;793;B2_BR16_NIRRIG_REPROD00001.asd;B2;BR16;NIRRIG;D06M;manha;D06
3;CD202+EMB48;BR16;teste;794;B2_BR16_NIRRIG_REPROD00002.asd;B2;BR16;NIRRIG;D06M;manha;D06
3;CD202+EMB48;BR16;teste;795;B2_BR16_NIRRIG_REPROD00003.asd;B2;BR16;NIRRIG;D06M;manha;D06
3;CD202+EMB48;BR16;teste;796;B2_BR16_NIRRIG_REPROD00004.asd;B2;BR16;NIRRIG;D06M;manha;D06
3;CD202+EMB48;BR16;teste;797;B2_BR16_NIRRIG_REPROD00005.asd;B2;BR16;NIRRIG;D06M;manha;D06
3;CD202+EMB48;BR16;teste;798;B2_BR16_NIRRIG_REPROD00006.asd;B2;BR16;NIRRIG;D06M;manha;D06
3;CD202+EMB48;BR16;teste;799;B2_BR16_NIRRIG_REPROD00007.asd;B2;BR16;NIRRIG;D06M;manha;D06
3;CD202+EMB48;BR16;teste;800;B3_BR16_IRRIG_REPROD00000.asd;B3;BR16;IRRIG;D06M;manha;D06
3;CD202+EMB48;BR16;teste;801;B3_BR16_IRRIG_REPROD00001.asd;B3;BR16;IRRIG;D06M;manha;D06
3;CD202+EMB48;BR16;teste;802;B3_BR16_IRRIG_REPROD00002.asd;B3;BR16;IRRIG;D06M;manha;D06
3;CD202+EMB48;BR16;teste;803;B3_BR16_IRRIG_REPROD00003.asd;B3;BR16;IRRIG;D06M;manha;D06
3;CD202+EMB48;BR16;teste;804;B3_BR16_IRRIG_REPROD00004.asd;B3;BR16;IRRIG;D06M;manha;D06
3;CD202+EMB48;BR16;teste;805;B3_BR16_IRRIG_REPROD00005.asd;B3;BR16;IRRIG;D06M;manha;D06
3;CD202+EMB48;BR16;teste;806;B3_BR16_IRRIG_REPROD00006.asd;B3;BR16;IRRIG;D06M;manha;D06
3;CD202+EMB48;BR16;teste;807;B3_BR16_IRRIG_REPROD00007.asd;B3;BR16;IRRIG;D06M;manha;D06
3;CD202+EMB48;BR16;teste;808;B3_BR16_NIRRIG_REPROD00000.asd;B3;BR16;NIRRIG;D06M;manha;D06
3;CD202+EMB48;BR16;teste;809;B3_BR16_NIRRIG_REPROD00001.asd;B3;BR16;NIRRIG;D06M;manha;D06
3;CD202+EMB48;BR16;teste;810;B3_BR16_NIRRIG_REPROD00002.asd;B3;BR16;NIRRIG;D06M;manha;D06
3;CD202+EMB48;BR16;teste;811;B3_BR16_NIRRIG_REPROD00003.asd;B3;BR16;NIRRIG;D06M;manha;D06
3;CD202+EMB48;BR16;teste;812;B3_BR16_NIRRIG_REPROD00004.asd;B3;BR16;NIRRIG;D06M;manha;D06
3;CD202+EMB48;BR16;teste;813;B3_BR16_NIRRIG_REPROD00005.asd;B3;BR16;NIRRIG;D06M;manha;D06
3;CD202+EMB48;BR16;teste;814;B3_BR16_NIRRIG_REPROD00006.asd;B3;BR16;NIRRIG;D06M;manha;D06
3;CD202+EMB48;BR16;teste;815;B3_BR16_NIRRIG_REPROD00007.asd;B3;BR16;NIRRIG;D06M;manha;D06
3;CD202+EMB48;BR16;teste;816;B4_BR16_IRRIG_REPROD00000.asd;B4;BR16;IRRIG;D06M;manha;D06
3;CD202+EMB48;BR16;teste;817;B4_BR16_IRRIG_REPROD00001.asd;B4;BR16;IRRIG;D06M;manha;D06
3;CD202+EMB48;BR16;teste;818;B4_BR16_IRRIG_REPROD00002.asd;B4;BR16;IRRIG;D06M;manha;D06
3;CD202+EMB48;BR16;teste;819;B4_BR16_IRRIG_REPROD00003.asd;B4;BR16;IRRIG;D06M;manha;D06
3;CD202+EMB48;BR16;teste;820;B4_BR16_IRRIG_REPROD00004.asd;B4;BR16;IRRIG;D06M;manha;D06
3;CD202+EMB48;BR16;teste;821;B4_BR16_IRRIG_REPROD00005.asd;B4;BR16;IRRIG;D06M;manha;D06
3;CD202+EMB48;BR16;teste;822;B4_BR16_IRRIG_REPROD00006.asd;B4;BR16;IRRIG;D06M;manha;D06
3;CD202+EMB48;BR16;teste;823;B4_BR16_IRRIG_REPROD00007.asd;B4;BR16;IRRIG;D06M;manha;D06
3;CD202+EMB48;BR16;teste;824;B4_BR16_NIRRIG_REPROD00000.asd;B4;BR16;NIRRIG;D06M;manha;D06
3;CD202+EMB48;BR16;teste;825;B4_BR16_NIRRIG_REPROD00001.asd;B4;BR16;NIRRIG;D06M;manha;D06
3;CD202+EMB48;BR16;teste;826;B4_BR16_NIRRIG_REPROD00002.asd;B4;BR16;NIRRIG;D06M;manha;D06
3;CD202+EMB48;BR16;teste;827;B4_BR16_NIRRIG_REPROD00003.asd;B4;BR16;NIRRIG;D06M;manha;D06
3;CD202+EMB48;BR16;teste;828;B4_BR16_NIRRIG_REPROD00004.asd;B4;BR16;NIRRIG;D06M;manha;D06
3;CD202+EMB48;BR16;teste;829;B4_BR16_NIRRIG_REPROD00005.asd;B4;BR16;NIRRIG;D06M;manha;D06
3;CD202+EMB48;BR16;teste;830;B4_BR16_NIRRIG_REPROD00006.asd;B4;BR16;NIRRIG;D06M;manha;D06
3;CD202+EMB48;BR16;teste;831;B4_BR16_NIRRIG_REPROD00007.asd;B4;BR16;NIRRIG;D06M;manha;D06
1;BR16+EMB48;CD202;treino;960;B1_BR16_IRR_REP_RECUP00000.asd;B1;BR16;IRRIG;D09M;manha;D09
1;BR16+EMB48;CD202;treino;961;B1_BR16_IRR_REP_RECUP00001.asd;B1;BR16;IRRIG;D09M;manha;D09
1;BR16+EMB48;CD202;treino;962;B1_BR16_IRR_REP_RECUP00002.asd;B1;BR16;IRRIG;D09M;manha;D09
1;BR16+EMB48;CD202;treino;963;B1_BR16_IRR_REP_RECUP00003.asd;B1;BR16;IRRIG;D09M;manha;D09
1;BR16+EMB48;CD202;treino;964;B1_BR16_IRR_REP_RECUP00004.asd;B1;BR16;IRRIG;D09M;manha;D09
1;BR16+EMB48;CD202;treino;965;B1_BR16_IRR_REP_RECUP00005.asd;B1;BR16;IRRIG;D09M;manha;D09
1;BR16+EMB48;CD202;treino;966;B1_BR16_IRR_REP_RECUP00006.asd;B1;BR16;IRRIG;D09M;manha;D09
1;BR16+EMB48;CD202;treino;967;B1_BR16_IRR_REP_RECUP00007.asd;B1;BR16;IRRIG;D09M;manha;D09
1;BR16+EMB48;CD202;treino;968;B1_BR16_NIRR_REP_RECUP00000.asd;B1;BR16;NIRRIG;D09M;manha;D09
1;BR16+EMB48;CD202;treino;969;B1_BR16_NIRR_REP_RECUP00001.asd;B1;BR16;NIRRIG;D09M;manha;D09
1;BR16+EMB48;CD202;treino;970;B1_BR16_NIRR_REP_RECUP00002.asd;B1;BR16;NIRRIG;D09M;manha;D09
1;BR16+EMB48;CD202;treino;971;B1_BR16_NIRR_REP_RECUP00003.asd;B1;BR16;NIRRIG;D09M;manha;D09
1;BR16+EMB48;CD202;treino;972;B1_BR16_NIRR_REP_RECUP00004.asd;B1;BR16;NIRRIG;D09M;manha;D09
1;BR16+EMB48;CD202;treino;973;B1_BR16_NIRR_REP_RECUP00005.asd;B1;BR16;NIRRIG;D09M;manha;D09
1;BR16+EMB48;CD202;treino;974;B1_BR16_NIRR_REP_RECUP00006.asd;B1;BR16;NIRRIG;D09M;manha;D09
1;BR16+EMB48;CD202;treino;975;B1_BR16_NIRR_REP_RECUP00007.asd;B1;BR16;NIRRIG;D09M;manha;D09
1;BR16+EMB48;CD202;treino;976;B2_BR16_IRR_REP_RECUP00000.asd;B2;BR16;IRRIG;D09M;manha;D09
1;BR16+EMB48;CD202;treino;977;B2_BR16_IRR_REP_RECUP00001.asd;B2;BR16;IRRIG;D09M;manha;D09
1;BR16+EMB48;CD202;treino;978;B2_BR16_IRR_REP_RECUP00002.asd;B2;BR16;IRRIG;D09M;manha;D09
1;BR16+EMB48;CD202;treino;979;B2_BR16_IRR_REP_RECUP00003.asd;B2;BR16;IRRIG;D09M;manha;D09
1;BR16+EMB48;CD202;treino;980;B2_BR16_IRR_REP_RECUP00004.asd;B2;BR16;IRRIG;D09M;manha;D09
1;BR16+EMB48;CD202;treino;981;B2_BR16_IRR_REP_RECUP00005.asd;B2;BR16;IRRIG;D09M;manha;D09
1;BR16+EMB48;CD202;treino;982;B2_BR16_IRR_REP_RECUP00006.asd;B2;BR16;IRRIG;D09M;manha;D09
1;BR16+EMB48;CD202;treino;983;B2_BR16_IRR_REP_RECUP00007.asd;B2;BR16;IRRIG;D09M;manha;D09
1;BR16+EMB48;CD202;treino;984;B2_BR16_NIRR_REP_RECUP00000.asd;B2;BR16;NIRRIG;D09M;manha;D09
1;BR16+EMB48;CD202;treino;985;B2_BR16_NIRR_REP_RECUP00001.asd;B2;BR16;NIRRIG;D09M;manha;D09
1;BR16+EMB48;CD202;treino;986;B2_BR16_NIRR_REP_RECUP00002.asd;B2;BR16;NIRRIG;D09M;manha;D09
1;BR16+EMB48;CD202;treino;987;B2_BR16_NIRR_REP_RECUP00003.asd;B2;BR16;NIRRIG;D09M;manha;D09
1;BR16+EMB48;CD202;treino;988;B2_BR16_NIRR_REP_RECUP00004.asd;B2;BR16;NIRRIG;D09M;manha;D09
1;BR16+EMB48;CD202;treino;989;B2_BR16_NIRR_REP_RECUP00005.asd;B2;BR16;NIRRIG;D09M;manha;D09
1;BR16+EMB48;CD202;treino;990;B2_BR16_NIRR_REP_RECUP00006.asd;B2;BR16;NIRRIG;D09M;manha;D09
1;BR16+EMB48;CD202;treino;991;B2_BR16_NIRR_REP_RECUP00007.asd;B2;BR16;NIRRIG;D09M;manha;D09
1;BR16+EMB48;CD202;treino;992;B3_BR16_IRR_REP_RECUP00000.asd;B3;BR16;IRRIG;D09M;manha;D09
1;BR16+EMB48;CD202;treino;993;B3_BR16_IRR_REP_RECUP00001.asd;B3;BR16;IRRIG;D09M;manha;D09
1;BR16+EMB48;CD202;treino;994;B3_BR16_IRR_REP_RECUP00002.asd;B3;BR16;IRRIG;D09M;manha;D09
1;BR16+EMB48;CD202;treino;995;B3_BR16_IRR_REP_RECUP00003.asd;B3;BR16;IRRIG;D09M;manha;D09
1;BR16+EMB48;CD202;treino;996;B3_BR16_IRR_REP_RECUP00004.asd;B3;BR16;IRRIG;D09M;manha;D09
1;BR16+EMB48;CD202;treino;997;B3_BR16_IRR_REP_RECUP00005.asd;B3;BR16;IRRIG;D09M;manha;D09
1;BR16+EMB48;CD202;treino;998;B3_BR16_IRR_REP_RECUP00006.asd;B3;BR16;IRRIG;D09M;manha;D09
1;BR16+EMB48;CD202;treino;999;B3_BR16_IRR_REP_RECUP00007.asd;B3;BR16;IRRIG;D09M;manha;D09
1;BR16+EMB48;CD202;treino;1000;B3_BR16_NIRR_REP_RECUP00000.asd;B3;BR16;NIRRIG;D09M;manha;D09
1;BR16+EMB48;CD202;treino;1001;B3_BR16_NIRR_REP_RECUP00001.asd;B3;BR16;NIRRIG;D09M;manha;D09
1;BR16+EMB48;CD202;treino;1002;B3_BR16_NIRR_REP_RECUP00002.asd;B3;BR16;NIRRIG;D09M;manha;D09
1;BR16+EMB48;CD202;treino;1003;B3_BR16_NIRR_REP_RECUP00003.asd;B3;BR16;NIRRIG;D09M;manha;D09
1;BR16+EMB48;CD202;treino;1004;B3_BR16_NIRR_REP_RECUP00004.asd;B3;BR16;NIRRIG;D09M;manha;D09
1;BR16+EMB48;CD202;treino;1005;B3_BR16_NIRR_REP_RECUP00005.asd;B3;BR16;NIRRIG;D09M;manha;D09
1;BR16+EMB48;CD202;treino;1006;B3_BR16_NIRR_REP_RECUP00006.asd;B3;BR16;NIRRIG;D09M;manha;D09
1;BR16+EMB48;CD202;treino;1007;B3_BR16_NIRR_REP_RECUP00007.asd;B3;BR16;NIRRIG;D09M;manha;D09
1;BR16+EMB48;CD202;treino;1008;B4_BR16_IRR_REP_RECUP00000.asd;B4;BR16;IRRIG;D09M;manha;D09
1;BR16+EMB48;CD202;treino;1009;B4_BR16_IRR_REP_RECUP00001.asd;B4;BR16;IRRIG;D09M;manha;D09
1;BR16+EMB48;CD202;treino;1010;B4_BR16_IRR_REP_RECUP00002.asd;B4;BR16;IRRIG;D09M;manha;D09
1;BR16+EMB48;CD202;treino;1011;B4_BR16_IRR_REP_RECUP00003.asd;B4;BR16;IRRIG;D09M;manha;D09
1;BR16+EMB48;CD202;treino;1012;B4_BR16_IRR_REP_RECUP00004.asd;B4;BR16;IRRIG;D09M;manha;D09
1;BR16+EMB48;CD202;treino;1013;B4_BR16_IRR_REP_RECUP00005.asd;B4;BR16;IRRIG;D09M;manha;D09
1;BR16+EMB48;CD202;treino;1014;B4_BR16_IRR_REP_RECUP00006.asd;B4;BR16;IRRIG;D09M;manha;D09
1;BR16+EMB48;CD202;treino;1015;B4_BR16_IRR_REP_RECUP00007.asd;B4;BR16;IRRIG;D09M;manha;D09
1;BR16+EMB48;CD202;treino;1016;B4_BR16_NIRR_REP_RECUP00000.asd;B4;BR16;NIRRIG;D09M;manha;D09
1;BR16+EMB48;CD202;treino;1017;B4_BR16_NIRR_REP_RECUP00001.asd;B4;BR16;NIRRIG;D09M;manha;D09
1;BR16+EMB48;CD202;treino;1018;B4_BR16_NIRR_REP_RECUP00002.asd;B4;BR16;NIRRIG;D09M;manha;D09
1;BR16+EMB48;CD202;treino;1019;B4_BR16_NIRR_REP_RECUP00003.asd;B4;BR16;NIRRIG;D09M;manha;D09
1;BR16+EMB48;CD202;treino;1020;B4_BR16_NIRR_REP_RECUP00004.asd;B4;BR16;NIRRIG;D09M;manha;D09
1;BR16+EMB48;CD202;treino;1021;B4_BR16_NIRR_REP_RECUP00005.asd;B4;BR16;NIRRIG;D09M;manha;D09
1;BR16+EMB48;CD202;treino;1022;B4_BR16_NIRR_REP_RECUP00006.asd;B4;BR16;NIRRIG;D09M;manha;D09
1;BR16+EMB48;CD202;treino;1023;B4_BR16_NIRR_REP_RECUP00007.asd;B4;BR16;NIRRIG;D09M;manha;D09
1;BR16+EMB48;CD202;treino;1092;B1_EMB48_IRR_REP_RECUP00000.asd;B1;EMB48;IRRIG;D09M;manha;D09
1;BR16+EMB48;CD202;treino;1093;B1_EMB48_IRR_REP_RECUP00001.asd;B1;EMB48;IRRIG;D09M;manha;D09
1;BR16+EMB48;CD202;treino;1094;B1_EMB48_IRR_REP_RECUP00002.asd;B1;EMB48;IRRIG;D09M;manha;D09
1;BR16+EMB48;CD202;treino;1095;B1_EMB48_IRR_REP_RECUP00003.asd;B1;EMB48;IRRIG;D09M;manha;D09
1;BR16+EMB48;CD202;treino;1096;B1_EMB48_IRR_REP_RECUP00004.asd;B1;EMB48;IRRIG;D09M;manha;D09
1;BR16+EMB48;CD202;treino;1097;B1_EMB48_IRR_REP_RECUP00005.asd;B1;EMB48;IRRIG;D09M;manha;D09
1;BR16+EMB48;CD202;treino;1098;B1_EMB48_IRR_REP_RECUP00006.asd;B1;EMB48;IRRIG;D09M;manha;D09
1;BR16+EMB48;CD202;treino;1099;B1_EMB48_IRR_REP_RECUP00007.asd;B1;EMB48;IRRIG;D09M;manha;D09
1;BR16+EMB48;CD202;treino;1100;B1_EMB48_NIRR_REP_RECUP00000.asd;B1;EMB48;NIRRIG;D09M;manha;D09
1;BR16+EMB48;CD202;treino;1101;B1_EMB48_NIRR_REP_RECUP00001.asd;B1;EMB48;NIRRIG;D09M;manha;D09
1;BR16+EMB48;CD202;treino;1102;B1_EMB48_NIRR_REP_RECUP00002.asd;B1;EMB48;NIRRIG;D09M;manha;D09
1;BR16+EMB48;CD202;treino;1103;B1_EMB48_NIRR_REP_RECUP00003.asd;B1;EMB48;NIRRIG;D09M;manha;D09
1;BR16+EMB48;CD202;treino;1104;B1_EMB48_NIRR_REP_RECUP00004.asd;B1;EMB48;NIRRIG;D09M;manha;D09
1;BR16+EMB48;CD202;treino;1105;B1_EMB48_NIRR_REP_RECUP00005.asd;B1;EMB48;NIRRIG;D09M;manha;D09
1;BR16+EMB48;CD202;treino;1106;B1_EMB48_NIRR_REP_RECUP00006.asd;B1;EMB48;NIRRIG;D09M;manha;D09
1;BR16+EMB48;CD202;treino;1107;B1_EMB48_NIRR_REP_RECUP00007.asd;B1;EMB48;NIRRIG;D09M;manha;D09
1;BR16+EMB48;CD202;treino;1108;B2_EMB48_IRR_REP_RECUP00000.asd;B2;EMB48;IRRIG;D09M;manha;D09
1;BR16+EMB48;CD202;treino;1109;B2_EMB48_IRR_REP_RECUP00001.asd;B2;EMB48;IRRIG;D09M;manha;D09
1;BR16+EMB48;CD202;treino;1110;B2_EMB48_IRR_REP_RECUP00002.asd;B2;EMB48;IRRIG;D09M;manha;D09
1;BR16+EMB48;CD202;treino;1111;B2_EMB48_IRR_REP_RECUP00003.asd;B2;EMB48;IRRIG;D09M;manha;D09
1;BR16+EMB48;CD202;treino;1112;B2_EMB48_IRR_REP_RECUP00004.asd;B2;EMB48;IRRIG;D09M;manha;D09
1;BR16+EMB48;CD202;treino;1113;B2_EMB48_IRR_REP_RECUP00005.asd;B2;EMB48;IRRIG;D09M;manha;D09
1;BR16+EMB48;CD202;treino;1114;B2_EMB48_IRR_REP_RECUP00006.asd;B2;EMB48;IRRIG;D09M;manha;D09
1;BR16+EMB48;CD202;treino;1115;B2_EMB48_IRR_REP_RECUP00007.asd;B2;EMB48;IRRIG;D09M;manha;D09
1;BR16+EMB48;CD202;treino;1116;B2_EMB48_NIRR_REP_RECUP00000.asd;B2;EMB48;NIRRIG;D09M;manha;D09
1;BR16+EMB48;CD202;treino;1117;B2_EMB48_NIRR_REP_RECUP00001.asd;B2;EMB48;NIRRIG;D09M;manha;D09
1;BR16+EMB48;CD202;treino;1118;B2_EMB48_NIRR_REP_RECUP00002.asd;B2;EMB48;NIRRIG;D09M;manha;D09
1;BR16+EMB48;CD202;treino;1119;B2_EMB48_NIRR_REP_RECUP00003.asd;B2;EMB48;NIRRIG;D09M;manha;D09
1;BR16+EMB48;CD202;treino;1120;B2_EMB48_NIRR_REP_RECUP00008.asd;B2;EMB48;NIRRIG;D09M;manha;D09
1;BR16+EMB48;CD202;treino;1121;B2_EMB48_NIRR_REP_RECUP00009.asd;B2;EMB48;NIRRIG;D09M;manha;D09
1;BR16+EMB48;CD202;treino;1122;B2_EMB48_NIRR_REP_RECUP00010.asd;B2;EMB48;NIRRIG;D09M;manha;D09
1;BR16+EMB48;CD202;treino;1123;B2_EMB48_NIRR_REP_RECUP00011.asd;B2;EMB48;NIRRIG;D09M;manha;D09
1;BR16+EMB48;CD202;treino;1124;B3_EMB48_IRR_REP_RECUP00000.asd;B3;EMB48;IRRIG;D09M;manha;D09
1;BR16+EMB48;CD202;treino;1125;B3_EMB48_IRR_REP_RECUP00001.asd;B3;EMB48;IRRIG;D09M;manha;D09
1;BR16+EMB48;CD202;treino;1126;B3_EMB48_IRR_REP_RECUP00002.asd;B3;EMB48;IRRIG;D09M;manha;D09
1;BR16+EMB48;CD202;treino;1127;B3_EMB48_IRR_REP_RECUP00003.asd;B3;EMB48;IRRIG;D09M;manha;D09
1;BR16+EMB48;CD202;treino;1128;B3_EMB48_IRR_REP_RECUP00004.asd;B3;EMB48;IRRIG;D09M;manha;D09
1;BR16+EMB48;CD202;treino;1129;B3_EMB48_IRR_REP_RECUP00005.asd;B3;EMB48;IRRIG;D09M;manha;D09
1;BR16+EMB48;CD202;treino;1130;B3_EMB48_IRR_REP_RECUP00006.asd;B3;EMB48;IRRIG;D09M;manha;D09
1;BR16+EMB48;CD202;treino;1131;B3_EMB48_IRR_REP_RECUP00007.asd;B3;EMB48;IRRIG;D09M;manha;D09
1;BR16+EMB48;CD202;treino;1132;B3_EMB48_NIRR_REP_RECUP00000.asd;B3;EMB48;NIRRIG;D09M;manha;D09
1;BR16+EMB48;CD202;treino;1133;B3_EMB48_NIRR_REP_RECUP00001.asd;B3;EMB48;NIRRIG;D09M;manha;D09
1;BR16+EMB48;CD202;treino;1134;B3_EMB48_NIRR_REP_RECUP00002.asd;B3;EMB48;NIRRIG;D09M;manha;D09
1;BR16+EMB48;CD202;treino;1135;B3_EMB48_NIRR_REP_RECUP00003.asd;B3;EMB48;NIRRIG;D09M;manha;D09
1;BR16+EMB48;CD202;treino;1136;B3_EMB48_NIRR_REP_RECUP00004.asd;B3;EMB48;NIRRIG;D09M;manha;D09
1;BR16+EMB48;CD202;treino;1137;B3_EMB48_NIRR_REP_RECUP00005.asd;B3;EMB48;NIRRIG;D09M;manha;D09
1;BR16+EMB48;CD202;treino;1138;B3_EMB48_NIRR_REP_RECUP00006.asd;B3;EMB48;NIRRIG;D09M;manha;D09
1;BR16+EMB48;CD202;treino;1139;B3_EMB48_NIRR_REP_RECUP00007.asd;B3;EMB48;NIRRIG;D09M;manha;D09
1;BR16+EMB48;CD202;treino;1140;B4_EMB48_IRR_REP_RECUP00000.asd;B4;EMB48;IRRIG;D09M;manha;D09
1;BR16+EMB48;CD202;treino;1141;B4_EMB48_IRR_REP_RECUP00001.asd;B4;EMB48;IRRIG;D09M;manha;D09
1;BR16+EMB48;CD202;treino;1142;B4_EMB48_IRR_REP_RECUP00002.asd;B4;EMB48;IRRIG;D09M;manha;D09
1;BR16+EMB48;CD202;treino;1143;B4_EMB48_IRR_REP_RECUP00003.asd;B4;EMB48;IRRIG;D09M;manha;D09
1;BR16+EMB48;CD202;treino;1144;B4_EMB48_IRR_REP_RECUP00004.asd;B4;EMB48;IRRIG;D09M;manha;D09
1;BR16+EMB48;CD202;treino;1145;B4_EMB48_IRR_REP_RECUP00005.asd;B4;EMB48;IRRIG;D09M;manha;D09
1;BR16+EMB48;CD202;treino;1146;B4_EMB48_IRR_REP_RECUP00006.asd;B4;EMB48;IRRIG;D09M;manha;D09
1;BR16+EMB48;CD202;treino;1147;B4_EMB48_IRR_REP_RECUP00007.asd;B4;EMB48;IRRIG;D09M;manha;D09
1;BR16+EMB48;CD202;treino;1148;B4_EMB48_NIRR_REP_RECUP00000.asd;B4;EMB48;NIRRIG;D09M;manha;D09
1;BR16+EMB48;CD202;treino;1149;B4_EMB48_NIRR_REP_RECUP00001.asd;B4;EMB48;NIRRIG;D09M;manha;D09
1;BR16+EMB48;CD202;treino;1150;B4_EMB48_NIRR_REP_RECUP00002.asd;B4;EMB48;NIRRIG;D09M;manha;D09
1;BR16+EMB48;CD202;treino;1151;B4_EMB48_NIRR_REP_RECUP00003.asd;B4;EMB48;NIRRIG;D09M;manha;D09
1;BR16+EMB48;CD202;treino;1152;B4_EMB48_NIRR_REP_RECUP00004.asd;B4;EMB48;NIRRIG;D09M;manha;D09
1;BR16+EMB48;CD202;treino;1153;B4_EMB48_NIRR_REP_RECUP00005.asd;B4;EMB48;NIRRIG;D09M;manha;D09
1;BR16+EMB48;CD202;treino;1154;B4_EMB48_NIRR_REP_RECUP00006.asd;B4;EMB48;NIRRIG;D09M;manha;D09
1;BR16+EMB48;CD202;treino;1155;B4_EMB48_NIRR_REP_RECUP00007.asd;B4;EMB48;NIRRIG;D09M;manha;D09
1;BR16+EMB48;CD202;teste;1024;B1_CD202_IRR_REP_RECUP00000.asd;B1;CD202;IRRIG;D09M;manha;D09
1;BR16+EMB48;CD202;teste;1025;B1_CD202_IRR_REP_RECUP00001.asd;B1;CD202;IRRIG;D09M;manha;D09
1;BR16+EMB48;CD202;teste;1026;B1_CD202_IRR_REP_RECUP00002.asd;B1;CD202;IRRIG;D09M;manha;D09
1;BR16+EMB48;CD202;teste;1027;B1_CD202_IRR_REP_RECUP00003.asd;B1;CD202;IRRIG;D09M;manha;D09
1;BR16+EMB48;CD202;teste;1028;B1_CD202_IRR_REP_RECUP00004.asd;B1;CD202;IRRIG;D09M;manha;D09
1;BR16+EMB48;CD202;teste;1029;B1_CD202_IRR_REP_RECUP00005.asd;B1;CD202;IRRIG;D09M;manha;D09
1;BR16+EMB48;CD202;teste;1030;B1_CD202_IRR_REP_RECUP00006.asd;B1;CD202;IRRIG;D09M;manha;D09
1;BR16+EMB48;CD202;teste;1031;B1_CD202_IRR_REP_RECUP00007.asd;B1;CD202;IRRIG;D09M;manha;D09
1;BR16+EMB48;CD202;teste;1032;B1_CD202_IRR_REP_RECUP00008.asd;B1;CD202;IRRIG;D09M;manha;D09
1;BR16+EMB48;CD202;teste;1033;B1_CD202_IRR_REP_RECUP00009.asd;B1;CD202;IRRIG;D09M;manha;D09
1;BR16+EMB48;CD202;teste;1034;B1_CD202_IRR_REP_RECUP00010.asd;B1;CD202;IRRIG;D09M;manha;D09
1;BR16+EMB48;CD202;teste;1035;B1_CD202_IRR_REP_RECUP00011.asd;B1;CD202;IRRIG;D09M;manha;D09
1;BR16+EMB48;CD202;teste;1036;B1_CD202_NIRR_REP_RECUP00000.asd;B1;CD202;NIRRIG;D09M;manha;D09
1;BR16+EMB48;CD202;teste;1037;B1_CD202_NIRR_REP_RECUP00001.asd;B1;CD202;NIRRIG;D09M;manha;D09
1;BR16+EMB48;CD202;teste;1038;B1_CD202_NIRR_REP_RECUP00002.asd;B1;CD202;NIRRIG;D09M;manha;D09
1;BR16+EMB48;CD202;teste;1039;B1_CD202_NIRR_REP_RECUP00003.asd;B1;CD202;NIRRIG;D09M;manha;D09
1;BR16+EMB48;CD202;teste;1040;B1_CD202_NIRR_REP_RECUP00004.asd;B1;CD202;NIRRIG;D09M;manha;D09
1;BR16+EMB48;CD202;teste;1041;B1_CD202_NIRR_REP_RECUP00005.asd;B1;CD202;NIRRIG;D09M;manha;D09
1;BR16+EMB48;CD202;teste;1042;B1_CD202_NIRR_REP_RECUP00006.asd;B1;CD202;NIRRIG;D09M;manha;D09
1;BR16+EMB48;CD202;teste;1043;B1_CD202_NIRR_REP_RECUP00007.asd;B1;CD202;NIRRIG;D09M;manha;D09
1;BR16+EMB48;CD202;teste;1044;B2_CD202_IRR_REP_RECUP00000.asd;B2;CD202;IRRIG;D09M;manha;D09
1;BR16+EMB48;CD202;teste;1045;B2_CD202_IRR_REP_RECUP00001.asd;B2;CD202;IRRIG;D09M;manha;D09
1;BR16+EMB48;CD202;teste;1046;B2_CD202_IRR_REP_RECUP00002.asd;B2;CD202;IRRIG;D09M;manha;D09
1;BR16+EMB48;CD202;teste;1047;B2_CD202_IRR_REP_RECUP00003.asd;B2;CD202;IRRIG;D09M;manha;D09
1;BR16+EMB48;CD202;teste;1048;B2_CD202_IRR_REP_RECUP00004.asd;B2;CD202;IRRIG;D09M;manha;D09
1;BR16+EMB48;CD202;teste;1049;B2_CD202_IRR_REP_RECUP00005.asd;B2;CD202;IRRIG;D09M;manha;D09
1;BR16+EMB48;CD202;teste;1050;B2_CD202_IRR_REP_RECUP00006.asd;B2;CD202;IRRIG;D09M;manha;D09
1;BR16+EMB48;CD202;teste;1051;B2_CD202_IRR_REP_RECUP00007.asd;B2;CD202;IRRIG;D09M;manha;D09
1;BR16+EMB48;CD202;teste;1052;B2_CD202_NIRR_REP_RECUP00000.asd;B2;CD202;NIRRIG;D09M;manha;D09
1;BR16+EMB48;CD202;teste;1053;B2_CD202_NIRR_REP_RECUP00001.asd;B2;CD202;NIRRIG;D09M;manha;D09
1;BR16+EMB48;CD202;teste;1054;B2_CD202_NIRR_REP_RECUP00002.asd;B2;CD202;NIRRIG;D09M;manha;D09
1;BR16+EMB48;CD202;teste;1055;B2_CD202_NIRR_REP_RECUP00003.asd;B2;CD202;NIRRIG;D09M;manha;D09
1;BR16+EMB48;CD202;teste;1056;B2_CD202_NIRR_REP_RECUP00004.asd;B2;CD202;NIRRIG;D09M;manha;D09
1;BR16+EMB48;CD202;teste;1057;B2_CD202_NIRR_REP_RECUP00005.asd;B2;CD202;NIRRIG;D09M;manha;D09
1;BR16+EMB48;CD202;teste;1058;B2_CD202_NIRR_REP_RECUP00006.asd;B2;CD202;NIRRIG;D09M;manha;D09
1;BR16+EMB48;CD202;teste;1059;B2_CD202_NIRR_REP_RECUP00007.asd;B2;CD202;NIRRIG;D09M;manha;D09
1;BR16+EMB48;CD202;teste;1060;B3_CD202_IRR_REP_RECUP00000.asd;B3;CD202;IRRIG;D09M;manha;D09
1;BR16+EMB48;CD202;teste;1061;B3_CD202_IRR_REP_RECUP00001.asd;B3;CD202;IRRIG;D09M;manha;D09
1;BR16+EMB48;CD202;teste;1062;B3_CD202_IRR_REP_RECUP00002.asd;B3;CD202;IRRIG;D09M;manha;D09
1;BR16+EMB48;CD202;teste;1063;B3_CD202_IRR_REP_RECUP00003.asd;B3;CD202;IRRIG;D09M;manha;D09
1;BR16+EMB48;CD202;teste;1064;B3_CD202_IRR_REP_RECUP00004.asd;B3;CD202;IRRIG;D09M;manha;D09
1;BR16+EMB48;CD202;teste;1065;B3_CD202_IRR_REP_RECUP00005.asd;B3;CD202;IRRIG;D09M;manha;D09
1;BR16+EMB48;CD202;teste;1066;B3_CD202_IRR_REP_RECUP00006.asd;B3;CD202;IRRIG;D09M;manha;D09
1;BR16+EMB48;CD202;teste;1067;B3_CD202_IRR_REP_RECUP00007.asd;B3;CD202;IRRIG;D09M;manha;D09
1;BR16+EMB48;CD202;teste;1068;B3_CD202_NIRR_REP_RECUP00000.asd;B3;CD202;NIRRIG;D09M;manha;D09
1;BR16+EMB48;CD202;teste;1069;B3_CD202_NIRR_REP_RECUP00001.asd;B3;CD202;NIRRIG;D09M;manha;D09
1;BR16+EMB48;CD202;teste;1070;B3_CD202_NIRR_REP_RECUP00002.asd;B3;CD202;NIRRIG;D09M;manha;D09
1;BR16+EMB48;CD202;teste;1071;B3_CD202_NIRR_REP_RECUP00003.asd;B3;CD202;NIRRIG;D09M;manha;D09
1;BR16+EMB48;CD202;teste;1072;B3_CD202_NIRR_REP_RECUP00004.asd;B3;CD202;NIRRIG;D09M;manha;D09
1;BR16+EMB48;CD202;teste;1073;B3_CD202_NIRR_REP_RECUP00005.asd;B3;CD202;NIRRIG;D09M;manha;D09
1;BR16+EMB48;CD202;teste;1074;B3_CD202_NIRR_REP_RECUP00006.asd;B3;CD202;NIRRIG;D09M;manha;D09
1;BR16+EMB48;CD202;teste;1075;B3_CD202_NIRR_REP_RECUP00007.asd;B3;CD202;NIRRIG;D09M;manha;D09
1;BR16+EMB48;CD202;teste;1076;B4_CD202_IRR_REP_RECUP00000.asd;B4;CD202;IRRIG;D09M;manha;D09
1;BR16+EMB48;CD202;teste;1077;B4_CD202_IRR_REP_RECUP00001.asd;B4;CD202;IRRIG;D09M;manha;D09
1;BR16+EMB48;CD202;teste;1078;B4_CD202_IRR_REP_RECUP00002.asd;B4;CD202;IRRIG;D09M;manha;D09
1;BR16+EMB48;CD202;teste;1079;B4_CD202_IRR_REP_RECUP00003.asd;B4;CD202;IRRIG;D09M;manha;D09
1;BR16+EMB48;CD202;teste;1080;B4_CD202_IRR_REP_RECUP00004.asd;B4;CD202;IRRIG;D09M;manha;D09
1;BR16+EMB48;CD202;teste;1081;B4_CD202_IRR_REP_RECUP00005.asd;B4;CD202;IRRIG;D09M;manha;D09
1;BR16+EMB48;CD202;teste;1082;B4_CD202_IRR_REP_RECUP00006.asd;B4;CD202;IRRIG;D09M;manha;D09
1;BR16+EMB48;CD202;teste;1083;B4_CD202_IRR_REP_RECUP00007.asd;B4;CD202;IRRIG;D09M;manha;D09
1;BR16+EMB48;CD202;teste;1084;B4_CD202_NIRR_REP_RECUP00000.asd;B4;CD202;NIRRIG;D09M;manha;D09
1;BR16+EMB48;CD202;teste;1085;B4_CD202_NIRR_REP_RECUP00001.asd;B4;CD202;NIRRIG;D09M;manha;D09
1;BR16+EMB48;CD202;teste;1086;B4_CD202_NIRR_REP_RECUP00002.asd;B4;CD202;NIRRIG;D09M;manha;D09
1;BR16+EMB48;CD202;teste;1087;B4_CD202_NIRR_REP_RECUP00003.asd;B4;CD202;NIRRIG;D09M;manha;D09
1;BR16+EMB48;CD202;teste;1088;B4_CD202_NIRR_REP_RECUP00004.asd;B4;CD202;NIRRIG;D09M;manha;D09
1;BR16+EMB48;CD202;teste;1089;B4_CD202_NIRR_REP_RECUP00005.asd;B4;CD202;NIRRIG;D09M;manha;D09
1;BR16+EMB48;CD202;teste;1090;B4_CD202_NIRR_REP_RECUP00006.asd;B4;CD202;NIRRIG;D09M;manha;D09
1;BR16+EMB48;CD202;teste;1091;B4_CD202_NIRR_REP_RECUP00007.asd;B4;CD202;NIRRIG;D09M;manha;D09
2;BR16+CD202;EMB48;treino;960;B1_BR16_IRR_REP_RECUP00000.asd;B1;BR16;IRRIG;D09M;manha;D09
2;BR16+CD202;EMB48;treino;961;B1_BR16_IRR_REP_RECUP00001.asd;B1;BR16;IRRIG;D09M;manha;D09
2;BR16+CD202;EMB48;treino;962;B1_BR16_IRR_REP_RECUP00002.asd;B1;BR16;IRRIG;D09M;manha;D09
2;BR16+CD202;EMB48;treino;963;B1_BR16_IRR_REP_RECUP00003.asd;B1;BR16;IRRIG;D09M;manha;D09
2;BR16+CD202;EMB48;treino;964;B1_BR16_IRR_REP_RECUP00004.asd;B1;BR16;IRRIG;D09M;manha;D09
2;BR16+CD202;EMB48;treino;965;B1_BR16_IRR_REP_RECUP00005.asd;B1;BR16;IRRIG;D09M;manha;D09
2;BR16+CD202;EMB48;treino;966;B1_BR16_IRR_REP_RECUP00006.asd;B1;BR16;IRRIG;D09M;manha;D09
2;BR16+CD202;EMB48;treino;967;B1_BR16_IRR_REP_RECUP00007.asd;B1;BR16;IRRIG;D09M;manha;D09
2;BR16+CD202;EMB48;treino;968;B1_BR16_NIRR_REP_RECUP00000.asd;B1;BR16;NIRRIG;D09M;manha;D09
2;BR16+CD202;EMB48;treino;969;B1_BR16_NIRR_REP_RECUP00001.asd;B1;BR16;NIRRIG;D09M;manha;D09
2;BR16+CD202;EMB48;treino;970;B1_BR16_NIRR_REP_RECUP00002.asd;B1;BR16;NIRRIG;D09M;manha;D09
2;BR16+CD202;EMB48;treino;971;B1_BR16_NIRR_REP_RECUP00003.asd;B1;BR16;NIRRIG;D09M;manha;D09
2;BR16+CD202;EMB48;treino;972;B1_BR16_NIRR_REP_RECUP00004.asd;B1;BR16;NIRRIG;D09M;manha;D09
2;BR16+CD202;EMB48;treino;973;B1_BR16_NIRR_REP_RECUP00005.asd;B1;BR16;NIRRIG;D09M;manha;D09
2;BR16+CD202;EMB48;treino;974;B1_BR16_NIRR_REP_RECUP00006.asd;B1;BR16;NIRRIG;D09M;manha;D09
2;BR16+CD202;EMB48;treino;975;B1_BR16_NIRR_REP_RECUP00007.asd;B1;BR16;NIRRIG;D09M;manha;D09
2;BR16+CD202;EMB48;treino;976;B2_BR16_IRR_REP_RECUP00000.asd;B2;BR16;IRRIG;D09M;manha;D09
2;BR16+CD202;EMB48;treino;977;B2_BR16_IRR_REP_RECUP00001.asd;B2;BR16;IRRIG;D09M;manha;D09
2;BR16+CD202;EMB48;treino;978;B2_BR16_IRR_REP_RECUP00002.asd;B2;BR16;IRRIG;D09M;manha;D09
2;BR16+CD202;EMB48;treino;979;B2_BR16_IRR_REP_RECUP00003.asd;B2;BR16;IRRIG;D09M;manha;D09
2;BR16+CD202;EMB48;treino;980;B2_BR16_IRR_REP_RECUP00004.asd;B2;BR16;IRRIG;D09M;manha;D09
2;BR16+CD202;EMB48;treino;981;B2_BR16_IRR_REP_RECUP00005.asd;B2;BR16;IRRIG;D09M;manha;D09
2;BR16+CD202;EMB48;treino;982;B2_BR16_IRR_REP_RECUP00006.asd;B2;BR16;IRRIG;D09M;manha;D09
2;BR16+CD202;EMB48;treino;983;B2_BR16_IRR_REP_RECUP00007.asd;B2;BR16;IRRIG;D09M;manha;D09
2;BR16+CD202;EMB48;treino;984;B2_BR16_NIRR_REP_RECUP00000.asd;B2;BR16;NIRRIG;D09M;manha;D09
2;BR16+CD202;EMB48;treino;985;B2_BR16_NIRR_REP_RECUP00001.asd;B2;BR16;NIRRIG;D09M;manha;D09
2;BR16+CD202;EMB48;treino;986;B2_BR16_NIRR_REP_RECUP00002.asd;B2;BR16;NIRRIG;D09M;manha;D09
2;BR16+CD202;EMB48;treino;987;B2_BR16_NIRR_REP_RECUP00003.asd;B2;BR16;NIRRIG;D09M;manha;D09
2;BR16+CD202;EMB48;treino;988;B2_BR16_NIRR_REP_RECUP00004.asd;B2;BR16;NIRRIG;D09M;manha;D09
2;BR16+CD202;EMB48;treino;989;B2_BR16_NIRR_REP_RECUP00005.asd;B2;BR16;NIRRIG;D09M;manha;D09
2;BR16+CD202;EMB48;treino;990;B2_BR16_NIRR_REP_RECUP00006.asd;B2;BR16;NIRRIG;D09M;manha;D09
2;BR16+CD202;EMB48;treino;991;B2_BR16_NIRR_REP_RECUP00007.asd;B2;BR16;NIRRIG;D09M;manha;D09
2;BR16+CD202;EMB48;treino;992;B3_BR16_IRR_REP_RECUP00000.asd;B3;BR16;IRRIG;D09M;manha;D09
2;BR16+CD202;EMB48;treino;993;B3_BR16_IRR_REP_RECUP00001.asd;B3;BR16;IRRIG;D09M;manha;D09
2;BR16+CD202;EMB48;treino;994;B3_BR16_IRR_REP_RECUP00002.asd;B3;BR16;IRRIG;D09M;manha;D09
2;BR16+CD202;EMB48;treino;995;B3_BR16_IRR_REP_RECUP00003.asd;B3;BR16;IRRIG;D09M;manha;D09
2;BR16+CD202;EMB48;treino;996;B3_BR16_IRR_REP_RECUP00004.asd;B3;BR16;IRRIG;D09M;manha;D09
2;BR16+CD202;EMB48;treino;997;B3_BR16_IRR_REP_RECUP00005.asd;B3;BR16;IRRIG;D09M;manha;D09
2;BR16+CD202;EMB48;treino;998;B3_BR16_IRR_REP_RECUP00006.asd;B3;BR16;IRRIG;D09M;manha;D09
2;BR16+CD202;EMB48;treino;999;B3_BR16_IRR_REP_RECUP00007.asd;B3;BR16;IRRIG;D09M;manha;D09
2;BR16+CD202;EMB48;treino;1000;B3_BR16_NIRR_REP_RECUP00000.asd;B3;BR16;NIRRIG;D09M;manha;D09
2;BR16+CD202;EMB48;treino;1001;B3_BR16_NIRR_REP_RECUP00001.asd;B3;BR16;NIRRIG;D09M;manha;D09
2;BR16+CD202;EMB48;treino;1002;B3_BR16_NIRR_REP_RECUP00002.asd;B3;BR16;NIRRIG;D09M;manha;D09
2;BR16+CD202;EMB48;treino;1003;B3_BR16_NIRR_REP_RECUP00003.asd;B3;BR16;NIRRIG;D09M;manha;D09
2;BR16+CD202;EMB48;treino;1004;B3_BR16_NIRR_REP_RECUP00004.asd;B3;BR16;NIRRIG;D09M;manha;D09
2;BR16+CD202;EMB48;treino;1005;B3_BR16_NIRR_REP_RECUP00005.asd;B3;BR16;NIRRIG;D09M;manha;D09
2;BR16+CD202;EMB48;treino;1006;B3_BR16_NIRR_REP_RECUP00006.asd;B3;BR16;NIRRIG;D09M;manha;D09
2;BR16+CD202;EMB48;treino;1007;B3_BR16_NIRR_REP_RECUP00007.asd;B3;BR16;NIRRIG;D09M;manha;D09
2;BR16+CD202;EMB48;treino;1008;B4_BR16_IRR_REP_RECUP00000.asd;B4;BR16;IRRIG;D09M;manha;D09
2;BR16+CD202;EMB48;treino;1009;B4_BR16_IRR_REP_RECUP00001.asd;B4;BR16;IRRIG;D09M;manha;D09
2;BR16+CD202;EMB48;treino;1010;B4_BR16_IRR_REP_RECUP00002.asd;B4;BR16;IRRIG;D09M;manha;D09
2;BR16+CD202;EMB48;treino;1011;B4_BR16_IRR_REP_RECUP00003.asd;B4;BR16;IRRIG;D09M;manha;D09
2;BR16+CD202;EMB48;treino;1012;B4_BR16_IRR_REP_RECUP00004.asd;B4;BR16;IRRIG;D09M;manha;D09
2;BR16+CD202;EMB48;treino;1013;B4_BR16_IRR_REP_RECUP00005.asd;B4;BR16;IRRIG;D09M;manha;D09
2;BR16+CD202;EMB48;treino;1014;B4_BR16_IRR_REP_RECUP00006.asd;B4;BR16;IRRIG;D09M;manha;D09
2;BR16+CD202;EMB48;treino;1015;B4_BR16_IRR_REP_RECUP00007.asd;B4;BR16;IRRIG;D09M;manha;D09
2;BR16+CD202;EMB48;treino;1016;B4_BR16_NIRR_REP_RECUP00000.asd;B4;BR16;NIRRIG;D09M;manha;D09
2;BR16+CD202;EMB48;treino;1017;B4_BR16_NIRR_REP_RECUP00001.asd;B4;BR16;NIRRIG;D09M;manha;D09
2;BR16+CD202;EMB48;treino;1018;B4_BR16_NIRR_REP_RECUP00002.asd;B4;BR16;NIRRIG;D09M;manha;D09
2;BR16+CD202;EMB48;treino;1019;B4_BR16_NIRR_REP_RECUP00003.asd;B4;BR16;NIRRIG;D09M;manha;D09
2;BR16+CD202;EMB48;treino;1020;B4_BR16_NIRR_REP_RECUP00004.asd;B4;BR16;NIRRIG;D09M;manha;D09
2;BR16+CD202;EMB48;treino;1021;B4_BR16_NIRR_REP_RECUP00005.asd;B4;BR16;NIRRIG;D09M;manha;D09
2;BR16+CD202;EMB48;treino;1022;B4_BR16_NIRR_REP_RECUP00006.asd;B4;BR16;NIRRIG;D09M;manha;D09
2;BR16+CD202;EMB48;treino;1023;B4_BR16_NIRR_REP_RECUP00007.asd;B4;BR16;NIRRIG;D09M;manha;D09
2;BR16+CD202;EMB48;treino;1024;B1_CD202_IRR_REP_RECUP00000.asd;B1;CD202;IRRIG;D09M;manha;D09
2;BR16+CD202;EMB48;treino;1025;B1_CD202_IRR_REP_RECUP00001.asd;B1;CD202;IRRIG;D09M;manha;D09
2;BR16+CD202;EMB48;treino;1026;B1_CD202_IRR_REP_RECUP00002.asd;B1;CD202;IRRIG;D09M;manha;D09
2;BR16+CD202;EMB48;treino;1027;B1_CD202_IRR_REP_RECUP00003.asd;B1;CD202;IRRIG;D09M;manha;D09
2;BR16+CD202;EMB48;treino;1028;B1_CD202_IRR_REP_RECUP00004.asd;B1;CD202;IRRIG;D09M;manha;D09
2;BR16+CD202;EMB48;treino;1029;B1_CD202_IRR_REP_RECUP00005.asd;B1;CD202;IRRIG;D09M;manha;D09
2;BR16+CD202;EMB48;treino;1030;B1_CD202_IRR_REP_RECUP00006.asd;B1;CD202;IRRIG;D09M;manha;D09
2;BR16+CD202;EMB48;treino;1031;B1_CD202_IRR_REP_RECUP00007.asd;B1;CD202;IRRIG;D09M;manha;D09
2;BR16+CD202;EMB48;treino;1032;B1_CD202_IRR_REP_RECUP00008.asd;B1;CD202;IRRIG;D09M;manha;D09
2;BR16+CD202;EMB48;treino;1033;B1_CD202_IRR_REP_RECUP00009.asd;B1;CD202;IRRIG;D09M;manha;D09
2;BR16+CD202;EMB48;treino;1034;B1_CD202_IRR_REP_RECUP00010.asd;B1;CD202;IRRIG;D09M;manha;D09
2;BR16+CD202;EMB48;treino;1035;B1_CD202_IRR_REP_RECUP00011.asd;B1;CD202;IRRIG;D09M;manha;D09
2;BR16+CD202;EMB48;treino;1036;B1_CD202_NIRR_REP_RECUP00000.asd;B1;CD202;NIRRIG;D09M;manha;D09
2;BR16+CD202;EMB48;treino;1037;B1_CD202_NIRR_REP_RECUP00001.asd;B1;CD202;NIRRIG;D09M;manha;D09
2;BR16+CD202;EMB48;treino;1038;B1_CD202_NIRR_REP_RECUP00002.asd;B1;CD202;NIRRIG;D09M;manha;D09
2;BR16+CD202;EMB48;treino;1039;B1_CD202_NIRR_REP_RECUP00003.asd;B1;CD202;NIRRIG;D09M;manha;D09
2;BR16+CD202;EMB48;treino;1040;B1_CD202_NIRR_REP_RECUP00004.asd;B1;CD202;NIRRIG;D09M;manha;D09
2;BR16+CD202;EMB48;treino;1041;B1_CD202_NIRR_REP_RECUP00005.asd;B1;CD202;NIRRIG;D09M;manha;D09
2;BR16+CD202;EMB48;treino;1042;B1_CD202_NIRR_REP_RECUP00006.asd;B1;CD202;NIRRIG;D09M;manha;D09
2;BR16+CD202;EMB48;treino;1043;B1_CD202_NIRR_REP_RECUP00007.asd;B1;CD202;NIRRIG;D09M;manha;D09
2;BR16+CD202;EMB48;treino;1044;B2_CD202_IRR_REP_RECUP00000.asd;B2;CD202;IRRIG;D09M;manha;D09
2;BR16+CD202;EMB48;treino;1045;B2_CD202_IRR_REP_RECUP00001.asd;B2;CD202;IRRIG;D09M;manha;D09
2;BR16+CD202;EMB48;treino;1046;B2_CD202_IRR_REP_RECUP00002.asd;B2;CD202;IRRIG;D09M;manha;D09
2;BR16+CD202;EMB48;treino;1047;B2_CD202_IRR_REP_RECUP00003.asd;B2;CD202;IRRIG;D09M;manha;D09
2;BR16+CD202;EMB48;treino;1048;B2_CD202_IRR_REP_RECUP00004.asd;B2;CD202;IRRIG;D09M;manha;D09
2;BR16+CD202;EMB48;treino;1049;B2_CD202_IRR_REP_RECUP00005.asd;B2;CD202;IRRIG;D09M;manha;D09
2;BR16+CD202;EMB48;treino;1050;B2_CD202_IRR_REP_RECUP00006.asd;B2;CD202;IRRIG;D09M;manha;D09
2;BR16+CD202;EMB48;treino;1051;B2_CD202_IRR_REP_RECUP00007.asd;B2;CD202;IRRIG;D09M;manha;D09
2;BR16+CD202;EMB48;treino;1052;B2_CD202_NIRR_REP_RECUP00000.asd;B2;CD202;NIRRIG;D09M;manha;D09
2;BR16+CD202;EMB48;treino;1053;B2_CD202_NIRR_REP_RECUP00001.asd;B2;CD202;NIRRIG;D09M;manha;D09
2;BR16+CD202;EMB48;treino;1054;B2_CD202_NIRR_REP_RECUP00002.asd;B2;CD202;NIRRIG;D09M;manha;D09
2;BR16+CD202;EMB48;treino;1055;B2_CD202_NIRR_REP_RECUP00003.asd;B2;CD202;NIRRIG;D09M;manha;D09
2;BR16+CD202;EMB48;treino;1056;B2_CD202_NIRR_REP_RECUP00004.asd;B2;CD202;NIRRIG;D09M;manha;D09
2;BR16+CD202;EMB48;treino;1057;B2_CD202_NIRR_REP_RECUP00005.asd;B2;CD202;NIRRIG;D09M;manha;D09
2;BR16+CD202;EMB48;treino;1058;B2_CD202_NIRR_REP_RECUP00006.asd;B2;CD202;NIRRIG;D09M;manha;D09
2;BR16+CD202;EMB48;treino;1059;B2_CD202_NIRR_REP_RECUP00007.asd;B2;CD202;NIRRIG;D09M;manha;D09
2;BR16+CD202;EMB48;treino;1060;B3_CD202_IRR_REP_RECUP00000.asd;B3;CD202;IRRIG;D09M;manha;D09
2;BR16+CD202;EMB48;treino;1061;B3_CD202_IRR_REP_RECUP00001.asd;B3;CD202;IRRIG;D09M;manha;D09
2;BR16+CD202;EMB48;treino;1062;B3_CD202_IRR_REP_RECUP00002.asd;B3;CD202;IRRIG;D09M;manha;D09
2;BR16+CD202;EMB48;treino;1063;B3_CD202_IRR_REP_RECUP00003.asd;B3;CD202;IRRIG;D09M;manha;D09
2;BR16+CD202;EMB48;treino;1064;B3_CD202_IRR_REP_RECUP00004.asd;B3;CD202;IRRIG;D09M;manha;D09
2;BR16+CD202;EMB48;treino;1065;B3_CD202_IRR_REP_RECUP00005.asd;B3;CD202;IRRIG;D09M;manha;D09
2;BR16+CD202;EMB48;treino;1066;B3_CD202_IRR_REP_RECUP00006.asd;B3;CD202;IRRIG;D09M;manha;D09
2;BR16+CD202;EMB48;treino;1067;B3_CD202_IRR_REP_RECUP00007.asd;B3;CD202;IRRIG;D09M;manha;D09
2;BR16+CD202;EMB48;treino;1068;B3_CD202_NIRR_REP_RECUP00000.asd;B3;CD202;NIRRIG;D09M;manha;D09
2;BR16+CD202;EMB48;treino;1069;B3_CD202_NIRR_REP_RECUP00001.asd;B3;CD202;NIRRIG;D09M;manha;D09
2;BR16+CD202;EMB48;treino;1070;B3_CD202_NIRR_REP_RECUP00002.asd;B3;CD202;NIRRIG;D09M;manha;D09
2;BR16+CD202;EMB48;treino;1071;B3_CD202_NIRR_REP_RECUP00003.asd;B3;CD202;NIRRIG;D09M;manha;D09
2;BR16+CD202;EMB48;treino;1072;B3_CD202_NIRR_REP_RECUP00004.asd;B3;CD202;NIRRIG;D09M;manha;D09
2;BR16+CD202;EMB48;treino;1073;B3_CD202_NIRR_REP_RECUP00005.asd;B3;CD202;NIRRIG;D09M;manha;D09
2;BR16+CD202;EMB48;treino;1074;B3_CD202_NIRR_REP_RECUP00006.asd;B3;CD202;NIRRIG;D09M;manha;D09
2;BR16+CD202;EMB48;treino;1075;B3_CD202_NIRR_REP_RECUP00007.asd;B3;CD202;NIRRIG;D09M;manha;D09
2;BR16+CD202;EMB48;treino;1076;B4_CD202_IRR_REP_RECUP00000.asd;B4;CD202;IRRIG;D09M;manha;D09
2;BR16+CD202;EMB48;treino;1077;B4_CD202_IRR_REP_RECUP00001.asd;B4;CD202;IRRIG;D09M;manha;D09
2;BR16+CD202;EMB48;treino;1078;B4_CD202_IRR_REP_RECUP00002.asd;B4;CD202;IRRIG;D09M;manha;D09
2;BR16+CD202;EMB48;treino;1079;B4_CD202_IRR_REP_RECUP00003.asd;B4;CD202;IRRIG;D09M;manha;D09
2;BR16+CD202;EMB48;treino;1080;B4_CD202_IRR_REP_RECUP00004.asd;B4;CD202;IRRIG;D09M;manha;D09
2;BR16+CD202;EMB48;treino;1081;B4_CD202_IRR_REP_RECUP00005.asd;B4;CD202;IRRIG;D09M;manha;D09
2;BR16+CD202;EMB48;treino;1082;B4_CD202_IRR_REP_RECUP00006.asd;B4;CD202;IRRIG;D09M;manha;D09
2;BR16+CD202;EMB48;treino;1083;B4_CD202_IRR_REP_RECUP00007.asd;B4;CD202;IRRIG;D09M;manha;D09
2;BR16+CD202;EMB48;treino;1084;B4_CD202_NIRR_REP_RECUP00000.asd;B4;CD202;NIRRIG;D09M;manha;D09
2;BR16+CD202;EMB48;treino;1085;B4_CD202_NIRR_REP_RECUP00001.asd;B4;CD202;NIRRIG;D09M;manha;D09
2;BR16+CD202;EMB48;treino;1086;B4_CD202_NIRR_REP_RECUP00002.asd;B4;CD202;NIRRIG;D09M;manha;D09
2;BR16+CD202;EMB48;treino;1087;B4_CD202_NIRR_REP_RECUP00003.asd;B4;CD202;NIRRIG;D09M;manha;D09
2;BR16+CD202;EMB48;treino;1088;B4_CD202_NIRR_REP_RECUP00004.asd;B4;CD202;NIRRIG;D09M;manha;D09
2;BR16+CD202;EMB48;treino;1089;B4_CD202_NIRR_REP_RECUP00005.asd;B4;CD202;NIRRIG;D09M;manha;D09
2;BR16+CD202;EMB48;treino;1090;B4_CD202_NIRR_REP_RECUP00006.asd;B4;CD202;NIRRIG;D09M;manha;D09
2;BR16+CD202;EMB48;treino;1091;B4_CD202_NIRR_REP_RECUP00007.asd;B4;CD202;NIRRIG;D09M;manha;D09
2;BR16+CD202;EMB48;teste;1092;B1_EMB48_IRR_REP_RECUP00000.asd;B1;EMB48;IRRIG;D09M;manha;D09
2;BR16+CD202;EMB48;teste;1093;B1_EMB48_IRR_REP_RECUP00001.asd;B1;EMB48;IRRIG;D09M;manha;D09
2;BR16+CD202;EMB48;teste;1094;B1_EMB48_IRR_REP_RECUP00002.asd;B1;EMB48;IRRIG;D09M;manha;D09
2;BR16+CD202;EMB48;teste;1095;B1_EMB48_IRR_REP_RECUP00003.asd;B1;EMB48;IRRIG;D09M;manha;D09
2;BR16+CD202;EMB48;teste;1096;B1_EMB48_IRR_REP_RECUP00004.asd;B1;EMB48;IRRIG;D09M;manha;D09
2;BR16+CD202;EMB48;teste;1097;B1_EMB48_IRR_REP_RECUP00005.asd;B1;EMB48;IRRIG;D09M;manha;D09
2;BR16+CD202;EMB48;teste;1098;B1_EMB48_IRR_REP_RECUP00006.asd;B1;EMB48;IRRIG;D09M;manha;D09
2;BR16+CD202;EMB48;teste;1099;B1_EMB48_IRR_REP_RECUP00007.asd;B1;EMB48;IRRIG;D09M;manha;D09
2;BR16+CD202;EMB48;teste;1100;B1_EMB48_NIRR_REP_RECUP00000.asd;B1;EMB48;NIRRIG;D09M;manha;D09
2;BR16+CD202;EMB48;teste;1101;B1_EMB48_NIRR_REP_RECUP00001.asd;B1;EMB48;NIRRIG;D09M;manha;D09
2;BR16+CD202;EMB48;teste;1102;B1_EMB48_NIRR_REP_RECUP00002.asd;B1;EMB48;NIRRIG;D09M;manha;D09
2;BR16+CD202;EMB48;teste;1103;B1_EMB48_NIRR_REP_RECUP00003.asd;B1;EMB48;NIRRIG;D09M;manha;D09
2;BR16+CD202;EMB48;teste;1104;B1_EMB48_NIRR_REP_RECUP00004.asd;B1;EMB48;NIRRIG;D09M;manha;D09
2;BR16+CD202;EMB48;teste;1105;B1_EMB48_NIRR_REP_RECUP00005.asd;B1;EMB48;NIRRIG;D09M;manha;D09
2;BR16+CD202;EMB48;teste;1106;B1_EMB48_NIRR_REP_RECUP00006.asd;B1;EMB48;NIRRIG;D09M;manha;D09
2;BR16+CD202;EMB48;teste;1107;B1_EMB48_NIRR_REP_RECUP00007.asd;B1;EMB48;NIRRIG;D09M;manha;D09
2;BR16+CD202;EMB48;teste;1108;B2_EMB48_IRR_REP_RECUP00000.asd;B2;EMB48;IRRIG;D09M;manha;D09
2;BR16+CD202;EMB48;teste;1109;B2_EMB48_IRR_REP_RECUP00001.asd;B2;EMB48;IRRIG;D09M;manha;D09
2;BR16+CD202;EMB48;teste;1110;B2_EMB48_IRR_REP_RECUP00002.asd;B2;EMB48;IRRIG;D09M;manha;D09
2;BR16+CD202;EMB48;teste;1111;B2_EMB48_IRR_REP_RECUP00003.asd;B2;EMB48;IRRIG;D09M;manha;D09
2;BR16+CD202;EMB48;teste;1112;B2_EMB48_IRR_REP_RECUP00004.asd;B2;EMB48;IRRIG;D09M;manha;D09
2;BR16+CD202;EMB48;teste;1113;B2_EMB48_IRR_REP_RECUP00005.asd;B2;EMB48;IRRIG;D09M;manha;D09
2;BR16+CD202;EMB48;teste;1114;B2_EMB48_IRR_REP_RECUP00006.asd;B2;EMB48;IRRIG;D09M;manha;D09
2;BR16+CD202;EMB48;teste;1115;B2_EMB48_IRR_REP_RECUP00007.asd;B2;EMB48;IRRIG;D09M;manha;D09
2;BR16+CD202;EMB48;teste;1116;B2_EMB48_NIRR_REP_RECUP00000.asd;B2;EMB48;NIRRIG;D09M;manha;D09
2;BR16+CD202;EMB48;teste;1117;B2_EMB48_NIRR_REP_RECUP00001.asd;B2;EMB48;NIRRIG;D09M;manha;D09
2;BR16+CD202;EMB48;teste;1118;B2_EMB48_NIRR_REP_RECUP00002.asd;B2;EMB48;NIRRIG;D09M;manha;D09
2;BR16+CD202;EMB48;teste;1119;B2_EMB48_NIRR_REP_RECUP00003.asd;B2;EMB48;NIRRIG;D09M;manha;D09
2;BR16+CD202;EMB48;teste;1120;B2_EMB48_NIRR_REP_RECUP00008.asd;B2;EMB48;NIRRIG;D09M;manha;D09
2;BR16+CD202;EMB48;teste;1121;B2_EMB48_NIRR_REP_RECUP00009.asd;B2;EMB48;NIRRIG;D09M;manha;D09
2;BR16+CD202;EMB48;teste;1122;B2_EMB48_NIRR_REP_RECUP00010.asd;B2;EMB48;NIRRIG;D09M;manha;D09
2;BR16+CD202;EMB48;teste;1123;B2_EMB48_NIRR_REP_RECUP00011.asd;B2;EMB48;NIRRIG;D09M;manha;D09
2;BR16+CD202;EMB48;teste;1124;B3_EMB48_IRR_REP_RECUP00000.asd;B3;EMB48;IRRIG;D09M;manha;D09
2;BR16+CD202;EMB48;teste;1125;B3_EMB48_IRR_REP_RECUP00001.asd;B3;EMB48;IRRIG;D09M;manha;D09
2;BR16+CD202;EMB48;teste;1126;B3_EMB48_IRR_REP_RECUP00002.asd;B3;EMB48;IRRIG;D09M;manha;D09
2;BR16+CD202;EMB48;teste;1127;B3_EMB48_IRR_REP_RECUP00003.asd;B3;EMB48;IRRIG;D09M;manha;D09
2;BR16+CD202;EMB48;teste;1128;B3_EMB48_IRR_REP_RECUP00004.asd;B3;EMB48;IRRIG;D09M;manha;D09
2;BR16+CD202;EMB48;teste;1129;B3_EMB48_IRR_REP_RECUP00005.asd;B3;EMB48;IRRIG;D09M;manha;D09
2;BR16+CD202;EMB48;teste;1130;B3_EMB48_IRR_REP_RECUP00006.asd;B3;EMB48;IRRIG;D09M;manha;D09
2;BR16+CD202;EMB48;teste;1131;B3_EMB48_IRR_REP_RECUP00007.asd;B3;EMB48;IRRIG;D09M;manha;D09
2;BR16+CD202;EMB48;teste;1132;B3_EMB48_NIRR_REP_RECUP00000.asd;B3;EMB48;NIRRIG;D09M;manha;D09
2;BR16+CD202;EMB48;teste;1133;B3_EMB48_NIRR_REP_RECUP00001.asd;B3;EMB48;NIRRIG;D09M;manha;D09
2;BR16+CD202;EMB48;teste;1134;B3_EMB48_NIRR_REP_RECUP00002.asd;B3;EMB48;NIRRIG;D09M;manha;D09
2;BR16+CD202;EMB48;teste;1135;B3_EMB48_NIRR_REP_RECUP00003.asd;B3;EMB48;NIRRIG;D09M;manha;D09
2;BR16+CD202;EMB48;teste;1136;B3_EMB48_NIRR_REP_RECUP00004.asd;B3;EMB48;NIRRIG;D09M;manha;D09
2;BR16+CD202;EMB48;teste;1137;B3_EMB48_NIRR_REP_RECUP00005.asd;B3;EMB48;NIRRIG;D09M;manha;D09
2;BR16+CD202;EMB48;teste;1138;B3_EMB48_NIRR_REP_RECUP00006.asd;B3;EMB48;NIRRIG;D09M;manha;D09
2;BR16+CD202;EMB48;teste;1139;B3_EMB48_NIRR_REP_RECUP00007.asd;B3;EMB48;NIRRIG;D09M;manha;D09
2;BR16+CD202;EMB48;teste;1140;B4_EMB48_IRR_REP_RECUP00000.asd;B4;EMB48;IRRIG;D09M;manha;D09
2;BR16+CD202;EMB48;teste;1141;B4_EMB48_IRR_REP_RECUP00001.asd;B4;EMB48;IRRIG;D09M;manha;D09
2;BR16+CD202;EMB48;teste;1142;B4_EMB48_IRR_REP_RECUP00002.asd;B4;EMB48;IRRIG;D09M;manha;D09
2;BR16+CD202;EMB48;teste;1143;B4_EMB48_IRR_REP_RECUP00003.asd;B4;EMB48;IRRIG;D09M;manha;D09
2;BR16+CD202;EMB48;teste;1144;B4_EMB48_IRR_REP_RECUP00004.asd;B4;EMB48;IRRIG;D09M;manha;D09
2;BR16+CD202;EMB48;teste;1145;B4_EMB48_IRR_REP_RECUP00005.asd;B4;EMB48;IRRIG;D09M;manha;D09
2;BR16+CD202;EMB48;teste;1146;B4_EMB48_IRR_REP_RECUP00006.asd;B4;EMB48;IRRIG;D09M;manha;D09
2;BR16+CD202;EMB48;teste;1147;B4_EMB48_IRR_REP_RECUP00007.asd;B4;EMB48;IRRIG;D09M;manha;D09
2;BR16+CD202;EMB48;teste;1148;B4_EMB48_NIRR_REP_RECUP00000.asd;B4;EMB48;NIRRIG;D09M;manha;D09
2;BR16+CD202;EMB48;teste;1149;B4_EMB48_NIRR_REP_RECUP00001.asd;B4;EMB48;NIRRIG;D09M;manha;D09
2;BR16+CD202;EMB48;teste;1150;B4_EMB48_NIRR_REP_RECUP00002.asd;B4;EMB48;NIRRIG;D09M;manha;D09
2;BR16+CD202;EMB48;teste;1151;B4_EMB48_NIRR_REP_RECUP00003.asd;B4;EMB48;NIRRIG;D09M;manha;D09
2;BR16+CD202;EMB48;teste;1152;B4_EMB48_NIRR_REP_RECUP00004.asd;B4;EMB48;NIRRIG;D09M;manha;D09
2;BR16+CD202;EMB48;teste;1153;B4_EMB48_NIRR_REP_RECUP00005.asd;B4;EMB48;NIRRIG;D09M;manha;D09
2;BR16+CD202;EMB48;teste;1154;B4_EMB48_NIRR_REP_RECUP00006.asd;B4;EMB48;NIRRIG;D09M;manha;D09
2;BR16+CD202;EMB48;teste;1155;B4_EMB48_NIRR_REP_RECUP00007.asd;B4;EMB48;NIRRIG;D09M;manha;D09
3;CD202+EMB48;BR16;treino;1024;B1_CD202_IRR_REP_RECUP00000.asd;B1;CD202;IRRIG;D09M;manha;D09
3;CD202+EMB48;BR16;treino;1025;B1_CD202_IRR_REP_RECUP00001.asd;B1;CD202;IRRIG;D09M;manha;D09
3;CD202+EMB48;BR16;treino;1026;B1_CD202_IRR_REP_RECUP00002.asd;B1;CD202;IRRIG;D09M;manha;D09
3;CD202+EMB48;BR16;treino;1027;B1_CD202_IRR_REP_RECUP00003.asd;B1;CD202;IRRIG;D09M;manha;D09
3;CD202+EMB48;BR16;treino;1028;B1_CD202_IRR_REP_RECUP00004.asd;B1;CD202;IRRIG;D09M;manha;D09
3;CD202+EMB48;BR16;treino;1029;B1_CD202_IRR_REP_RECUP00005.asd;B1;CD202;IRRIG;D09M;manha;D09
3;CD202+EMB48;BR16;treino;1030;B1_CD202_IRR_REP_RECUP00006.asd;B1;CD202;IRRIG;D09M;manha;D09
3;CD202+EMB48;BR16;treino;1031;B1_CD202_IRR_REP_RECUP00007.asd;B1;CD202;IRRIG;D09M;manha;D09
3;CD202+EMB48;BR16;treino;1032;B1_CD202_IRR_REP_RECUP00008.asd;B1;CD202;IRRIG;D09M;manha;D09
3;CD202+EMB48;BR16;treino;1033;B1_CD202_IRR_REP_RECUP00009.asd;B1;CD202;IRRIG;D09M;manha;D09
3;CD202+EMB48;BR16;treino;1034;B1_CD202_IRR_REP_RECUP00010.asd;B1;CD202;IRRIG;D09M;manha;D09
3;CD202+EMB48;BR16;treino;1035;B1_CD202_IRR_REP_RECUP00011.asd;B1;CD202;IRRIG;D09M;manha;D09
3;CD202+EMB48;BR16;treino;1036;B1_CD202_NIRR_REP_RECUP00000.asd;B1;CD202;NIRRIG;D09M;manha;D09
3;CD202+EMB48;BR16;treino;1037;B1_CD202_NIRR_REP_RECUP00001.asd;B1;CD202;NIRRIG;D09M;manha;D09
3;CD202+EMB48;BR16;treino;1038;B1_CD202_NIRR_REP_RECUP00002.asd;B1;CD202;NIRRIG;D09M;manha;D09
3;CD202+EMB48;BR16;treino;1039;B1_CD202_NIRR_REP_RECUP00003.asd;B1;CD202;NIRRIG;D09M;manha;D09
3;CD202+EMB48;BR16;treino;1040;B1_CD202_NIRR_REP_RECUP00004.asd;B1;CD202;NIRRIG;D09M;manha;D09
3;CD202+EMB48;BR16;treino;1041;B1_CD202_NIRR_REP_RECUP00005.asd;B1;CD202;NIRRIG;D09M;manha;D09
3;CD202+EMB48;BR16;treino;1042;B1_CD202_NIRR_REP_RECUP00006.asd;B1;CD202;NIRRIG;D09M;manha;D09
3;CD202+EMB48;BR16;treino;1043;B1_CD202_NIRR_REP_RECUP00007.asd;B1;CD202;NIRRIG;D09M;manha;D09
3;CD202+EMB48;BR16;treino;1044;B2_CD202_IRR_REP_RECUP00000.asd;B2;CD202;IRRIG;D09M;manha;D09
3;CD202+EMB48;BR16;treino;1045;B2_CD202_IRR_REP_RECUP00001.asd;B2;CD202;IRRIG;D09M;manha;D09
3;CD202+EMB48;BR16;treino;1046;B2_CD202_IRR_REP_RECUP00002.asd;B2;CD202;IRRIG;D09M;manha;D09
3;CD202+EMB48;BR16;treino;1047;B2_CD202_IRR_REP_RECUP00003.asd;B2;CD202;IRRIG;D09M;manha;D09
3;CD202+EMB48;BR16;treino;1048;B2_CD202_IRR_REP_RECUP00004.asd;B2;CD202;IRRIG;D09M;manha;D09
3;CD202+EMB48;BR16;treino;1049;B2_CD202_IRR_REP_RECUP00005.asd;B2;CD202;IRRIG;D09M;manha;D09
3;CD202+EMB48;BR16;treino;1050;B2_CD202_IRR_REP_RECUP00006.asd;B2;CD202;IRRIG;D09M;manha;D09
3;CD202+EMB48;BR16;treino;1051;B2_CD202_IRR_REP_RECUP00007.asd;B2;CD202;IRRIG;D09M;manha;D09
3;CD202+EMB48;BR16;treino;1052;B2_CD202_NIRR_REP_RECUP00000.asd;B2;CD202;NIRRIG;D09M;manha;D09
3;CD202+EMB48;BR16;treino;1053;B2_CD202_NIRR_REP_RECUP00001.asd;B2;CD202;NIRRIG;D09M;manha;D09
3;CD202+EMB48;BR16;treino;1054;B2_CD202_NIRR_REP_RECUP00002.asd;B2;CD202;NIRRIG;D09M;manha;D09
3;CD202+EMB48;BR16;treino;1055;B2_CD202_NIRR_REP_RECUP00003.asd;B2;CD202;NIRRIG;D09M;manha;D09
3;CD202+EMB48;BR16;treino;1056;B2_CD202_NIRR_REP_RECUP00004.asd;B2;CD202;NIRRIG;D09M;manha;D09
3;CD202+EMB48;BR16;treino;1057;B2_CD202_NIRR_REP_RECUP00005.asd;B2;CD202;NIRRIG;D09M;manha;D09
3;CD202+EMB48;BR16;treino;1058;B2_CD202_NIRR_REP_RECUP00006.asd;B2;CD202;NIRRIG;D09M;manha;D09
3;CD202+EMB48;BR16;treino;1059;B2_CD202_NIRR_REP_RECUP00007.asd;B2;CD202;NIRRIG;D09M;manha;D09
3;CD202+EMB48;BR16;treino;1060;B3_CD202_IRR_REP_RECUP00000.asd;B3;CD202;IRRIG;D09M;manha;D09
3;CD202+EMB48;BR16;treino;1061;B3_CD202_IRR_REP_RECUP00001.asd;B3;CD202;IRRIG;D09M;manha;D09
3;CD202+EMB48;BR16;treino;1062;B3_CD202_IRR_REP_RECUP00002.asd;B3;CD202;IRRIG;D09M;manha;D09
3;CD202+EMB48;BR16;treino;1063;B3_CD202_IRR_REP_RECUP00003.asd;B3;CD202;IRRIG;D09M;manha;D09
3;CD202+EMB48;BR16;treino;1064;B3_CD202_IRR_REP_RECUP00004.asd;B3;CD202;IRRIG;D09M;manha;D09
3;CD202+EMB48;BR16;treino;1065;B3_CD202_IRR_REP_RECUP00005.asd;B3;CD202;IRRIG;D09M;manha;D09
3;CD202+EMB48;BR16;treino;1066;B3_CD202_IRR_REP_RECUP00006.asd;B3;CD202;IRRIG;D09M;manha;D09
3;CD202+EMB48;BR16;treino;1067;B3_CD202_IRR_REP_RECUP00007.asd;B3;CD202;IRRIG;D09M;manha;D09
3;CD202+EMB48;BR16;treino;1068;B3_CD202_NIRR_REP_RECUP00000.asd;B3;CD202;NIRRIG;D09M;manha;D09
3;CD202+EMB48;BR16;treino;1069;B3_CD202_NIRR_REP_RECUP00001.asd;B3;CD202;NIRRIG;D09M;manha;D09
3;CD202+EMB48;BR16;treino;1070;B3_CD202_NIRR_REP_RECUP00002.asd;B3;CD202;NIRRIG;D09M;manha;D09
3;CD202+EMB48;BR16;treino;1071;B3_CD202_NIRR_REP_RECUP00003.asd;B3;CD202;NIRRIG;D09M;manha;D09
3;CD202+EMB48;BR16;treino;1072;B3_CD202_NIRR_REP_RECUP00004.asd;B3;CD202;NIRRIG;D09M;manha;D09
3;CD202+EMB48;BR16;treino;1073;B3_CD202_NIRR_REP_RECUP00005.asd;B3;CD202;NIRRIG;D09M;manha;D09
3;CD202+EMB48;BR16;treino;1074;B3_CD202_NIRR_REP_RECUP00006.asd;B3;CD202;NIRRIG;D09M;manha;D09
3;CD202+EMB48;BR16;treino;1075;B3_CD202_NIRR_REP_RECUP00007.asd;B3;CD202;NIRRIG;D09M;manha;D09
3;CD202+EMB48;BR16;treino;1076;B4_CD202_IRR_REP_RECUP00000.asd;B4;CD202;IRRIG;D09M;manha;D09
3;CD202+EMB48;BR16;treino;1077;B4_CD202_IRR_REP_RECUP00001.asd;B4;CD202;IRRIG;D09M;manha;D09
3;CD202+EMB48;BR16;treino;1078;B4_CD202_IRR_REP_RECUP00002.asd;B4;CD202;IRRIG;D09M;manha;D09
3;CD202+EMB48;BR16;treino;1079;B4_CD202_IRR_REP_RECUP00003.asd;B4;CD202;IRRIG;D09M;manha;D09
3;CD202+EMB48;BR16;treino;1080;B4_CD202_IRR_REP_RECUP00004.asd;B4;CD202;IRRIG;D09M;manha;D09
3;CD202+EMB48;BR16;treino;1081;B4_CD202_IRR_REP_RECUP00005.asd;B4;CD202;IRRIG;D09M;manha;D09
3;CD202+EMB48;BR16;treino;1082;B4_CD202_IRR_REP_RECUP00006.asd;B4;CD202;IRRIG;D09M;manha;D09
3;CD202+EMB48;BR16;treino;1083;B4_CD202_IRR_REP_RECUP00007.asd;B4;CD202;IRRIG;D09M;manha;D09
3;CD202+EMB48;BR16;treino;1084;B4_CD202_NIRR_REP_RECUP00000.asd;B4;CD202;NIRRIG;D09M;manha;D09
3;CD202+EMB48;BR16;treino;1085;B4_CD202_NIRR_REP_RECUP00001.asd;B4;CD202;NIRRIG;D09M;manha;D09
3;CD202+EMB48;BR16;treino;1086;B4_CD202_NIRR_REP_RECUP00002.asd;B4;CD202;NIRRIG;D09M;manha;D09
3;CD202+EMB48;BR16;treino;1087;B4_CD202_NIRR_REP_RECUP00003.asd;B4;CD202;NIRRIG;D09M;manha;D09
3;CD202+EMB48;BR16;treino;1088;B4_CD202_NIRR_REP_RECUP00004.asd;B4;CD202;NIRRIG;D09M;manha;D09
3;CD202+EMB48;BR16;treino;1089;B4_CD202_NIRR_REP_RECUP00005.asd;B4;CD202;NIRRIG;D09M;manha;D09
3;CD202+EMB48;BR16;treino;1090;B4_CD202_NIRR_REP_RECUP00006.asd;B4;CD202;NIRRIG;D09M;manha;D09
3;CD202+EMB48;BR16;treino;1091;B4_CD202_NIRR_REP_RECUP00007.asd;B4;CD202;NIRRIG;D09M;manha;D09
3;CD202+EMB48;BR16;treino;1092;B1_EMB48_IRR_REP_RECUP00000.asd;B1;EMB48;IRRIG;D09M;manha;D09
3;CD202+EMB48;BR16;treino;1093;B1_EMB48_IRR_REP_RECUP00001.asd;B1;EMB48;IRRIG;D09M;manha;D09
3;CD202+EMB48;BR16;treino;1094;B1_EMB48_IRR_REP_RECUP00002.asd;B1;EMB48;IRRIG;D09M;manha;D09
3;CD202+EMB48;BR16;treino;1095;B1_EMB48_IRR_REP_RECUP00003.asd;B1;EMB48;IRRIG;D09M;manha;D09
3;CD202+EMB48;BR16;treino;1096;B1_EMB48_IRR_REP_RECUP00004.asd;B1;EMB48;IRRIG;D09M;manha;D09
3;CD202+EMB48;BR16;treino;1097;B1_EMB48_IRR_REP_RECUP00005.asd;B1;EMB48;IRRIG;D09M;manha;D09
3;CD202+EMB48;BR16;treino;1098;B1_EMB48_IRR_REP_RECUP00006.asd;B1;EMB48;IRRIG;D09M;manha;D09
3;CD202+EMB48;BR16;treino;1099;B1_EMB48_IRR_REP_RECUP00007.asd;B1;EMB48;IRRIG;D09M;manha;D09
3;CD202+EMB48;BR16;treino;1100;B1_EMB48_NIRR_REP_RECUP00000.asd;B1;EMB48;NIRRIG;D09M;manha;D09
3;CD202+EMB48;BR16;treino;1101;B1_EMB48_NIRR_REP_RECUP00001.asd;B1;EMB48;NIRRIG;D09M;manha;D09
3;CD202+EMB48;BR16;treino;1102;B1_EMB48_NIRR_REP_RECUP00002.asd;B1;EMB48;NIRRIG;D09M;manha;D09
3;CD202+EMB48;BR16;treino;1103;B1_EMB48_NIRR_REP_RECUP00003.asd;B1;EMB48;NIRRIG;D09M;manha;D09
3;CD202+EMB48;BR16;treino;1104;B1_EMB48_NIRR_REP_RECUP00004.asd;B1;EMB48;NIRRIG;D09M;manha;D09
3;CD202+EMB48;BR16;treino;1105;B1_EMB48_NIRR_REP_RECUP00005.asd;B1;EMB48;NIRRIG;D09M;manha;D09
3;CD202+EMB48;BR16;treino;1106;B1_EMB48_NIRR_REP_RECUP00006.asd;B1;EMB48;NIRRIG;D09M;manha;D09
3;CD202+EMB48;BR16;treino;1107;B1_EMB48_NIRR_REP_RECUP00007.asd;B1;EMB48;NIRRIG;D09M;manha;D09
3;CD202+EMB48;BR16;treino;1108;B2_EMB48_IRR_REP_RECUP00000.asd;B2;EMB48;IRRIG;D09M;manha;D09
3;CD202+EMB48;BR16;treino;1109;B2_EMB48_IRR_REP_RECUP00001.asd;B2;EMB48;IRRIG;D09M;manha;D09
3;CD202+EMB48;BR16;treino;1110;B2_EMB48_IRR_REP_RECUP00002.asd;B2;EMB48;IRRIG;D09M;manha;D09
3;CD202+EMB48;BR16;treino;1111;B2_EMB48_IRR_REP_RECUP00003.asd;B2;EMB48;IRRIG;D09M;manha;D09
3;CD202+EMB48;BR16;treino;1112;B2_EMB48_IRR_REP_RECUP00004.asd;B2;EMB48;IRRIG;D09M;manha;D09
3;CD202+EMB48;BR16;treino;1113;B2_EMB48_IRR_REP_RECUP00005.asd;B2;EMB48;IRRIG;D09M;manha;D09
3;CD202+EMB48;BR16;treino;1114;B2_EMB48_IRR_REP_RECUP00006.asd;B2;EMB48;IRRIG;D09M;manha;D09
3;CD202+EMB48;BR16;treino;1115;B2_EMB48_IRR_REP_RECUP00007.asd;B2;EMB48;IRRIG;D09M;manha;D09
3;CD202+EMB48;BR16;treino;1116;B2_EMB48_NIRR_REP_RECUP00000.asd;B2;EMB48;NIRRIG;D09M;manha;D09
3;CD202+EMB48;BR16;treino;1117;B2_EMB48_NIRR_REP_RECUP00001.asd;B2;EMB48;NIRRIG;D09M;manha;D09
3;CD202+EMB48;BR16;treino;1118;B2_EMB48_NIRR_REP_RECUP00002.asd;B2;EMB48;NIRRIG;D09M;manha;D09
3;CD202+EMB48;BR16;treino;1119;B2_EMB48_NIRR_REP_RECUP00003.asd;B2;EMB48;NIRRIG;D09M;manha;D09
3;CD202+EMB48;BR16;treino;1120;B2_EMB48_NIRR_REP_RECUP00008.asd;B2;EMB48;NIRRIG;D09M;manha;D09
3;CD202+EMB48;BR16;treino;1121;B2_EMB48_NIRR_REP_RECUP00009.asd;B2;EMB48;NIRRIG;D09M;manha;D09
3;CD202+EMB48;BR16;treino;1122;B2_EMB48_NIRR_REP_RECUP00010.asd;B2;EMB48;NIRRIG;D09M;manha;D09
3;CD202+EMB48;BR16;treino;1123;B2_EMB48_NIRR_REP_RECUP00011.asd;B2;EMB48;NIRRIG;D09M;manha;D09
3;CD202+EMB48;BR16;treino;1124;B3_EMB48_IRR_REP_RECUP00000.asd;B3;EMB48;IRRIG;D09M;manha;D09
3;CD202+EMB48;BR16;treino;1125;B3_EMB48_IRR_REP_RECUP00001.asd;B3;EMB48;IRRIG;D09M;manha;D09
3;CD202+EMB48;BR16;treino;1126;B3_EMB48_IRR_REP_RECUP00002.asd;B3;EMB48;IRRIG;D09M;manha;D09
3;CD202+EMB48;BR16;treino;1127;B3_EMB48_IRR_REP_RECUP00003.asd;B3;EMB48;IRRIG;D09M;manha;D09
3;CD202+EMB48;BR16;treino;1128;B3_EMB48_IRR_REP_RECUP00004.asd;B3;EMB48;IRRIG;D09M;manha;D09
3;CD202+EMB48;BR16;treino;1129;B3_EMB48_IRR_REP_RECUP00005.asd;B3;EMB48;IRRIG;D09M;manha;D09
3;CD202+EMB48;BR16;treino;1130;B3_EMB48_IRR_REP_RECUP00006.asd;B3;EMB48;IRRIG;D09M;manha;D09
3;CD202+EMB48;BR16;treino;1131;B3_EMB48_IRR_REP_RECUP00007.asd;B3;EMB48;IRRIG;D09M;manha;D09
3;CD202+EMB48;BR16;treino;1132;B3_EMB48_NIRR_REP_RECUP00000.asd;B3;EMB48;NIRRIG;D09M;manha;D09
3;CD202+EMB48;BR16;treino;1133;B3_EMB48_NIRR_REP_RECUP00001.asd;B3;EMB48;NIRRIG;D09M;manha;D09
3;CD202+EMB48;BR16;treino;1134;B3_EMB48_NIRR_REP_RECUP00002.asd;B3;EMB48;NIRRIG;D09M;manha;D09
3;CD202+EMB48;BR16;treino;1135;B3_EMB48_NIRR_REP_RECUP00003.asd;B3;EMB48;NIRRIG;D09M;manha;D09
3;CD202+EMB48;BR16;treino;1136;B3_EMB48_NIRR_REP_RECUP00004.asd;B3;EMB48;NIRRIG;D09M;manha;D09
3;CD202+EMB48;BR16;treino;1137;B3_EMB48_NIRR_REP_RECUP00005.asd;B3;EMB48;NIRRIG;D09M;manha;D09
3;CD202+EMB48;BR16;treino;1138;B3_EMB48_NIRR_REP_RECUP00006.asd;B3;EMB48;NIRRIG;D09M;manha;D09
3;CD202+EMB48;BR16;treino;1139;B3_EMB48_NIRR_REP_RECUP00007.asd;B3;EMB48;NIRRIG;D09M;manha;D09
3;CD202+EMB48;BR16;treino;1140;B4_EMB48_IRR_REP_RECUP00000.asd;B4;EMB48;IRRIG;D09M;manha;D09
3;CD202+EMB48;BR16;treino;1141;B4_EMB48_IRR_REP_RECUP00001.asd;B4;EMB48;IRRIG;D09M;manha;D09
3;CD202+EMB48;BR16;treino;1142;B4_EMB48_IRR_REP_RECUP00002.asd;B4;EMB48;IRRIG;D09M;manha;D09
3;CD202+EMB48;BR16;treino;1143;B4_EMB48_IRR_REP_RECUP00003.asd;B4;EMB48;IRRIG;D09M;manha;D09
3;CD202+EMB48;BR16;treino;1144;B4_EMB48_IRR_REP_RECUP00004.asd;B4;EMB48;IRRIG;D09M;manha;D09
3;CD202+EMB48;BR16;treino;1145;B4_EMB48_IRR_REP_RECUP00005.asd;B4;EMB48;IRRIG;D09M;manha;D09
3;CD202+EMB48;BR16;treino;1146;B4_EMB48_IRR_REP_RECUP00006.asd;B4;EMB48;IRRIG;D09M;manha;D09
3;CD202+EMB48;BR16;treino;1147;B4_EMB48_IRR_REP_RECUP00007.asd;B4;EMB48;IRRIG;D09M;manha;D09
3;CD202+EMB48;BR16;treino;1148;B4_EMB48_NIRR_REP_RECUP00000.asd;B4;EMB48;NIRRIG;D09M;manha;D09
3;CD202+EMB48;BR16;treino;1149;B4_EMB48_NIRR_REP_RECUP00001.asd;B4;EMB48;NIRRIG;D09M;manha;D09
3;CD202+EMB48;BR16;treino;1150;B4_EMB48_NIRR_REP_RECUP00002.asd;B4;EMB48;NIRRIG;D09M;manha;D09
3;CD202+EMB48;BR16;treino;1151;B4_EMB48_NIRR_REP_RECUP00003.asd;B4;EMB48;NIRRIG;D09M;manha;D09
3;CD202+EMB48;BR16;treino;1152;B4_EMB48_NIRR_REP_RECUP00004.asd;B4;EMB48;NIRRIG;D09M;manha;D09
3;CD202+EMB48;BR16;treino;1153;B4_EMB48_NIRR_REP_RECUP00005.asd;B4;EMB48;NIRRIG;D09M;manha;D09
3;CD202+EMB48;BR16;treino;1154;B4_EMB48_NIRR_REP_RECUP00006.asd;B4;EMB48;NIRRIG;D09M;manha;D09
3;CD202+EMB48;BR16;treino;1155;B4_EMB48_NIRR_REP_RECUP00007.asd;B4;EMB48;NIRRIG;D09M;manha;D09
3;CD202+EMB48;BR16;teste;960;B1_BR16_IRR_REP_RECUP00000.asd;B1;BR16;IRRIG;D09M;manha;D09
3;CD202+EMB48;BR16;teste;961;B1_BR16_IRR_REP_RECUP00001.asd;B1;BR16;IRRIG;D09M;manha;D09
3;CD202+EMB48;BR16;teste;962;B1_BR16_IRR_REP_RECUP00002.asd;B1;BR16;IRRIG;D09M;manha;D09
3;CD202+EMB48;BR16;teste;963;B1_BR16_IRR_REP_RECUP00003.asd;B1;BR16;IRRIG;D09M;manha;D09
3;CD202+EMB48;BR16;teste;964;B1_BR16_IRR_REP_RECUP00004.asd;B1;BR16;IRRIG;D09M;manha;D09
3;CD202+EMB48;BR16;teste;965;B1_BR16_IRR_REP_RECUP00005.asd;B1;BR16;IRRIG;D09M;manha;D09
3;CD202+EMB48;BR16;teste;966;B1_BR16_IRR_REP_RECUP00006.asd;B1;BR16;IRRIG;D09M;manha;D09
3;CD202+EMB48;BR16;teste;967;B1_BR16_IRR_REP_RECUP00007.asd;B1;BR16;IRRIG;D09M;manha;D09
3;CD202+EMB48;BR16;teste;968;B1_BR16_NIRR_REP_RECUP00000.asd;B1;BR16;NIRRIG;D09M;manha;D09
3;CD202+EMB48;BR16;teste;969;B1_BR16_NIRR_REP_RECUP00001.asd;B1;BR16;NIRRIG;D09M;manha;D09
3;CD202+EMB48;BR16;teste;970;B1_BR16_NIRR_REP_RECUP00002.asd;B1;BR16;NIRRIG;D09M;manha;D09
3;CD202+EMB48;BR16;teste;971;B1_BR16_NIRR_REP_RECUP00003.asd;B1;BR16;NIRRIG;D09M;manha;D09
3;CD202+EMB48;BR16;teste;972;B1_BR16_NIRR_REP_RECUP00004.asd;B1;BR16;NIRRIG;D09M;manha;D09
3;CD202+EMB48;BR16;teste;973;B1_BR16_NIRR_REP_RECUP00005.asd;B1;BR16;NIRRIG;D09M;manha;D09
3;CD202+EMB48;BR16;teste;974;B1_BR16_NIRR_REP_RECUP00006.asd;B1;BR16;NIRRIG;D09M;manha;D09
3;CD202+EMB48;BR16;teste;975;B1_BR16_NIRR_REP_RECUP00007.asd;B1;BR16;NIRRIG;D09M;manha;D09
3;CD202+EMB48;BR16;teste;976;B2_BR16_IRR_REP_RECUP00000.asd;B2;BR16;IRRIG;D09M;manha;D09
3;CD202+EMB48;BR16;teste;977;B2_BR16_IRR_REP_RECUP00001.asd;B2;BR16;IRRIG;D09M;manha;D09
3;CD202+EMB48;BR16;teste;978;B2_BR16_IRR_REP_RECUP00002.asd;B2;BR16;IRRIG;D09M;manha;D09
3;CD202+EMB48;BR16;teste;979;B2_BR16_IRR_REP_RECUP00003.asd;B2;BR16;IRRIG;D09M;manha;D09
3;CD202+EMB48;BR16;teste;980;B2_BR16_IRR_REP_RECUP00004.asd;B2;BR16;IRRIG;D09M;manha;D09
3;CD202+EMB48;BR16;teste;981;B2_BR16_IRR_REP_RECUP00005.asd;B2;BR16;IRRIG;D09M;manha;D09
3;CD202+EMB48;BR16;teste;982;B2_BR16_IRR_REP_RECUP00006.asd;B2;BR16;IRRIG;D09M;manha;D09
3;CD202+EMB48;BR16;teste;983;B2_BR16_IRR_REP_RECUP00007.asd;B2;BR16;IRRIG;D09M;manha;D09
3;CD202+EMB48;BR16;teste;984;B2_BR16_NIRR_REP_RECUP00000.asd;B2;BR16;NIRRIG;D09M;manha;D09
3;CD202+EMB48;BR16;teste;985;B2_BR16_NIRR_REP_RECUP00001.asd;B2;BR16;NIRRIG;D09M;manha;D09
3;CD202+EMB48;BR16;teste;986;B2_BR16_NIRR_REP_RECUP00002.asd;B2;BR16;NIRRIG;D09M;manha;D09
3;CD202+EMB48;BR16;teste;987;B2_BR16_NIRR_REP_RECUP00003.asd;B2;BR16;NIRRIG;D09M;manha;D09
3;CD202+EMB48;BR16;teste;988;B2_BR16_NIRR_REP_RECUP00004.asd;B2;BR16;NIRRIG;D09M;manha;D09
3;CD202+EMB48;BR16;teste;989;B2_BR16_NIRR_REP_RECUP00005.asd;B2;BR16;NIRRIG;D09M;manha;D09
3;CD202+EMB48;BR16;teste;990;B2_BR16_NIRR_REP_RECUP00006.asd;B2;BR16;NIRRIG;D09M;manha;D09
3;CD202+EMB48;BR16;teste;991;B2_BR16_NIRR_REP_RECUP00007.asd;B2;BR16;NIRRIG;D09M;manha;D09
3;CD202+EMB48;BR16;teste;992;B3_BR16_IRR_REP_RECUP00000.asd;B3;BR16;IRRIG;D09M;manha;D09
3;CD202+EMB48;BR16;teste;993;B3_BR16_IRR_REP_RECUP00001.asd;B3;BR16;IRRIG;D09M;manha;D09
3;CD202+EMB48;BR16;teste;994;B3_BR16_IRR_REP_RECUP00002.asd;B3;BR16;IRRIG;D09M;manha;D09
3;CD202+EMB48;BR16;teste;995;B3_BR16_IRR_REP_RECUP00003.asd;B3;BR16;IRRIG;D09M;manha;D09
3;CD202+EMB48;BR16;teste;996;B3_BR16_IRR_REP_RECUP00004.asd;B3;BR16;IRRIG;D09M;manha;D09
3;CD202+EMB48;BR16;teste;997;B3_BR16_IRR_REP_RECUP00005.asd;B3;BR16;IRRIG;D09M;manha;D09
3;CD202+EMB48;BR16;teste;998;B3_BR16_IRR_REP_RECUP00006.asd;B3;BR16;IRRIG;D09M;manha;D09
3;CD202+EMB48;BR16;teste;999;B3_BR16_IRR_REP_RECUP00007.asd;B3;BR16;IRRIG;D09M;manha;D09
3;CD202+EMB48;BR16;teste;1000;B3_BR16_NIRR_REP_RECUP00000.asd;B3;BR16;NIRRIG;D09M;manha;D09
3;CD202+EMB48;BR16;teste;1001;B3_BR16_NIRR_REP_RECUP00001.asd;B3;BR16;NIRRIG;D09M;manha;D09
3;CD202+EMB48;BR16;teste;1002;B3_BR16_NIRR_REP_RECUP00002.asd;B3;BR16;NIRRIG;D09M;manha;D09
3;CD202+EMB48;BR16;teste;1003;B3_BR16_NIRR_REP_RECUP00003.asd;B3;BR16;NIRRIG;D09M;manha;D09
3;CD202+EMB48;BR16;teste;1004;B3_BR16_NIRR_REP_RECUP00004.asd;B3;BR16;NIRRIG;D09M;manha;D09
3;CD202+EMB48;BR16;teste;1005;B3_BR16_NIRR_REP_RECUP00005.asd;B3;BR16;NIRRIG;D09M;manha;D09
3;CD202+EMB48;BR16;teste;1006;B3_BR16_NIRR_REP_RECUP00006.asd;B3;BR16;NIRRIG;D09M;manha;D09
3;CD202+EMB48;BR16;teste;1007;B3_BR16_NIRR_REP_RECUP00007.asd;B3;BR16;NIRRIG;D09M;manha;D09
3;CD202+EMB48;BR16;teste;1008;B4_BR16_IRR_REP_RECUP00000.asd;B4;BR16;IRRIG;D09M;manha;D09
3;CD202+EMB48;BR16;teste;1009;B4_BR16_IRR_REP_RECUP00001.asd;B4;BR16;IRRIG;D09M;manha;D09
3;CD202+EMB48;BR16;teste;1010;B4_BR16_IRR_REP_RECUP00002.asd;B4;BR16;IRRIG;D09M;manha;D09
3;CD202+EMB48;BR16;teste;1011;B4_BR16_IRR_REP_RECUP00003.asd;B4;BR16;IRRIG;D09M;manha;D09
3;CD202+EMB48;BR16;teste;1012;B4_BR16_IRR_REP_RECUP00004.asd;B4;BR16;IRRIG;D09M;manha;D09
3;CD202+EMB48;BR16;teste;1013;B4_BR16_IRR_REP_RECUP00005.asd;B4;BR16;IRRIG;D09M;manha;D09
3;CD202+EMB48;BR16;teste;1014;B4_BR16_IRR_REP_RECUP00006.asd;B4;BR16;IRRIG;D09M;manha;D09
3;CD202+EMB48;BR16;teste;1015;B4_BR16_IRR_REP_RECUP00007.asd;B4;BR16;IRRIG;D09M;manha;D09
3;CD202+EMB48;BR16;teste;1016;B4_BR16_NIRR_REP_RECUP00000.asd;B4;BR16;NIRRIG;D09M;manha;D09
3;CD202+EMB48;BR16;teste;1017;B4_BR16_NIRR_REP_RECUP00001.asd;B4;BR16;NIRRIG;D09M;manha;D09
3;CD202+EMB48;BR16;teste;1018;B4_BR16_NIRR_REP_RECUP00002.asd;B4;BR16;NIRRIG;D09M;manha;D09
3;CD202+EMB48;BR16;teste;1019;B4_BR16_NIRR_REP_RECUP00003.asd;B4;BR16;NIRRIG;D09M;manha;D09
3;CD202+EMB48;BR16;teste;1020;B4_BR16_NIRR_REP_RECUP00004.asd;B4;BR16;NIRRIG;D09M;manha;D09
3;CD202+EMB48;BR16;teste;1021;B4_BR16_NIRR_REP_RECUP00005.asd;B4;BR16;NIRRIG;D09M;manha;D09
3;CD202+EMB48;BR16;teste;1022;B4_BR16_NIRR_REP_RECUP00006.asd;B4;BR16;NIRRIG;D09M;manha;D09
3;CD202+EMB48;BR16;teste;1023;B4_BR16_NIRR_REP_RECUP00007.asd;B4;BR16;NIRRIG;D09M;manha;D09
1;BR16+CD202;EMB48;treino;1156;B1_BR16_IRR_REP_RECUP00000.asd;B1;BR16;IRRIG;D10M;manha;D10
1;BR16+CD202;EMB48;treino;1157;B1_BR16_IRR_REP_RECUP00001.asd;B1;BR16;IRRIG;D10M;manha;D10
1;BR16+CD202;EMB48;treino;1158;B1_BR16_IRR_REP_RECUP00002.asd;B1;BR16;IRRIG;D10M;manha;D10
1;BR16+CD202;EMB48;treino;1159;B1_BR16_IRR_REP_RECUP00003.asd;B1;BR16;IRRIG;D10M;manha;D10
1;BR16+CD202;EMB48;treino;1160;B1_BR16_IRR_REP_RECUP00004.asd;B1;BR16;IRRIG;D10M;manha;D10
1;BR16+CD202;EMB48;treino;1161;B1_BR16_IRR_REP_RECUP00005.asd;B1;BR16;IRRIG;D10M;manha;D10
1;BR16+CD202;EMB48;treino;1162;B1_BR16_IRR_REP_RECUP00006.asd;B1;BR16;IRRIG;D10M;manha;D10
1;BR16+CD202;EMB48;treino;1163;B1_BR16_IRR_REP_RECUP00007.asd;B1;BR16;IRRIG;D10M;manha;D10
1;BR16+CD202;EMB48;treino;1164;B1_BR16_NIRR_REP_RECUP00000.asd;B1;BR16;NIRRIG;D10M;manha;D10
1;BR16+CD202;EMB48;treino;1165;B1_BR16_NIRR_REP_RECUP00001.asd;B1;BR16;NIRRIG;D10M;manha;D10
1;BR16+CD202;EMB48;treino;1166;B1_BR16_NIRR_REP_RECUP00002.asd;B1;BR16;NIRRIG;D10M;manha;D10
1;BR16+CD202;EMB48;treino;1167;B1_BR16_NIRR_REP_RECUP00003.asd;B1;BR16;NIRRIG;D10M;manha;D10
1;BR16+CD202;EMB48;treino;1168;B1_BR16_NIRR_REP_RECUP00004.asd;B1;BR16;NIRRIG;D10M;manha;D10
1;BR16+CD202;EMB48;treino;1169;B1_BR16_NIRR_REP_RECUP00005.asd;B1;BR16;NIRRIG;D10M;manha;D10
1;BR16+CD202;EMB48;treino;1170;B1_BR16_NIRR_REP_RECUP00006.asd;B1;BR16;NIRRIG;D10M;manha;D10
1;BR16+CD202;EMB48;treino;1171;B1_BR16_NIRR_REP_RECUP00007.asd;B1;BR16;NIRRIG;D10M;manha;D10
1;BR16+CD202;EMB48;treino;1172;B1_CD202_IRR_REP_RECUP00000.asd;B1;CD202;IRRIG;D10M;manha;D10
1;BR16+CD202;EMB48;treino;1173;B1_CD202_IRR_REP_RECUP00001.asd;B1;CD202;IRRIG;D10M;manha;D10
1;BR16+CD202;EMB48;treino;1174;B1_CD202_IRR_REP_RECUP00002.asd;B1;CD202;IRRIG;D10M;manha;D10
1;BR16+CD202;EMB48;treino;1175;B1_CD202_IRR_REP_RECUP00003.asd;B1;CD202;IRRIG;D10M;manha;D10
1;BR16+CD202;EMB48;treino;1176;B1_CD202_IRR_REP_RECUP00004.asd;B1;CD202;IRRIG;D10M;manha;D10
1;BR16+CD202;EMB48;treino;1177;B1_CD202_IRR_REP_RECUP00005.asd;B1;CD202;IRRIG;D10M;manha;D10
1;BR16+CD202;EMB48;treino;1178;B1_CD202_IRR_REP_RECUP00006.asd;B1;CD202;IRRIG;D10M;manha;D10
1;BR16+CD202;EMB48;treino;1179;B1_CD202_IRR_REP_RECUP00007.asd;B1;CD202;IRRIG;D10M;manha;D10
1;BR16+CD202;EMB48;treino;1180;B1_CD202_NIRR_REP_RECUP00000.asd;B1;CD202;NIRRIG;D10M;manha;D10
1;BR16+CD202;EMB48;treino;1181;B1_CD202_NIRR_REP_RECUP00001.asd;B1;CD202;NIRRIG;D10M;manha;D10
1;BR16+CD202;EMB48;treino;1182;B1_CD202_NIRR_REP_RECUP00002.asd;B1;CD202;NIRRIG;D10M;manha;D10
1;BR16+CD202;EMB48;treino;1183;B1_CD202_NIRR_REP_RECUP00003.asd;B1;CD202;NIRRIG;D10M;manha;D10
1;BR16+CD202;EMB48;treino;1184;B1_CD202_NIRR_REP_RECUP00004.asd;B1;CD202;NIRRIG;D10M;manha;D10
1;BR16+CD202;EMB48;treino;1185;B1_CD202_NIRR_REP_RECUP00005.asd;B1;CD202;NIRRIG;D10M;manha;D10
1;BR16+CD202;EMB48;treino;1186;B1_CD202_NIRR_REP_RECUP00006.asd;B1;CD202;NIRRIG;D10M;manha;D10
1;BR16+CD202;EMB48;treino;1187;B1_CD202_NIRR_REP_RECUP00007.asd;B1;CD202;NIRRIG;D10M;manha;D10
1;BR16+CD202;EMB48;treino;1204;B2_BR16_IRR_REP_RECUP00000.asd;B2;BR16;IRRIG;D10M;manha;D10
1;BR16+CD202;EMB48;treino;1205;B2_BR16_IRR_REP_RECUP00001.asd;B2;BR16;IRRIG;D10M;manha;D10
1;BR16+CD202;EMB48;treino;1206;B2_BR16_IRR_REP_RECUP00002.asd;B2;BR16;IRRIG;D10M;manha;D10
1;BR16+CD202;EMB48;treino;1207;B2_BR16_IRR_REP_RECUP00003.asd;B2;BR16;IRRIG;D10M;manha;D10
1;BR16+CD202;EMB48;treino;1208;B2_BR16_IRR_REP_RECUP00004.asd;B2;BR16;IRRIG;D10M;manha;D10
1;BR16+CD202;EMB48;treino;1209;B2_BR16_IRR_REP_RECUP00005.asd;B2;BR16;IRRIG;D10M;manha;D10
1;BR16+CD202;EMB48;treino;1210;B2_BR16_IRR_REP_RECUP00006.asd;B2;BR16;IRRIG;D10M;manha;D10
1;BR16+CD202;EMB48;treino;1211;B2_BR16_IRR_REP_RECUP00007.asd;B2;BR16;IRRIG;D10M;manha;D10
1;BR16+CD202;EMB48;treino;1212;B2_BR16_NIRR_REP_RECUP00000.asd;B2;BR16;NIRRIG;D10M;manha;D10
1;BR16+CD202;EMB48;treino;1213;B2_BR16_NIRR_REP_RECUP00001.asd;B2;BR16;NIRRIG;D10M;manha;D10
1;BR16+CD202;EMB48;treino;1214;B2_BR16_NIRR_REP_RECUP00002.asd;B2;BR16;NIRRIG;D10M;manha;D10
1;BR16+CD202;EMB48;treino;1215;B2_BR16_NIRR_REP_RECUP00003.asd;B2;BR16;NIRRIG;D10M;manha;D10
1;BR16+CD202;EMB48;treino;1216;B2_BR16_NIRR_REP_RECUP00004.asd;B2;BR16;NIRRIG;D10M;manha;D10
1;BR16+CD202;EMB48;treino;1217;B2_BR16_NIRR_REP_RECUP00005.asd;B2;BR16;NIRRIG;D10M;manha;D10
1;BR16+CD202;EMB48;treino;1218;B2_BR16_NIRR_REP_RECUP00006.asd;B2;BR16;NIRRIG;D10M;manha;D10
1;BR16+CD202;EMB48;treino;1219;B2_BR16_NIRR_REP_RECUP00007.asd;B2;BR16;NIRRIG;D10M;manha;D10
1;BR16+CD202;EMB48;treino;1220;B2_CD202_IRR_REP_RECUP00000.asd;B2;CD202;IRRIG;D10M;manha;D10
1;BR16+CD202;EMB48;treino;1221;B2_CD202_IRR_REP_RECUP00001.asd;B2;CD202;IRRIG;D10M;manha;D10
1;BR16+CD202;EMB48;treino;1222;B2_CD202_IRR_REP_RECUP00002.asd;B2;CD202;IRRIG;D10M;manha;D10
1;BR16+CD202;EMB48;treino;1223;B2_CD202_IRR_REP_RECUP00003.asd;B2;CD202;IRRIG;D10M;manha;D10
1;BR16+CD202;EMB48;treino;1224;B2_CD202_IRR_REP_RECUP00004.asd;B2;CD202;IRRIG;D10M;manha;D10
1;BR16+CD202;EMB48;treino;1225;B2_CD202_IRR_REP_RECUP00005.asd;B2;CD202;IRRIG;D10M;manha;D10
1;BR16+CD202;EMB48;treino;1226;B2_CD202_IRR_REP_RECUP00006.asd;B2;CD202;IRRIG;D10M;manha;D10
1;BR16+CD202;EMB48;treino;1227;B2_CD202_IRR_REP_RECUP00007.asd;B2;CD202;IRRIG;D10M;manha;D10
1;BR16+CD202;EMB48;treino;1228;B2_CD202_NIRR_REP_RECUP00008.asd;B2;CD202;NIRRIG;D10M;manha;D10
1;BR16+CD202;EMB48;treino;1229;B2_CD202_NIRR_REP_RECUP00009.asd;B2;CD202;NIRRIG;D10M;manha;D10
1;BR16+CD202;EMB48;treino;1230;B2_CD202_NIRR_REP_RECUP00010.asd;B2;CD202;NIRRIG;D10M;manha;D10
1;BR16+CD202;EMB48;treino;1231;B2_CD202_NIRR_REP_RECUP00011.asd;B2;CD202;NIRRIG;D10M;manha;D10
1;BR16+CD202;EMB48;treino;1232;B2_CD202_NIRR_REP_RECUP00012.asd;B2;CD202;NIRRIG;D10M;manha;D10
1;BR16+CD202;EMB48;treino;1233;B2_CD202_NIRR_REP_RECUP00013.asd;B2;CD202;NIRRIG;D10M;manha;D10
1;BR16+CD202;EMB48;treino;1234;B2_CD202_NIRR_REP_RECUP00014.asd;B2;CD202;NIRRIG;D10M;manha;D10
1;BR16+CD202;EMB48;treino;1235;B2_CD202_NIRR_REP_RECUP00015.asd;B2;CD202;NIRRIG;D10M;manha;D10
1;BR16+CD202;EMB48;treino;1252;B3_BR16_IRR_REP_RECUP00000.asd;B3;BR16;IRRIG;D10M;manha;D10
1;BR16+CD202;EMB48;treino;1253;B3_BR16_IRR_REP_RECUP00001.asd;B3;BR16;IRRIG;D10M;manha;D10
1;BR16+CD202;EMB48;treino;1254;B3_BR16_IRR_REP_RECUP00002.asd;B3;BR16;IRRIG;D10M;manha;D10
1;BR16+CD202;EMB48;treino;1255;B3_BR16_IRR_REP_RECUP00003.asd;B3;BR16;IRRIG;D10M;manha;D10
1;BR16+CD202;EMB48;treino;1256;B3_BR16_IRR_REP_RECUP00004.asd;B3;BR16;IRRIG;D10M;manha;D10
1;BR16+CD202;EMB48;treino;1257;B3_BR16_IRR_REP_RECUP00005.asd;B3;BR16;IRRIG;D10M;manha;D10
1;BR16+CD202;EMB48;treino;1258;B3_BR16_IRR_REP_RECUP00006.asd;B3;BR16;IRRIG;D10M;manha;D10
1;BR16+CD202;EMB48;treino;1259;B3_BR16_IRR_REP_RECUP00007.asd;B3;BR16;IRRIG;D10M;manha;D10
1;BR16+CD202;EMB48;treino;1260;B3_BR16_NIRR_REP_RECUP00000.asd;B3;BR16;NIRRIG;D10M;manha;D10
1;BR16+CD202;EMB48;treino;1261;B3_BR16_NIRR_REP_RECUP00001.asd;B3;BR16;NIRRIG;D10M;manha;D10
1;BR16+CD202;EMB48;treino;1262;B3_BR16_NIRR_REP_RECUP00002.asd;B3;BR16;NIRRIG;D10M;manha;D10
1;BR16+CD202;EMB48;treino;1263;B3_BR16_NIRR_REP_RECUP00003.asd;B3;BR16;NIRRIG;D10M;manha;D10
1;BR16+CD202;EMB48;treino;1264;B3_BR16_NIRR_REP_RECUP00004.asd;B3;BR16;NIRRIG;D10M;manha;D10
1;BR16+CD202;EMB48;treino;1265;B3_BR16_NIRR_REP_RECUP00005.asd;B3;BR16;NIRRIG;D10M;manha;D10
1;BR16+CD202;EMB48;treino;1266;B3_BR16_NIRR_REP_RECUP00006.asd;B3;BR16;NIRRIG;D10M;manha;D10
1;BR16+CD202;EMB48;treino;1267;B3_BR16_NIRR_REP_RECUP00007.asd;B3;BR16;NIRRIG;D10M;manha;D10
1;BR16+CD202;EMB48;treino;1268;B3_CD202_IRR_REP_RECUP00000.asd;B3;CD202;IRRIG;D10M;manha;D10
1;BR16+CD202;EMB48;treino;1269;B3_CD202_IRR_REP_RECUP00001.asd;B3;CD202;IRRIG;D10M;manha;D10
1;BR16+CD202;EMB48;treino;1270;B3_CD202_IRR_REP_RECUP00002.asd;B3;CD202;IRRIG;D10M;manha;D10
1;BR16+CD202;EMB48;treino;1271;B3_CD202_IRR_REP_RECUP00003.asd;B3;CD202;IRRIG;D10M;manha;D10
1;BR16+CD202;EMB48;treino;1272;B3_CD202_IRR_REP_RECUP00004.asd;B3;CD202;IRRIG;D10M;manha;D10
1;BR16+CD202;EMB48;treino;1273;B3_CD202_IRR_REP_RECUP00005.asd;B3;CD202;IRRIG;D10M;manha;D10
1;BR16+CD202;EMB48;treino;1274;B3_CD202_IRR_REP_RECUP00006.asd;B3;CD202;IRRIG;D10M;manha;D10
1;BR16+CD202;EMB48;treino;1275;B3_CD202_IRR_REP_RECUP00007.asd;B3;CD202;IRRIG;D10M;manha;D10
1;BR16+CD202;EMB48;treino;1276;B3_CD202_NIRR_REP_RECUP00000.asd;B3;CD202;NIRRIG;D10M;manha;D10
1;BR16+CD202;EMB48;treino;1277;B3_CD202_NIRR_REP_RECUP00001.asd;B3;CD202;NIRRIG;D10M;manha;D10
1;BR16+CD202;EMB48;treino;1278;B3_CD202_NIRR_REP_RECUP00002.asd;B3;CD202;NIRRIG;D10M;manha;D10
1;BR16+CD202;EMB48;treino;1279;B3_CD202_NIRR_REP_RECUP00003.asd;B3;CD202;NIRRIG;D10M;manha;D10
1;BR16+CD202;EMB48;treino;1280;B3_CD202_NIRR_REP_RECUP00004.asd;B3;CD202;NIRRIG;D10M;manha;D10
1;BR16+CD202;EMB48;treino;1281;B3_CD202_NIRR_REP_RECUP00005.asd;B3;CD202;NIRRIG;D10M;manha;D10
1;BR16+CD202;EMB48;treino;1282;B3_CD202_NIRR_REP_RECUP00006.asd;B3;CD202;NIRRIG;D10M;manha;D10
1;BR16+CD202;EMB48;treino;1283;B3_CD202_NIRR_REP_RECUP00007.asd;B3;CD202;NIRRIG;D10M;manha;D10
1;BR16+CD202;EMB48;treino;1300;B4_BR16_IRR_REP_RECUP00000.asd;B4;BR16;IRRIG;D10M;manha;D10
1;BR16+CD202;EMB48;treino;1301;B4_BR16_IRR_REP_RECUP00001.asd;B4;BR16;IRRIG;D10M;manha;D10
1;BR16+CD202;EMB48;treino;1302;B4_BR16_IRR_REP_RECUP00002.asd;B4;BR16;IRRIG;D10M;manha;D10
1;BR16+CD202;EMB48;treino;1303;B4_BR16_IRR_REP_RECUP00003.asd;B4;BR16;IRRIG;D10M;manha;D10
1;BR16+CD202;EMB48;treino;1304;B4_BR16_IRR_REP_RECUP00004.asd;B4;BR16;IRRIG;D10M;manha;D10
1;BR16+CD202;EMB48;treino;1305;B4_BR16_IRR_REP_RECUP00005.asd;B4;BR16;IRRIG;D10M;manha;D10
1;BR16+CD202;EMB48;treino;1306;B4_BR16_IRR_REP_RECUP00006.asd;B4;BR16;IRRIG;D10M;manha;D10
1;BR16+CD202;EMB48;treino;1307;B4_BR16_IRR_REP_RECUP00007.asd;B4;BR16;IRRIG;D10M;manha;D10
1;BR16+CD202;EMB48;treino;1308;B4_BR16_NIRR_REP_RECUP00000.asd;B4;BR16;NIRRIG;D10M;manha;D10
1;BR16+CD202;EMB48;treino;1309;B4_BR16_NIRR_REP_RECUP00001.asd;B4;BR16;NIRRIG;D10M;manha;D10
1;BR16+CD202;EMB48;treino;1310;B4_BR16_NIRR_REP_RECUP00002.asd;B4;BR16;NIRRIG;D10M;manha;D10
1;BR16+CD202;EMB48;treino;1311;B4_BR16_NIRR_REP_RECUP00003.asd;B4;BR16;NIRRIG;D10M;manha;D10
1;BR16+CD202;EMB48;treino;1312;B4_BR16_NIRR_REP_RECUP00004.asd;B4;BR16;NIRRIG;D10M;manha;D10
1;BR16+CD202;EMB48;treino;1313;B4_BR16_NIRR_REP_RECUP00005.asd;B4;BR16;NIRRIG;D10M;manha;D10
1;BR16+CD202;EMB48;treino;1314;B4_BR16_NIRR_REP_RECUP00006.asd;B4;BR16;NIRRIG;D10M;manha;D10
1;BR16+CD202;EMB48;treino;1315;B4_BR16_NIRR_REP_RECUP00007.asd;B4;BR16;NIRRIG;D10M;manha;D10
1;BR16+CD202;EMB48;treino;1316;B4_CD202_IRR_REP_RECUP00000.asd;B4;CD202;IRRIG;D10M;manha;D10
1;BR16+CD202;EMB48;treino;1317;B4_CD202_IRR_REP_RECUP00001.asd;B4;CD202;IRRIG;D10M;manha;D10
1;BR16+CD202;EMB48;treino;1318;B4_CD202_IRR_REP_RECUP00002.asd;B4;CD202;IRRIG;D10M;manha;D10
1;BR16+CD202;EMB48;treino;1319;B4_CD202_IRR_REP_RECUP00003.asd;B4;CD202;IRRIG;D10M;manha;D10
1;BR16+CD202;EMB48;treino;1320;B4_CD202_IRR_REP_RECUP00004.asd;B4;CD202;IRRIG;D10M;manha;D10
1;BR16+CD202;EMB48;treino;1321;B4_CD202_IRR_REP_RECUP00005.asd;B4;CD202;IRRIG;D10M;manha;D10
1;BR16+CD202;EMB48;treino;1322;B4_CD202_IRR_REP_RECUP00006.asd;B4;CD202;IRRIG;D10M;manha;D10
1;BR16+CD202;EMB48;treino;1323;B4_CD202_IRR_REP_RECUP00007.asd;B4;CD202;IRRIG;D10M;manha;D10
1;BR16+CD202;EMB48;treino;1324;B4_CD202_NIRR_REP_RECUP00000.asd;B4;CD202;NIRRIG;D10M;manha;D10
1;BR16+CD202;EMB48;treino;1325;B4_CD202_NIRR_REP_RECUP00001.asd;B4;CD202;NIRRIG;D10M;manha;D10
1;BR16+CD202;EMB48;treino;1326;B4_CD202_NIRR_REP_RECUP00002.asd;B4;CD202;NIRRIG;D10M;manha;D10
1;BR16+CD202;EMB48;treino;1327;B4_CD202_NIRR_REP_RECUP00003.asd;B4;CD202;NIRRIG;D10M;manha;D10
1;BR16+CD202;EMB48;treino;1328;B4_CD202_NIRR_REP_RECUP00004.asd;B4;CD202;NIRRIG;D10M;manha;D10
1;BR16+CD202;EMB48;treino;1329;B4_CD202_NIRR_REP_RECUP00005.asd;B4;CD202;NIRRIG;D10M;manha;D10
1;BR16+CD202;EMB48;treino;1330;B4_CD202_NIRR_REP_RECUP00006.asd;B4;CD202;NIRRIG;D10M;manha;D10
1;BR16+CD202;EMB48;treino;1331;B4_CD202_NIRR_REP_RECUP00007.asd;B4;CD202;NIRRIG;D10M;manha;D10
1;BR16+CD202;EMB48;teste;1188;B1_EMB48_IRR_REP_RECUP00000.asd;B1;EMB48;IRRIG;D10M;manha;D10
1;BR16+CD202;EMB48;teste;1189;B1_EMB48_IRR_REP_RECUP00001.asd;B1;EMB48;IRRIG;D10M;manha;D10
1;BR16+CD202;EMB48;teste;1190;B1_EMB48_IRR_REP_RECUP00002.asd;B1;EMB48;IRRIG;D10M;manha;D10
1;BR16+CD202;EMB48;teste;1191;B1_EMB48_IRR_REP_RECUP00003.asd;B1;EMB48;IRRIG;D10M;manha;D10
1;BR16+CD202;EMB48;teste;1192;B1_EMB48_IRR_REP_RECUP00004.asd;B1;EMB48;IRRIG;D10M;manha;D10
1;BR16+CD202;EMB48;teste;1193;B1_EMB48_IRR_REP_RECUP00005.asd;B1;EMB48;IRRIG;D10M;manha;D10
1;BR16+CD202;EMB48;teste;1194;B1_EMB48_IRR_REP_RECUP00006.asd;B1;EMB48;IRRIG;D10M;manha;D10
1;BR16+CD202;EMB48;teste;1195;B1_EMB48_IRR_REP_RECUP00007.asd;B1;EMB48;IRRIG;D10M;manha;D10
1;BR16+CD202;EMB48;teste;1196;B1_EMB48_NIRR_REP_RECUP00000.asd;B1;EMB48;NIRRIG;D10M;manha;D10
1;BR16+CD202;EMB48;teste;1197;B1_EMB48_NIRR_REP_RECUP00001.asd;B1;EMB48;NIRRIG;D10M;manha;D10
1;BR16+CD202;EMB48;teste;1198;B1_EMB48_NIRR_REP_RECUP00002.asd;B1;EMB48;NIRRIG;D10M;manha;D10
1;BR16+CD202;EMB48;teste;1199;B1_EMB48_NIRR_REP_RECUP00003.asd;B1;EMB48;NIRRIG;D10M;manha;D10
1;BR16+CD202;EMB48;teste;1200;B1_EMB48_NIRR_REP_RECUP00004.asd;B1;EMB48;NIRRIG;D10M;manha;D10
1;BR16+CD202;EMB48;teste;1201;B1_EMB48_NIRR_REP_RECUP00005.asd;B1;EMB48;NIRRIG;D10M;manha;D10
1;BR16+CD202;EMB48;teste;1202;B1_EMB48_NIRR_REP_RECUP00006.asd;B1;EMB48;NIRRIG;D10M;manha;D10
1;BR16+CD202;EMB48;teste;1203;B1_EMB48_NIRR_REP_RECUP00007.asd;B1;EMB48;NIRRIG;D10M;manha;D10
1;BR16+CD202;EMB48;teste;1236;B2_EMB48_IRR_REP_RECUP00000.asd;B2;EMB48;IRRIG;D10M;manha;D10
1;BR16+CD202;EMB48;teste;1237;B2_EMB48_IRR_REP_RECUP00001.asd;B2;EMB48;IRRIG;D10M;manha;D10
1;BR16+CD202;EMB48;teste;1238;B2_EMB48_IRR_REP_RECUP00002.asd;B2;EMB48;IRRIG;D10M;manha;D10
1;BR16+CD202;EMB48;teste;1239;B2_EMB48_IRR_REP_RECUP00003.asd;B2;EMB48;IRRIG;D10M;manha;D10
1;BR16+CD202;EMB48;teste;1240;B2_EMB48_IRR_REP_RECUP00004.asd;B2;EMB48;IRRIG;D10M;manha;D10
1;BR16+CD202;EMB48;teste;1241;B2_EMB48_IRR_REP_RECUP00005.asd;B2;EMB48;IRRIG;D10M;manha;D10
1;BR16+CD202;EMB48;teste;1242;B2_EMB48_IRR_REP_RECUP00006.asd;B2;EMB48;IRRIG;D10M;manha;D10
1;BR16+CD202;EMB48;teste;1243;B2_EMB48_IRR_REP_RECUP00007.asd;B2;EMB48;IRRIG;D10M;manha;D10
1;BR16+CD202;EMB48;teste;1244;B2_EMB48_NIRR_REP_RECUP00000.asd;B2;EMB48;NIRRIG;D10M;manha;D10
1;BR16+CD202;EMB48;teste;1245;B2_EMB48_NIRR_REP_RECUP00001.asd;B2;EMB48;NIRRIG;D10M;manha;D10
1;BR16+CD202;EMB48;teste;1246;B2_EMB48_NIRR_REP_RECUP00002.asd;B2;EMB48;NIRRIG;D10M;manha;D10
1;BR16+CD202;EMB48;teste;1247;B2_EMB48_NIRR_REP_RECUP00003.asd;B2;EMB48;NIRRIG;D10M;manha;D10
1;BR16+CD202;EMB48;teste;1248;B2_EMB48_NIRR_REP_RECUP00004.asd;B2;EMB48;NIRRIG;D10M;manha;D10
1;BR16+CD202;EMB48;teste;1249;B2_EMB48_NIRR_REP_RECUP00005.asd;B2;EMB48;NIRRIG;D10M;manha;D10
1;BR16+CD202;EMB48;teste;1250;B2_EMB48_NIRR_REP_RECUP00006.asd;B2;EMB48;NIRRIG;D10M;manha;D10
1;BR16+CD202;EMB48;teste;1251;B2_EMB48_NIRR_REP_RECUP00007.asd;B2;EMB48;NIRRIG;D10M;manha;D10
1;BR16+CD202;EMB48;teste;1284;B3_EMB48_IRR_REP_RECUP00000.asd;B3;EMB48;IRRIG;D10M;manha;D10
1;BR16+CD202;EMB48;teste;1285;B3_EMB48_IRR_REP_RECUP00001.asd;B3;EMB48;IRRIG;D10M;manha;D10
1;BR16+CD202;EMB48;teste;1286;B3_EMB48_IRR_REP_RECUP00002.asd;B3;EMB48;IRRIG;D10M;manha;D10
1;BR16+CD202;EMB48;teste;1287;B3_EMB48_IRR_REP_RECUP00003.asd;B3;EMB48;IRRIG;D10M;manha;D10
1;BR16+CD202;EMB48;teste;1288;B3_EMB48_IRR_REP_RECUP00004.asd;B3;EMB48;IRRIG;D10M;manha;D10
1;BR16+CD202;EMB48;teste;1289;B3_EMB48_IRR_REP_RECUP00005.asd;B3;EMB48;IRRIG;D10M;manha;D10
1;BR16+CD202;EMB48;teste;1290;B3_EMB48_IRR_REP_RECUP00006.asd;B3;EMB48;IRRIG;D10M;manha;D10
1;BR16+CD202;EMB48;teste;1291;B3_EMB48_IRR_REP_RECUP00007.asd;B3;EMB48;IRRIG;D10M;manha;D10
1;BR16+CD202;EMB48;teste;1292;B3_EMB48_NIRR_REP_RECUP00000.asd;B3;EMB48;NIRRIG;D10M;manha;D10
1;BR16+CD202;EMB48;teste;1293;B3_EMB48_NIRR_REP_RECUP00001.asd;B3;EMB48;NIRRIG;D10M;manha;D10
1;BR16+CD202;EMB48;teste;1294;B3_EMB48_NIRR_REP_RECUP00002.asd;B3;EMB48;NIRRIG;D10M;manha;D10
1;BR16+CD202;EMB48;teste;1295;B3_EMB48_NIRR_REP_RECUP00003.asd;B3;EMB48;NIRRIG;D10M;manha;D10
1;BR16+CD202;EMB48;teste;1296;B3_EMB48_NIRR_REP_RECUP00004.asd;B3;EMB48;NIRRIG;D10M;manha;D10
1;BR16+CD202;EMB48;teste;1297;B3_EMB48_NIRR_REP_RECUP00005.asd;B3;EMB48;NIRRIG;D10M;manha;D10
1;BR16+CD202;EMB48;teste;1298;B3_EMB48_NIRR_REP_RECUP00006.asd;B3;EMB48;NIRRIG;D10M;manha;D10
1;BR16+CD202;EMB48;teste;1299;B3_EMB48_NIRR_REP_RECUP00007.asd;B3;EMB48;NIRRIG;D10M;manha;D10
1;BR16+CD202;EMB48;teste;1332;B4_EMB48_IRR_REP_RECUP00000.asd;B4;EMB48;IRRIG;D10M;manha;D10
1;BR16+CD202;EMB48;teste;1333;B4_EMB48_IRR_REP_RECUP00001.asd;B4;EMB48;IRRIG;D10M;manha;D10
1;BR16+CD202;EMB48;teste;1334;B4_EMB48_IRR_REP_RECUP00002.asd;B4;EMB48;IRRIG;D10M;manha;D10
1;BR16+CD202;EMB48;teste;1335;B4_EMB48_IRR_REP_RECUP00003.asd;B4;EMB48;IRRIG;D10M;manha;D10
1;BR16+CD202;EMB48;teste;1336;B4_EMB48_IRR_REP_RECUP00004.asd;B4;EMB48;IRRIG;D10M;manha;D10
1;BR16+CD202;EMB48;teste;1337;B4_EMB48_IRR_REP_RECUP00005.asd;B4;EMB48;IRRIG;D10M;manha;D10
1;BR16+CD202;EMB48;teste;1338;B4_EMB48_IRR_REP_RECUP00006.asd;B4;EMB48;IRRIG;D10M;manha;D10
1;BR16+CD202;EMB48;teste;1339;B4_EMB48_IRR_REP_RECUP00007.asd;B4;EMB48;IRRIG;D10M;manha;D10
1;BR16+CD202;EMB48;teste;1340;B4_EMB48_NIRR_REP_RECUP00000.asd;B4;EMB48;NIRRIG;D10M;manha;D10
1;BR16+CD202;EMB48;teste;1341;B4_EMB48_NIRR_REP_RECUP00001.asd;B4;EMB48;NIRRIG;D10M;manha;D10
1;BR16+CD202;EMB48;teste;1342;B4_EMB48_NIRR_REP_RECUP00002.asd;B4;EMB48;NIRRIG;D10M;manha;D10
1;BR16+CD202;EMB48;teste;1343;B4_EMB48_NIRR_REP_RECUP00003.asd;B4;EMB48;NIRRIG;D10M;manha;D10
1;BR16+CD202;EMB48;teste;1344;B4_EMB48_NIRR_REP_RECUP00004.asd;B4;EMB48;NIRRIG;D10M;manha;D10
1;BR16+CD202;EMB48;teste;1345;B4_EMB48_NIRR_REP_RECUP00005.asd;B4;EMB48;NIRRIG;D10M;manha;D10
1;BR16+CD202;EMB48;teste;1346;B4_EMB48_NIRR_REP_RECUP00006.asd;B4;EMB48;NIRRIG;D10M;manha;D10
1;BR16+CD202;EMB48;teste;1347;B4_EMB48_NIRR_REP_RECUP00007.asd;B4;EMB48;NIRRIG;D10M;manha;D10
2;BR16+EMB48;CD202;treino;1156;B1_BR16_IRR_REP_RECUP00000.asd;B1;BR16;IRRIG;D10M;manha;D10
2;BR16+EMB48;CD202;treino;1157;B1_BR16_IRR_REP_RECUP00001.asd;B1;BR16;IRRIG;D10M;manha;D10
2;BR16+EMB48;CD202;treino;1158;B1_BR16_IRR_REP_RECUP00002.asd;B1;BR16;IRRIG;D10M;manha;D10
2;BR16+EMB48;CD202;treino;1159;B1_BR16_IRR_REP_RECUP00003.asd;B1;BR16;IRRIG;D10M;manha;D10
2;BR16+EMB48;CD202;treino;1160;B1_BR16_IRR_REP_RECUP00004.asd;B1;BR16;IRRIG;D10M;manha;D10
2;BR16+EMB48;CD202;treino;1161;B1_BR16_IRR_REP_RECUP00005.asd;B1;BR16;IRRIG;D10M;manha;D10
2;BR16+EMB48;CD202;treino;1162;B1_BR16_IRR_REP_RECUP00006.asd;B1;BR16;IRRIG;D10M;manha;D10
2;BR16+EMB48;CD202;treino;1163;B1_BR16_IRR_REP_RECUP00007.asd;B1;BR16;IRRIG;D10M;manha;D10
2;BR16+EMB48;CD202;treino;1164;B1_BR16_NIRR_REP_RECUP00000.asd;B1;BR16;NIRRIG;D10M;manha;D10
2;BR16+EMB48;CD202;treino;1165;B1_BR16_NIRR_REP_RECUP00001.asd;B1;BR16;NIRRIG;D10M;manha;D10
2;BR16+EMB48;CD202;treino;1166;B1_BR16_NIRR_REP_RECUP00002.asd;B1;BR16;NIRRIG;D10M;manha;D10
2;BR16+EMB48;CD202;treino;1167;B1_BR16_NIRR_REP_RECUP00003.asd;B1;BR16;NIRRIG;D10M;manha;D10
2;BR16+EMB48;CD202;treino;1168;B1_BR16_NIRR_REP_RECUP00004.asd;B1;BR16;NIRRIG;D10M;manha;D10
2;BR16+EMB48;CD202;treino;1169;B1_BR16_NIRR_REP_RECUP00005.asd;B1;BR16;NIRRIG;D10M;manha;D10
2;BR16+EMB48;CD202;treino;1170;B1_BR16_NIRR_REP_RECUP00006.asd;B1;BR16;NIRRIG;D10M;manha;D10
2;BR16+EMB48;CD202;treino;1171;B1_BR16_NIRR_REP_RECUP00007.asd;B1;BR16;NIRRIG;D10M;manha;D10
2;BR16+EMB48;CD202;treino;1188;B1_EMB48_IRR_REP_RECUP00000.asd;B1;EMB48;IRRIG;D10M;manha;D10
2;BR16+EMB48;CD202;treino;1189;B1_EMB48_IRR_REP_RECUP00001.asd;B1;EMB48;IRRIG;D10M;manha;D10
2;BR16+EMB48;CD202;treino;1190;B1_EMB48_IRR_REP_RECUP00002.asd;B1;EMB48;IRRIG;D10M;manha;D10
2;BR16+EMB48;CD202;treino;1191;B1_EMB48_IRR_REP_RECUP00003.asd;B1;EMB48;IRRIG;D10M;manha;D10
2;BR16+EMB48;CD202;treino;1192;B1_EMB48_IRR_REP_RECUP00004.asd;B1;EMB48;IRRIG;D10M;manha;D10
2;BR16+EMB48;CD202;treino;1193;B1_EMB48_IRR_REP_RECUP00005.asd;B1;EMB48;IRRIG;D10M;manha;D10
2;BR16+EMB48;CD202;treino;1194;B1_EMB48_IRR_REP_RECUP00006.asd;B1;EMB48;IRRIG;D10M;manha;D10
2;BR16+EMB48;CD202;treino;1195;B1_EMB48_IRR_REP_RECUP00007.asd;B1;EMB48;IRRIG;D10M;manha;D10
2;BR16+EMB48;CD202;treino;1196;B1_EMB48_NIRR_REP_RECUP00000.asd;B1;EMB48;NIRRIG;D10M;manha;D10
2;BR16+EMB48;CD202;treino;1197;B1_EMB48_NIRR_REP_RECUP00001.asd;B1;EMB48;NIRRIG;D10M;manha;D10
2;BR16+EMB48;CD202;treino;1198;B1_EMB48_NIRR_REP_RECUP00002.asd;B1;EMB48;NIRRIG;D10M;manha;D10
2;BR16+EMB48;CD202;treino;1199;B1_EMB48_NIRR_REP_RECUP00003.asd;B1;EMB48;NIRRIG;D10M;manha;D10
2;BR16+EMB48;CD202;treino;1200;B1_EMB48_NIRR_REP_RECUP00004.asd;B1;EMB48;NIRRIG;D10M;manha;D10
2;BR16+EMB48;CD202;treino;1201;B1_EMB48_NIRR_REP_RECUP00005.asd;B1;EMB48;NIRRIG;D10M;manha;D10
2;BR16+EMB48;CD202;treino;1202;B1_EMB48_NIRR_REP_RECUP00006.asd;B1;EMB48;NIRRIG;D10M;manha;D10
2;BR16+EMB48;CD202;treino;1203;B1_EMB48_NIRR_REP_RECUP00007.asd;B1;EMB48;NIRRIG;D10M;manha;D10
2;BR16+EMB48;CD202;treino;1204;B2_BR16_IRR_REP_RECUP00000.asd;B2;BR16;IRRIG;D10M;manha;D10
2;BR16+EMB48;CD202;treino;1205;B2_BR16_IRR_REP_RECUP00001.asd;B2;BR16;IRRIG;D10M;manha;D10
2;BR16+EMB48;CD202;treino;1206;B2_BR16_IRR_REP_RECUP00002.asd;B2;BR16;IRRIG;D10M;manha;D10
2;BR16+EMB48;CD202;treino;1207;B2_BR16_IRR_REP_RECUP00003.asd;B2;BR16;IRRIG;D10M;manha;D10
2;BR16+EMB48;CD202;treino;1208;B2_BR16_IRR_REP_RECUP00004.asd;B2;BR16;IRRIG;D10M;manha;D10
2;BR16+EMB48;CD202;treino;1209;B2_BR16_IRR_REP_RECUP00005.asd;B2;BR16;IRRIG;D10M;manha;D10
2;BR16+EMB48;CD202;treino;1210;B2_BR16_IRR_REP_RECUP00006.asd;B2;BR16;IRRIG;D10M;manha;D10
2;BR16+EMB48;CD202;treino;1211;B2_BR16_IRR_REP_RECUP00007.asd;B2;BR16;IRRIG;D10M;manha;D10
2;BR16+EMB48;CD202;treino;1212;B2_BR16_NIRR_REP_RECUP00000.asd;B2;BR16;NIRRIG;D10M;manha;D10
2;BR16+EMB48;CD202;treino;1213;B2_BR16_NIRR_REP_RECUP00001.asd;B2;BR16;NIRRIG;D10M;manha;D10
2;BR16+EMB48;CD202;treino;1214;B2_BR16_NIRR_REP_RECUP00002.asd;B2;BR16;NIRRIG;D10M;manha;D10
2;BR16+EMB48;CD202;treino;1215;B2_BR16_NIRR_REP_RECUP00003.asd;B2;BR16;NIRRIG;D10M;manha;D10
2;BR16+EMB48;CD202;treino;1216;B2_BR16_NIRR_REP_RECUP00004.asd;B2;BR16;NIRRIG;D10M;manha;D10
2;BR16+EMB48;CD202;treino;1217;B2_BR16_NIRR_REP_RECUP00005.asd;B2;BR16;NIRRIG;D10M;manha;D10
2;BR16+EMB48;CD202;treino;1218;B2_BR16_NIRR_REP_RECUP00006.asd;B2;BR16;NIRRIG;D10M;manha;D10
2;BR16+EMB48;CD202;treino;1219;B2_BR16_NIRR_REP_RECUP00007.asd;B2;BR16;NIRRIG;D10M;manha;D10
2;BR16+EMB48;CD202;treino;1236;B2_EMB48_IRR_REP_RECUP00000.asd;B2;EMB48;IRRIG;D10M;manha;D10
2;BR16+EMB48;CD202;treino;1237;B2_EMB48_IRR_REP_RECUP00001.asd;B2;EMB48;IRRIG;D10M;manha;D10
2;BR16+EMB48;CD202;treino;1238;B2_EMB48_IRR_REP_RECUP00002.asd;B2;EMB48;IRRIG;D10M;manha;D10
2;BR16+EMB48;CD202;treino;1239;B2_EMB48_IRR_REP_RECUP00003.asd;B2;EMB48;IRRIG;D10M;manha;D10
2;BR16+EMB48;CD202;treino;1240;B2_EMB48_IRR_REP_RECUP00004.asd;B2;EMB48;IRRIG;D10M;manha;D10
2;BR16+EMB48;CD202;treino;1241;B2_EMB48_IRR_REP_RECUP00005.asd;B2;EMB48;IRRIG;D10M;manha;D10
2;BR16+EMB48;CD202;treino;1242;B2_EMB48_IRR_REP_RECUP00006.asd;B2;EMB48;IRRIG;D10M;manha;D10
2;BR16+EMB48;CD202;treino;1243;B2_EMB48_IRR_REP_RECUP00007.asd;B2;EMB48;IRRIG;D10M;manha;D10
2;BR16+EMB48;CD202;treino;1244;B2_EMB48_NIRR_REP_RECUP00000.asd;B2;EMB48;NIRRIG;D10M;manha;D10
2;BR16+EMB48;CD202;treino;1245;B2_EMB48_NIRR_REP_RECUP00001.asd;B2;EMB48;NIRRIG;D10M;manha;D10
2;BR16+EMB48;CD202;treino;1246;B2_EMB48_NIRR_REP_RECUP00002.asd;B2;EMB48;NIRRIG;D10M;manha;D10
2;BR16+EMB48;CD202;treino;1247;B2_EMB48_NIRR_REP_RECUP00003.asd;B2;EMB48;NIRRIG;D10M;manha;D10
2;BR16+EMB48;CD202;treino;1248;B2_EMB48_NIRR_REP_RECUP00004.asd;B2;EMB48;NIRRIG;D10M;manha;D10
2;BR16+EMB48;CD202;treino;1249;B2_EMB48_NIRR_REP_RECUP00005.asd;B2;EMB48;NIRRIG;D10M;manha;D10
2;BR16+EMB48;CD202;treino;1250;B2_EMB48_NIRR_REP_RECUP00006.asd;B2;EMB48;NIRRIG;D10M;manha;D10
2;BR16+EMB48;CD202;treino;1251;B2_EMB48_NIRR_REP_RECUP00007.asd;B2;EMB48;NIRRIG;D10M;manha;D10
2;BR16+EMB48;CD202;treino;1252;B3_BR16_IRR_REP_RECUP00000.asd;B3;BR16;IRRIG;D10M;manha;D10
2;BR16+EMB48;CD202;treino;1253;B3_BR16_IRR_REP_RECUP00001.asd;B3;BR16;IRRIG;D10M;manha;D10
2;BR16+EMB48;CD202;treino;1254;B3_BR16_IRR_REP_RECUP00002.asd;B3;BR16;IRRIG;D10M;manha;D10
2;BR16+EMB48;CD202;treino;1255;B3_BR16_IRR_REP_RECUP00003.asd;B3;BR16;IRRIG;D10M;manha;D10
2;BR16+EMB48;CD202;treino;1256;B3_BR16_IRR_REP_RECUP00004.asd;B3;BR16;IRRIG;D10M;manha;D10
2;BR16+EMB48;CD202;treino;1257;B3_BR16_IRR_REP_RECUP00005.asd;B3;BR16;IRRIG;D10M;manha;D10
2;BR16+EMB48;CD202;treino;1258;B3_BR16_IRR_REP_RECUP00006.asd;B3;BR16;IRRIG;D10M;manha;D10
2;BR16+EMB48;CD202;treino;1259;B3_BR16_IRR_REP_RECUP00007.asd;B3;BR16;IRRIG;D10M;manha;D10
2;BR16+EMB48;CD202;treino;1260;B3_BR16_NIRR_REP_RECUP00000.asd;B3;BR16;NIRRIG;D10M;manha;D10
2;BR16+EMB48;CD202;treino;1261;B3_BR16_NIRR_REP_RECUP00001.asd;B3;BR16;NIRRIG;D10M;manha;D10
2;BR16+EMB48;CD202;treino;1262;B3_BR16_NIRR_REP_RECUP00002.asd;B3;BR16;NIRRIG;D10M;manha;D10
2;BR16+EMB48;CD202;treino;1263;B3_BR16_NIRR_REP_RECUP00003.asd;B3;BR16;NIRRIG;D10M;manha;D10
2;BR16+EMB48;CD202;treino;1264;B3_BR16_NIRR_REP_RECUP00004.asd;B3;BR16;NIRRIG;D10M;manha;D10
2;BR16+EMB48;CD202;treino;1265;B3_BR16_NIRR_REP_RECUP00005.asd;B3;BR16;NIRRIG;D10M;manha;D10
2;BR16+EMB48;CD202;treino;1266;B3_BR16_NIRR_REP_RECUP00006.asd;B3;BR16;NIRRIG;D10M;manha;D10
2;BR16+EMB48;CD202;treino;1267;B3_BR16_NIRR_REP_RECUP00007.asd;B3;BR16;NIRRIG;D10M;manha;D10
2;BR16+EMB48;CD202;treino;1284;B3_EMB48_IRR_REP_RECUP00000.asd;B3;EMB48;IRRIG;D10M;manha;D10
2;BR16+EMB48;CD202;treino;1285;B3_EMB48_IRR_REP_RECUP00001.asd;B3;EMB48;IRRIG;D10M;manha;D10
2;BR16+EMB48;CD202;treino;1286;B3_EMB48_IRR_REP_RECUP00002.asd;B3;EMB48;IRRIG;D10M;manha;D10
2;BR16+EMB48;CD202;treino;1287;B3_EMB48_IRR_REP_RECUP00003.asd;B3;EMB48;IRRIG;D10M;manha;D10
2;BR16+EMB48;CD202;treino;1288;B3_EMB48_IRR_REP_RECUP00004.asd;B3;EMB48;IRRIG;D10M;manha;D10
2;BR16+EMB48;CD202;treino;1289;B3_EMB48_IRR_REP_RECUP00005.asd;B3;EMB48;IRRIG;D10M;manha;D10
2;BR16+EMB48;CD202;treino;1290;B3_EMB48_IRR_REP_RECUP00006.asd;B3;EMB48;IRRIG;D10M;manha;D10
2;BR16+EMB48;CD202;treino;1291;B3_EMB48_IRR_REP_RECUP00007.asd;B3;EMB48;IRRIG;D10M;manha;D10
2;BR16+EMB48;CD202;treino;1292;B3_EMB48_NIRR_REP_RECUP00000.asd;B3;EMB48;NIRRIG;D10M;manha;D10
2;BR16+EMB48;CD202;treino;1293;B3_EMB48_NIRR_REP_RECUP00001.asd;B3;EMB48;NIRRIG;D10M;manha;D10
2;BR16+EMB48;CD202;treino;1294;B3_EMB48_NIRR_REP_RECUP00002.asd;B3;EMB48;NIRRIG;D10M;manha;D10
2;BR16+EMB48;CD202;treino;1295;B3_EMB48_NIRR_REP_RECUP00003.asd;B3;EMB48;NIRRIG;D10M;manha;D10
2;BR16+EMB48;CD202;treino;1296;B3_EMB48_NIRR_REP_RECUP00004.asd;B3;EMB48;NIRRIG;D10M;manha;D10
2;BR16+EMB48;CD202;treino;1297;B3_EMB48_NIRR_REP_RECUP00005.asd;B3;EMB48;NIRRIG;D10M;manha;D10
2;BR16+EMB48;CD202;treino;1298;B3_EMB48_NIRR_REP_RECUP00006.asd;B3;EMB48;NIRRIG;D10M;manha;D10
2;BR16+EMB48;CD202;treino;1299;B3_EMB48_NIRR_REP_RECUP00007.asd;B3;EMB48;NIRRIG;D10M;manha;D10
2;BR16+EMB48;CD202;treino;1300;B4_BR16_IRR_REP_RECUP00000.asd;B4;BR16;IRRIG;D10M;manha;D10
2;BR16+EMB48;CD202;treino;1301;B4_BR16_IRR_REP_RECUP00001.asd;B4;BR16;IRRIG;D10M;manha;D10
2;BR16+EMB48;CD202;treino;1302;B4_BR16_IRR_REP_RECUP00002.asd;B4;BR16;IRRIG;D10M;manha;D10
2;BR16+EMB48;CD202;treino;1303;B4_BR16_IRR_REP_RECUP00003.asd;B4;BR16;IRRIG;D10M;manha;D10
2;BR16+EMB48;CD202;treino;1304;B4_BR16_IRR_REP_RECUP00004.asd;B4;BR16;IRRIG;D10M;manha;D10
2;BR16+EMB48;CD202;treino;1305;B4_BR16_IRR_REP_RECUP00005.asd;B4;BR16;IRRIG;D10M;manha;D10
2;BR16+EMB48;CD202;treino;1306;B4_BR16_IRR_REP_RECUP00006.asd;B4;BR16;IRRIG;D10M;manha;D10
2;BR16+EMB48;CD202;treino;1307;B4_BR16_IRR_REP_RECUP00007.asd;B4;BR16;IRRIG;D10M;manha;D10
2;BR16+EMB48;CD202;treino;1308;B4_BR16_NIRR_REP_RECUP00000.asd;B4;BR16;NIRRIG;D10M;manha;D10
2;BR16+EMB48;CD202;treino;1309;B4_BR16_NIRR_REP_RECUP00001.asd;B4;BR16;NIRRIG;D10M;manha;D10
2;BR16+EMB48;CD202;treino;1310;B4_BR16_NIRR_REP_RECUP00002.asd;B4;BR16;NIRRIG;D10M;manha;D10
2;BR16+EMB48;CD202;treino;1311;B4_BR16_NIRR_REP_RECUP00003.asd;B4;BR16;NIRRIG;D10M;manha;D10
2;BR16+EMB48;CD202;treino;1312;B4_BR16_NIRR_REP_RECUP00004.asd;B4;BR16;NIRRIG;D10M;manha;D10
2;BR16+EMB48;CD202;treino;1313;B4_BR16_NIRR_REP_RECUP00005.asd;B4;BR16;NIRRIG;D10M;manha;D10
2;BR16+EMB48;CD202;treino;1314;B4_BR16_NIRR_REP_RECUP00006.asd;B4;BR16;NIRRIG;D10M;manha;D10
2;BR16+EMB48;CD202;treino;1315;B4_BR16_NIRR_REP_RECUP00007.asd;B4;BR16;NIRRIG;D10M;manha;D10
2;BR16+EMB48;CD202;treino;1332;B4_EMB48_IRR_REP_RECUP00000.asd;B4;EMB48;IRRIG;D10M;manha;D10
2;BR16+EMB48;CD202;treino;1333;B4_EMB48_IRR_REP_RECUP00001.asd;B4;EMB48;IRRIG;D10M;manha;D10
2;BR16+EMB48;CD202;treino;1334;B4_EMB48_IRR_REP_RECUP00002.asd;B4;EMB48;IRRIG;D10M;manha;D10
2;BR16+EMB48;CD202;treino;1335;B4_EMB48_IRR_REP_RECUP00003.asd;B4;EMB48;IRRIG;D10M;manha;D10
2;BR16+EMB48;CD202;treino;1336;B4_EMB48_IRR_REP_RECUP00004.asd;B4;EMB48;IRRIG;D10M;manha;D10
2;BR16+EMB48;CD202;treino;1337;B4_EMB48_IRR_REP_RECUP00005.asd;B4;EMB48;IRRIG;D10M;manha;D10
2;BR16+EMB48;CD202;treino;1338;B4_EMB48_IRR_REP_RECUP00006.asd;B4;EMB48;IRRIG;D10M;manha;D10
2;BR16+EMB48;CD202;treino;1339;B4_EMB48_IRR_REP_RECUP00007.asd;B4;EMB48;IRRIG;D10M;manha;D10
2;BR16+EMB48;CD202;treino;1340;B4_EMB48_NIRR_REP_RECUP00000.asd;B4;EMB48;NIRRIG;D10M;manha;D10
2;BR16+EMB48;CD202;treino;1341;B4_EMB48_NIRR_REP_RECUP00001.asd;B4;EMB48;NIRRIG;D10M;manha;D10
2;BR16+EMB48;CD202;treino;1342;B4_EMB48_NIRR_REP_RECUP00002.asd;B4;EMB48;NIRRIG;D10M;manha;D10
2;BR16+EMB48;CD202;treino;1343;B4_EMB48_NIRR_REP_RECUP00003.asd;B4;EMB48;NIRRIG;D10M;manha;D10
2;BR16+EMB48;CD202;treino;1344;B4_EMB48_NIRR_REP_RECUP00004.asd;B4;EMB48;NIRRIG;D10M;manha;D10
2;BR16+EMB48;CD202;treino;1345;B4_EMB48_NIRR_REP_RECUP00005.asd;B4;EMB48;NIRRIG;D10M;manha;D10
2;BR16+EMB48;CD202;treino;1346;B4_EMB48_NIRR_REP_RECUP00006.asd;B4;EMB48;NIRRIG;D10M;manha;D10
2;BR16+EMB48;CD202;treino;1347;B4_EMB48_NIRR_REP_RECUP00007.asd;B4;EMB48;NIRRIG;D10M;manha;D10
2;BR16+EMB48;CD202;teste;1172;B1_CD202_IRR_REP_RECUP00000.asd;B1;CD202;IRRIG;D10M;manha;D10
2;BR16+EMB48;CD202;teste;1173;B1_CD202_IRR_REP_RECUP00001.asd;B1;CD202;IRRIG;D10M;manha;D10
2;BR16+EMB48;CD202;teste;1174;B1_CD202_IRR_REP_RECUP00002.asd;B1;CD202;IRRIG;D10M;manha;D10
2;BR16+EMB48;CD202;teste;1175;B1_CD202_IRR_REP_RECUP00003.asd;B1;CD202;IRRIG;D10M;manha;D10
2;BR16+EMB48;CD202;teste;1176;B1_CD202_IRR_REP_RECUP00004.asd;B1;CD202;IRRIG;D10M;manha;D10
2;BR16+EMB48;CD202;teste;1177;B1_CD202_IRR_REP_RECUP00005.asd;B1;CD202;IRRIG;D10M;manha;D10
2;BR16+EMB48;CD202;teste;1178;B1_CD202_IRR_REP_RECUP00006.asd;B1;CD202;IRRIG;D10M;manha;D10
2;BR16+EMB48;CD202;teste;1179;B1_CD202_IRR_REP_RECUP00007.asd;B1;CD202;IRRIG;D10M;manha;D10
2;BR16+EMB48;CD202;teste;1180;B1_CD202_NIRR_REP_RECUP00000.asd;B1;CD202;NIRRIG;D10M;manha;D10
2;BR16+EMB48;CD202;teste;1181;B1_CD202_NIRR_REP_RECUP00001.asd;B1;CD202;NIRRIG;D10M;manha;D10
2;BR16+EMB48;CD202;teste;1182;B1_CD202_NIRR_REP_RECUP00002.asd;B1;CD202;NIRRIG;D10M;manha;D10
2;BR16+EMB48;CD202;teste;1183;B1_CD202_NIRR_REP_RECUP00003.asd;B1;CD202;NIRRIG;D10M;manha;D10
2;BR16+EMB48;CD202;teste;1184;B1_CD202_NIRR_REP_RECUP00004.asd;B1;CD202;NIRRIG;D10M;manha;D10
2;BR16+EMB48;CD202;teste;1185;B1_CD202_NIRR_REP_RECUP00005.asd;B1;CD202;NIRRIG;D10M;manha;D10
2;BR16+EMB48;CD202;teste;1186;B1_CD202_NIRR_REP_RECUP00006.asd;B1;CD202;NIRRIG;D10M;manha;D10
2;BR16+EMB48;CD202;teste;1187;B1_CD202_NIRR_REP_RECUP00007.asd;B1;CD202;NIRRIG;D10M;manha;D10
2;BR16+EMB48;CD202;teste;1220;B2_CD202_IRR_REP_RECUP00000.asd;B2;CD202;IRRIG;D10M;manha;D10
2;BR16+EMB48;CD202;teste;1221;B2_CD202_IRR_REP_RECUP00001.asd;B2;CD202;IRRIG;D10M;manha;D10
2;BR16+EMB48;CD202;teste;1222;B2_CD202_IRR_REP_RECUP00002.asd;B2;CD202;IRRIG;D10M;manha;D10
2;BR16+EMB48;CD202;teste;1223;B2_CD202_IRR_REP_RECUP00003.asd;B2;CD202;IRRIG;D10M;manha;D10
2;BR16+EMB48;CD202;teste;1224;B2_CD202_IRR_REP_RECUP00004.asd;B2;CD202;IRRIG;D10M;manha;D10
2;BR16+EMB48;CD202;teste;1225;B2_CD202_IRR_REP_RECUP00005.asd;B2;CD202;IRRIG;D10M;manha;D10
2;BR16+EMB48;CD202;teste;1226;B2_CD202_IRR_REP_RECUP00006.asd;B2;CD202;IRRIG;D10M;manha;D10
2;BR16+EMB48;CD202;teste;1227;B2_CD202_IRR_REP_RECUP00007.asd;B2;CD202;IRRIG;D10M;manha;D10
2;BR16+EMB48;CD202;teste;1228;B2_CD202_NIRR_REP_RECUP00008.asd;B2;CD202;NIRRIG;D10M;manha;D10
2;BR16+EMB48;CD202;teste;1229;B2_CD202_NIRR_REP_RECUP00009.asd;B2;CD202;NIRRIG;D10M;manha;D10
2;BR16+EMB48;CD202;teste;1230;B2_CD202_NIRR_REP_RECUP00010.asd;B2;CD202;NIRRIG;D10M;manha;D10
2;BR16+EMB48;CD202;teste;1231;B2_CD202_NIRR_REP_RECUP00011.asd;B2;CD202;NIRRIG;D10M;manha;D10
2;BR16+EMB48;CD202;teste;1232;B2_CD202_NIRR_REP_RECUP00012.asd;B2;CD202;NIRRIG;D10M;manha;D10
2;BR16+EMB48;CD202;teste;1233;B2_CD202_NIRR_REP_RECUP00013.asd;B2;CD202;NIRRIG;D10M;manha;D10
2;BR16+EMB48;CD202;teste;1234;B2_CD202_NIRR_REP_RECUP00014.asd;B2;CD202;NIRRIG;D10M;manha;D10
2;BR16+EMB48;CD202;teste;1235;B2_CD202_NIRR_REP_RECUP00015.asd;B2;CD202;NIRRIG;D10M;manha;D10
2;BR16+EMB48;CD202;teste;1268;B3_CD202_IRR_REP_RECUP00000.asd;B3;CD202;IRRIG;D10M;manha;D10
2;BR16+EMB48;CD202;teste;1269;B3_CD202_IRR_REP_RECUP00001.asd;B3;CD202;IRRIG;D10M;manha;D10
2;BR16+EMB48;CD202;teste;1270;B3_CD202_IRR_REP_RECUP00002.asd;B3;CD202;IRRIG;D10M;manha;D10
2;BR16+EMB48;CD202;teste;1271;B3_CD202_IRR_REP_RECUP00003.asd;B3;CD202;IRRIG;D10M;manha;D10
2;BR16+EMB48;CD202;teste;1272;B3_CD202_IRR_REP_RECUP00004.asd;B3;CD202;IRRIG;D10M;manha;D10
2;BR16+EMB48;CD202;teste;1273;B3_CD202_IRR_REP_RECUP00005.asd;B3;CD202;IRRIG;D10M;manha;D10
2;BR16+EMB48;CD202;teste;1274;B3_CD202_IRR_REP_RECUP00006.asd;B3;CD202;IRRIG;D10M;manha;D10
2;BR16+EMB48;CD202;teste;1275;B3_CD202_IRR_REP_RECUP00007.asd;B3;CD202;IRRIG;D10M;manha;D10
2;BR16+EMB48;CD202;teste;1276;B3_CD202_NIRR_REP_RECUP00000.asd;B3;CD202;NIRRIG;D10M;manha;D10
2;BR16+EMB48;CD202;teste;1277;B3_CD202_NIRR_REP_RECUP00001.asd;B3;CD202;NIRRIG;D10M;manha;D10
2;BR16+EMB48;CD202;teste;1278;B3_CD202_NIRR_REP_RECUP00002.asd;B3;CD202;NIRRIG;D10M;manha;D10
2;BR16+EMB48;CD202;teste;1279;B3_CD202_NIRR_REP_RECUP00003.asd;B3;CD202;NIRRIG;D10M;manha;D10
2;BR16+EMB48;CD202;teste;1280;B3_CD202_NIRR_REP_RECUP00004.asd;B3;CD202;NIRRIG;D10M;manha;D10
2;BR16+EMB48;CD202;teste;1281;B3_CD202_NIRR_REP_RECUP00005.asd;B3;CD202;NIRRIG;D10M;manha;D10
2;BR16+EMB48;CD202;teste;1282;B3_CD202_NIRR_REP_RECUP00006.asd;B3;CD202;NIRRIG;D10M;manha;D10
2;BR16+EMB48;CD202;teste;1283;B3_CD202_NIRR_REP_RECUP00007.asd;B3;CD202;NIRRIG;D10M;manha;D10
2;BR16+EMB48;CD202;teste;1316;B4_CD202_IRR_REP_RECUP00000.asd;B4;CD202;IRRIG;D10M;manha;D10
2;BR16+EMB48;CD202;teste;1317;B4_CD202_IRR_REP_RECUP00001.asd;B4;CD202;IRRIG;D10M;manha;D10
2;BR16+EMB48;CD202;teste;1318;B4_CD202_IRR_REP_RECUP00002.asd;B4;CD202;IRRIG;D10M;manha;D10
2;BR16+EMB48;CD202;teste;1319;B4_CD202_IRR_REP_RECUP00003.asd;B4;CD202;IRRIG;D10M;manha;D10
2;BR16+EMB48;CD202;teste;1320;B4_CD202_IRR_REP_RECUP00004.asd;B4;CD202;IRRIG;D10M;manha;D10
2;BR16+EMB48;CD202;teste;1321;B4_CD202_IRR_REP_RECUP00005.asd;B4;CD202;IRRIG;D10M;manha;D10
2;BR16+EMB48;CD202;teste;1322;B4_CD202_IRR_REP_RECUP00006.asd;B4;CD202;IRRIG;D10M;manha;D10
2;BR16+EMB48;CD202;teste;1323;B4_CD202_IRR_REP_RECUP00007.asd;B4;CD202;IRRIG;D10M;manha;D10
2;BR16+EMB48;CD202;teste;1324;B4_CD202_NIRR_REP_RECUP00000.asd;B4;CD202;NIRRIG;D10M;manha;D10
2;BR16+EMB48;CD202;teste;1325;B4_CD202_NIRR_REP_RECUP00001.asd;B4;CD202;NIRRIG;D10M;manha;D10
2;BR16+EMB48;CD202;teste;1326;B4_CD202_NIRR_REP_RECUP00002.asd;B4;CD202;NIRRIG;D10M;manha;D10
2;BR16+EMB48;CD202;teste;1327;B4_CD202_NIRR_REP_RECUP00003.asd;B4;CD202;NIRRIG;D10M;manha;D10
2;BR16+EMB48;CD202;teste;1328;B4_CD202_NIRR_REP_RECUP00004.asd;B4;CD202;NIRRIG;D10M;manha;D10
2;BR16+EMB48;CD202;teste;1329;B4_CD202_NIRR_REP_RECUP00005.asd;B4;CD202;NIRRIG;D10M;manha;D10
2;BR16+EMB48;CD202;teste;1330;B4_CD202_NIRR_REP_RECUP00006.asd;B4;CD202;NIRRIG;D10M;manha;D10
2;BR16+EMB48;CD202;teste;1331;B4_CD202_NIRR_REP_RECUP00007.asd;B4;CD202;NIRRIG;D10M;manha;D10
3;CD202+EMB48;BR16;treino;1172;B1_CD202_IRR_REP_RECUP00000.asd;B1;CD202;IRRIG;D10M;manha;D10
3;CD202+EMB48;BR16;treino;1173;B1_CD202_IRR_REP_RECUP00001.asd;B1;CD202;IRRIG;D10M;manha;D10
3;CD202+EMB48;BR16;treino;1174;B1_CD202_IRR_REP_RECUP00002.asd;B1;CD202;IRRIG;D10M;manha;D10
3;CD202+EMB48;BR16;treino;1175;B1_CD202_IRR_REP_RECUP00003.asd;B1;CD202;IRRIG;D10M;manha;D10
3;CD202+EMB48;BR16;treino;1176;B1_CD202_IRR_REP_RECUP00004.asd;B1;CD202;IRRIG;D10M;manha;D10
3;CD202+EMB48;BR16;treino;1177;B1_CD202_IRR_REP_RECUP00005.asd;B1;CD202;IRRIG;D10M;manha;D10
3;CD202+EMB48;BR16;treino;1178;B1_CD202_IRR_REP_RECUP00006.asd;B1;CD202;IRRIG;D10M;manha;D10
3;CD202+EMB48;BR16;treino;1179;B1_CD202_IRR_REP_RECUP00007.asd;B1;CD202;IRRIG;D10M;manha;D10
3;CD202+EMB48;BR16;treino;1180;B1_CD202_NIRR_REP_RECUP00000.asd;B1;CD202;NIRRIG;D10M;manha;D10
3;CD202+EMB48;BR16;treino;1181;B1_CD202_NIRR_REP_RECUP00001.asd;B1;CD202;NIRRIG;D10M;manha;D10
3;CD202+EMB48;BR16;treino;1182;B1_CD202_NIRR_REP_RECUP00002.asd;B1;CD202;NIRRIG;D10M;manha;D10
3;CD202+EMB48;BR16;treino;1183;B1_CD202_NIRR_REP_RECUP00003.asd;B1;CD202;NIRRIG;D10M;manha;D10
3;CD202+EMB48;BR16;treino;1184;B1_CD202_NIRR_REP_RECUP00004.asd;B1;CD202;NIRRIG;D10M;manha;D10
3;CD202+EMB48;BR16;treino;1185;B1_CD202_NIRR_REP_RECUP00005.asd;B1;CD202;NIRRIG;D10M;manha;D10
3;CD202+EMB48;BR16;treino;1186;B1_CD202_NIRR_REP_RECUP00006.asd;B1;CD202;NIRRIG;D10M;manha;D10
3;CD202+EMB48;BR16;treino;1187;B1_CD202_NIRR_REP_RECUP00007.asd;B1;CD202;NIRRIG;D10M;manha;D10
3;CD202+EMB48;BR16;treino;1188;B1_EMB48_IRR_REP_RECUP00000.asd;B1;EMB48;IRRIG;D10M;manha;D10
3;CD202+EMB48;BR16;treino;1189;B1_EMB48_IRR_REP_RECUP00001.asd;B1;EMB48;IRRIG;D10M;manha;D10
3;CD202+EMB48;BR16;treino;1190;B1_EMB48_IRR_REP_RECUP00002.asd;B1;EMB48;IRRIG;D10M;manha;D10
3;CD202+EMB48;BR16;treino;1191;B1_EMB48_IRR_REP_RECUP00003.asd;B1;EMB48;IRRIG;D10M;manha;D10
3;CD202+EMB48;BR16;treino;1192;B1_EMB48_IRR_REP_RECUP00004.asd;B1;EMB48;IRRIG;D10M;manha;D10
3;CD202+EMB48;BR16;treino;1193;B1_EMB48_IRR_REP_RECUP00005.asd;B1;EMB48;IRRIG;D10M;manha;D10
3;CD202+EMB48;BR16;treino;1194;B1_EMB48_IRR_REP_RECUP00006.asd;B1;EMB48;IRRIG;D10M;manha;D10
3;CD202+EMB48;BR16;treino;1195;B1_EMB48_IRR_REP_RECUP00007.asd;B1;EMB48;IRRIG;D10M;manha;D10
3;CD202+EMB48;BR16;treino;1196;B1_EMB48_NIRR_REP_RECUP00000.asd;B1;EMB48;NIRRIG;D10M;manha;D10
3;CD202+EMB48;BR16;treino;1197;B1_EMB48_NIRR_REP_RECUP00001.asd;B1;EMB48;NIRRIG;D10M;manha;D10
3;CD202+EMB48;BR16;treino;1198;B1_EMB48_NIRR_REP_RECUP00002.asd;B1;EMB48;NIRRIG;D10M;manha;D10
3;CD202+EMB48;BR16;treino;1199;B1_EMB48_NIRR_REP_RECUP00003.asd;B1;EMB48;NIRRIG;D10M;manha;D10
3;CD202+EMB48;BR16;treino;1200;B1_EMB48_NIRR_REP_RECUP00004.asd;B1;EMB48;NIRRIG;D10M;manha;D10
3;CD202+EMB48;BR16;treino;1201;B1_EMB48_NIRR_REP_RECUP00005.asd;B1;EMB48;NIRRIG;D10M;manha;D10
3;CD202+EMB48;BR16;treino;1202;B1_EMB48_NIRR_REP_RECUP00006.asd;B1;EMB48;NIRRIG;D10M;manha;D10
3;CD202+EMB48;BR16;treino;1203;B1_EMB48_NIRR_REP_RECUP00007.asd;B1;EMB48;NIRRIG;D10M;manha;D10
3;CD202+EMB48;BR16;treino;1220;B2_CD202_IRR_REP_RECUP00000.asd;B2;CD202;IRRIG;D10M;manha;D10
3;CD202+EMB48;BR16;treino;1221;B2_CD202_IRR_REP_RECUP00001.asd;B2;CD202;IRRIG;D10M;manha;D10
3;CD202+EMB48;BR16;treino;1222;B2_CD202_IRR_REP_RECUP00002.asd;B2;CD202;IRRIG;D10M;manha;D10
3;CD202+EMB48;BR16;treino;1223;B2_CD202_IRR_REP_RECUP00003.asd;B2;CD202;IRRIG;D10M;manha;D10
3;CD202+EMB48;BR16;treino;1224;B2_CD202_IRR_REP_RECUP00004.asd;B2;CD202;IRRIG;D10M;manha;D10
3;CD202+EMB48;BR16;treino;1225;B2_CD202_IRR_REP_RECUP00005.asd;B2;CD202;IRRIG;D10M;manha;D10
3;CD202+EMB48;BR16;treino;1226;B2_CD202_IRR_REP_RECUP00006.asd;B2;CD202;IRRIG;D10M;manha;D10
3;CD202+EMB48;BR16;treino;1227;B2_CD202_IRR_REP_RECUP00007.asd;B2;CD202;IRRIG;D10M;manha;D10
3;CD202+EMB48;BR16;treino;1228;B2_CD202_NIRR_REP_RECUP00008.asd;B2;CD202;NIRRIG;D10M;manha;D10
3;CD202+EMB48;BR16;treino;1229;B2_CD202_NIRR_REP_RECUP00009.asd;B2;CD202;NIRRIG;D10M;manha;D10
3;CD202+EMB48;BR16;treino;1230;B2_CD202_NIRR_REP_RECUP00010.asd;B2;CD202;NIRRIG;D10M;manha;D10
3;CD202+EMB48;BR16;treino;1231;B2_CD202_NIRR_REP_RECUP00011.asd;B2;CD202;NIRRIG;D10M;manha;D10
3;CD202+EMB48;BR16;treino;1232;B2_CD202_NIRR_REP_RECUP00012.asd;B2;CD202;NIRRIG;D10M;manha;D10
3;CD202+EMB48;BR16;treino;1233;B2_CD202_NIRR_REP_RECUP00013.asd;B2;CD202;NIRRIG;D10M;manha;D10
3;CD202+EMB48;BR16;treino;1234;B2_CD202_NIRR_REP_RECUP00014.asd;B2;CD202;NIRRIG;D10M;manha;D10
3;CD202+EMB48;BR16;treino;1235;B2_CD202_NIRR_REP_RECUP00015.asd;B2;CD202;NIRRIG;D10M;manha;D10
3;CD202+EMB48;BR16;treino;1236;B2_EMB48_IRR_REP_RECUP00000.asd;B2;EMB48;IRRIG;D10M;manha;D10
3;CD202+EMB48;BR16;treino;1237;B2_EMB48_IRR_REP_RECUP00001.asd;B2;EMB48;IRRIG;D10M;manha;D10
3;CD202+EMB48;BR16;treino;1238;B2_EMB48_IRR_REP_RECUP00002.asd;B2;EMB48;IRRIG;D10M;manha;D10
3;CD202+EMB48;BR16;treino;1239;B2_EMB48_IRR_REP_RECUP00003.asd;B2;EMB48;IRRIG;D10M;manha;D10
3;CD202+EMB48;BR16;treino;1240;B2_EMB48_IRR_REP_RECUP00004.asd;B2;EMB48;IRRIG;D10M;manha;D10
3;CD202+EMB48;BR16;treino;1241;B2_EMB48_IRR_REP_RECUP00005.asd;B2;EMB48;IRRIG;D10M;manha;D10
3;CD202+EMB48;BR16;treino;1242;B2_EMB48_IRR_REP_RECUP00006.asd;B2;EMB48;IRRIG;D10M;manha;D10
3;CD202+EMB48;BR16;treino;1243;B2_EMB48_IRR_REP_RECUP00007.asd;B2;EMB48;IRRIG;D10M;manha;D10
3;CD202+EMB48;BR16;treino;1244;B2_EMB48_NIRR_REP_RECUP00000.asd;B2;EMB48;NIRRIG;D10M;manha;D10
3;CD202+EMB48;BR16;treino;1245;B2_EMB48_NIRR_REP_RECUP00001.asd;B2;EMB48;NIRRIG;D10M;manha;D10
3;CD202+EMB48;BR16;treino;1246;B2_EMB48_NIRR_REP_RECUP00002.asd;B2;EMB48;NIRRIG;D10M;manha;D10
3;CD202+EMB48;BR16;treino;1247;B2_EMB48_NIRR_REP_RECUP00003.asd;B2;EMB48;NIRRIG;D10M;manha;D10
3;CD202+EMB48;BR16;treino;1248;B2_EMB48_NIRR_REP_RECUP00004.asd;B2;EMB48;NIRRIG;D10M;manha;D10
3;CD202+EMB48;BR16;treino;1249;B2_EMB48_NIRR_REP_RECUP00005.asd;B2;EMB48;NIRRIG;D10M;manha;D10
3;CD202+EMB48;BR16;treino;1250;B2_EMB48_NIRR_REP_RECUP00006.asd;B2;EMB48;NIRRIG;D10M;manha;D10
3;CD202+EMB48;BR16;treino;1251;B2_EMB48_NIRR_REP_RECUP00007.asd;B2;EMB48;NIRRIG;D10M;manha;D10
3;CD202+EMB48;BR16;treino;1268;B3_CD202_IRR_REP_RECUP00000.asd;B3;CD202;IRRIG;D10M;manha;D10
3;CD202+EMB48;BR16;treino;1269;B3_CD202_IRR_REP_RECUP00001.asd;B3;CD202;IRRIG;D10M;manha;D10
3;CD202+EMB48;BR16;treino;1270;B3_CD202_IRR_REP_RECUP00002.asd;B3;CD202;IRRIG;D10M;manha;D10
3;CD202+EMB48;BR16;treino;1271;B3_CD202_IRR_REP_RECUP00003.asd;B3;CD202;IRRIG;D10M;manha;D10
3;CD202+EMB48;BR16;treino;1272;B3_CD202_IRR_REP_RECUP00004.asd;B3;CD202;IRRIG;D10M;manha;D10
3;CD202+EMB48;BR16;treino;1273;B3_CD202_IRR_REP_RECUP00005.asd;B3;CD202;IRRIG;D10M;manha;D10
3;CD202+EMB48;BR16;treino;1274;B3_CD202_IRR_REP_RECUP00006.asd;B3;CD202;IRRIG;D10M;manha;D10
3;CD202+EMB48;BR16;treino;1275;B3_CD202_IRR_REP_RECUP00007.asd;B3;CD202;IRRIG;D10M;manha;D10
3;CD202+EMB48;BR16;treino;1276;B3_CD202_NIRR_REP_RECUP00000.asd;B3;CD202;NIRRIG;D10M;manha;D10
3;CD202+EMB48;BR16;treino;1277;B3_CD202_NIRR_REP_RECUP00001.asd;B3;CD202;NIRRIG;D10M;manha;D10
3;CD202+EMB48;BR16;treino;1278;B3_CD202_NIRR_REP_RECUP00002.asd;B3;CD202;NIRRIG;D10M;manha;D10
3;CD202+EMB48;BR16;treino;1279;B3_CD202_NIRR_REP_RECUP00003.asd;B3;CD202;NIRRIG;D10M;manha;D10
3;CD202+EMB48;BR16;treino;1280;B3_CD202_NIRR_REP_RECUP00004.asd;B3;CD202;NIRRIG;D10M;manha;D10
3;CD202+EMB48;BR16;treino;1281;B3_CD202_NIRR_REP_RECUP00005.asd;B3;CD202;NIRRIG;D10M;manha;D10
3;CD202+EMB48;BR16;treino;1282;B3_CD202_NIRR_REP_RECUP00006.asd;B3;CD202;NIRRIG;D10M;manha;D10
3;CD202+EMB48;BR16;treino;1283;B3_CD202_NIRR_REP_RECUP00007.asd;B3;CD202;NIRRIG;D10M;manha;D10
3;CD202+EMB48;BR16;treino;1284;B3_EMB48_IRR_REP_RECUP00000.asd;B3;EMB48;IRRIG;D10M;manha;D10
3;CD202+EMB48;BR16;treino;1285;B3_EMB48_IRR_REP_RECUP00001.asd;B3;EMB48;IRRIG;D10M;manha;D10
3;CD202+EMB48;BR16;treino;1286;B3_EMB48_IRR_REP_RECUP00002.asd;B3;EMB48;IRRIG;D10M;manha;D10
3;CD202+EMB48;BR16;treino;1287;B3_EMB48_IRR_REP_RECUP00003.asd;B3;EMB48;IRRIG;D10M;manha;D10
3;CD202+EMB48;BR16;treino;1288;B3_EMB48_IRR_REP_RECUP00004.asd;B3;EMB48;IRRIG;D10M;manha;D10
3;CD202+EMB48;BR16;treino;1289;B3_EMB48_IRR_REP_RECUP00005.asd;B3;EMB48;IRRIG;D10M;manha;D10
3;CD202+EMB48;BR16;treino;1290;B3_EMB48_IRR_REP_RECUP00006.asd;B3;EMB48;IRRIG;D10M;manha;D10
3;CD202+EMB48;BR16;treino;1291;B3_EMB48_IRR_REP_RECUP00007.asd;B3;EMB48;IRRIG;D10M;manha;D10
3;CD202+EMB48;BR16;treino;1292;B3_EMB48_NIRR_REP_RECUP00000.asd;B3;EMB48;NIRRIG;D10M;manha;D10
3;CD202+EMB48;BR16;treino;1293;B3_EMB48_NIRR_REP_RECUP00001.asd;B3;EMB48;NIRRIG;D10M;manha;D10
3;CD202+EMB48;BR16;treino;1294;B3_EMB48_NIRR_REP_RECUP00002.asd;B3;EMB48;NIRRIG;D10M;manha;D10
3;CD202+EMB48;BR16;treino;1295;B3_EMB48_NIRR_REP_RECUP00003.asd;B3;EMB48;NIRRIG;D10M;manha;D10
3;CD202+EMB48;BR16;treino;1296;B3_EMB48_NIRR_REP_RECUP00004.asd;B3;EMB48;NIRRIG;D10M;manha;D10
3;CD202+EMB48;BR16;treino;1297;B3_EMB48_NIRR_REP_RECUP00005.asd;B3;EMB48;NIRRIG;D10M;manha;D10
3;CD202+EMB48;BR16;treino;1298;B3_EMB48_NIRR_REP_RECUP00006.asd;B3;EMB48;NIRRIG;D10M;manha;D10
3;CD202+EMB48;BR16;treino;1299;B3_EMB48_NIRR_REP_RECUP00007.asd;B3;EMB48;NIRRIG;D10M;manha;D10
3;CD202+EMB48;BR16;treino;1316;B4_CD202_IRR_REP_RECUP00000.asd;B4;CD202;IRRIG;D10M;manha;D10
3;CD202+EMB48;BR16;treino;1317;B4_CD202_IRR_REP_RECUP00001.asd;B4;CD202;IRRIG;D10M;manha;D10
3;CD202+EMB48;BR16;treino;1318;B4_CD202_IRR_REP_RECUP00002.asd;B4;CD202;IRRIG;D10M;manha;D10
3;CD202+EMB48;BR16;treino;1319;B4_CD202_IRR_REP_RECUP00003.asd;B4;CD202;IRRIG;D10M;manha;D10
3;CD202+EMB48;BR16;treino;1320;B4_CD202_IRR_REP_RECUP00004.asd;B4;CD202;IRRIG;D10M;manha;D10
3;CD202+EMB48;BR16;treino;1321;B4_CD202_IRR_REP_RECUP00005.asd;B4;CD202;IRRIG;D10M;manha;D10
3;CD202+EMB48;BR16;treino;1322;B4_CD202_IRR_REP_RECUP00006.asd;B4;CD202;IRRIG;D10M;manha;D10
3;CD202+EMB48;BR16;treino;1323;B4_CD202_IRR_REP_RECUP00007.asd;B4;CD202;IRRIG;D10M;manha;D10
3;CD202+EMB48;BR16;treino;1324;B4_CD202_NIRR_REP_RECUP00000.asd;B4;CD202;NIRRIG;D10M;manha;D10
3;CD202+EMB48;BR16;treino;1325;B4_CD202_NIRR_REP_RECUP00001.asd;B4;CD202;NIRRIG;D10M;manha;D10
3;CD202+EMB48;BR16;treino;1326;B4_CD202_NIRR_REP_RECUP00002.asd;B4;CD202;NIRRIG;D10M;manha;D10
3;CD202+EMB48;BR16;treino;1327;B4_CD202_NIRR_REP_RECUP00003.asd;B4;CD202;NIRRIG;D10M;manha;D10
3;CD202+EMB48;BR16;treino;1328;B4_CD202_NIRR_REP_RECUP00004.asd;B4;CD202;NIRRIG;D10M;manha;D10
3;CD202+EMB48;BR16;treino;1329;B4_CD202_NIRR_REP_RECUP00005.asd;B4;CD202;NIRRIG;D10M;manha;D10
3;CD202+EMB48;BR16;treino;1330;B4_CD202_NIRR_REP_RECUP00006.asd;B4;CD202;NIRRIG;D10M;manha;D10
3;CD202+EMB48;BR16;treino;1331;B4_CD202_NIRR_REP_RECUP00007.asd;B4;CD202;NIRRIG;D10M;manha;D10
3;CD202+EMB48;BR16;treino;1332;B4_EMB48_IRR_REP_RECUP00000.asd;B4;EMB48;IRRIG;D10M;manha;D10
3;CD202+EMB48;BR16;treino;1333;B4_EMB48_IRR_REP_RECUP00001.asd;B4;EMB48;IRRIG;D10M;manha;D10
3;CD202+EMB48;BR16;treino;1334;B4_EMB48_IRR_REP_RECUP00002.asd;B4;EMB48;IRRIG;D10M;manha;D10
3;CD202+EMB48;BR16;treino;1335;B4_EMB48_IRR_REP_RECUP00003.asd;B4;EMB48;IRRIG;D10M;manha;D10
3;CD202+EMB48;BR16;treino;1336;B4_EMB48_IRR_REP_RECUP00004.asd;B4;EMB48;IRRIG;D10M;manha;D10
3;CD202+EMB48;BR16;treino;1337;B4_EMB48_IRR_REP_RECUP00005.asd;B4;EMB48;IRRIG;D10M;manha;D10
3;CD202+EMB48;BR16;treino;1338;B4_EMB48_IRR_REP_RECUP00006.asd;B4;EMB48;IRRIG;D10M;manha;D10
3;CD202+EMB48;BR16;treino;1339;B4_EMB48_IRR_REP_RECUP00007.asd;B4;EMB48;IRRIG;D10M;manha;D10
3;CD202+EMB48;BR16;treino;1340;B4_EMB48_NIRR_REP_RECUP00000.asd;B4;EMB48;NIRRIG;D10M;manha;D10
3;CD202+EMB48;BR16;treino;1341;B4_EMB48_NIRR_REP_RECUP00001.asd;B4;EMB48;NIRRIG;D10M;manha;D10
3;CD202+EMB48;BR16;treino;1342;B4_EMB48_NIRR_REP_RECUP00002.asd;B4;EMB48;NIRRIG;D10M;manha;D10
3;CD202+EMB48;BR16;treino;1343;B4_EMB48_NIRR_REP_RECUP00003.asd;B4;EMB48;NIRRIG;D10M;manha;D10
3;CD202+EMB48;BR16;treino;1344;B4_EMB48_NIRR_REP_RECUP00004.asd;B4;EMB48;NIRRIG;D10M;manha;D10
3;CD202+EMB48;BR16;treino;1345;B4_EMB48_NIRR_REP_RECUP00005.asd;B4;EMB48;NIRRIG;D10M;manha;D10
3;CD202+EMB48;BR16;treino;1346;B4_EMB48_NIRR_REP_RECUP00006.asd;B4;EMB48;NIRRIG;D10M;manha;D10
3;CD202+EMB48;BR16;treino;1347;B4_EMB48_NIRR_REP_RECUP00007.asd;B4;EMB48;NIRRIG;D10M;manha;D10
3;CD202+EMB48;BR16;teste;1156;B1_BR16_IRR_REP_RECUP00000.asd;B1;BR16;IRRIG;D10M;manha;D10
3;CD202+EMB48;BR16;teste;1157;B1_BR16_IRR_REP_RECUP00001.asd;B1;BR16;IRRIG;D10M;manha;D10
3;CD202+EMB48;BR16;teste;1158;B1_BR16_IRR_REP_RECUP00002.asd;B1;BR16;IRRIG;D10M;manha;D10
3;CD202+EMB48;BR16;teste;1159;B1_BR16_IRR_REP_RECUP00003.asd;B1;BR16;IRRIG;D10M;manha;D10
3;CD202+EMB48;BR16;teste;1160;B1_BR16_IRR_REP_RECUP00004.asd;B1;BR16;IRRIG;D10M;manha;D10
3;CD202+EMB48;BR16;teste;1161;B1_BR16_IRR_REP_RECUP00005.asd;B1;BR16;IRRIG;D10M;manha;D10
3;CD202+EMB48;BR16;teste;1162;B1_BR16_IRR_REP_RECUP00006.asd;B1;BR16;IRRIG;D10M;manha;D10
3;CD202+EMB48;BR16;teste;1163;B1_BR16_IRR_REP_RECUP00007.asd;B1;BR16;IRRIG;D10M;manha;D10
3;CD202+EMB48;BR16;teste;1164;B1_BR16_NIRR_REP_RECUP00000.asd;B1;BR16;NIRRIG;D10M;manha;D10
3;CD202+EMB48;BR16;teste;1165;B1_BR16_NIRR_REP_RECUP00001.asd;B1;BR16;NIRRIG;D10M;manha;D10
3;CD202+EMB48;BR16;teste;1166;B1_BR16_NIRR_REP_RECUP00002.asd;B1;BR16;NIRRIG;D10M;manha;D10
3;CD202+EMB48;BR16;teste;1167;B1_BR16_NIRR_REP_RECUP00003.asd;B1;BR16;NIRRIG;D10M;manha;D10
3;CD202+EMB48;BR16;teste;1168;B1_BR16_NIRR_REP_RECUP00004.asd;B1;BR16;NIRRIG;D10M;manha;D10
3;CD202+EMB48;BR16;teste;1169;B1_BR16_NIRR_REP_RECUP00005.asd;B1;BR16;NIRRIG;D10M;manha;D10
3;CD202+EMB48;BR16;teste;1170;B1_BR16_NIRR_REP_RECUP00006.asd;B1;BR16;NIRRIG;D10M;manha;D10
3;CD202+EMB48;BR16;teste;1171;B1_BR16_NIRR_REP_RECUP00007.asd;B1;BR16;NIRRIG;D10M;manha;D10
3;CD202+EMB48;BR16;teste;1204;B2_BR16_IRR_REP_RECUP00000.asd;B2;BR16;IRRIG;D10M;manha;D10
3;CD202+EMB48;BR16;teste;1205;B2_BR16_IRR_REP_RECUP00001.asd;B2;BR16;IRRIG;D10M;manha;D10
3;CD202+EMB48;BR16;teste;1206;B2_BR16_IRR_REP_RECUP00002.asd;B2;BR16;IRRIG;D10M;manha;D10
3;CD202+EMB48;BR16;teste;1207;B2_BR16_IRR_REP_RECUP00003.asd;B2;BR16;IRRIG;D10M;manha;D10
3;CD202+EMB48;BR16;teste;1208;B2_BR16_IRR_REP_RECUP00004.asd;B2;BR16;IRRIG;D10M;manha;D10
3;CD202+EMB48;BR16;teste;1209;B2_BR16_IRR_REP_RECUP00005.asd;B2;BR16;IRRIG;D10M;manha;D10
3;CD202+EMB48;BR16;teste;1210;B2_BR16_IRR_REP_RECUP00006.asd;B2;BR16;IRRIG;D10M;manha;D10
3;CD202+EMB48;BR16;teste;1211;B2_BR16_IRR_REP_RECUP00007.asd;B2;BR16;IRRIG;D10M;manha;D10
3;CD202+EMB48;BR16;teste;1212;B2_BR16_NIRR_REP_RECUP00000.asd;B2;BR16;NIRRIG;D10M;manha;D10
3;CD202+EMB48;BR16;teste;1213;B2_BR16_NIRR_REP_RECUP00001.asd;B2;BR16;NIRRIG;D10M;manha;D10
3;CD202+EMB48;BR16;teste;1214;B2_BR16_NIRR_REP_RECUP00002.asd;B2;BR16;NIRRIG;D10M;manha;D10
3;CD202+EMB48;BR16;teste;1215;B2_BR16_NIRR_REP_RECUP00003.asd;B2;BR16;NIRRIG;D10M;manha;D10
3;CD202+EMB48;BR16;teste;1216;B2_BR16_NIRR_REP_RECUP00004.asd;B2;BR16;NIRRIG;D10M;manha;D10
3;CD202+EMB48;BR16;teste;1217;B2_BR16_NIRR_REP_RECUP00005.asd;B2;BR16;NIRRIG;D10M;manha;D10
3;CD202+EMB48;BR16;teste;1218;B2_BR16_NIRR_REP_RECUP00006.asd;B2;BR16;NIRRIG;D10M;manha;D10
3;CD202+EMB48;BR16;teste;1219;B2_BR16_NIRR_REP_RECUP00007.asd;B2;BR16;NIRRIG;D10M;manha;D10
3;CD202+EMB48;BR16;teste;1252;B3_BR16_IRR_REP_RECUP00000.asd;B3;BR16;IRRIG;D10M;manha;D10
3;CD202+EMB48;BR16;teste;1253;B3_BR16_IRR_REP_RECUP00001.asd;B3;BR16;IRRIG;D10M;manha;D10
3;CD202+EMB48;BR16;teste;1254;B3_BR16_IRR_REP_RECUP00002.asd;B3;BR16;IRRIG;D10M;manha;D10
3;CD202+EMB48;BR16;teste;1255;B3_BR16_IRR_REP_RECUP00003.asd;B3;BR16;IRRIG;D10M;manha;D10
3;CD202+EMB48;BR16;teste;1256;B3_BR16_IRR_REP_RECUP00004.asd;B3;BR16;IRRIG;D10M;manha;D10
3;CD202+EMB48;BR16;teste;1257;B3_BR16_IRR_REP_RECUP00005.asd;B3;BR16;IRRIG;D10M;manha;D10
3;CD202+EMB48;BR16;teste;1258;B3_BR16_IRR_REP_RECUP00006.asd;B3;BR16;IRRIG;D10M;manha;D10
3;CD202+EMB48;BR16;teste;1259;B3_BR16_IRR_REP_RECUP00007.asd;B3;BR16;IRRIG;D10M;manha;D10
3;CD202+EMB48;BR16;teste;1260;B3_BR16_NIRR_REP_RECUP00000.asd;B3;BR16;NIRRIG;D10M;manha;D10
3;CD202+EMB48;BR16;teste;1261;B3_BR16_NIRR_REP_RECUP00001.asd;B3;BR16;NIRRIG;D10M;manha;D10
3;CD202+EMB48;BR16;teste;1262;B3_BR16_NIRR_REP_RECUP00002.asd;B3;BR16;NIRRIG;D10M;manha;D10
3;CD202+EMB48;BR16;teste;1263;B3_BR16_NIRR_REP_RECUP00003.asd;B3;BR16;NIRRIG;D10M;manha;D10
3;CD202+EMB48;BR16;teste;1264;B3_BR16_NIRR_REP_RECUP00004.asd;B3;BR16;NIRRIG;D10M;manha;D10
3;CD202+EMB48;BR16;teste;1265;B3_BR16_NIRR_REP_RECUP00005.asd;B3;BR16;NIRRIG;D10M;manha;D10
3;CD202+EMB48;BR16;teste;1266;B3_BR16_NIRR_REP_RECUP00006.asd;B3;BR16;NIRRIG;D10M;manha;D10
3;CD202+EMB48;BR16;teste;1267;B3_BR16_NIRR_REP_RECUP00007.asd;B3;BR16;NIRRIG;D10M;manha;D10
3;CD202+EMB48;BR16;teste;1300;B4_BR16_IRR_REP_RECUP00000.asd;B4;BR16;IRRIG;D10M;manha;D10
3;CD202+EMB48;BR16;teste;1301;B4_BR16_IRR_REP_RECUP00001.asd;B4;BR16;IRRIG;D10M;manha;D10
3;CD202+EMB48;BR16;teste;1302;B4_BR16_IRR_REP_RECUP00002.asd;B4;BR16;IRRIG;D10M;manha;D10
3;CD202+EMB48;BR16;teste;1303;B4_BR16_IRR_REP_RECUP00003.asd;B4;BR16;IRRIG;D10M;manha;D10
3;CD202+EMB48;BR16;teste;1304;B4_BR16_IRR_REP_RECUP00004.asd;B4;BR16;IRRIG;D10M;manha;D10
3;CD202+EMB48;BR16;teste;1305;B4_BR16_IRR_REP_RECUP00005.asd;B4;BR16;IRRIG;D10M;manha;D10
3;CD202+EMB48;BR16;teste;1306;B4_BR16_IRR_REP_RECUP00006.asd;B4;BR16;IRRIG;D10M;manha;D10
3;CD202+EMB48;BR16;teste;1307;B4_BR16_IRR_REP_RECUP00007.asd;B4;BR16;IRRIG;D10M;manha;D10
3;CD202+EMB48;BR16;teste;1308;B4_BR16_NIRR_REP_RECUP00000.asd;B4;BR16;NIRRIG;D10M;manha;D10
3;CD202+EMB48;BR16;teste;1309;B4_BR16_NIRR_REP_RECUP00001.asd;B4;BR16;NIRRIG;D10M;manha;D10
3;CD202+EMB48;BR16;teste;1310;B4_BR16_NIRR_REP_RECUP00002.asd;B4;BR16;NIRRIG;D10M;manha;D10
3;CD202+EMB48;BR16;teste;1311;B4_BR16_NIRR_REP_RECUP00003.asd;B4;BR16;NIRRIG;D10M;manha;D10
3;CD202+EMB48;BR16;teste;1312;B4_BR16_NIRR_REP_RECUP00004.asd;B4;BR16;NIRRIG;D10M;manha;D10
3;CD202+EMB48;BR16;teste;1313;B4_BR16_NIRR_REP_RECUP00005.asd;B4;BR16;NIRRIG;D10M;manha;D10
3;CD202+EMB48;BR16;teste;1314;B4_BR16_NIRR_REP_RECUP00006.asd;B4;BR16;NIRRIG;D10M;manha;D10
3;CD202+EMB48;BR16;teste;1315;B4_BR16_NIRR_REP_RECUP00007.asd;B4;BR16;NIRRIG;D10M;manha;D10
